{
  "paginas": 7404,
  "porta_correccoes": {
    "com": 7404,
    "sem": 0
  },
  "primeira_pagina": {
    "sem_selo": 0,
    "selo_para_outra_linha": 66
  },
  "frases_de_moldura": {
    "distintas": 402,
    "ocorrencias": 55226,
    "na_porta_de_correccoes": 0,
    "sem_a_porta": 55226
  },
  "primeira_pagina_distintas": {
    "sem_selo": 0,
    "selo_para_outra_linha": 33
  },
  "marcador_retirado": {
    "ocorrencias": 0,
    "paginas": 0
  },
  "linhas_com_page": 58,
  "linhas_com_recorte": 22,
  "localizadores_internos": 20,
  "frases_de_cobertura": {},
  "frases_da_casa": {
    "inventario": "design/especime-v3/INVENTARIO-FRASES.md",
    "inventario_existe": true,
    "entradas_declaradas": 696,
    "por_rota": {
      "/": {
        "total": 145,
        "distintas": 73,
        "por_classe": {
          "conteudo": 131,
          "navegacao": 9,
          "autorreferencia": 0,
          "divulgacao": 2
        },
        "nao_classificados": [
          ": (dado provisório) União Europeia :"
        ]
      },
      "/agenda": {
        "total": 45,
        "distintas": 29,
        "por_classe": {
          "conteudo": 36,
          "navegacao": 8,
          "autorreferencia": 0,
          "divulgacao": 1
        },
        "nao_classificados": []
      },
      "/areas": {
        "total": 29,
        "distintas": 13,
        "por_classe": {
          "conteudo": 12,
          "navegacao": 16,
          "autorreferencia": 0,
          "divulgacao": 1
        },
        "nao_classificados": []
      },
      "/areas/administracao-interna": {
        "total": 21,
        "distintas": 12,
        "por_classe": {
          "conteudo": 14,
          "navegacao": 6,
          "autorreferencia": 0,
          "divulgacao": 1
        },
        "nao_classificados": []
      },
      "/areas/ambiente-e-energia": {
        "total": 14,
        "distintas": 13,
        "por_classe": {
          "conteudo": 6,
          "navegacao": 7,
          "autorreferencia": 0,
          "divulgacao": 1
        },
        "nao_classificados": []
      },
      "/areas/economia-e-coesao-territorial": {
        "total": 95,
        "distintas": 26,
        "por_classe": {
          "conteudo": 87,
          "navegacao": 7,
          "autorreferencia": 0,
          "divulgacao": 1
        },
        "nao_classificados": []
      },
      "/areas/educacao-ciencia-e-inovacao": {
        "total": 18,
        "distintas": 14,
        "por_classe": {
          "conteudo": 11,
          "navegacao": 6,
          "autorreferencia": 0,
          "divulgacao": 1
        },
        "nao_classificados": []
      },
      "/areas/financas": {
        "total": 18,
        "distintas": 16,
        "por_classe": {
          "conteudo": 11,
          "navegacao": 6,
          "autorreferencia": 0,
          "divulgacao": 1
        },
        "nao_classificados": []
      },
      "/areas/infraestruturas-e-habitacao": {
        "total": 20,
        "distintas": 15,
        "por_classe": {
          "conteudo": 13,
          "navegacao": 6,
          "autorreferencia": 0,
          "divulgacao": 1
        },
        "nao_classificados": []
      },
      "/areas/justica": {
        "total": 12,
        "distintas": 12,
        "por_classe": {
          "conteudo": 5,
          "navegacao": 6,
          "autorreferencia": 0,
          "divulgacao": 1
        },
        "nao_classificados": []
      },
      "/areas/saude": {
        "total": 12,
        "distintas": 12,
        "por_classe": {
          "conteudo": 5,
          "navegacao": 6,
          "autorreferencia": 0,
          "divulgacao": 1
        },
        "nao_classificados": []
      },
      "/areas/trabalho-solidariedade-e-seguranca-social": {
        "total": 59,
        "distintas": 27,
        "por_classe": {
          "conteudo": 52,
          "navegacao": 6,
          "autorreferencia": 0,
          "divulgacao": 1
        },
        "nao_classificados": []
      },
      "/correcoes": {
        "total": 27,
        "distintas": 27,
        "por_classe": {
          "conteudo": 17,
          "navegacao": 8,
          "autorreferencia": 0,
          "divulgacao": 1
        },
        "nao_classificados": [
          "33 revisões de proveniência"
        ]
      },
      "/distritos/aveiro": {
        "total": 11,
        "distintas": 11,
        "por_classe": {
          "conteudo": 2,
          "navegacao": 8,
          "autorreferencia": 0,
          "divulgacao": 1
        },
        "nao_classificados": []
      },
      "/distritos/beja": {
        "total": 11,
        "distintas": 11,
        "por_classe": {
          "conteudo": 2,
          "navegacao": 8,
          "autorreferencia": 0,
          "divulgacao": 1
        },
        "nao_classificados": []
      },
      "/distritos/braga": {
        "total": 11,
        "distintas": 11,
        "por_classe": {
          "conteudo": 2,
          "navegacao": 8,
          "autorreferencia": 0,
          "divulgacao": 1
        },
        "nao_classificados": []
      },
      "/distritos/braganca": {
        "total": 11,
        "distintas": 11,
        "por_classe": {
          "conteudo": 2,
          "navegacao": 8,
          "autorreferencia": 0,
          "divulgacao": 1
        },
        "nao_classificados": []
      },
      "/distritos/castelo-branco": {
        "total": 11,
        "distintas": 11,
        "por_classe": {
          "conteudo": 2,
          "navegacao": 8,
          "autorreferencia": 0,
          "divulgacao": 1
        },
        "nao_classificados": []
      },
      "/distritos/coimbra": {
        "total": 11,
        "distintas": 11,
        "por_classe": {
          "conteudo": 2,
          "navegacao": 8,
          "autorreferencia": 0,
          "divulgacao": 1
        },
        "nao_classificados": []
      },
      "/distritos/evora": {
        "total": 11,
        "distintas": 11,
        "por_classe": {
          "conteudo": 2,
          "navegacao": 8,
          "autorreferencia": 0,
          "divulgacao": 1
        },
        "nao_classificados": []
      },
      "/distritos/faro": {
        "total": 11,
        "distintas": 11,
        "por_classe": {
          "conteudo": 2,
          "navegacao": 8,
          "autorreferencia": 0,
          "divulgacao": 1
        },
        "nao_classificados": []
      },
      "/distritos/guarda": {
        "total": 11,
        "distintas": 11,
        "por_classe": {
          "conteudo": 2,
          "navegacao": 8,
          "autorreferencia": 0,
          "divulgacao": 1
        },
        "nao_classificados": []
      },
      "/distritos/ilha-da-graciosa": {
        "total": 11,
        "distintas": 11,
        "por_classe": {
          "conteudo": 2,
          "navegacao": 8,
          "autorreferencia": 0,
          "divulgacao": 1
        },
        "nao_classificados": []
      },
      "/distritos/ilha-da-madeira": {
        "total": 11,
        "distintas": 11,
        "por_classe": {
          "conteudo": 2,
          "navegacao": 8,
          "autorreferencia": 0,
          "divulgacao": 1
        },
        "nao_classificados": []
      },
      "/distritos/ilha-das-flores": {
        "total": 11,
        "distintas": 11,
        "por_classe": {
          "conteudo": 2,
          "navegacao": 8,
          "autorreferencia": 0,
          "divulgacao": 1
        },
        "nao_classificados": []
      },
      "/distritos/ilha-de-porto-santo": {
        "total": 11,
        "distintas": 11,
        "por_classe": {
          "conteudo": 2,
          "navegacao": 8,
          "autorreferencia": 0,
          "divulgacao": 1
        },
        "nao_classificados": []
      },
      "/distritos/ilha-de-santa-maria": {
        "total": 11,
        "distintas": 11,
        "por_classe": {
          "conteudo": 2,
          "navegacao": 8,
          "autorreferencia": 0,
          "divulgacao": 1
        },
        "nao_classificados": []
      },
      "/distritos/ilha-de-sao-jorge": {
        "total": 11,
        "distintas": 11,
        "por_classe": {
          "conteudo": 2,
          "navegacao": 8,
          "autorreferencia": 0,
          "divulgacao": 1
        },
        "nao_classificados": []
      },
      "/distritos/ilha-de-sao-miguel": {
        "total": 11,
        "distintas": 11,
        "por_classe": {
          "conteudo": 2,
          "navegacao": 8,
          "autorreferencia": 0,
          "divulgacao": 1
        },
        "nao_classificados": []
      },
      "/distritos/ilha-do-corvo": {
        "total": 11,
        "distintas": 11,
        "por_classe": {
          "conteudo": 2,
          "navegacao": 8,
          "autorreferencia": 0,
          "divulgacao": 1
        },
        "nao_classificados": []
      },
      "/distritos/ilha-do-faial": {
        "total": 11,
        "distintas": 11,
        "por_classe": {
          "conteudo": 2,
          "navegacao": 8,
          "autorreferencia": 0,
          "divulgacao": 1
        },
        "nao_classificados": []
      },
      "/distritos/ilha-do-pico": {
        "total": 11,
        "distintas": 11,
        "por_classe": {
          "conteudo": 2,
          "navegacao": 8,
          "autorreferencia": 0,
          "divulgacao": 1
        },
        "nao_classificados": []
      },
      "/distritos/ilha-terceira": {
        "total": 11,
        "distintas": 11,
        "por_classe": {
          "conteudo": 2,
          "navegacao": 8,
          "autorreferencia": 0,
          "divulgacao": 1
        },
        "nao_classificados": []
      },
      "/distritos/leiria": {
        "total": 11,
        "distintas": 11,
        "por_classe": {
          "conteudo": 2,
          "navegacao": 8,
          "autorreferencia": 0,
          "divulgacao": 1
        },
        "nao_classificados": []
      },
      "/distritos/lisboa": {
        "total": 11,
        "distintas": 11,
        "por_classe": {
          "conteudo": 2,
          "navegacao": 8,
          "autorreferencia": 0,
          "divulgacao": 1
        },
        "nao_classificados": []
      },
      "/distritos/portalegre": {
        "total": 11,
        "distintas": 11,
        "por_classe": {
          "conteudo": 2,
          "navegacao": 8,
          "autorreferencia": 0,
          "divulgacao": 1
        },
        "nao_classificados": []
      },
      "/distritos/porto": {
        "total": 11,
        "distintas": 11,
        "por_classe": {
          "conteudo": 2,
          "navegacao": 8,
          "autorreferencia": 0,
          "divulgacao": 1
        },
        "nao_classificados": []
      },
      "/distritos/santarem": {
        "total": 11,
        "distintas": 11,
        "por_classe": {
          "conteudo": 2,
          "navegacao": 8,
          "autorreferencia": 0,
          "divulgacao": 1
        },
        "nao_classificados": []
      },
      "/distritos/setubal": {
        "total": 11,
        "distintas": 11,
        "por_classe": {
          "conteudo": 2,
          "navegacao": 8,
          "autorreferencia": 0,
          "divulgacao": 1
        },
        "nao_classificados": []
      },
      "/distritos/viana-do-castelo": {
        "total": 11,
        "distintas": 11,
        "por_classe": {
          "conteudo": 2,
          "navegacao": 8,
          "autorreferencia": 0,
          "divulgacao": 1
        },
        "nao_classificados": []
      },
      "/distritos/vila-real": {
        "total": 11,
        "distintas": 11,
        "por_classe": {
          "conteudo": 2,
          "navegacao": 8,
          "autorreferencia": 0,
          "divulgacao": 1
        },
        "nao_classificados": []
      },
      "/distritos/viseu": {
        "total": 11,
        "distintas": 11,
        "por_classe": {
          "conteudo": 2,
          "navegacao": 8,
          "autorreferencia": 0,
          "divulgacao": 1
        },
        "nao_classificados": []
      },
      "/dominios": {
        "total": 19,
        "distintas": 12,
        "por_classe": {
          "conteudo": 0,
          "navegacao": 18,
          "autorreferencia": 0,
          "divulgacao": 1
        },
        "nao_classificados": []
      },
      "/dominios/economia-e-financas-publicas": {
        "total": 97,
        "distintas": 57,
        "por_classe": {
          "conteudo": 71,
          "navegacao": 24,
          "autorreferencia": 0,
          "divulgacao": 1
        },
        "nao_classificados": [
          ": (dado provisório) União Europeia :"
        ]
      },
      "/en": {
        "total": 146,
        "distintas": 74,
        "por_classe": {
          "conteudo": 131,
          "navegacao": 10,
          "autorreferencia": 0,
          "divulgacao": 2
        },
        "nao_classificados": [
          ": (provisional data) European Union :"
        ]
      },
      "/en/agenda": {
        "total": 45,
        "distintas": 29,
        "por_classe": {
          "conteudo": 36,
          "navegacao": 8,
          "autorreferencia": 0,
          "divulgacao": 1
        },
        "nao_classificados": []
      },
      "/en/areas": {
        "total": 29,
        "distintas": 13,
        "por_classe": {
          "conteudo": 12,
          "navegacao": 16,
          "autorreferencia": 0,
          "divulgacao": 1
        },
        "nao_classificados": []
      },
      "/en/areas/administracao-interna": {
        "total": 21,
        "distintas": 12,
        "por_classe": {
          "conteudo": 14,
          "navegacao": 6,
          "autorreferencia": 0,
          "divulgacao": 1
        },
        "nao_classificados": []
      },
      "/en/areas/ambiente-e-energia": {
        "total": 14,
        "distintas": 13,
        "por_classe": {
          "conteudo": 6,
          "navegacao": 7,
          "autorreferencia": 0,
          "divulgacao": 1
        },
        "nao_classificados": []
      },
      "/en/areas/economia-e-coesao-territorial": {
        "total": 95,
        "distintas": 26,
        "por_classe": {
          "conteudo": 87,
          "navegacao": 7,
          "autorreferencia": 0,
          "divulgacao": 1
        },
        "nao_classificados": []
      },
      "/en/areas/educacao-ciencia-e-inovacao": {
        "total": 18,
        "distintas": 14,
        "por_classe": {
          "conteudo": 11,
          "navegacao": 6,
          "autorreferencia": 0,
          "divulgacao": 1
        },
        "nao_classificados": []
      },
      "/en/areas/financas": {
        "total": 18,
        "distintas": 16,
        "por_classe": {
          "conteudo": 11,
          "navegacao": 6,
          "autorreferencia": 0,
          "divulgacao": 1
        },
        "nao_classificados": []
      },
      "/en/areas/infraestruturas-e-habitacao": {
        "total": 20,
        "distintas": 15,
        "por_classe": {
          "conteudo": 13,
          "navegacao": 6,
          "autorreferencia": 0,
          "divulgacao": 1
        },
        "nao_classificados": []
      },
      "/en/areas/justica": {
        "total": 12,
        "distintas": 12,
        "por_classe": {
          "conteudo": 5,
          "navegacao": 6,
          "autorreferencia": 0,
          "divulgacao": 1
        },
        "nao_classificados": []
      },
      "/en/areas/saude": {
        "total": 12,
        "distintas": 12,
        "por_classe": {
          "conteudo": 5,
          "navegacao": 6,
          "autorreferencia": 0,
          "divulgacao": 1
        },
        "nao_classificados": []
      },
      "/en/areas/trabalho-solidariedade-e-seguranca-social": {
        "total": 59,
        "distintas": 27,
        "por_classe": {
          "conteudo": 52,
          "navegacao": 6,
          "autorreferencia": 0,
          "divulgacao": 1
        },
        "nao_classificados": []
      },
      "/en/corrections": {
        "total": 27,
        "distintas": 27,
        "por_classe": {
          "conteudo": 17,
          "navegacao": 8,
          "autorreferencia": 0,
          "divulgacao": 1
        },
        "nao_classificados": [
          "33 provenance revisions"
        ]
      },
      "/en/districts/aveiro": {
        "total": 11,
        "distintas": 11,
        "por_classe": {
          "conteudo": 2,
          "navegacao": 8,
          "autorreferencia": 0,
          "divulgacao": 1
        },
        "nao_classificados": []
      },
      "/en/districts/beja": {
        "total": 11,
        "distintas": 11,
        "por_classe": {
          "conteudo": 2,
          "navegacao": 8,
          "autorreferencia": 0,
          "divulgacao": 1
        },
        "nao_classificados": []
      },
      "/en/districts/braga": {
        "total": 11,
        "distintas": 11,
        "por_classe": {
          "conteudo": 2,
          "navegacao": 8,
          "autorreferencia": 0,
          "divulgacao": 1
        },
        "nao_classificados": []
      },
      "/en/districts/braganca": {
        "total": 11,
        "distintas": 11,
        "por_classe": {
          "conteudo": 2,
          "navegacao": 8,
          "autorreferencia": 0,
          "divulgacao": 1
        },
        "nao_classificados": []
      },
      "/en/districts/castelo-branco": {
        "total": 11,
        "distintas": 11,
        "por_classe": {
          "conteudo": 2,
          "navegacao": 8,
          "autorreferencia": 0,
          "divulgacao": 1
        },
        "nao_classificados": []
      },
      "/en/districts/coimbra": {
        "total": 11,
        "distintas": 11,
        "por_classe": {
          "conteudo": 2,
          "navegacao": 8,
          "autorreferencia": 0,
          "divulgacao": 1
        },
        "nao_classificados": []
      },
      "/en/districts/evora": {
        "total": 11,
        "distintas": 11,
        "por_classe": {
          "conteudo": 2,
          "navegacao": 8,
          "autorreferencia": 0,
          "divulgacao": 1
        },
        "nao_classificados": []
      },
      "/en/districts/faro": {
        "total": 11,
        "distintas": 11,
        "por_classe": {
          "conteudo": 2,
          "navegacao": 8,
          "autorreferencia": 0,
          "divulgacao": 1
        },
        "nao_classificados": []
      },
      "/en/districts/guarda": {
        "total": 11,
        "distintas": 11,
        "por_classe": {
          "conteudo": 2,
          "navegacao": 8,
          "autorreferencia": 0,
          "divulgacao": 1
        },
        "nao_classificados": []
      },
      "/en/districts/ilha-da-graciosa": {
        "total": 11,
        "distintas": 11,
        "por_classe": {
          "conteudo": 2,
          "navegacao": 8,
          "autorreferencia": 0,
          "divulgacao": 1
        },
        "nao_classificados": []
      },
      "/en/districts/ilha-da-madeira": {
        "total": 11,
        "distintas": 11,
        "por_classe": {
          "conteudo": 2,
          "navegacao": 8,
          "autorreferencia": 0,
          "divulgacao": 1
        },
        "nao_classificados": []
      },
      "/en/districts/ilha-das-flores": {
        "total": 11,
        "distintas": 11,
        "por_classe": {
          "conteudo": 2,
          "navegacao": 8,
          "autorreferencia": 0,
          "divulgacao": 1
        },
        "nao_classificados": []
      },
      "/en/districts/ilha-de-porto-santo": {
        "total": 11,
        "distintas": 11,
        "por_classe": {
          "conteudo": 2,
          "navegacao": 8,
          "autorreferencia": 0,
          "divulgacao": 1
        },
        "nao_classificados": []
      },
      "/en/districts/ilha-de-santa-maria": {
        "total": 11,
        "distintas": 11,
        "por_classe": {
          "conteudo": 2,
          "navegacao": 8,
          "autorreferencia": 0,
          "divulgacao": 1
        },
        "nao_classificados": []
      },
      "/en/districts/ilha-de-sao-jorge": {
        "total": 11,
        "distintas": 11,
        "por_classe": {
          "conteudo": 2,
          "navegacao": 8,
          "autorreferencia": 0,
          "divulgacao": 1
        },
        "nao_classificados": []
      },
      "/en/districts/ilha-de-sao-miguel": {
        "total": 11,
        "distintas": 11,
        "por_classe": {
          "conteudo": 2,
          "navegacao": 8,
          "autorreferencia": 0,
          "divulgacao": 1
        },
        "nao_classificados": []
      },
      "/en/districts/ilha-do-corvo": {
        "total": 11,
        "distintas": 11,
        "por_classe": {
          "conteudo": 2,
          "navegacao": 8,
          "autorreferencia": 0,
          "divulgacao": 1
        },
        "nao_classificados": []
      },
      "/en/districts/ilha-do-faial": {
        "total": 11,
        "distintas": 11,
        "por_classe": {
          "conteudo": 2,
          "navegacao": 8,
          "autorreferencia": 0,
          "divulgacao": 1
        },
        "nao_classificados": []
      },
      "/en/districts/ilha-do-pico": {
        "total": 11,
        "distintas": 11,
        "por_classe": {
          "conteudo": 2,
          "navegacao": 8,
          "autorreferencia": 0,
          "divulgacao": 1
        },
        "nao_classificados": []
      },
      "/en/districts/ilha-terceira": {
        "total": 11,
        "distintas": 11,
        "por_classe": {
          "conteudo": 2,
          "navegacao": 8,
          "autorreferencia": 0,
          "divulgacao": 1
        },
        "nao_classificados": []
      },
      "/en/districts/leiria": {
        "total": 11,
        "distintas": 11,
        "por_classe": {
          "conteudo": 2,
          "navegacao": 8,
          "autorreferencia": 0,
          "divulgacao": 1
        },
        "nao_classificados": []
      },
      "/en/districts/lisboa": {
        "total": 11,
        "distintas": 11,
        "por_classe": {
          "conteudo": 2,
          "navegacao": 8,
          "autorreferencia": 0,
          "divulgacao": 1
        },
        "nao_classificados": []
      },
      "/en/districts/portalegre": {
        "total": 11,
        "distintas": 11,
        "por_classe": {
          "conteudo": 2,
          "navegacao": 8,
          "autorreferencia": 0,
          "divulgacao": 1
        },
        "nao_classificados": []
      },
      "/en/districts/porto": {
        "total": 11,
        "distintas": 11,
        "por_classe": {
          "conteudo": 2,
          "navegacao": 8,
          "autorreferencia": 0,
          "divulgacao": 1
        },
        "nao_classificados": []
      },
      "/en/districts/santarem": {
        "total": 11,
        "distintas": 11,
        "por_classe": {
          "conteudo": 2,
          "navegacao": 8,
          "autorreferencia": 0,
          "divulgacao": 1
        },
        "nao_classificados": []
      },
      "/en/districts/setubal": {
        "total": 11,
        "distintas": 11,
        "por_classe": {
          "conteudo": 2,
          "navegacao": 8,
          "autorreferencia": 0,
          "divulgacao": 1
        },
        "nao_classificados": []
      },
      "/en/districts/viana-do-castelo": {
        "total": 11,
        "distintas": 11,
        "por_classe": {
          "conteudo": 2,
          "navegacao": 8,
          "autorreferencia": 0,
          "divulgacao": 1
        },
        "nao_classificados": []
      },
      "/en/districts/vila-real": {
        "total": 11,
        "distintas": 11,
        "por_classe": {
          "conteudo": 2,
          "navegacao": 8,
          "autorreferencia": 0,
          "divulgacao": 1
        },
        "nao_classificados": []
      },
      "/en/districts/viseu": {
        "total": 11,
        "distintas": 11,
        "por_classe": {
          "conteudo": 2,
          "navegacao": 8,
          "autorreferencia": 0,
          "divulgacao": 1
        },
        "nao_classificados": []
      },
      "/en/domains": {
        "total": 19,
        "distintas": 12,
        "por_classe": {
          "conteudo": 0,
          "navegacao": 18,
          "autorreferencia": 0,
          "divulgacao": 1
        },
        "nao_classificados": []
      },
      "/en/domains/economia-e-financas-publicas": {
        "total": 97,
        "distintas": 57,
        "por_classe": {
          "conteudo": 71,
          "navegacao": 24,
          "autorreferencia": 0,
          "divulgacao": 1
        },
        "nao_classificados": [
          ": (provisional data) European Union :"
        ]
      },
      "/en/european-union": {
        "total": 114,
        "distintas": 40,
        "por_classe": {
          "conteudo": 49,
          "navegacao": 64,
          "autorreferencia": 0,
          "divulgacao": 1
        },
        "nao_classificados": []
      },
      "/en/ledger": {
        "total": 27,
        "distintas": 23,
        "por_classe": {
          "conteudo": 10,
          "navegacao": 16,
          "autorreferencia": 0,
          "divulgacao": 1
        },
        "nao_classificados": []
      },
      "/en/ledger/municipalities": {
        "total": 44,
        "distintas": 44,
        "por_classe": {
          "conteudo": 35,
          "navegacao": 8,
          "autorreferencia": 0,
          "divulgacao": 1
        },
        "nao_classificados": []
      },
      "/en/ledger/municipalities/abrantes": {
        "total": 9,
        "distintas": 9,
        "por_classe": {
          "conteudo": 2,
          "navegacao": 6,
          "autorreferencia": 0,
          "divulgacao": 1
        },
        "nao_classificados": []
      },
      "/en/ledger/municipalities/agueda": {
        "total": 9,
        "distintas": 9,
        "por_classe": {
          "conteudo": 2,
          "navegacao": 6,
          "autorreferencia": 0,
          "divulgacao": 1
        },
        "nao_classificados": []
      },
      "/en/ledger/municipalities/aguiar-da-beira": {
        "total": 9,
        "distintas": 9,
        "por_classe": {
          "conteudo": 2,
          "navegacao": 6,
          "autorreferencia": 0,
          "divulgacao": 1
        },
        "nao_classificados": []
      },
      "/en/ledger/municipalities/alandroal": {
        "total": 9,
        "distintas": 9,
        "por_classe": {
          "conteudo": 2,
          "navegacao": 6,
          "autorreferencia": 0,
          "divulgacao": 1
        },
        "nao_classificados": []
      },
      "/en/ledger/municipalities/albergaria-a-velha": {
        "total": 9,
        "distintas": 9,
        "por_classe": {
          "conteudo": 2,
          "navegacao": 6,
          "autorreferencia": 0,
          "divulgacao": 1
        },
        "nao_classificados": []
      },
      "/en/ledger/municipalities/albufeira": {
        "total": 9,
        "distintas": 9,
        "por_classe": {
          "conteudo": 2,
          "navegacao": 6,
          "autorreferencia": 0,
          "divulgacao": 1
        },
        "nao_classificados": []
      },
      "/en/ledger/municipalities/alcacer-do-sal": {
        "total": 9,
        "distintas": 9,
        "por_classe": {
          "conteudo": 2,
          "navegacao": 6,
          "autorreferencia": 0,
          "divulgacao": 1
        },
        "nao_classificados": []
      },
      "/en/ledger/municipalities/alcanena": {
        "total": 9,
        "distintas": 9,
        "por_classe": {
          "conteudo": 2,
          "navegacao": 6,
          "autorreferencia": 0,
          "divulgacao": 1
        },
        "nao_classificados": []
      },
      "/en/ledger/municipalities/alcobaca": {
        "total": 9,
        "distintas": 9,
        "por_classe": {
          "conteudo": 2,
          "navegacao": 6,
          "autorreferencia": 0,
          "divulgacao": 1
        },
        "nao_classificados": []
      },
      "/en/ledger/municipalities/alcochete": {
        "total": 9,
        "distintas": 9,
        "por_classe": {
          "conteudo": 2,
          "navegacao": 6,
          "autorreferencia": 0,
          "divulgacao": 1
        },
        "nao_classificados": []
      },
      "/en/ledger/municipalities/alcoutim": {
        "total": 9,
        "distintas": 9,
        "por_classe": {
          "conteudo": 2,
          "navegacao": 6,
          "autorreferencia": 0,
          "divulgacao": 1
        },
        "nao_classificados": []
      },
      "/en/ledger/municipalities/alenquer": {
        "total": 9,
        "distintas": 9,
        "por_classe": {
          "conteudo": 2,
          "navegacao": 6,
          "autorreferencia": 0,
          "divulgacao": 1
        },
        "nao_classificados": []
      },
      "/en/ledger/municipalities/alfandega-da-fe": {
        "total": 9,
        "distintas": 9,
        "por_classe": {
          "conteudo": 2,
          "navegacao": 6,
          "autorreferencia": 0,
          "divulgacao": 1
        },
        "nao_classificados": []
      },
      "/en/ledger/municipalities/alijo": {
        "total": 9,
        "distintas": 9,
        "por_classe": {
          "conteudo": 2,
          "navegacao": 6,
          "autorreferencia": 0,
          "divulgacao": 1
        },
        "nao_classificados": []
      },
      "/en/ledger/municipalities/aljezur": {
        "total": 9,
        "distintas": 9,
        "por_classe": {
          "conteudo": 2,
          "navegacao": 6,
          "autorreferencia": 0,
          "divulgacao": 1
        },
        "nao_classificados": []
      },
      "/en/ledger/municipalities/aljustrel": {
        "total": 9,
        "distintas": 9,
        "por_classe": {
          "conteudo": 2,
          "navegacao": 6,
          "autorreferencia": 0,
          "divulgacao": 1
        },
        "nao_classificados": []
      },
      "/en/ledger/municipalities/almada": {
        "total": 9,
        "distintas": 9,
        "por_classe": {
          "conteudo": 2,
          "navegacao": 6,
          "autorreferencia": 0,
          "divulgacao": 1
        },
        "nao_classificados": []
      },
      "/en/ledger/municipalities/almeida": {
        "total": 9,
        "distintas": 9,
        "por_classe": {
          "conteudo": 2,
          "navegacao": 6,
          "autorreferencia": 0,
          "divulgacao": 1
        },
        "nao_classificados": []
      },
      "/en/ledger/municipalities/almeirim": {
        "total": 9,
        "distintas": 9,
        "por_classe": {
          "conteudo": 2,
          "navegacao": 6,
          "autorreferencia": 0,
          "divulgacao": 1
        },
        "nao_classificados": []
      },
      "/en/ledger/municipalities/almodovar": {
        "total": 9,
        "distintas": 9,
        "por_classe": {
          "conteudo": 2,
          "navegacao": 6,
          "autorreferencia": 0,
          "divulgacao": 1
        },
        "nao_classificados": []
      },
      "/en/ledger/municipalities/alpiarca": {
        "total": 9,
        "distintas": 9,
        "por_classe": {
          "conteudo": 2,
          "navegacao": 6,
          "autorreferencia": 0,
          "divulgacao": 1
        },
        "nao_classificados": []
      },
      "/en/ledger/municipalities/alter-do-chao": {
        "total": 9,
        "distintas": 9,
        "por_classe": {
          "conteudo": 2,
          "navegacao": 6,
          "autorreferencia": 0,
          "divulgacao": 1
        },
        "nao_classificados": []
      },
      "/en/ledger/municipalities/alvaiazere": {
        "total": 9,
        "distintas": 9,
        "por_classe": {
          "conteudo": 2,
          "navegacao": 6,
          "autorreferencia": 0,
          "divulgacao": 1
        },
        "nao_classificados": []
      },
      "/en/ledger/municipalities/alvito": {
        "total": 9,
        "distintas": 9,
        "por_classe": {
          "conteudo": 2,
          "navegacao": 6,
          "autorreferencia": 0,
          "divulgacao": 1
        },
        "nao_classificados": []
      },
      "/en/ledger/municipalities/amadora": {
        "total": 9,
        "distintas": 9,
        "por_classe": {
          "conteudo": 2,
          "navegacao": 6,
          "autorreferencia": 0,
          "divulgacao": 1
        },
        "nao_classificados": []
      },
      "/en/ledger/municipalities/amarante": {
        "total": 9,
        "distintas": 9,
        "por_classe": {
          "conteudo": 2,
          "navegacao": 6,
          "autorreferencia": 0,
          "divulgacao": 1
        },
        "nao_classificados": []
      },
      "/en/ledger/municipalities/amares": {
        "total": 9,
        "distintas": 9,
        "por_classe": {
          "conteudo": 2,
          "navegacao": 6,
          "autorreferencia": 0,
          "divulgacao": 1
        },
        "nao_classificados": []
      },
      "/en/ledger/municipalities/anadia": {
        "total": 9,
        "distintas": 9,
        "por_classe": {
          "conteudo": 2,
          "navegacao": 6,
          "autorreferencia": 0,
          "divulgacao": 1
        },
        "nao_classificados": []
      },
      "/en/ledger/municipalities/angra-do-heroismo": {
        "total": 9,
        "distintas": 9,
        "por_classe": {
          "conteudo": 2,
          "navegacao": 6,
          "autorreferencia": 0,
          "divulgacao": 1
        },
        "nao_classificados": []
      },
      "/en/ledger/municipalities/ansiao": {
        "total": 9,
        "distintas": 9,
        "por_classe": {
          "conteudo": 2,
          "navegacao": 6,
          "autorreferencia": 0,
          "divulgacao": 1
        },
        "nao_classificados": []
      },
      "/en/ledger/municipalities/arcos-de-valdevez": {
        "total": 9,
        "distintas": 9,
        "por_classe": {
          "conteudo": 2,
          "navegacao": 6,
          "autorreferencia": 0,
          "divulgacao": 1
        },
        "nao_classificados": []
      },
      "/en/ledger/municipalities/arganil": {
        "total": 9,
        "distintas": 9,
        "por_classe": {
          "conteudo": 2,
          "navegacao": 6,
          "autorreferencia": 0,
          "divulgacao": 1
        },
        "nao_classificados": []
      },
      "/en/ledger/municipalities/armamar": {
        "total": 9,
        "distintas": 9,
        "por_classe": {
          "conteudo": 2,
          "navegacao": 6,
          "autorreferencia": 0,
          "divulgacao": 1
        },
        "nao_classificados": []
      },
      "/en/ledger/municipalities/arouca": {
        "total": 9,
        "distintas": 9,
        "por_classe": {
          "conteudo": 2,
          "navegacao": 6,
          "autorreferencia": 0,
          "divulgacao": 1
        },
        "nao_classificados": []
      },
      "/en/ledger/municipalities/arraiolos": {
        "total": 9,
        "distintas": 9,
        "por_classe": {
          "conteudo": 2,
          "navegacao": 6,
          "autorreferencia": 0,
          "divulgacao": 1
        },
        "nao_classificados": []
      },
      "/en/ledger/municipalities/arronches": {
        "total": 9,
        "distintas": 9,
        "por_classe": {
          "conteudo": 2,
          "navegacao": 6,
          "autorreferencia": 0,
          "divulgacao": 1
        },
        "nao_classificados": []
      },
      "/en/ledger/municipalities/arruda-dos-vinhos": {
        "total": 9,
        "distintas": 9,
        "por_classe": {
          "conteudo": 2,
          "navegacao": 6,
          "autorreferencia": 0,
          "divulgacao": 1
        },
        "nao_classificados": []
      },
      "/en/ledger/municipalities/aveiro": {
        "total": 9,
        "distintas": 9,
        "por_classe": {
          "conteudo": 2,
          "navegacao": 6,
          "autorreferencia": 0,
          "divulgacao": 1
        },
        "nao_classificados": []
      },
      "/en/ledger/municipalities/avis": {
        "total": 9,
        "distintas": 9,
        "por_classe": {
          "conteudo": 2,
          "navegacao": 6,
          "autorreferencia": 0,
          "divulgacao": 1
        },
        "nao_classificados": []
      },
      "/en/ledger/municipalities/azambuja": {
        "total": 9,
        "distintas": 9,
        "por_classe": {
          "conteudo": 2,
          "navegacao": 6,
          "autorreferencia": 0,
          "divulgacao": 1
        },
        "nao_classificados": []
      },
      "/en/ledger/municipalities/baiao": {
        "total": 9,
        "distintas": 9,
        "por_classe": {
          "conteudo": 2,
          "navegacao": 6,
          "autorreferencia": 0,
          "divulgacao": 1
        },
        "nao_classificados": []
      },
      "/en/ledger/municipalities/barcelos": {
        "total": 9,
        "distintas": 9,
        "por_classe": {
          "conteudo": 2,
          "navegacao": 6,
          "autorreferencia": 0,
          "divulgacao": 1
        },
        "nao_classificados": []
      },
      "/en/ledger/municipalities/barrancos": {
        "total": 9,
        "distintas": 9,
        "por_classe": {
          "conteudo": 2,
          "navegacao": 6,
          "autorreferencia": 0,
          "divulgacao": 1
        },
        "nao_classificados": []
      },
      "/en/ledger/municipalities/barreiro": {
        "total": 9,
        "distintas": 9,
        "por_classe": {
          "conteudo": 2,
          "navegacao": 6,
          "autorreferencia": 0,
          "divulgacao": 1
        },
        "nao_classificados": []
      },
      "/en/ledger/municipalities/batalha": {
        "total": 9,
        "distintas": 9,
        "por_classe": {
          "conteudo": 2,
          "navegacao": 6,
          "autorreferencia": 0,
          "divulgacao": 1
        },
        "nao_classificados": []
      },
      "/en/ledger/municipalities/beja": {
        "total": 9,
        "distintas": 9,
        "por_classe": {
          "conteudo": 2,
          "navegacao": 6,
          "autorreferencia": 0,
          "divulgacao": 1
        },
        "nao_classificados": []
      },
      "/en/ledger/municipalities/belmonte": {
        "total": 9,
        "distintas": 9,
        "por_classe": {
          "conteudo": 2,
          "navegacao": 6,
          "autorreferencia": 0,
          "divulgacao": 1
        },
        "nao_classificados": []
      },
      "/en/ledger/municipalities/benavente": {
        "total": 9,
        "distintas": 9,
        "por_classe": {
          "conteudo": 2,
          "navegacao": 6,
          "autorreferencia": 0,
          "divulgacao": 1
        },
        "nao_classificados": []
      },
      "/en/ledger/municipalities/bombarral": {
        "total": 9,
        "distintas": 9,
        "por_classe": {
          "conteudo": 2,
          "navegacao": 6,
          "autorreferencia": 0,
          "divulgacao": 1
        },
        "nao_classificados": []
      },
      "/en/ledger/municipalities/borba": {
        "total": 9,
        "distintas": 9,
        "por_classe": {
          "conteudo": 2,
          "navegacao": 6,
          "autorreferencia": 0,
          "divulgacao": 1
        },
        "nao_classificados": []
      },
      "/en/ledger/municipalities/boticas": {
        "total": 9,
        "distintas": 9,
        "por_classe": {
          "conteudo": 2,
          "navegacao": 6,
          "autorreferencia": 0,
          "divulgacao": 1
        },
        "nao_classificados": []
      },
      "/en/ledger/municipalities/braga": {
        "total": 9,
        "distintas": 9,
        "por_classe": {
          "conteudo": 2,
          "navegacao": 6,
          "autorreferencia": 0,
          "divulgacao": 1
        },
        "nao_classificados": []
      },
      "/en/ledger/municipalities/braganca": {
        "total": 9,
        "distintas": 9,
        "por_classe": {
          "conteudo": 2,
          "navegacao": 6,
          "autorreferencia": 0,
          "divulgacao": 1
        },
        "nao_classificados": []
      },
      "/en/ledger/municipalities/cabeceiras-de-basto": {
        "total": 9,
        "distintas": 9,
        "por_classe": {
          "conteudo": 2,
          "navegacao": 6,
          "autorreferencia": 0,
          "divulgacao": 1
        },
        "nao_classificados": []
      },
      "/en/ledger/municipalities/cadaval": {
        "total": 9,
        "distintas": 9,
        "por_classe": {
          "conteudo": 2,
          "navegacao": 6,
          "autorreferencia": 0,
          "divulgacao": 1
        },
        "nao_classificados": []
      },
      "/en/ledger/municipalities/caldas-da-rainha": {
        "total": 9,
        "distintas": 9,
        "por_classe": {
          "conteudo": 2,
          "navegacao": 6,
          "autorreferencia": 0,
          "divulgacao": 1
        },
        "nao_classificados": []
      },
      "/en/ledger/municipalities/calheta": {
        "total": 9,
        "distintas": 9,
        "por_classe": {
          "conteudo": 2,
          "navegacao": 6,
          "autorreferencia": 0,
          "divulgacao": 1
        },
        "nao_classificados": []
      },
      "/en/ledger/municipalities/calheta-de-sao-jorge": {
        "total": 9,
        "distintas": 9,
        "por_classe": {
          "conteudo": 2,
          "navegacao": 6,
          "autorreferencia": 0,
          "divulgacao": 1
        },
        "nao_classificados": []
      },
      "/en/ledger/municipalities/camara-de-lobos": {
        "total": 9,
        "distintas": 9,
        "por_classe": {
          "conteudo": 2,
          "navegacao": 6,
          "autorreferencia": 0,
          "divulgacao": 1
        },
        "nao_classificados": []
      },
      "/en/ledger/municipalities/caminha": {
        "total": 9,
        "distintas": 9,
        "por_classe": {
          "conteudo": 2,
          "navegacao": 6,
          "autorreferencia": 0,
          "divulgacao": 1
        },
        "nao_classificados": []
      },
      "/en/ledger/municipalities/campo-maior": {
        "total": 9,
        "distintas": 9,
        "por_classe": {
          "conteudo": 2,
          "navegacao": 6,
          "autorreferencia": 0,
          "divulgacao": 1
        },
        "nao_classificados": []
      },
      "/en/ledger/municipalities/cantanhede": {
        "total": 9,
        "distintas": 9,
        "por_classe": {
          "conteudo": 2,
          "navegacao": 6,
          "autorreferencia": 0,
          "divulgacao": 1
        },
        "nao_classificados": []
      },
      "/en/ledger/municipalities/carrazeda-de-ansiaes": {
        "total": 9,
        "distintas": 9,
        "por_classe": {
          "conteudo": 2,
          "navegacao": 6,
          "autorreferencia": 0,
          "divulgacao": 1
        },
        "nao_classificados": []
      },
      "/en/ledger/municipalities/carregal-do-sal": {
        "total": 9,
        "distintas": 9,
        "por_classe": {
          "conteudo": 2,
          "navegacao": 6,
          "autorreferencia": 0,
          "divulgacao": 1
        },
        "nao_classificados": []
      },
      "/en/ledger/municipalities/cartaxo": {
        "total": 9,
        "distintas": 9,
        "por_classe": {
          "conteudo": 2,
          "navegacao": 6,
          "autorreferencia": 0,
          "divulgacao": 1
        },
        "nao_classificados": []
      },
      "/en/ledger/municipalities/cascais": {
        "total": 9,
        "distintas": 9,
        "por_classe": {
          "conteudo": 2,
          "navegacao": 6,
          "autorreferencia": 0,
          "divulgacao": 1
        },
        "nao_classificados": []
      },
      "/en/ledger/municipalities/castanheira-de-pera": {
        "total": 9,
        "distintas": 9,
        "por_classe": {
          "conteudo": 2,
          "navegacao": 6,
          "autorreferencia": 0,
          "divulgacao": 1
        },
        "nao_classificados": []
      },
      "/en/ledger/municipalities/castelo-branco": {
        "total": 9,
        "distintas": 9,
        "por_classe": {
          "conteudo": 2,
          "navegacao": 6,
          "autorreferencia": 0,
          "divulgacao": 1
        },
        "nao_classificados": []
      },
      "/en/ledger/municipalities/castelo-de-paiva": {
        "total": 9,
        "distintas": 9,
        "por_classe": {
          "conteudo": 2,
          "navegacao": 6,
          "autorreferencia": 0,
          "divulgacao": 1
        },
        "nao_classificados": []
      },
      "/en/ledger/municipalities/castelo-de-vide": {
        "total": 9,
        "distintas": 9,
        "por_classe": {
          "conteudo": 2,
          "navegacao": 6,
          "autorreferencia": 0,
          "divulgacao": 1
        },
        "nao_classificados": []
      },
      "/en/ledger/municipalities/castro-daire": {
        "total": 9,
        "distintas": 9,
        "por_classe": {
          "conteudo": 2,
          "navegacao": 6,
          "autorreferencia": 0,
          "divulgacao": 1
        },
        "nao_classificados": []
      },
      "/en/ledger/municipalities/castro-marim": {
        "total": 9,
        "distintas": 9,
        "por_classe": {
          "conteudo": 2,
          "navegacao": 6,
          "autorreferencia": 0,
          "divulgacao": 1
        },
        "nao_classificados": []
      },
      "/en/ledger/municipalities/castro-verde": {
        "total": 9,
        "distintas": 9,
        "por_classe": {
          "conteudo": 2,
          "navegacao": 6,
          "autorreferencia": 0,
          "divulgacao": 1
        },
        "nao_classificados": []
      },
      "/en/ledger/municipalities/celorico-da-beira": {
        "total": 9,
        "distintas": 9,
        "por_classe": {
          "conteudo": 2,
          "navegacao": 6,
          "autorreferencia": 0,
          "divulgacao": 1
        },
        "nao_classificados": []
      },
      "/en/ledger/municipalities/celorico-de-basto": {
        "total": 9,
        "distintas": 9,
        "por_classe": {
          "conteudo": 2,
          "navegacao": 6,
          "autorreferencia": 0,
          "divulgacao": 1
        },
        "nao_classificados": []
      },
      "/en/ledger/municipalities/chamusca": {
        "total": 9,
        "distintas": 9,
        "por_classe": {
          "conteudo": 2,
          "navegacao": 6,
          "autorreferencia": 0,
          "divulgacao": 1
        },
        "nao_classificados": []
      },
      "/en/ledger/municipalities/chaves": {
        "total": 9,
        "distintas": 9,
        "por_classe": {
          "conteudo": 2,
          "navegacao": 6,
          "autorreferencia": 0,
          "divulgacao": 1
        },
        "nao_classificados": []
      },
      "/en/ledger/municipalities/cinfaes": {
        "total": 9,
        "distintas": 9,
        "por_classe": {
          "conteudo": 2,
          "navegacao": 6,
          "autorreferencia": 0,
          "divulgacao": 1
        },
        "nao_classificados": []
      },
      "/en/ledger/municipalities/coimbra": {
        "total": 9,
        "distintas": 9,
        "por_classe": {
          "conteudo": 2,
          "navegacao": 6,
          "autorreferencia": 0,
          "divulgacao": 1
        },
        "nao_classificados": []
      },
      "/en/ledger/municipalities/condeixa-a-nova": {
        "total": 9,
        "distintas": 9,
        "por_classe": {
          "conteudo": 2,
          "navegacao": 6,
          "autorreferencia": 0,
          "divulgacao": 1
        },
        "nao_classificados": []
      },
      "/en/ledger/municipalities/constancia": {
        "total": 9,
        "distintas": 9,
        "por_classe": {
          "conteudo": 2,
          "navegacao": 6,
          "autorreferencia": 0,
          "divulgacao": 1
        },
        "nao_classificados": []
      },
      "/en/ledger/municipalities/coruche": {
        "total": 9,
        "distintas": 9,
        "por_classe": {
          "conteudo": 2,
          "navegacao": 6,
          "autorreferencia": 0,
          "divulgacao": 1
        },
        "nao_classificados": []
      },
      "/en/ledger/municipalities/corvo": {
        "total": 9,
        "distintas": 9,
        "por_classe": {
          "conteudo": 2,
          "navegacao": 6,
          "autorreferencia": 0,
          "divulgacao": 1
        },
        "nao_classificados": []
      },
      "/en/ledger/municipalities/covilha": {
        "total": 9,
        "distintas": 9,
        "por_classe": {
          "conteudo": 2,
          "navegacao": 6,
          "autorreferencia": 0,
          "divulgacao": 1
        },
        "nao_classificados": []
      },
      "/en/ledger/municipalities/crato": {
        "total": 9,
        "distintas": 9,
        "por_classe": {
          "conteudo": 2,
          "navegacao": 6,
          "autorreferencia": 0,
          "divulgacao": 1
        },
        "nao_classificados": []
      },
      "/en/ledger/municipalities/cuba": {
        "total": 9,
        "distintas": 9,
        "por_classe": {
          "conteudo": 2,
          "navegacao": 6,
          "autorreferencia": 0,
          "divulgacao": 1
        },
        "nao_classificados": []
      },
      "/en/ledger/municipalities/elvas": {
        "total": 9,
        "distintas": 9,
        "por_classe": {
          "conteudo": 2,
          "navegacao": 6,
          "autorreferencia": 0,
          "divulgacao": 1
        },
        "nao_classificados": []
      },
      "/en/ledger/municipalities/entroncamento": {
        "total": 9,
        "distintas": 9,
        "por_classe": {
          "conteudo": 2,
          "navegacao": 6,
          "autorreferencia": 0,
          "divulgacao": 1
        },
        "nao_classificados": []
      },
      "/en/ledger/municipalities/espinho": {
        "total": 9,
        "distintas": 9,
        "por_classe": {
          "conteudo": 2,
          "navegacao": 6,
          "autorreferencia": 0,
          "divulgacao": 1
        },
        "nao_classificados": []
      },
      "/en/ledger/municipalities/esposende": {
        "total": 9,
        "distintas": 9,
        "por_classe": {
          "conteudo": 2,
          "navegacao": 6,
          "autorreferencia": 0,
          "divulgacao": 1
        },
        "nao_classificados": []
      },
      "/en/ledger/municipalities/estarreja": {
        "total": 9,
        "distintas": 9,
        "por_classe": {
          "conteudo": 2,
          "navegacao": 6,
          "autorreferencia": 0,
          "divulgacao": 1
        },
        "nao_classificados": []
      },
      "/en/ledger/municipalities/estremoz": {
        "total": 9,
        "distintas": 9,
        "por_classe": {
          "conteudo": 2,
          "navegacao": 6,
          "autorreferencia": 0,
          "divulgacao": 1
        },
        "nao_classificados": []
      },
      "/en/ledger/municipalities/evora": {
        "total": 9,
        "distintas": 9,
        "por_classe": {
          "conteudo": 2,
          "navegacao": 6,
          "autorreferencia": 0,
          "divulgacao": 1
        },
        "nao_classificados": []
      },
      "/en/ledger/municipalities/fafe": {
        "total": 9,
        "distintas": 9,
        "por_classe": {
          "conteudo": 2,
          "navegacao": 6,
          "autorreferencia": 0,
          "divulgacao": 1
        },
        "nao_classificados": []
      },
      "/en/ledger/municipalities/faro": {
        "total": 9,
        "distintas": 9,
        "por_classe": {
          "conteudo": 2,
          "navegacao": 6,
          "autorreferencia": 0,
          "divulgacao": 1
        },
        "nao_classificados": []
      },
      "/en/ledger/municipalities/felgueiras": {
        "total": 9,
        "distintas": 9,
        "por_classe": {
          "conteudo": 2,
          "navegacao": 6,
          "autorreferencia": 0,
          "divulgacao": 1
        },
        "nao_classificados": []
      },
      "/en/ledger/municipalities/ferreira-do-alentejo": {
        "total": 9,
        "distintas": 9,
        "por_classe": {
          "conteudo": 2,
          "navegacao": 6,
          "autorreferencia": 0,
          "divulgacao": 1
        },
        "nao_classificados": []
      },
      "/en/ledger/municipalities/ferreira-do-zezere": {
        "total": 9,
        "distintas": 9,
        "por_classe": {
          "conteudo": 2,
          "navegacao": 6,
          "autorreferencia": 0,
          "divulgacao": 1
        },
        "nao_classificados": []
      },
      "/en/ledger/municipalities/figueira-da-foz": {
        "total": 9,
        "distintas": 9,
        "por_classe": {
          "conteudo": 2,
          "navegacao": 6,
          "autorreferencia": 0,
          "divulgacao": 1
        },
        "nao_classificados": []
      },
      "/en/ledger/municipalities/figueira-de-castelo-rodrigo": {
        "total": 9,
        "distintas": 9,
        "por_classe": {
          "conteudo": 2,
          "navegacao": 6,
          "autorreferencia": 0,
          "divulgacao": 1
        },
        "nao_classificados": []
      },
      "/en/ledger/municipalities/figueiro-dos-vinhos": {
        "total": 9,
        "distintas": 9,
        "por_classe": {
          "conteudo": 2,
          "navegacao": 6,
          "autorreferencia": 0,
          "divulgacao": 1
        },
        "nao_classificados": []
      },
      "/en/ledger/municipalities/fornos-de-algodres": {
        "total": 9,
        "distintas": 9,
        "por_classe": {
          "conteudo": 2,
          "navegacao": 6,
          "autorreferencia": 0,
          "divulgacao": 1
        },
        "nao_classificados": []
      },
      "/en/ledger/municipalities/freixo-de-espada-a-cinta": {
        "total": 9,
        "distintas": 9,
        "por_classe": {
          "conteudo": 2,
          "navegacao": 6,
          "autorreferencia": 0,
          "divulgacao": 1
        },
        "nao_classificados": []
      },
      "/en/ledger/municipalities/fronteira": {
        "total": 9,
        "distintas": 9,
        "por_classe": {
          "conteudo": 2,
          "navegacao": 6,
          "autorreferencia": 0,
          "divulgacao": 1
        },
        "nao_classificados": []
      },
      "/en/ledger/municipalities/funchal": {
        "total": 9,
        "distintas": 9,
        "por_classe": {
          "conteudo": 2,
          "navegacao": 6,
          "autorreferencia": 0,
          "divulgacao": 1
        },
        "nao_classificados": []
      },
      "/en/ledger/municipalities/fundao": {
        "total": 9,
        "distintas": 9,
        "por_classe": {
          "conteudo": 2,
          "navegacao": 6,
          "autorreferencia": 0,
          "divulgacao": 1
        },
        "nao_classificados": []
      },
      "/en/ledger/municipalities/gaviao": {
        "total": 9,
        "distintas": 9,
        "por_classe": {
          "conteudo": 2,
          "navegacao": 6,
          "autorreferencia": 0,
          "divulgacao": 1
        },
        "nao_classificados": []
      },
      "/en/ledger/municipalities/gois": {
        "total": 9,
        "distintas": 9,
        "por_classe": {
          "conteudo": 2,
          "navegacao": 6,
          "autorreferencia": 0,
          "divulgacao": 1
        },
        "nao_classificados": []
      },
      "/en/ledger/municipalities/golega": {
        "total": 9,
        "distintas": 9,
        "por_classe": {
          "conteudo": 2,
          "navegacao": 6,
          "autorreferencia": 0,
          "divulgacao": 1
        },
        "nao_classificados": []
      },
      "/en/ledger/municipalities/gondomar": {
        "total": 9,
        "distintas": 9,
        "por_classe": {
          "conteudo": 2,
          "navegacao": 6,
          "autorreferencia": 0,
          "divulgacao": 1
        },
        "nao_classificados": []
      },
      "/en/ledger/municipalities/gouveia": {
        "total": 9,
        "distintas": 9,
        "por_classe": {
          "conteudo": 2,
          "navegacao": 6,
          "autorreferencia": 0,
          "divulgacao": 1
        },
        "nao_classificados": []
      },
      "/en/ledger/municipalities/grandola": {
        "total": 9,
        "distintas": 9,
        "por_classe": {
          "conteudo": 2,
          "navegacao": 6,
          "autorreferencia": 0,
          "divulgacao": 1
        },
        "nao_classificados": []
      },
      "/en/ledger/municipalities/guarda": {
        "total": 9,
        "distintas": 9,
        "por_classe": {
          "conteudo": 2,
          "navegacao": 6,
          "autorreferencia": 0,
          "divulgacao": 1
        },
        "nao_classificados": []
      },
      "/en/ledger/municipalities/guimaraes": {
        "total": 9,
        "distintas": 9,
        "por_classe": {
          "conteudo": 2,
          "navegacao": 6,
          "autorreferencia": 0,
          "divulgacao": 1
        },
        "nao_classificados": []
      },
      "/en/ledger/municipalities/horta": {
        "total": 9,
        "distintas": 9,
        "por_classe": {
          "conteudo": 2,
          "navegacao": 6,
          "autorreferencia": 0,
          "divulgacao": 1
        },
        "nao_classificados": []
      },
      "/en/ledger/municipalities/idanha-a-nova": {
        "total": 9,
        "distintas": 9,
        "por_classe": {
          "conteudo": 2,
          "navegacao": 6,
          "autorreferencia": 0,
          "divulgacao": 1
        },
        "nao_classificados": []
      },
      "/en/ledger/municipalities/ilhavo": {
        "total": 9,
        "distintas": 9,
        "por_classe": {
          "conteudo": 2,
          "navegacao": 6,
          "autorreferencia": 0,
          "divulgacao": 1
        },
        "nao_classificados": []
      },
      "/en/ledger/municipalities/lagoa-faro": {
        "total": 9,
        "distintas": 9,
        "por_classe": {
          "conteudo": 2,
          "navegacao": 6,
          "autorreferencia": 0,
          "divulgacao": 1
        },
        "nao_classificados": []
      },
      "/en/ledger/municipalities/lagoa-ilha-de-sao-miguel": {
        "total": 9,
        "distintas": 9,
        "por_classe": {
          "conteudo": 2,
          "navegacao": 6,
          "autorreferencia": 0,
          "divulgacao": 1
        },
        "nao_classificados": []
      },
      "/en/ledger/municipalities/lagos": {
        "total": 9,
        "distintas": 9,
        "por_classe": {
          "conteudo": 2,
          "navegacao": 6,
          "autorreferencia": 0,
          "divulgacao": 1
        },
        "nao_classificados": []
      },
      "/en/ledger/municipalities/lajes-das-flores": {
        "total": 9,
        "distintas": 9,
        "por_classe": {
          "conteudo": 2,
          "navegacao": 6,
          "autorreferencia": 0,
          "divulgacao": 1
        },
        "nao_classificados": []
      },
      "/en/ledger/municipalities/lajes-do-pico": {
        "total": 9,
        "distintas": 9,
        "por_classe": {
          "conteudo": 2,
          "navegacao": 6,
          "autorreferencia": 0,
          "divulgacao": 1
        },
        "nao_classificados": []
      },
      "/en/ledger/municipalities/lamego": {
        "total": 9,
        "distintas": 9,
        "por_classe": {
          "conteudo": 2,
          "navegacao": 6,
          "autorreferencia": 0,
          "divulgacao": 1
        },
        "nao_classificados": []
      },
      "/en/ledger/municipalities/leiria": {
        "total": 9,
        "distintas": 9,
        "por_classe": {
          "conteudo": 2,
          "navegacao": 6,
          "autorreferencia": 0,
          "divulgacao": 1
        },
        "nao_classificados": []
      },
      "/en/ledger/municipalities/lisboa": {
        "total": 9,
        "distintas": 9,
        "por_classe": {
          "conteudo": 2,
          "navegacao": 6,
          "autorreferencia": 0,
          "divulgacao": 1
        },
        "nao_classificados": []
      },
      "/en/ledger/municipalities/loule": {
        "total": 9,
        "distintas": 9,
        "por_classe": {
          "conteudo": 2,
          "navegacao": 6,
          "autorreferencia": 0,
          "divulgacao": 1
        },
        "nao_classificados": []
      },
      "/en/ledger/municipalities/loures": {
        "total": 9,
        "distintas": 9,
        "por_classe": {
          "conteudo": 2,
          "navegacao": 6,
          "autorreferencia": 0,
          "divulgacao": 1
        },
        "nao_classificados": []
      },
      "/en/ledger/municipalities/lourinha": {
        "total": 9,
        "distintas": 9,
        "por_classe": {
          "conteudo": 2,
          "navegacao": 6,
          "autorreferencia": 0,
          "divulgacao": 1
        },
        "nao_classificados": []
      },
      "/en/ledger/municipalities/lousa": {
        "total": 9,
        "distintas": 9,
        "por_classe": {
          "conteudo": 2,
          "navegacao": 6,
          "autorreferencia": 0,
          "divulgacao": 1
        },
        "nao_classificados": []
      },
      "/en/ledger/municipalities/lousada": {
        "total": 9,
        "distintas": 9,
        "por_classe": {
          "conteudo": 2,
          "navegacao": 6,
          "autorreferencia": 0,
          "divulgacao": 1
        },
        "nao_classificados": []
      },
      "/en/ledger/municipalities/macao": {
        "total": 9,
        "distintas": 9,
        "por_classe": {
          "conteudo": 2,
          "navegacao": 6,
          "autorreferencia": 0,
          "divulgacao": 1
        },
        "nao_classificados": []
      },
      "/en/ledger/municipalities/macedo-de-cavaleiros": {
        "total": 9,
        "distintas": 9,
        "por_classe": {
          "conteudo": 2,
          "navegacao": 6,
          "autorreferencia": 0,
          "divulgacao": 1
        },
        "nao_classificados": []
      },
      "/en/ledger/municipalities/machico": {
        "total": 9,
        "distintas": 9,
        "por_classe": {
          "conteudo": 2,
          "navegacao": 6,
          "autorreferencia": 0,
          "divulgacao": 1
        },
        "nao_classificados": []
      },
      "/en/ledger/municipalities/madalena": {
        "total": 9,
        "distintas": 9,
        "por_classe": {
          "conteudo": 2,
          "navegacao": 6,
          "autorreferencia": 0,
          "divulgacao": 1
        },
        "nao_classificados": []
      },
      "/en/ledger/municipalities/mafra": {
        "total": 9,
        "distintas": 9,
        "por_classe": {
          "conteudo": 2,
          "navegacao": 6,
          "autorreferencia": 0,
          "divulgacao": 1
        },
        "nao_classificados": []
      },
      "/en/ledger/municipalities/maia": {
        "total": 9,
        "distintas": 9,
        "por_classe": {
          "conteudo": 2,
          "navegacao": 6,
          "autorreferencia": 0,
          "divulgacao": 1
        },
        "nao_classificados": []
      },
      "/en/ledger/municipalities/mangualde": {
        "total": 9,
        "distintas": 9,
        "por_classe": {
          "conteudo": 2,
          "navegacao": 6,
          "autorreferencia": 0,
          "divulgacao": 1
        },
        "nao_classificados": []
      },
      "/en/ledger/municipalities/manteigas": {
        "total": 9,
        "distintas": 9,
        "por_classe": {
          "conteudo": 2,
          "navegacao": 6,
          "autorreferencia": 0,
          "divulgacao": 1
        },
        "nao_classificados": []
      },
      "/en/ledger/municipalities/marco-de-canaveses": {
        "total": 9,
        "distintas": 9,
        "por_classe": {
          "conteudo": 2,
          "navegacao": 6,
          "autorreferencia": 0,
          "divulgacao": 1
        },
        "nao_classificados": []
      },
      "/en/ledger/municipalities/marinha-grande": {
        "total": 9,
        "distintas": 9,
        "por_classe": {
          "conteudo": 2,
          "navegacao": 6,
          "autorreferencia": 0,
          "divulgacao": 1
        },
        "nao_classificados": []
      },
      "/en/ledger/municipalities/marvao": {
        "total": 9,
        "distintas": 9,
        "por_classe": {
          "conteudo": 2,
          "navegacao": 6,
          "autorreferencia": 0,
          "divulgacao": 1
        },
        "nao_classificados": []
      },
      "/en/ledger/municipalities/matosinhos": {
        "total": 9,
        "distintas": 9,
        "por_classe": {
          "conteudo": 2,
          "navegacao": 6,
          "autorreferencia": 0,
          "divulgacao": 1
        },
        "nao_classificados": []
      },
      "/en/ledger/municipalities/mealhada": {
        "total": 9,
        "distintas": 9,
        "por_classe": {
          "conteudo": 2,
          "navegacao": 6,
          "autorreferencia": 0,
          "divulgacao": 1
        },
        "nao_classificados": []
      },
      "/en/ledger/municipalities/meda": {
        "total": 9,
        "distintas": 9,
        "por_classe": {
          "conteudo": 2,
          "navegacao": 6,
          "autorreferencia": 0,
          "divulgacao": 1
        },
        "nao_classificados": []
      },
      "/en/ledger/municipalities/melgaco": {
        "total": 9,
        "distintas": 9,
        "por_classe": {
          "conteudo": 2,
          "navegacao": 6,
          "autorreferencia": 0,
          "divulgacao": 1
        },
        "nao_classificados": []
      },
      "/en/ledger/municipalities/mertola": {
        "total": 9,
        "distintas": 9,
        "por_classe": {
          "conteudo": 2,
          "navegacao": 6,
          "autorreferencia": 0,
          "divulgacao": 1
        },
        "nao_classificados": []
      },
      "/en/ledger/municipalities/mesao-frio": {
        "total": 9,
        "distintas": 9,
        "por_classe": {
          "conteudo": 2,
          "navegacao": 6,
          "autorreferencia": 0,
          "divulgacao": 1
        },
        "nao_classificados": []
      },
      "/en/ledger/municipalities/mira": {
        "total": 9,
        "distintas": 9,
        "por_classe": {
          "conteudo": 2,
          "navegacao": 6,
          "autorreferencia": 0,
          "divulgacao": 1
        },
        "nao_classificados": []
      },
      "/en/ledger/municipalities/miranda-do-corvo": {
        "total": 9,
        "distintas": 9,
        "por_classe": {
          "conteudo": 2,
          "navegacao": 6,
          "autorreferencia": 0,
          "divulgacao": 1
        },
        "nao_classificados": []
      },
      "/en/ledger/municipalities/miranda-do-douro": {
        "total": 9,
        "distintas": 9,
        "por_classe": {
          "conteudo": 2,
          "navegacao": 6,
          "autorreferencia": 0,
          "divulgacao": 1
        },
        "nao_classificados": []
      },
      "/en/ledger/municipalities/mirandela": {
        "total": 9,
        "distintas": 9,
        "por_classe": {
          "conteudo": 2,
          "navegacao": 6,
          "autorreferencia": 0,
          "divulgacao": 1
        },
        "nao_classificados": []
      },
      "/en/ledger/municipalities/mogadouro": {
        "total": 9,
        "distintas": 9,
        "por_classe": {
          "conteudo": 2,
          "navegacao": 6,
          "autorreferencia": 0,
          "divulgacao": 1
        },
        "nao_classificados": []
      },
      "/en/ledger/municipalities/moimenta-da-beira": {
        "total": 9,
        "distintas": 9,
        "por_classe": {
          "conteudo": 2,
          "navegacao": 6,
          "autorreferencia": 0,
          "divulgacao": 1
        },
        "nao_classificados": []
      },
      "/en/ledger/municipalities/moita": {
        "total": 9,
        "distintas": 9,
        "por_classe": {
          "conteudo": 2,
          "navegacao": 6,
          "autorreferencia": 0,
          "divulgacao": 1
        },
        "nao_classificados": []
      },
      "/en/ledger/municipalities/moncao": {
        "total": 9,
        "distintas": 9,
        "por_classe": {
          "conteudo": 2,
          "navegacao": 6,
          "autorreferencia": 0,
          "divulgacao": 1
        },
        "nao_classificados": []
      },
      "/en/ledger/municipalities/monchique": {
        "total": 9,
        "distintas": 9,
        "por_classe": {
          "conteudo": 2,
          "navegacao": 6,
          "autorreferencia": 0,
          "divulgacao": 1
        },
        "nao_classificados": []
      },
      "/en/ledger/municipalities/mondim-de-basto": {
        "total": 9,
        "distintas": 9,
        "por_classe": {
          "conteudo": 2,
          "navegacao": 6,
          "autorreferencia": 0,
          "divulgacao": 1
        },
        "nao_classificados": []
      },
      "/en/ledger/municipalities/monforte": {
        "total": 9,
        "distintas": 9,
        "por_classe": {
          "conteudo": 2,
          "navegacao": 6,
          "autorreferencia": 0,
          "divulgacao": 1
        },
        "nao_classificados": []
      },
      "/en/ledger/municipalities/montalegre": {
        "total": 9,
        "distintas": 9,
        "por_classe": {
          "conteudo": 2,
          "navegacao": 6,
          "autorreferencia": 0,
          "divulgacao": 1
        },
        "nao_classificados": []
      },
      "/en/ledger/municipalities/montemor-o-novo": {
        "total": 9,
        "distintas": 9,
        "por_classe": {
          "conteudo": 2,
          "navegacao": 6,
          "autorreferencia": 0,
          "divulgacao": 1
        },
        "nao_classificados": []
      },
      "/en/ledger/municipalities/montemor-o-velho": {
        "total": 9,
        "distintas": 9,
        "por_classe": {
          "conteudo": 2,
          "navegacao": 6,
          "autorreferencia": 0,
          "divulgacao": 1
        },
        "nao_classificados": []
      },
      "/en/ledger/municipalities/montijo": {
        "total": 9,
        "distintas": 9,
        "por_classe": {
          "conteudo": 2,
          "navegacao": 6,
          "autorreferencia": 0,
          "divulgacao": 1
        },
        "nao_classificados": []
      },
      "/en/ledger/municipalities/mora": {
        "total": 9,
        "distintas": 9,
        "por_classe": {
          "conteudo": 2,
          "navegacao": 6,
          "autorreferencia": 0,
          "divulgacao": 1
        },
        "nao_classificados": []
      },
      "/en/ledger/municipalities/mortagua": {
        "total": 9,
        "distintas": 9,
        "por_classe": {
          "conteudo": 2,
          "navegacao": 6,
          "autorreferencia": 0,
          "divulgacao": 1
        },
        "nao_classificados": []
      },
      "/en/ledger/municipalities/moura": {
        "total": 9,
        "distintas": 9,
        "por_classe": {
          "conteudo": 2,
          "navegacao": 6,
          "autorreferencia": 0,
          "divulgacao": 1
        },
        "nao_classificados": []
      },
      "/en/ledger/municipalities/mourao": {
        "total": 9,
        "distintas": 9,
        "por_classe": {
          "conteudo": 2,
          "navegacao": 6,
          "autorreferencia": 0,
          "divulgacao": 1
        },
        "nao_classificados": []
      },
      "/en/ledger/municipalities/murca": {
        "total": 9,
        "distintas": 9,
        "por_classe": {
          "conteudo": 2,
          "navegacao": 6,
          "autorreferencia": 0,
          "divulgacao": 1
        },
        "nao_classificados": []
      },
      "/en/ledger/municipalities/murtosa": {
        "total": 9,
        "distintas": 9,
        "por_classe": {
          "conteudo": 2,
          "navegacao": 6,
          "autorreferencia": 0,
          "divulgacao": 1
        },
        "nao_classificados": []
      },
      "/en/ledger/municipalities/nazare": {
        "total": 9,
        "distintas": 9,
        "por_classe": {
          "conteudo": 2,
          "navegacao": 6,
          "autorreferencia": 0,
          "divulgacao": 1
        },
        "nao_classificados": []
      },
      "/en/ledger/municipalities/nelas": {
        "total": 9,
        "distintas": 9,
        "por_classe": {
          "conteudo": 2,
          "navegacao": 6,
          "autorreferencia": 0,
          "divulgacao": 1
        },
        "nao_classificados": []
      },
      "/en/ledger/municipalities/nisa": {
        "total": 9,
        "distintas": 9,
        "por_classe": {
          "conteudo": 2,
          "navegacao": 6,
          "autorreferencia": 0,
          "divulgacao": 1
        },
        "nao_classificados": []
      },
      "/en/ledger/municipalities/nordeste": {
        "total": 9,
        "distintas": 9,
        "por_classe": {
          "conteudo": 2,
          "navegacao": 6,
          "autorreferencia": 0,
          "divulgacao": 1
        },
        "nao_classificados": []
      },
      "/en/ledger/municipalities/obidos": {
        "total": 9,
        "distintas": 9,
        "por_classe": {
          "conteudo": 2,
          "navegacao": 6,
          "autorreferencia": 0,
          "divulgacao": 1
        },
        "nao_classificados": []
      },
      "/en/ledger/municipalities/odemira": {
        "total": 9,
        "distintas": 9,
        "por_classe": {
          "conteudo": 2,
          "navegacao": 6,
          "autorreferencia": 0,
          "divulgacao": 1
        },
        "nao_classificados": []
      },
      "/en/ledger/municipalities/odivelas": {
        "total": 9,
        "distintas": 9,
        "por_classe": {
          "conteudo": 2,
          "navegacao": 6,
          "autorreferencia": 0,
          "divulgacao": 1
        },
        "nao_classificados": []
      },
      "/en/ledger/municipalities/oeiras": {
        "total": 9,
        "distintas": 9,
        "por_classe": {
          "conteudo": 2,
          "navegacao": 6,
          "autorreferencia": 0,
          "divulgacao": 1
        },
        "nao_classificados": []
      },
      "/en/ledger/municipalities/oleiros": {
        "total": 9,
        "distintas": 9,
        "por_classe": {
          "conteudo": 2,
          "navegacao": 6,
          "autorreferencia": 0,
          "divulgacao": 1
        },
        "nao_classificados": []
      },
      "/en/ledger/municipalities/olhao": {
        "total": 9,
        "distintas": 9,
        "por_classe": {
          "conteudo": 2,
          "navegacao": 6,
          "autorreferencia": 0,
          "divulgacao": 1
        },
        "nao_classificados": []
      },
      "/en/ledger/municipalities/oliveira-de-azemeis": {
        "total": 9,
        "distintas": 9,
        "por_classe": {
          "conteudo": 2,
          "navegacao": 6,
          "autorreferencia": 0,
          "divulgacao": 1
        },
        "nao_classificados": []
      },
      "/en/ledger/municipalities/oliveira-de-frades": {
        "total": 9,
        "distintas": 9,
        "por_classe": {
          "conteudo": 2,
          "navegacao": 6,
          "autorreferencia": 0,
          "divulgacao": 1
        },
        "nao_classificados": []
      },
      "/en/ledger/municipalities/oliveira-do-bairro": {
        "total": 9,
        "distintas": 9,
        "por_classe": {
          "conteudo": 2,
          "navegacao": 6,
          "autorreferencia": 0,
          "divulgacao": 1
        },
        "nao_classificados": []
      },
      "/en/ledger/municipalities/oliveira-do-hospital": {
        "total": 9,
        "distintas": 9,
        "por_classe": {
          "conteudo": 2,
          "navegacao": 6,
          "autorreferencia": 0,
          "divulgacao": 1
        },
        "nao_classificados": []
      },
      "/en/ledger/municipalities/ourem": {
        "total": 9,
        "distintas": 9,
        "por_classe": {
          "conteudo": 2,
          "navegacao": 6,
          "autorreferencia": 0,
          "divulgacao": 1
        },
        "nao_classificados": []
      },
      "/en/ledger/municipalities/ourique": {
        "total": 9,
        "distintas": 9,
        "por_classe": {
          "conteudo": 2,
          "navegacao": 6,
          "autorreferencia": 0,
          "divulgacao": 1
        },
        "nao_classificados": []
      },
      "/en/ledger/municipalities/ovar": {
        "total": 9,
        "distintas": 9,
        "por_classe": {
          "conteudo": 2,
          "navegacao": 6,
          "autorreferencia": 0,
          "divulgacao": 1
        },
        "nao_classificados": []
      },
      "/en/ledger/municipalities/pacos-de-ferreira": {
        "total": 9,
        "distintas": 9,
        "por_classe": {
          "conteudo": 2,
          "navegacao": 6,
          "autorreferencia": 0,
          "divulgacao": 1
        },
        "nao_classificados": []
      },
      "/en/ledger/municipalities/palmela": {
        "total": 9,
        "distintas": 9,
        "por_classe": {
          "conteudo": 2,
          "navegacao": 6,
          "autorreferencia": 0,
          "divulgacao": 1
        },
        "nao_classificados": []
      },
      "/en/ledger/municipalities/pampilhosa-da-serra": {
        "total": 9,
        "distintas": 9,
        "por_classe": {
          "conteudo": 2,
          "navegacao": 6,
          "autorreferencia": 0,
          "divulgacao": 1
        },
        "nao_classificados": []
      },
      "/en/ledger/municipalities/paredes": {
        "total": 9,
        "distintas": 9,
        "por_classe": {
          "conteudo": 2,
          "navegacao": 6,
          "autorreferencia": 0,
          "divulgacao": 1
        },
        "nao_classificados": []
      },
      "/en/ledger/municipalities/paredes-de-coura": {
        "total": 9,
        "distintas": 9,
        "por_classe": {
          "conteudo": 2,
          "navegacao": 6,
          "autorreferencia": 0,
          "divulgacao": 1
        },
        "nao_classificados": []
      },
      "/en/ledger/municipalities/pedrogao-grande": {
        "total": 9,
        "distintas": 9,
        "por_classe": {
          "conteudo": 2,
          "navegacao": 6,
          "autorreferencia": 0,
          "divulgacao": 1
        },
        "nao_classificados": []
      },
      "/en/ledger/municipalities/penacova": {
        "total": 9,
        "distintas": 9,
        "por_classe": {
          "conteudo": 2,
          "navegacao": 6,
          "autorreferencia": 0,
          "divulgacao": 1
        },
        "nao_classificados": []
      },
      "/en/ledger/municipalities/penafiel": {
        "total": 9,
        "distintas": 9,
        "por_classe": {
          "conteudo": 2,
          "navegacao": 6,
          "autorreferencia": 0,
          "divulgacao": 1
        },
        "nao_classificados": []
      },
      "/en/ledger/municipalities/penalva-do-castelo": {
        "total": 9,
        "distintas": 9,
        "por_classe": {
          "conteudo": 2,
          "navegacao": 6,
          "autorreferencia": 0,
          "divulgacao": 1
        },
        "nao_classificados": []
      },
      "/en/ledger/municipalities/penamacor": {
        "total": 9,
        "distintas": 9,
        "por_classe": {
          "conteudo": 2,
          "navegacao": 6,
          "autorreferencia": 0,
          "divulgacao": 1
        },
        "nao_classificados": []
      },
      "/en/ledger/municipalities/penedono": {
        "total": 9,
        "distintas": 9,
        "por_classe": {
          "conteudo": 2,
          "navegacao": 6,
          "autorreferencia": 0,
          "divulgacao": 1
        },
        "nao_classificados": []
      },
      "/en/ledger/municipalities/penela": {
        "total": 9,
        "distintas": 9,
        "por_classe": {
          "conteudo": 2,
          "navegacao": 6,
          "autorreferencia": 0,
          "divulgacao": 1
        },
        "nao_classificados": []
      },
      "/en/ledger/municipalities/peniche": {
        "total": 9,
        "distintas": 9,
        "por_classe": {
          "conteudo": 2,
          "navegacao": 6,
          "autorreferencia": 0,
          "divulgacao": 1
        },
        "nao_classificados": []
      },
      "/en/ledger/municipalities/peso-da-regua": {
        "total": 9,
        "distintas": 9,
        "por_classe": {
          "conteudo": 2,
          "navegacao": 6,
          "autorreferencia": 0,
          "divulgacao": 1
        },
        "nao_classificados": []
      },
      "/en/ledger/municipalities/pinhel": {
        "total": 9,
        "distintas": 9,
        "por_classe": {
          "conteudo": 2,
          "navegacao": 6,
          "autorreferencia": 0,
          "divulgacao": 1
        },
        "nao_classificados": []
      },
      "/en/ledger/municipalities/pombal": {
        "total": 9,
        "distintas": 9,
        "por_classe": {
          "conteudo": 2,
          "navegacao": 6,
          "autorreferencia": 0,
          "divulgacao": 1
        },
        "nao_classificados": []
      },
      "/en/ledger/municipalities/ponta-delgada": {
        "total": 9,
        "distintas": 9,
        "por_classe": {
          "conteudo": 2,
          "navegacao": 6,
          "autorreferencia": 0,
          "divulgacao": 1
        },
        "nao_classificados": []
      },
      "/en/ledger/municipalities/ponta-do-sol": {
        "total": 9,
        "distintas": 9,
        "por_classe": {
          "conteudo": 2,
          "navegacao": 6,
          "autorreferencia": 0,
          "divulgacao": 1
        },
        "nao_classificados": []
      },
      "/en/ledger/municipalities/ponte-da-barca": {
        "total": 9,
        "distintas": 9,
        "por_classe": {
          "conteudo": 2,
          "navegacao": 6,
          "autorreferencia": 0,
          "divulgacao": 1
        },
        "nao_classificados": []
      },
      "/en/ledger/municipalities/ponte-de-lima": {
        "total": 9,
        "distintas": 9,
        "por_classe": {
          "conteudo": 2,
          "navegacao": 6,
          "autorreferencia": 0,
          "divulgacao": 1
        },
        "nao_classificados": []
      },
      "/en/ledger/municipalities/ponte-de-sor": {
        "total": 9,
        "distintas": 9,
        "por_classe": {
          "conteudo": 2,
          "navegacao": 6,
          "autorreferencia": 0,
          "divulgacao": 1
        },
        "nao_classificados": []
      },
      "/en/ledger/municipalities/portalegre": {
        "total": 9,
        "distintas": 9,
        "por_classe": {
          "conteudo": 2,
          "navegacao": 6,
          "autorreferencia": 0,
          "divulgacao": 1
        },
        "nao_classificados": []
      },
      "/en/ledger/municipalities/portel": {
        "total": 9,
        "distintas": 9,
        "por_classe": {
          "conteudo": 2,
          "navegacao": 6,
          "autorreferencia": 0,
          "divulgacao": 1
        },
        "nao_classificados": []
      },
      "/en/ledger/municipalities/portimao": {
        "total": 9,
        "distintas": 9,
        "por_classe": {
          "conteudo": 2,
          "navegacao": 6,
          "autorreferencia": 0,
          "divulgacao": 1
        },
        "nao_classificados": []
      },
      "/en/ledger/municipalities/porto": {
        "total": 9,
        "distintas": 9,
        "por_classe": {
          "conteudo": 2,
          "navegacao": 6,
          "autorreferencia": 0,
          "divulgacao": 1
        },
        "nao_classificados": []
      },
      "/en/ledger/municipalities/porto-de-mos": {
        "total": 9,
        "distintas": 9,
        "por_classe": {
          "conteudo": 2,
          "navegacao": 6,
          "autorreferencia": 0,
          "divulgacao": 1
        },
        "nao_classificados": []
      },
      "/en/ledger/municipalities/porto-moniz": {
        "total": 9,
        "distintas": 9,
        "por_classe": {
          "conteudo": 2,
          "navegacao": 6,
          "autorreferencia": 0,
          "divulgacao": 1
        },
        "nao_classificados": []
      },
      "/en/ledger/municipalities/porto-santo": {
        "total": 9,
        "distintas": 9,
        "por_classe": {
          "conteudo": 2,
          "navegacao": 6,
          "autorreferencia": 0,
          "divulgacao": 1
        },
        "nao_classificados": []
      },
      "/en/ledger/municipalities/povoa-de-lanhoso": {
        "total": 9,
        "distintas": 9,
        "por_classe": {
          "conteudo": 2,
          "navegacao": 6,
          "autorreferencia": 0,
          "divulgacao": 1
        },
        "nao_classificados": []
      },
      "/en/ledger/municipalities/povoa-de-varzim": {
        "total": 9,
        "distintas": 9,
        "por_classe": {
          "conteudo": 2,
          "navegacao": 6,
          "autorreferencia": 0,
          "divulgacao": 1
        },
        "nao_classificados": []
      },
      "/en/ledger/municipalities/povoacao": {
        "total": 9,
        "distintas": 9,
        "por_classe": {
          "conteudo": 2,
          "navegacao": 6,
          "autorreferencia": 0,
          "divulgacao": 1
        },
        "nao_classificados": []
      },
      "/en/ledger/municipalities/praia-da-vitoria": {
        "total": 9,
        "distintas": 9,
        "por_classe": {
          "conteudo": 2,
          "navegacao": 6,
          "autorreferencia": 0,
          "divulgacao": 1
        },
        "nao_classificados": []
      },
      "/en/ledger/municipalities/proenca-a-nova": {
        "total": 9,
        "distintas": 9,
        "por_classe": {
          "conteudo": 2,
          "navegacao": 6,
          "autorreferencia": 0,
          "divulgacao": 1
        },
        "nao_classificados": []
      },
      "/en/ledger/municipalities/redondo": {
        "total": 9,
        "distintas": 9,
        "por_classe": {
          "conteudo": 2,
          "navegacao": 6,
          "autorreferencia": 0,
          "divulgacao": 1
        },
        "nao_classificados": []
      },
      "/en/ledger/municipalities/reguengos-de-monsaraz": {
        "total": 9,
        "distintas": 9,
        "por_classe": {
          "conteudo": 2,
          "navegacao": 6,
          "autorreferencia": 0,
          "divulgacao": 1
        },
        "nao_classificados": []
      },
      "/en/ledger/municipalities/resende": {
        "total": 9,
        "distintas": 9,
        "por_classe": {
          "conteudo": 2,
          "navegacao": 6,
          "autorreferencia": 0,
          "divulgacao": 1
        },
        "nao_classificados": []
      },
      "/en/ledger/municipalities/ribeira-brava": {
        "total": 9,
        "distintas": 9,
        "por_classe": {
          "conteudo": 2,
          "navegacao": 6,
          "autorreferencia": 0,
          "divulgacao": 1
        },
        "nao_classificados": []
      },
      "/en/ledger/municipalities/ribeira-de-pena": {
        "total": 9,
        "distintas": 9,
        "por_classe": {
          "conteudo": 2,
          "navegacao": 6,
          "autorreferencia": 0,
          "divulgacao": 1
        },
        "nao_classificados": []
      },
      "/en/ledger/municipalities/ribeira-grande": {
        "total": 9,
        "distintas": 9,
        "por_classe": {
          "conteudo": 2,
          "navegacao": 6,
          "autorreferencia": 0,
          "divulgacao": 1
        },
        "nao_classificados": []
      },
      "/en/ledger/municipalities/rio-maior": {
        "total": 9,
        "distintas": 9,
        "por_classe": {
          "conteudo": 2,
          "navegacao": 6,
          "autorreferencia": 0,
          "divulgacao": 1
        },
        "nao_classificados": []
      },
      "/en/ledger/municipalities/sabrosa": {
        "total": 9,
        "distintas": 9,
        "por_classe": {
          "conteudo": 2,
          "navegacao": 6,
          "autorreferencia": 0,
          "divulgacao": 1
        },
        "nao_classificados": []
      },
      "/en/ledger/municipalities/sabugal": {
        "total": 9,
        "distintas": 9,
        "por_classe": {
          "conteudo": 2,
          "navegacao": 6,
          "autorreferencia": 0,
          "divulgacao": 1
        },
        "nao_classificados": []
      },
      "/en/ledger/municipalities/salvaterra-de-magos": {
        "total": 9,
        "distintas": 9,
        "por_classe": {
          "conteudo": 2,
          "navegacao": 6,
          "autorreferencia": 0,
          "divulgacao": 1
        },
        "nao_classificados": []
      },
      "/en/ledger/municipalities/santa-comba-dao": {
        "total": 9,
        "distintas": 9,
        "por_classe": {
          "conteudo": 2,
          "navegacao": 6,
          "autorreferencia": 0,
          "divulgacao": 1
        },
        "nao_classificados": []
      },
      "/en/ledger/municipalities/santa-cruz": {
        "total": 9,
        "distintas": 9,
        "por_classe": {
          "conteudo": 2,
          "navegacao": 6,
          "autorreferencia": 0,
          "divulgacao": 1
        },
        "nao_classificados": []
      },
      "/en/ledger/municipalities/santa-cruz-da-graciosa": {
        "total": 9,
        "distintas": 9,
        "por_classe": {
          "conteudo": 2,
          "navegacao": 6,
          "autorreferencia": 0,
          "divulgacao": 1
        },
        "nao_classificados": []
      },
      "/en/ledger/municipalities/santa-cruz-das-flores": {
        "total": 9,
        "distintas": 9,
        "por_classe": {
          "conteudo": 2,
          "navegacao": 6,
          "autorreferencia": 0,
          "divulgacao": 1
        },
        "nao_classificados": []
      },
      "/en/ledger/municipalities/santa-maria-da-feira": {
        "total": 9,
        "distintas": 9,
        "por_classe": {
          "conteudo": 2,
          "navegacao": 6,
          "autorreferencia": 0,
          "divulgacao": 1
        },
        "nao_classificados": []
      },
      "/en/ledger/municipalities/santa-marta-de-penaguiao": {
        "total": 9,
        "distintas": 9,
        "por_classe": {
          "conteudo": 2,
          "navegacao": 6,
          "autorreferencia": 0,
          "divulgacao": 1
        },
        "nao_classificados": []
      },
      "/en/ledger/municipalities/santana": {
        "total": 9,
        "distintas": 9,
        "por_classe": {
          "conteudo": 2,
          "navegacao": 6,
          "autorreferencia": 0,
          "divulgacao": 1
        },
        "nao_classificados": []
      },
      "/en/ledger/municipalities/santarem": {
        "total": 9,
        "distintas": 9,
        "por_classe": {
          "conteudo": 2,
          "navegacao": 6,
          "autorreferencia": 0,
          "divulgacao": 1
        },
        "nao_classificados": []
      },
      "/en/ledger/municipalities/santiago-do-cacem": {
        "total": 9,
        "distintas": 9,
        "por_classe": {
          "conteudo": 2,
          "navegacao": 6,
          "autorreferencia": 0,
          "divulgacao": 1
        },
        "nao_classificados": []
      },
      "/en/ledger/municipalities/santo-tirso": {
        "total": 9,
        "distintas": 9,
        "por_classe": {
          "conteudo": 2,
          "navegacao": 6,
          "autorreferencia": 0,
          "divulgacao": 1
        },
        "nao_classificados": []
      },
      "/en/ledger/municipalities/sao-bras-de-alportel": {
        "total": 9,
        "distintas": 9,
        "por_classe": {
          "conteudo": 2,
          "navegacao": 6,
          "autorreferencia": 0,
          "divulgacao": 1
        },
        "nao_classificados": []
      },
      "/en/ledger/municipalities/sao-joao-da-madeira": {
        "total": 9,
        "distintas": 9,
        "por_classe": {
          "conteudo": 2,
          "navegacao": 6,
          "autorreferencia": 0,
          "divulgacao": 1
        },
        "nao_classificados": []
      },
      "/en/ledger/municipalities/sao-joao-da-pesqueira": {
        "total": 9,
        "distintas": 9,
        "por_classe": {
          "conteudo": 2,
          "navegacao": 6,
          "autorreferencia": 0,
          "divulgacao": 1
        },
        "nao_classificados": []
      },
      "/en/ledger/municipalities/sao-pedro-do-sul": {
        "total": 9,
        "distintas": 9,
        "por_classe": {
          "conteudo": 2,
          "navegacao": 6,
          "autorreferencia": 0,
          "divulgacao": 1
        },
        "nao_classificados": []
      },
      "/en/ledger/municipalities/sao-roque-do-pico": {
        "total": 9,
        "distintas": 9,
        "por_classe": {
          "conteudo": 2,
          "navegacao": 6,
          "autorreferencia": 0,
          "divulgacao": 1
        },
        "nao_classificados": []
      },
      "/en/ledger/municipalities/sao-vicente": {
        "total": 9,
        "distintas": 9,
        "por_classe": {
          "conteudo": 2,
          "navegacao": 6,
          "autorreferencia": 0,
          "divulgacao": 1
        },
        "nao_classificados": []
      },
      "/en/ledger/municipalities/sardoal": {
        "total": 9,
        "distintas": 9,
        "por_classe": {
          "conteudo": 2,
          "navegacao": 6,
          "autorreferencia": 0,
          "divulgacao": 1
        },
        "nao_classificados": []
      },
      "/en/ledger/municipalities/satao": {
        "total": 9,
        "distintas": 9,
        "por_classe": {
          "conteudo": 2,
          "navegacao": 6,
          "autorreferencia": 0,
          "divulgacao": 1
        },
        "nao_classificados": []
      },
      "/en/ledger/municipalities/seia": {
        "total": 9,
        "distintas": 9,
        "por_classe": {
          "conteudo": 2,
          "navegacao": 6,
          "autorreferencia": 0,
          "divulgacao": 1
        },
        "nao_classificados": []
      },
      "/en/ledger/municipalities/seixal": {
        "total": 9,
        "distintas": 9,
        "por_classe": {
          "conteudo": 2,
          "navegacao": 6,
          "autorreferencia": 0,
          "divulgacao": 1
        },
        "nao_classificados": []
      },
      "/en/ledger/municipalities/sernancelhe": {
        "total": 9,
        "distintas": 9,
        "por_classe": {
          "conteudo": 2,
          "navegacao": 6,
          "autorreferencia": 0,
          "divulgacao": 1
        },
        "nao_classificados": []
      },
      "/en/ledger/municipalities/serpa": {
        "total": 9,
        "distintas": 9,
        "por_classe": {
          "conteudo": 2,
          "navegacao": 6,
          "autorreferencia": 0,
          "divulgacao": 1
        },
        "nao_classificados": []
      },
      "/en/ledger/municipalities/serta": {
        "total": 9,
        "distintas": 9,
        "por_classe": {
          "conteudo": 2,
          "navegacao": 6,
          "autorreferencia": 0,
          "divulgacao": 1
        },
        "nao_classificados": []
      },
      "/en/ledger/municipalities/sesimbra": {
        "total": 9,
        "distintas": 9,
        "por_classe": {
          "conteudo": 2,
          "navegacao": 6,
          "autorreferencia": 0,
          "divulgacao": 1
        },
        "nao_classificados": []
      },
      "/en/ledger/municipalities/setubal": {
        "total": 9,
        "distintas": 9,
        "por_classe": {
          "conteudo": 2,
          "navegacao": 6,
          "autorreferencia": 0,
          "divulgacao": 1
        },
        "nao_classificados": []
      },
      "/en/ledger/municipalities/sever-do-vouga": {
        "total": 9,
        "distintas": 9,
        "por_classe": {
          "conteudo": 2,
          "navegacao": 6,
          "autorreferencia": 0,
          "divulgacao": 1
        },
        "nao_classificados": []
      },
      "/en/ledger/municipalities/silves": {
        "total": 9,
        "distintas": 9,
        "por_classe": {
          "conteudo": 2,
          "navegacao": 6,
          "autorreferencia": 0,
          "divulgacao": 1
        },
        "nao_classificados": []
      },
      "/en/ledger/municipalities/sines": {
        "total": 9,
        "distintas": 9,
        "por_classe": {
          "conteudo": 2,
          "navegacao": 6,
          "autorreferencia": 0,
          "divulgacao": 1
        },
        "nao_classificados": []
      },
      "/en/ledger/municipalities/sintra": {
        "total": 9,
        "distintas": 9,
        "por_classe": {
          "conteudo": 2,
          "navegacao": 6,
          "autorreferencia": 0,
          "divulgacao": 1
        },
        "nao_classificados": []
      },
      "/en/ledger/municipalities/sobral-de-monte-agraco": {
        "total": 9,
        "distintas": 9,
        "por_classe": {
          "conteudo": 2,
          "navegacao": 6,
          "autorreferencia": 0,
          "divulgacao": 1
        },
        "nao_classificados": []
      },
      "/en/ledger/municipalities/soure": {
        "total": 9,
        "distintas": 9,
        "por_classe": {
          "conteudo": 2,
          "navegacao": 6,
          "autorreferencia": 0,
          "divulgacao": 1
        },
        "nao_classificados": []
      },
      "/en/ledger/municipalities/sousel": {
        "total": 9,
        "distintas": 9,
        "por_classe": {
          "conteudo": 2,
          "navegacao": 6,
          "autorreferencia": 0,
          "divulgacao": 1
        },
        "nao_classificados": []
      },
      "/en/ledger/municipalities/tabua": {
        "total": 9,
        "distintas": 9,
        "por_classe": {
          "conteudo": 2,
          "navegacao": 6,
          "autorreferencia": 0,
          "divulgacao": 1
        },
        "nao_classificados": []
      },
      "/en/ledger/municipalities/tabuaco": {
        "total": 9,
        "distintas": 9,
        "por_classe": {
          "conteudo": 2,
          "navegacao": 6,
          "autorreferencia": 0,
          "divulgacao": 1
        },
        "nao_classificados": []
      },
      "/en/ledger/municipalities/tarouca": {
        "total": 9,
        "distintas": 9,
        "por_classe": {
          "conteudo": 2,
          "navegacao": 6,
          "autorreferencia": 0,
          "divulgacao": 1
        },
        "nao_classificados": []
      },
      "/en/ledger/municipalities/tavira": {
        "total": 9,
        "distintas": 9,
        "por_classe": {
          "conteudo": 2,
          "navegacao": 6,
          "autorreferencia": 0,
          "divulgacao": 1
        },
        "nao_classificados": []
      },
      "/en/ledger/municipalities/terras-de-bouro": {
        "total": 9,
        "distintas": 9,
        "por_classe": {
          "conteudo": 2,
          "navegacao": 6,
          "autorreferencia": 0,
          "divulgacao": 1
        },
        "nao_classificados": []
      },
      "/en/ledger/municipalities/tomar": {
        "total": 9,
        "distintas": 9,
        "por_classe": {
          "conteudo": 2,
          "navegacao": 6,
          "autorreferencia": 0,
          "divulgacao": 1
        },
        "nao_classificados": []
      },
      "/en/ledger/municipalities/tondela": {
        "total": 9,
        "distintas": 9,
        "por_classe": {
          "conteudo": 2,
          "navegacao": 6,
          "autorreferencia": 0,
          "divulgacao": 1
        },
        "nao_classificados": []
      },
      "/en/ledger/municipalities/torre-de-moncorvo": {
        "total": 9,
        "distintas": 9,
        "por_classe": {
          "conteudo": 2,
          "navegacao": 6,
          "autorreferencia": 0,
          "divulgacao": 1
        },
        "nao_classificados": []
      },
      "/en/ledger/municipalities/torres-novas": {
        "total": 9,
        "distintas": 9,
        "por_classe": {
          "conteudo": 2,
          "navegacao": 6,
          "autorreferencia": 0,
          "divulgacao": 1
        },
        "nao_classificados": []
      },
      "/en/ledger/municipalities/torres-vedras": {
        "total": 9,
        "distintas": 9,
        "por_classe": {
          "conteudo": 2,
          "navegacao": 6,
          "autorreferencia": 0,
          "divulgacao": 1
        },
        "nao_classificados": []
      },
      "/en/ledger/municipalities/trancoso": {
        "total": 9,
        "distintas": 9,
        "por_classe": {
          "conteudo": 2,
          "navegacao": 6,
          "autorreferencia": 0,
          "divulgacao": 1
        },
        "nao_classificados": []
      },
      "/en/ledger/municipalities/trofa": {
        "total": 9,
        "distintas": 9,
        "por_classe": {
          "conteudo": 2,
          "navegacao": 6,
          "autorreferencia": 0,
          "divulgacao": 1
        },
        "nao_classificados": []
      },
      "/en/ledger/municipalities/vagos": {
        "total": 9,
        "distintas": 9,
        "por_classe": {
          "conteudo": 2,
          "navegacao": 6,
          "autorreferencia": 0,
          "divulgacao": 1
        },
        "nao_classificados": []
      },
      "/en/ledger/municipalities/vale-de-cambra": {
        "total": 9,
        "distintas": 9,
        "por_classe": {
          "conteudo": 2,
          "navegacao": 6,
          "autorreferencia": 0,
          "divulgacao": 1
        },
        "nao_classificados": []
      },
      "/en/ledger/municipalities/valenca": {
        "total": 9,
        "distintas": 9,
        "por_classe": {
          "conteudo": 2,
          "navegacao": 6,
          "autorreferencia": 0,
          "divulgacao": 1
        },
        "nao_classificados": []
      },
      "/en/ledger/municipalities/valongo": {
        "total": 9,
        "distintas": 9,
        "por_classe": {
          "conteudo": 2,
          "navegacao": 6,
          "autorreferencia": 0,
          "divulgacao": 1
        },
        "nao_classificados": []
      },
      "/en/ledger/municipalities/valpacos": {
        "total": 9,
        "distintas": 9,
        "por_classe": {
          "conteudo": 2,
          "navegacao": 6,
          "autorreferencia": 0,
          "divulgacao": 1
        },
        "nao_classificados": []
      },
      "/en/ledger/municipalities/velas": {
        "total": 9,
        "distintas": 9,
        "por_classe": {
          "conteudo": 2,
          "navegacao": 6,
          "autorreferencia": 0,
          "divulgacao": 1
        },
        "nao_classificados": []
      },
      "/en/ledger/municipalities/vendas-novas": {
        "total": 9,
        "distintas": 9,
        "por_classe": {
          "conteudo": 2,
          "navegacao": 6,
          "autorreferencia": 0,
          "divulgacao": 1
        },
        "nao_classificados": []
      },
      "/en/ledger/municipalities/viana-do-alentejo": {
        "total": 9,
        "distintas": 9,
        "por_classe": {
          "conteudo": 2,
          "navegacao": 6,
          "autorreferencia": 0,
          "divulgacao": 1
        },
        "nao_classificados": []
      },
      "/en/ledger/municipalities/viana-do-castelo": {
        "total": 9,
        "distintas": 9,
        "por_classe": {
          "conteudo": 2,
          "navegacao": 6,
          "autorreferencia": 0,
          "divulgacao": 1
        },
        "nao_classificados": []
      },
      "/en/ledger/municipalities/vidigueira": {
        "total": 9,
        "distintas": 9,
        "por_classe": {
          "conteudo": 2,
          "navegacao": 6,
          "autorreferencia": 0,
          "divulgacao": 1
        },
        "nao_classificados": []
      },
      "/en/ledger/municipalities/vieira-do-minho": {
        "total": 9,
        "distintas": 9,
        "por_classe": {
          "conteudo": 2,
          "navegacao": 6,
          "autorreferencia": 0,
          "divulgacao": 1
        },
        "nao_classificados": []
      },
      "/en/ledger/municipalities/vila-de-rei": {
        "total": 9,
        "distintas": 9,
        "por_classe": {
          "conteudo": 2,
          "navegacao": 6,
          "autorreferencia": 0,
          "divulgacao": 1
        },
        "nao_classificados": []
      },
      "/en/ledger/municipalities/vila-do-bispo": {
        "total": 9,
        "distintas": 9,
        "por_classe": {
          "conteudo": 2,
          "navegacao": 6,
          "autorreferencia": 0,
          "divulgacao": 1
        },
        "nao_classificados": []
      },
      "/en/ledger/municipalities/vila-do-conde": {
        "total": 9,
        "distintas": 9,
        "por_classe": {
          "conteudo": 2,
          "navegacao": 6,
          "autorreferencia": 0,
          "divulgacao": 1
        },
        "nao_classificados": []
      },
      "/en/ledger/municipalities/vila-do-porto": {
        "total": 9,
        "distintas": 9,
        "por_classe": {
          "conteudo": 2,
          "navegacao": 6,
          "autorreferencia": 0,
          "divulgacao": 1
        },
        "nao_classificados": []
      },
      "/en/ledger/municipalities/vila-flor": {
        "total": 9,
        "distintas": 9,
        "por_classe": {
          "conteudo": 2,
          "navegacao": 6,
          "autorreferencia": 0,
          "divulgacao": 1
        },
        "nao_classificados": []
      },
      "/en/ledger/municipalities/vila-franca-de-xira": {
        "total": 9,
        "distintas": 9,
        "por_classe": {
          "conteudo": 2,
          "navegacao": 6,
          "autorreferencia": 0,
          "divulgacao": 1
        },
        "nao_classificados": []
      },
      "/en/ledger/municipalities/vila-franca-do-campo": {
        "total": 9,
        "distintas": 9,
        "por_classe": {
          "conteudo": 2,
          "navegacao": 6,
          "autorreferencia": 0,
          "divulgacao": 1
        },
        "nao_classificados": []
      },
      "/en/ledger/municipalities/vila-nova-da-barquinha": {
        "total": 9,
        "distintas": 9,
        "por_classe": {
          "conteudo": 2,
          "navegacao": 6,
          "autorreferencia": 0,
          "divulgacao": 1
        },
        "nao_classificados": []
      },
      "/en/ledger/municipalities/vila-nova-de-cerveira": {
        "total": 9,
        "distintas": 9,
        "por_classe": {
          "conteudo": 2,
          "navegacao": 6,
          "autorreferencia": 0,
          "divulgacao": 1
        },
        "nao_classificados": []
      },
      "/en/ledger/municipalities/vila-nova-de-famalicao": {
        "total": 9,
        "distintas": 9,
        "por_classe": {
          "conteudo": 2,
          "navegacao": 6,
          "autorreferencia": 0,
          "divulgacao": 1
        },
        "nao_classificados": []
      },
      "/en/ledger/municipalities/vila-nova-de-foz-coa": {
        "total": 9,
        "distintas": 9,
        "por_classe": {
          "conteudo": 2,
          "navegacao": 6,
          "autorreferencia": 0,
          "divulgacao": 1
        },
        "nao_classificados": []
      },
      "/en/ledger/municipalities/vila-nova-de-gaia": {
        "total": 9,
        "distintas": 9,
        "por_classe": {
          "conteudo": 2,
          "navegacao": 6,
          "autorreferencia": 0,
          "divulgacao": 1
        },
        "nao_classificados": []
      },
      "/en/ledger/municipalities/vila-nova-de-paiva": {
        "total": 9,
        "distintas": 9,
        "por_classe": {
          "conteudo": 2,
          "navegacao": 6,
          "autorreferencia": 0,
          "divulgacao": 1
        },
        "nao_classificados": []
      },
      "/en/ledger/municipalities/vila-nova-de-poiares": {
        "total": 9,
        "distintas": 9,
        "por_classe": {
          "conteudo": 2,
          "navegacao": 6,
          "autorreferencia": 0,
          "divulgacao": 1
        },
        "nao_classificados": []
      },
      "/en/ledger/municipalities/vila-pouca-de-aguiar": {
        "total": 9,
        "distintas": 9,
        "por_classe": {
          "conteudo": 2,
          "navegacao": 6,
          "autorreferencia": 0,
          "divulgacao": 1
        },
        "nao_classificados": []
      },
      "/en/ledger/municipalities/vila-real": {
        "total": 9,
        "distintas": 9,
        "por_classe": {
          "conteudo": 2,
          "navegacao": 6,
          "autorreferencia": 0,
          "divulgacao": 1
        },
        "nao_classificados": []
      },
      "/en/ledger/municipalities/vila-real-de-santo-antonio": {
        "total": 9,
        "distintas": 9,
        "por_classe": {
          "conteudo": 2,
          "navegacao": 6,
          "autorreferencia": 0,
          "divulgacao": 1
        },
        "nao_classificados": []
      },
      "/en/ledger/municipalities/vila-velha-de-rodao": {
        "total": 9,
        "distintas": 9,
        "por_classe": {
          "conteudo": 2,
          "navegacao": 6,
          "autorreferencia": 0,
          "divulgacao": 1
        },
        "nao_classificados": []
      },
      "/en/ledger/municipalities/vila-verde": {
        "total": 9,
        "distintas": 9,
        "por_classe": {
          "conteudo": 2,
          "navegacao": 6,
          "autorreferencia": 0,
          "divulgacao": 1
        },
        "nao_classificados": []
      },
      "/en/ledger/municipalities/vila-vicosa": {
        "total": 9,
        "distintas": 9,
        "por_classe": {
          "conteudo": 2,
          "navegacao": 6,
          "autorreferencia": 0,
          "divulgacao": 1
        },
        "nao_classificados": []
      },
      "/en/ledger/municipalities/vimioso": {
        "total": 9,
        "distintas": 9,
        "por_classe": {
          "conteudo": 2,
          "navegacao": 6,
          "autorreferencia": 0,
          "divulgacao": 1
        },
        "nao_classificados": []
      },
      "/en/ledger/municipalities/vinhais": {
        "total": 9,
        "distintas": 9,
        "por_classe": {
          "conteudo": 2,
          "navegacao": 6,
          "autorreferencia": 0,
          "divulgacao": 1
        },
        "nao_classificados": []
      },
      "/en/ledger/municipalities/viseu": {
        "total": 9,
        "distintas": 9,
        "por_classe": {
          "conteudo": 2,
          "navegacao": 6,
          "autorreferencia": 0,
          "divulgacao": 1
        },
        "nao_classificados": []
      },
      "/en/ledger/municipalities/vizela": {
        "total": 9,
        "distintas": 9,
        "por_classe": {
          "conteudo": 2,
          "navegacao": 6,
          "autorreferencia": 0,
          "divulgacao": 1
        },
        "nao_classificados": []
      },
      "/en/ledger/municipalities/vouzela": {
        "total": 9,
        "distintas": 9,
        "por_classe": {
          "conteudo": 2,
          "navegacao": 6,
          "autorreferencia": 0,
          "divulgacao": 1
        },
        "nao_classificados": []
      },
      "/en/municipalities/abrantes": {
        "total": 22,
        "distintas": 20,
        "por_classe": {
          "conteudo": 15,
          "navegacao": 5,
          "autorreferencia": 0,
          "divulgacao": 1
        },
        "nao_classificados": [
          "Debt as a percentage of the average net current revenue collected in the previous three years; the law allows one and a half times that average."
        ]
      },
      "/en/municipalities/agueda": {
        "total": 22,
        "distintas": 20,
        "por_classe": {
          "conteudo": 15,
          "navegacao": 5,
          "autorreferencia": 0,
          "divulgacao": 1
        },
        "nao_classificados": [
          "Debt as a percentage of the average net current revenue collected in the previous three years; the law allows one and a half times that average."
        ]
      },
      "/en/municipalities/aguiar-da-beira": {
        "total": 22,
        "distintas": 20,
        "por_classe": {
          "conteudo": 15,
          "navegacao": 5,
          "autorreferencia": 0,
          "divulgacao": 1
        },
        "nao_classificados": [
          "Debt as a percentage of the average net current revenue collected in the previous three years; the law allows one and a half times that average."
        ]
      },
      "/en/municipalities/alandroal": {
        "total": 22,
        "distintas": 20,
        "por_classe": {
          "conteudo": 15,
          "navegacao": 5,
          "autorreferencia": 0,
          "divulgacao": 1
        },
        "nao_classificados": [
          "Debt as a percentage of the average net current revenue collected in the previous three years; the law allows one and a half times that average."
        ]
      },
      "/en/municipalities/albergaria-a-velha": {
        "total": 22,
        "distintas": 20,
        "por_classe": {
          "conteudo": 15,
          "navegacao": 5,
          "autorreferencia": 0,
          "divulgacao": 1
        },
        "nao_classificados": [
          "Debt as a percentage of the average net current revenue collected in the previous three years; the law allows one and a half times that average."
        ]
      },
      "/en/municipalities/albufeira": {
        "total": 22,
        "distintas": 20,
        "por_classe": {
          "conteudo": 15,
          "navegacao": 5,
          "autorreferencia": 0,
          "divulgacao": 1
        },
        "nao_classificados": [
          "Debt as a percentage of the average net current revenue collected in the previous three years; the law allows one and a half times that average."
        ]
      },
      "/en/municipalities/alcacer-do-sal": {
        "total": 22,
        "distintas": 20,
        "por_classe": {
          "conteudo": 15,
          "navegacao": 5,
          "autorreferencia": 0,
          "divulgacao": 1
        },
        "nao_classificados": [
          "Debt as a percentage of the average net current revenue collected in the previous three years; the law allows one and a half times that average."
        ]
      },
      "/en/municipalities/alcanena": {
        "total": 22,
        "distintas": 20,
        "por_classe": {
          "conteudo": 15,
          "navegacao": 5,
          "autorreferencia": 0,
          "divulgacao": 1
        },
        "nao_classificados": [
          "Debt as a percentage of the average net current revenue collected in the previous three years; the law allows one and a half times that average."
        ]
      },
      "/en/municipalities/alcobaca": {
        "total": 22,
        "distintas": 20,
        "por_classe": {
          "conteudo": 15,
          "navegacao": 5,
          "autorreferencia": 0,
          "divulgacao": 1
        },
        "nao_classificados": [
          "Debt as a percentage of the average net current revenue collected in the previous three years; the law allows one and a half times that average."
        ]
      },
      "/en/municipalities/alcochete": {
        "total": 22,
        "distintas": 20,
        "por_classe": {
          "conteudo": 15,
          "navegacao": 5,
          "autorreferencia": 0,
          "divulgacao": 1
        },
        "nao_classificados": [
          "Debt as a percentage of the average net current revenue collected in the previous three years; the law allows one and a half times that average."
        ]
      },
      "/en/municipalities/alcoutim": {
        "total": 22,
        "distintas": 20,
        "por_classe": {
          "conteudo": 15,
          "navegacao": 5,
          "autorreferencia": 0,
          "divulgacao": 1
        },
        "nao_classificados": [
          "Debt as a percentage of the average net current revenue collected in the previous three years; the law allows one and a half times that average."
        ]
      },
      "/en/municipalities/alenquer": {
        "total": 22,
        "distintas": 20,
        "por_classe": {
          "conteudo": 15,
          "navegacao": 5,
          "autorreferencia": 0,
          "divulgacao": 1
        },
        "nao_classificados": [
          "Debt as a percentage of the average net current revenue collected in the previous three years; the law allows one and a half times that average."
        ]
      },
      "/en/municipalities/alfandega-da-fe": {
        "total": 22,
        "distintas": 20,
        "por_classe": {
          "conteudo": 15,
          "navegacao": 5,
          "autorreferencia": 0,
          "divulgacao": 1
        },
        "nao_classificados": [
          "Debt as a percentage of the average net current revenue collected in the previous three years; the law allows one and a half times that average."
        ]
      },
      "/en/municipalities/alijo": {
        "total": 22,
        "distintas": 20,
        "por_classe": {
          "conteudo": 15,
          "navegacao": 5,
          "autorreferencia": 0,
          "divulgacao": 1
        },
        "nao_classificados": [
          "Debt as a percentage of the average net current revenue collected in the previous three years; the law allows one and a half times that average."
        ]
      },
      "/en/municipalities/aljezur": {
        "total": 22,
        "distintas": 20,
        "por_classe": {
          "conteudo": 15,
          "navegacao": 5,
          "autorreferencia": 0,
          "divulgacao": 1
        },
        "nao_classificados": [
          "Debt as a percentage of the average net current revenue collected in the previous three years; the law allows one and a half times that average."
        ]
      },
      "/en/municipalities/aljustrel": {
        "total": 22,
        "distintas": 20,
        "por_classe": {
          "conteudo": 15,
          "navegacao": 5,
          "autorreferencia": 0,
          "divulgacao": 1
        },
        "nao_classificados": [
          "Debt as a percentage of the average net current revenue collected in the previous three years; the law allows one and a half times that average."
        ]
      },
      "/en/municipalities/almada": {
        "total": 22,
        "distintas": 20,
        "por_classe": {
          "conteudo": 15,
          "navegacao": 5,
          "autorreferencia": 0,
          "divulgacao": 1
        },
        "nao_classificados": [
          "Debt as a percentage of the average net current revenue collected in the previous three years; the law allows one and a half times that average."
        ]
      },
      "/en/municipalities/almeida": {
        "total": 22,
        "distintas": 20,
        "por_classe": {
          "conteudo": 15,
          "navegacao": 5,
          "autorreferencia": 0,
          "divulgacao": 1
        },
        "nao_classificados": [
          "Debt as a percentage of the average net current revenue collected in the previous three years; the law allows one and a half times that average."
        ]
      },
      "/en/municipalities/almeirim": {
        "total": 22,
        "distintas": 20,
        "por_classe": {
          "conteudo": 15,
          "navegacao": 5,
          "autorreferencia": 0,
          "divulgacao": 1
        },
        "nao_classificados": [
          "Debt as a percentage of the average net current revenue collected in the previous three years; the law allows one and a half times that average."
        ]
      },
      "/en/municipalities/almodovar": {
        "total": 22,
        "distintas": 20,
        "por_classe": {
          "conteudo": 15,
          "navegacao": 5,
          "autorreferencia": 0,
          "divulgacao": 1
        },
        "nao_classificados": [
          "Debt as a percentage of the average net current revenue collected in the previous three years; the law allows one and a half times that average."
        ]
      },
      "/en/municipalities/alpiarca": {
        "total": 22,
        "distintas": 20,
        "por_classe": {
          "conteudo": 15,
          "navegacao": 5,
          "autorreferencia": 0,
          "divulgacao": 1
        },
        "nao_classificados": [
          "Debt as a percentage of the average net current revenue collected in the previous three years; the law allows one and a half times that average."
        ]
      },
      "/en/municipalities/alter-do-chao": {
        "total": 22,
        "distintas": 20,
        "por_classe": {
          "conteudo": 15,
          "navegacao": 5,
          "autorreferencia": 0,
          "divulgacao": 1
        },
        "nao_classificados": [
          "Debt as a percentage of the average net current revenue collected in the previous three years; the law allows one and a half times that average."
        ]
      },
      "/en/municipalities/alvaiazere": {
        "total": 22,
        "distintas": 20,
        "por_classe": {
          "conteudo": 15,
          "navegacao": 5,
          "autorreferencia": 0,
          "divulgacao": 1
        },
        "nao_classificados": [
          "Debt as a percentage of the average net current revenue collected in the previous three years; the law allows one and a half times that average."
        ]
      },
      "/en/municipalities/alvito": {
        "total": 22,
        "distintas": 20,
        "por_classe": {
          "conteudo": 15,
          "navegacao": 5,
          "autorreferencia": 0,
          "divulgacao": 1
        },
        "nao_classificados": [
          "Debt as a percentage of the average net current revenue collected in the previous three years; the law allows one and a half times that average."
        ]
      },
      "/en/municipalities/amadora": {
        "total": 22,
        "distintas": 20,
        "por_classe": {
          "conteudo": 15,
          "navegacao": 5,
          "autorreferencia": 0,
          "divulgacao": 1
        },
        "nao_classificados": [
          "Debt as a percentage of the average net current revenue collected in the previous three years; the law allows one and a half times that average."
        ]
      },
      "/en/municipalities/amarante": {
        "total": 22,
        "distintas": 20,
        "por_classe": {
          "conteudo": 15,
          "navegacao": 5,
          "autorreferencia": 0,
          "divulgacao": 1
        },
        "nao_classificados": [
          "Debt as a percentage of the average net current revenue collected in the previous three years; the law allows one and a half times that average."
        ]
      },
      "/en/municipalities/amares": {
        "total": 22,
        "distintas": 20,
        "por_classe": {
          "conteudo": 15,
          "navegacao": 5,
          "autorreferencia": 0,
          "divulgacao": 1
        },
        "nao_classificados": [
          "Debt as a percentage of the average net current revenue collected in the previous three years; the law allows one and a half times that average."
        ]
      },
      "/en/municipalities/anadia": {
        "total": 22,
        "distintas": 20,
        "por_classe": {
          "conteudo": 15,
          "navegacao": 5,
          "autorreferencia": 0,
          "divulgacao": 1
        },
        "nao_classificados": [
          "Debt as a percentage of the average net current revenue collected in the previous three years; the law allows one and a half times that average."
        ]
      },
      "/en/municipalities/angra-do-heroismo": {
        "total": 20,
        "distintas": 18,
        "por_classe": {
          "conteudo": 13,
          "navegacao": 5,
          "autorreferencia": 0,
          "divulgacao": 1
        },
        "nao_classificados": [
          "Debt as a percentage of the average net current revenue collected in the previous three years; the law allows one and a half times that average."
        ]
      },
      "/en/municipalities/ansiao": {
        "total": 22,
        "distintas": 20,
        "por_classe": {
          "conteudo": 15,
          "navegacao": 5,
          "autorreferencia": 0,
          "divulgacao": 1
        },
        "nao_classificados": [
          "Debt as a percentage of the average net current revenue collected in the previous three years; the law allows one and a half times that average."
        ]
      },
      "/en/municipalities/arcos-de-valdevez": {
        "total": 22,
        "distintas": 20,
        "por_classe": {
          "conteudo": 15,
          "navegacao": 5,
          "autorreferencia": 0,
          "divulgacao": 1
        },
        "nao_classificados": [
          "Debt as a percentage of the average net current revenue collected in the previous three years; the law allows one and a half times that average."
        ]
      },
      "/en/municipalities/arganil": {
        "total": 22,
        "distintas": 20,
        "por_classe": {
          "conteudo": 15,
          "navegacao": 5,
          "autorreferencia": 0,
          "divulgacao": 1
        },
        "nao_classificados": [
          "Debt as a percentage of the average net current revenue collected in the previous three years; the law allows one and a half times that average."
        ]
      },
      "/en/municipalities/armamar": {
        "total": 22,
        "distintas": 20,
        "por_classe": {
          "conteudo": 15,
          "navegacao": 5,
          "autorreferencia": 0,
          "divulgacao": 1
        },
        "nao_classificados": [
          "Debt as a percentage of the average net current revenue collected in the previous three years; the law allows one and a half times that average."
        ]
      },
      "/en/municipalities/arouca": {
        "total": 22,
        "distintas": 20,
        "por_classe": {
          "conteudo": 15,
          "navegacao": 5,
          "autorreferencia": 0,
          "divulgacao": 1
        },
        "nao_classificados": [
          "Debt as a percentage of the average net current revenue collected in the previous three years; the law allows one and a half times that average."
        ]
      },
      "/en/municipalities/arraiolos": {
        "total": 22,
        "distintas": 20,
        "por_classe": {
          "conteudo": 15,
          "navegacao": 5,
          "autorreferencia": 0,
          "divulgacao": 1
        },
        "nao_classificados": [
          "Debt as a percentage of the average net current revenue collected in the previous three years; the law allows one and a half times that average."
        ]
      },
      "/en/municipalities/arronches": {
        "total": 22,
        "distintas": 20,
        "por_classe": {
          "conteudo": 15,
          "navegacao": 5,
          "autorreferencia": 0,
          "divulgacao": 1
        },
        "nao_classificados": [
          "Debt as a percentage of the average net current revenue collected in the previous three years; the law allows one and a half times that average."
        ]
      },
      "/en/municipalities/arruda-dos-vinhos": {
        "total": 22,
        "distintas": 20,
        "por_classe": {
          "conteudo": 15,
          "navegacao": 5,
          "autorreferencia": 0,
          "divulgacao": 1
        },
        "nao_classificados": [
          "Debt as a percentage of the average net current revenue collected in the previous three years; the law allows one and a half times that average."
        ]
      },
      "/en/municipalities/aveiro": {
        "total": 22,
        "distintas": 20,
        "por_classe": {
          "conteudo": 15,
          "navegacao": 5,
          "autorreferencia": 0,
          "divulgacao": 1
        },
        "nao_classificados": [
          "Debt as a percentage of the average net current revenue collected in the previous three years; the law allows one and a half times that average."
        ]
      },
      "/en/municipalities/avis": {
        "total": 22,
        "distintas": 20,
        "por_classe": {
          "conteudo": 15,
          "navegacao": 5,
          "autorreferencia": 0,
          "divulgacao": 1
        },
        "nao_classificados": [
          "Debt as a percentage of the average net current revenue collected in the previous three years; the law allows one and a half times that average."
        ]
      },
      "/en/municipalities/azambuja": {
        "total": 22,
        "distintas": 20,
        "por_classe": {
          "conteudo": 15,
          "navegacao": 5,
          "autorreferencia": 0,
          "divulgacao": 1
        },
        "nao_classificados": [
          "Debt as a percentage of the average net current revenue collected in the previous three years; the law allows one and a half times that average."
        ]
      },
      "/en/municipalities/baiao": {
        "total": 22,
        "distintas": 20,
        "por_classe": {
          "conteudo": 15,
          "navegacao": 5,
          "autorreferencia": 0,
          "divulgacao": 1
        },
        "nao_classificados": [
          "Debt as a percentage of the average net current revenue collected in the previous three years; the law allows one and a half times that average."
        ]
      },
      "/en/municipalities/barcelos": {
        "total": 22,
        "distintas": 20,
        "por_classe": {
          "conteudo": 15,
          "navegacao": 5,
          "autorreferencia": 0,
          "divulgacao": 1
        },
        "nao_classificados": [
          "Debt as a percentage of the average net current revenue collected in the previous three years; the law allows one and a half times that average."
        ]
      },
      "/en/municipalities/barrancos": {
        "total": 22,
        "distintas": 20,
        "por_classe": {
          "conteudo": 15,
          "navegacao": 5,
          "autorreferencia": 0,
          "divulgacao": 1
        },
        "nao_classificados": [
          "Debt as a percentage of the average net current revenue collected in the previous three years; the law allows one and a half times that average."
        ]
      },
      "/en/municipalities/barreiro": {
        "total": 22,
        "distintas": 20,
        "por_classe": {
          "conteudo": 15,
          "navegacao": 5,
          "autorreferencia": 0,
          "divulgacao": 1
        },
        "nao_classificados": [
          "Debt as a percentage of the average net current revenue collected in the previous three years; the law allows one and a half times that average."
        ]
      },
      "/en/municipalities/batalha": {
        "total": 22,
        "distintas": 20,
        "por_classe": {
          "conteudo": 15,
          "navegacao": 5,
          "autorreferencia": 0,
          "divulgacao": 1
        },
        "nao_classificados": [
          "Debt as a percentage of the average net current revenue collected in the previous three years; the law allows one and a half times that average."
        ]
      },
      "/en/municipalities/beja": {
        "total": 22,
        "distintas": 20,
        "por_classe": {
          "conteudo": 15,
          "navegacao": 5,
          "autorreferencia": 0,
          "divulgacao": 1
        },
        "nao_classificados": [
          "Debt as a percentage of the average net current revenue collected in the previous three years; the law allows one and a half times that average."
        ]
      },
      "/en/municipalities/belmonte": {
        "total": 22,
        "distintas": 20,
        "por_classe": {
          "conteudo": 15,
          "navegacao": 5,
          "autorreferencia": 0,
          "divulgacao": 1
        },
        "nao_classificados": [
          "Debt as a percentage of the average net current revenue collected in the previous three years; the law allows one and a half times that average."
        ]
      },
      "/en/municipalities/benavente": {
        "total": 22,
        "distintas": 20,
        "por_classe": {
          "conteudo": 15,
          "navegacao": 5,
          "autorreferencia": 0,
          "divulgacao": 1
        },
        "nao_classificados": [
          "Debt as a percentage of the average net current revenue collected in the previous three years; the law allows one and a half times that average."
        ]
      },
      "/en/municipalities/bombarral": {
        "total": 22,
        "distintas": 20,
        "por_classe": {
          "conteudo": 15,
          "navegacao": 5,
          "autorreferencia": 0,
          "divulgacao": 1
        },
        "nao_classificados": [
          "Debt as a percentage of the average net current revenue collected in the previous three years; the law allows one and a half times that average."
        ]
      },
      "/en/municipalities/borba": {
        "total": 22,
        "distintas": 20,
        "por_classe": {
          "conteudo": 15,
          "navegacao": 5,
          "autorreferencia": 0,
          "divulgacao": 1
        },
        "nao_classificados": [
          "Debt as a percentage of the average net current revenue collected in the previous three years; the law allows one and a half times that average."
        ]
      },
      "/en/municipalities/boticas": {
        "total": 22,
        "distintas": 20,
        "por_classe": {
          "conteudo": 15,
          "navegacao": 5,
          "autorreferencia": 0,
          "divulgacao": 1
        },
        "nao_classificados": [
          "Debt as a percentage of the average net current revenue collected in the previous three years; the law allows one and a half times that average."
        ]
      },
      "/en/municipalities/braga": {
        "total": 22,
        "distintas": 20,
        "por_classe": {
          "conteudo": 15,
          "navegacao": 5,
          "autorreferencia": 0,
          "divulgacao": 1
        },
        "nao_classificados": [
          "Debt as a percentage of the average net current revenue collected in the previous three years; the law allows one and a half times that average."
        ]
      },
      "/en/municipalities/braganca": {
        "total": 22,
        "distintas": 20,
        "por_classe": {
          "conteudo": 15,
          "navegacao": 5,
          "autorreferencia": 0,
          "divulgacao": 1
        },
        "nao_classificados": [
          "Debt as a percentage of the average net current revenue collected in the previous three years; the law allows one and a half times that average."
        ]
      },
      "/en/municipalities/cabeceiras-de-basto": {
        "total": 22,
        "distintas": 20,
        "por_classe": {
          "conteudo": 15,
          "navegacao": 5,
          "autorreferencia": 0,
          "divulgacao": 1
        },
        "nao_classificados": [
          "Debt as a percentage of the average net current revenue collected in the previous three years; the law allows one and a half times that average."
        ]
      },
      "/en/municipalities/cadaval": {
        "total": 22,
        "distintas": 20,
        "por_classe": {
          "conteudo": 15,
          "navegacao": 5,
          "autorreferencia": 0,
          "divulgacao": 1
        },
        "nao_classificados": [
          "Debt as a percentage of the average net current revenue collected in the previous three years; the law allows one and a half times that average."
        ]
      },
      "/en/municipalities/caldas-da-rainha": {
        "total": 22,
        "distintas": 20,
        "por_classe": {
          "conteudo": 15,
          "navegacao": 5,
          "autorreferencia": 0,
          "divulgacao": 1
        },
        "nao_classificados": [
          "Debt as a percentage of the average net current revenue collected in the previous three years; the law allows one and a half times that average."
        ]
      },
      "/en/municipalities/calheta": {
        "total": 20,
        "distintas": 18,
        "por_classe": {
          "conteudo": 13,
          "navegacao": 5,
          "autorreferencia": 0,
          "divulgacao": 1
        },
        "nao_classificados": [
          "Debt as a percentage of the average net current revenue collected in the previous three years; the law allows one and a half times that average."
        ]
      },
      "/en/municipalities/calheta-de-sao-jorge": {
        "total": 20,
        "distintas": 18,
        "por_classe": {
          "conteudo": 13,
          "navegacao": 5,
          "autorreferencia": 0,
          "divulgacao": 1
        },
        "nao_classificados": [
          "Debt as a percentage of the average net current revenue collected in the previous three years; the law allows one and a half times that average."
        ]
      },
      "/en/municipalities/camara-de-lobos": {
        "total": 20,
        "distintas": 18,
        "por_classe": {
          "conteudo": 13,
          "navegacao": 5,
          "autorreferencia": 0,
          "divulgacao": 1
        },
        "nao_classificados": [
          "Debt as a percentage of the average net current revenue collected in the previous three years; the law allows one and a half times that average."
        ]
      },
      "/en/municipalities/caminha": {
        "total": 22,
        "distintas": 20,
        "por_classe": {
          "conteudo": 15,
          "navegacao": 5,
          "autorreferencia": 0,
          "divulgacao": 1
        },
        "nao_classificados": [
          "Debt as a percentage of the average net current revenue collected in the previous three years; the law allows one and a half times that average."
        ]
      },
      "/en/municipalities/campo-maior": {
        "total": 22,
        "distintas": 20,
        "por_classe": {
          "conteudo": 15,
          "navegacao": 5,
          "autorreferencia": 0,
          "divulgacao": 1
        },
        "nao_classificados": [
          "Debt as a percentage of the average net current revenue collected in the previous three years; the law allows one and a half times that average."
        ]
      },
      "/en/municipalities/cantanhede": {
        "total": 22,
        "distintas": 20,
        "por_classe": {
          "conteudo": 15,
          "navegacao": 5,
          "autorreferencia": 0,
          "divulgacao": 1
        },
        "nao_classificados": [
          "Debt as a percentage of the average net current revenue collected in the previous three years; the law allows one and a half times that average."
        ]
      },
      "/en/municipalities/carrazeda-de-ansiaes": {
        "total": 22,
        "distintas": 20,
        "por_classe": {
          "conteudo": 15,
          "navegacao": 5,
          "autorreferencia": 0,
          "divulgacao": 1
        },
        "nao_classificados": [
          "Debt as a percentage of the average net current revenue collected in the previous three years; the law allows one and a half times that average."
        ]
      },
      "/en/municipalities/carregal-do-sal": {
        "total": 22,
        "distintas": 20,
        "por_classe": {
          "conteudo": 15,
          "navegacao": 5,
          "autorreferencia": 0,
          "divulgacao": 1
        },
        "nao_classificados": [
          "Debt as a percentage of the average net current revenue collected in the previous three years; the law allows one and a half times that average."
        ]
      },
      "/en/municipalities/cartaxo": {
        "total": 22,
        "distintas": 20,
        "por_classe": {
          "conteudo": 15,
          "navegacao": 5,
          "autorreferencia": 0,
          "divulgacao": 1
        },
        "nao_classificados": [
          "Debt as a percentage of the average net current revenue collected in the previous three years; the law allows one and a half times that average."
        ]
      },
      "/en/municipalities/cascais": {
        "total": 22,
        "distintas": 20,
        "por_classe": {
          "conteudo": 15,
          "navegacao": 5,
          "autorreferencia": 0,
          "divulgacao": 1
        },
        "nao_classificados": [
          "Debt as a percentage of the average net current revenue collected in the previous three years; the law allows one and a half times that average."
        ]
      },
      "/en/municipalities/castanheira-de-pera": {
        "total": 22,
        "distintas": 20,
        "por_classe": {
          "conteudo": 15,
          "navegacao": 5,
          "autorreferencia": 0,
          "divulgacao": 1
        },
        "nao_classificados": [
          "Debt as a percentage of the average net current revenue collected in the previous three years; the law allows one and a half times that average."
        ]
      },
      "/en/municipalities/castelo-branco": {
        "total": 22,
        "distintas": 20,
        "por_classe": {
          "conteudo": 15,
          "navegacao": 5,
          "autorreferencia": 0,
          "divulgacao": 1
        },
        "nao_classificados": [
          "Debt as a percentage of the average net current revenue collected in the previous three years; the law allows one and a half times that average."
        ]
      },
      "/en/municipalities/castelo-de-paiva": {
        "total": 22,
        "distintas": 20,
        "por_classe": {
          "conteudo": 15,
          "navegacao": 5,
          "autorreferencia": 0,
          "divulgacao": 1
        },
        "nao_classificados": [
          "Debt as a percentage of the average net current revenue collected in the previous three years; the law allows one and a half times that average."
        ]
      },
      "/en/municipalities/castelo-de-vide": {
        "total": 22,
        "distintas": 20,
        "por_classe": {
          "conteudo": 15,
          "navegacao": 5,
          "autorreferencia": 0,
          "divulgacao": 1
        },
        "nao_classificados": [
          "Debt as a percentage of the average net current revenue collected in the previous three years; the law allows one and a half times that average."
        ]
      },
      "/en/municipalities/castro-daire": {
        "total": 22,
        "distintas": 20,
        "por_classe": {
          "conteudo": 15,
          "navegacao": 5,
          "autorreferencia": 0,
          "divulgacao": 1
        },
        "nao_classificados": [
          "Debt as a percentage of the average net current revenue collected in the previous three years; the law allows one and a half times that average."
        ]
      },
      "/en/municipalities/castro-marim": {
        "total": 22,
        "distintas": 20,
        "por_classe": {
          "conteudo": 15,
          "navegacao": 5,
          "autorreferencia": 0,
          "divulgacao": 1
        },
        "nao_classificados": [
          "Debt as a percentage of the average net current revenue collected in the previous three years; the law allows one and a half times that average."
        ]
      },
      "/en/municipalities/castro-verde": {
        "total": 22,
        "distintas": 20,
        "por_classe": {
          "conteudo": 15,
          "navegacao": 5,
          "autorreferencia": 0,
          "divulgacao": 1
        },
        "nao_classificados": [
          "Debt as a percentage of the average net current revenue collected in the previous three years; the law allows one and a half times that average."
        ]
      },
      "/en/municipalities/celorico-da-beira": {
        "total": 22,
        "distintas": 20,
        "por_classe": {
          "conteudo": 15,
          "navegacao": 5,
          "autorreferencia": 0,
          "divulgacao": 1
        },
        "nao_classificados": [
          "Debt as a percentage of the average net current revenue collected in the previous three years; the law allows one and a half times that average."
        ]
      },
      "/en/municipalities/celorico-de-basto": {
        "total": 22,
        "distintas": 20,
        "por_classe": {
          "conteudo": 15,
          "navegacao": 5,
          "autorreferencia": 0,
          "divulgacao": 1
        },
        "nao_classificados": [
          "Debt as a percentage of the average net current revenue collected in the previous three years; the law allows one and a half times that average."
        ]
      },
      "/en/municipalities/chamusca": {
        "total": 22,
        "distintas": 20,
        "por_classe": {
          "conteudo": 15,
          "navegacao": 5,
          "autorreferencia": 0,
          "divulgacao": 1
        },
        "nao_classificados": [
          "Debt as a percentage of the average net current revenue collected in the previous three years; the law allows one and a half times that average."
        ]
      },
      "/en/municipalities/chaves": {
        "total": 22,
        "distintas": 20,
        "por_classe": {
          "conteudo": 15,
          "navegacao": 5,
          "autorreferencia": 0,
          "divulgacao": 1
        },
        "nao_classificados": [
          "Debt as a percentage of the average net current revenue collected in the previous three years; the law allows one and a half times that average."
        ]
      },
      "/en/municipalities/cinfaes": {
        "total": 22,
        "distintas": 20,
        "por_classe": {
          "conteudo": 15,
          "navegacao": 5,
          "autorreferencia": 0,
          "divulgacao": 1
        },
        "nao_classificados": [
          "Debt as a percentage of the average net current revenue collected in the previous three years; the law allows one and a half times that average."
        ]
      },
      "/en/municipalities/coimbra": {
        "total": 22,
        "distintas": 20,
        "por_classe": {
          "conteudo": 15,
          "navegacao": 5,
          "autorreferencia": 0,
          "divulgacao": 1
        },
        "nao_classificados": [
          "Debt as a percentage of the average net current revenue collected in the previous three years; the law allows one and a half times that average."
        ]
      },
      "/en/municipalities/condeixa-a-nova": {
        "total": 22,
        "distintas": 20,
        "por_classe": {
          "conteudo": 15,
          "navegacao": 5,
          "autorreferencia": 0,
          "divulgacao": 1
        },
        "nao_classificados": [
          "Debt as a percentage of the average net current revenue collected in the previous three years; the law allows one and a half times that average."
        ]
      },
      "/en/municipalities/constancia": {
        "total": 22,
        "distintas": 20,
        "por_classe": {
          "conteudo": 15,
          "navegacao": 5,
          "autorreferencia": 0,
          "divulgacao": 1
        },
        "nao_classificados": [
          "Debt as a percentage of the average net current revenue collected in the previous three years; the law allows one and a half times that average."
        ]
      },
      "/en/municipalities/coruche": {
        "total": 22,
        "distintas": 20,
        "por_classe": {
          "conteudo": 15,
          "navegacao": 5,
          "autorreferencia": 0,
          "divulgacao": 1
        },
        "nao_classificados": [
          "Debt as a percentage of the average net current revenue collected in the previous three years; the law allows one and a half times that average."
        ]
      },
      "/en/municipalities/corvo": {
        "total": 20,
        "distintas": 18,
        "por_classe": {
          "conteudo": 13,
          "navegacao": 5,
          "autorreferencia": 0,
          "divulgacao": 1
        },
        "nao_classificados": [
          "Debt as a percentage of the average net current revenue collected in the previous three years; the law allows one and a half times that average."
        ]
      },
      "/en/municipalities/covilha": {
        "total": 22,
        "distintas": 20,
        "por_classe": {
          "conteudo": 15,
          "navegacao": 5,
          "autorreferencia": 0,
          "divulgacao": 1
        },
        "nao_classificados": [
          "Debt as a percentage of the average net current revenue collected in the previous three years; the law allows one and a half times that average."
        ]
      },
      "/en/municipalities/crato": {
        "total": 22,
        "distintas": 20,
        "por_classe": {
          "conteudo": 15,
          "navegacao": 5,
          "autorreferencia": 0,
          "divulgacao": 1
        },
        "nao_classificados": [
          "Debt as a percentage of the average net current revenue collected in the previous three years; the law allows one and a half times that average."
        ]
      },
      "/en/municipalities/cuba": {
        "total": 22,
        "distintas": 20,
        "por_classe": {
          "conteudo": 15,
          "navegacao": 5,
          "autorreferencia": 0,
          "divulgacao": 1
        },
        "nao_classificados": [
          "Debt as a percentage of the average net current revenue collected in the previous three years; the law allows one and a half times that average."
        ]
      },
      "/en/municipalities/elvas": {
        "total": 22,
        "distintas": 20,
        "por_classe": {
          "conteudo": 15,
          "navegacao": 5,
          "autorreferencia": 0,
          "divulgacao": 1
        },
        "nao_classificados": [
          "Debt as a percentage of the average net current revenue collected in the previous three years; the law allows one and a half times that average."
        ]
      },
      "/en/municipalities/entroncamento": {
        "total": 22,
        "distintas": 20,
        "por_classe": {
          "conteudo": 15,
          "navegacao": 5,
          "autorreferencia": 0,
          "divulgacao": 1
        },
        "nao_classificados": [
          "Debt as a percentage of the average net current revenue collected in the previous three years; the law allows one and a half times that average."
        ]
      },
      "/en/municipalities/espinho": {
        "total": 22,
        "distintas": 20,
        "por_classe": {
          "conteudo": 15,
          "navegacao": 5,
          "autorreferencia": 0,
          "divulgacao": 1
        },
        "nao_classificados": [
          "Debt as a percentage of the average net current revenue collected in the previous three years; the law allows one and a half times that average."
        ]
      },
      "/en/municipalities/esposende": {
        "total": 22,
        "distintas": 20,
        "por_classe": {
          "conteudo": 15,
          "navegacao": 5,
          "autorreferencia": 0,
          "divulgacao": 1
        },
        "nao_classificados": [
          "Debt as a percentage of the average net current revenue collected in the previous three years; the law allows one and a half times that average."
        ]
      },
      "/en/municipalities/estarreja": {
        "total": 22,
        "distintas": 20,
        "por_classe": {
          "conteudo": 15,
          "navegacao": 5,
          "autorreferencia": 0,
          "divulgacao": 1
        },
        "nao_classificados": [
          "Debt as a percentage of the average net current revenue collected in the previous three years; the law allows one and a half times that average."
        ]
      },
      "/en/municipalities/estremoz": {
        "total": 22,
        "distintas": 20,
        "por_classe": {
          "conteudo": 15,
          "navegacao": 5,
          "autorreferencia": 0,
          "divulgacao": 1
        },
        "nao_classificados": [
          "Debt as a percentage of the average net current revenue collected in the previous three years; the law allows one and a half times that average."
        ]
      },
      "/en/municipalities/evora": {
        "total": 75,
        "distintas": 46,
        "por_classe": {
          "conteudo": 65,
          "navegacao": 8,
          "autorreferencia": 0,
          "divulgacao": 1
        },
        "nao_classificados": [
          "Debt as a percentage of the average net current revenue collected in the previous three years; the law allows one and a half times that average."
        ]
      },
      "/en/municipalities/fafe": {
        "total": 22,
        "distintas": 20,
        "por_classe": {
          "conteudo": 15,
          "navegacao": 5,
          "autorreferencia": 0,
          "divulgacao": 1
        },
        "nao_classificados": [
          "Debt as a percentage of the average net current revenue collected in the previous three years; the law allows one and a half times that average."
        ]
      },
      "/en/municipalities/faro": {
        "total": 22,
        "distintas": 20,
        "por_classe": {
          "conteudo": 15,
          "navegacao": 5,
          "autorreferencia": 0,
          "divulgacao": 1
        },
        "nao_classificados": [
          "Debt as a percentage of the average net current revenue collected in the previous three years; the law allows one and a half times that average."
        ]
      },
      "/en/municipalities/felgueiras": {
        "total": 22,
        "distintas": 20,
        "por_classe": {
          "conteudo": 15,
          "navegacao": 5,
          "autorreferencia": 0,
          "divulgacao": 1
        },
        "nao_classificados": [
          "Debt as a percentage of the average net current revenue collected in the previous three years; the law allows one and a half times that average."
        ]
      },
      "/en/municipalities/ferreira-do-alentejo": {
        "total": 22,
        "distintas": 20,
        "por_classe": {
          "conteudo": 15,
          "navegacao": 5,
          "autorreferencia": 0,
          "divulgacao": 1
        },
        "nao_classificados": [
          "Debt as a percentage of the average net current revenue collected in the previous three years; the law allows one and a half times that average."
        ]
      },
      "/en/municipalities/ferreira-do-zezere": {
        "total": 22,
        "distintas": 20,
        "por_classe": {
          "conteudo": 15,
          "navegacao": 5,
          "autorreferencia": 0,
          "divulgacao": 1
        },
        "nao_classificados": [
          "Debt as a percentage of the average net current revenue collected in the previous three years; the law allows one and a half times that average."
        ]
      },
      "/en/municipalities/figueira-da-foz": {
        "total": 22,
        "distintas": 20,
        "por_classe": {
          "conteudo": 15,
          "navegacao": 5,
          "autorreferencia": 0,
          "divulgacao": 1
        },
        "nao_classificados": [
          "Debt as a percentage of the average net current revenue collected in the previous three years; the law allows one and a half times that average."
        ]
      },
      "/en/municipalities/figueira-de-castelo-rodrigo": {
        "total": 22,
        "distintas": 20,
        "por_classe": {
          "conteudo": 15,
          "navegacao": 5,
          "autorreferencia": 0,
          "divulgacao": 1
        },
        "nao_classificados": [
          "Debt as a percentage of the average net current revenue collected in the previous three years; the law allows one and a half times that average."
        ]
      },
      "/en/municipalities/figueiro-dos-vinhos": {
        "total": 22,
        "distintas": 20,
        "por_classe": {
          "conteudo": 15,
          "navegacao": 5,
          "autorreferencia": 0,
          "divulgacao": 1
        },
        "nao_classificados": [
          "Debt as a percentage of the average net current revenue collected in the previous three years; the law allows one and a half times that average."
        ]
      },
      "/en/municipalities/fornos-de-algodres": {
        "total": 22,
        "distintas": 20,
        "por_classe": {
          "conteudo": 15,
          "navegacao": 5,
          "autorreferencia": 0,
          "divulgacao": 1
        },
        "nao_classificados": [
          "Debt as a percentage of the average net current revenue collected in the previous three years; the law allows one and a half times that average."
        ]
      },
      "/en/municipalities/freixo-de-espada-a-cinta": {
        "total": 22,
        "distintas": 20,
        "por_classe": {
          "conteudo": 15,
          "navegacao": 5,
          "autorreferencia": 0,
          "divulgacao": 1
        },
        "nao_classificados": [
          "Debt as a percentage of the average net current revenue collected in the previous three years; the law allows one and a half times that average."
        ]
      },
      "/en/municipalities/fronteira": {
        "total": 22,
        "distintas": 20,
        "por_classe": {
          "conteudo": 15,
          "navegacao": 5,
          "autorreferencia": 0,
          "divulgacao": 1
        },
        "nao_classificados": [
          "Debt as a percentage of the average net current revenue collected in the previous three years; the law allows one and a half times that average."
        ]
      },
      "/en/municipalities/funchal": {
        "total": 20,
        "distintas": 18,
        "por_classe": {
          "conteudo": 13,
          "navegacao": 5,
          "autorreferencia": 0,
          "divulgacao": 1
        },
        "nao_classificados": [
          "Debt as a percentage of the average net current revenue collected in the previous three years; the law allows one and a half times that average."
        ]
      },
      "/en/municipalities/fundao": {
        "total": 22,
        "distintas": 20,
        "por_classe": {
          "conteudo": 15,
          "navegacao": 5,
          "autorreferencia": 0,
          "divulgacao": 1
        },
        "nao_classificados": [
          "Debt as a percentage of the average net current revenue collected in the previous three years; the law allows one and a half times that average."
        ]
      },
      "/en/municipalities/gaviao": {
        "total": 22,
        "distintas": 20,
        "por_classe": {
          "conteudo": 15,
          "navegacao": 5,
          "autorreferencia": 0,
          "divulgacao": 1
        },
        "nao_classificados": [
          "Debt as a percentage of the average net current revenue collected in the previous three years; the law allows one and a half times that average."
        ]
      },
      "/en/municipalities/gois": {
        "total": 22,
        "distintas": 20,
        "por_classe": {
          "conteudo": 15,
          "navegacao": 5,
          "autorreferencia": 0,
          "divulgacao": 1
        },
        "nao_classificados": [
          "Debt as a percentage of the average net current revenue collected in the previous three years; the law allows one and a half times that average."
        ]
      },
      "/en/municipalities/golega": {
        "total": 22,
        "distintas": 20,
        "por_classe": {
          "conteudo": 15,
          "navegacao": 5,
          "autorreferencia": 0,
          "divulgacao": 1
        },
        "nao_classificados": [
          "Debt as a percentage of the average net current revenue collected in the previous three years; the law allows one and a half times that average."
        ]
      },
      "/en/municipalities/gondomar": {
        "total": 22,
        "distintas": 20,
        "por_classe": {
          "conteudo": 15,
          "navegacao": 5,
          "autorreferencia": 0,
          "divulgacao": 1
        },
        "nao_classificados": [
          "Debt as a percentage of the average net current revenue collected in the previous three years; the law allows one and a half times that average."
        ]
      },
      "/en/municipalities/gouveia": {
        "total": 22,
        "distintas": 20,
        "por_classe": {
          "conteudo": 15,
          "navegacao": 5,
          "autorreferencia": 0,
          "divulgacao": 1
        },
        "nao_classificados": [
          "Debt as a percentage of the average net current revenue collected in the previous three years; the law allows one and a half times that average."
        ]
      },
      "/en/municipalities/grandola": {
        "total": 22,
        "distintas": 20,
        "por_classe": {
          "conteudo": 15,
          "navegacao": 5,
          "autorreferencia": 0,
          "divulgacao": 1
        },
        "nao_classificados": [
          "Debt as a percentage of the average net current revenue collected in the previous three years; the law allows one and a half times that average."
        ]
      },
      "/en/municipalities/guarda": {
        "total": 22,
        "distintas": 20,
        "por_classe": {
          "conteudo": 15,
          "navegacao": 5,
          "autorreferencia": 0,
          "divulgacao": 1
        },
        "nao_classificados": [
          "Debt as a percentage of the average net current revenue collected in the previous three years; the law allows one and a half times that average."
        ]
      },
      "/en/municipalities/guimaraes": {
        "total": 22,
        "distintas": 20,
        "por_classe": {
          "conteudo": 15,
          "navegacao": 5,
          "autorreferencia": 0,
          "divulgacao": 1
        },
        "nao_classificados": [
          "Debt as a percentage of the average net current revenue collected in the previous three years; the law allows one and a half times that average."
        ]
      },
      "/en/municipalities/horta": {
        "total": 20,
        "distintas": 18,
        "por_classe": {
          "conteudo": 13,
          "navegacao": 5,
          "autorreferencia": 0,
          "divulgacao": 1
        },
        "nao_classificados": [
          "Debt as a percentage of the average net current revenue collected in the previous three years; the law allows one and a half times that average."
        ]
      },
      "/en/municipalities/idanha-a-nova": {
        "total": 22,
        "distintas": 20,
        "por_classe": {
          "conteudo": 15,
          "navegacao": 5,
          "autorreferencia": 0,
          "divulgacao": 1
        },
        "nao_classificados": [
          "Debt as a percentage of the average net current revenue collected in the previous three years; the law allows one and a half times that average."
        ]
      },
      "/en/municipalities/ilhavo": {
        "total": 22,
        "distintas": 20,
        "por_classe": {
          "conteudo": 15,
          "navegacao": 5,
          "autorreferencia": 0,
          "divulgacao": 1
        },
        "nao_classificados": [
          "Debt as a percentage of the average net current revenue collected in the previous three years; the law allows one and a half times that average."
        ]
      },
      "/en/municipalities/lagoa-faro": {
        "total": 22,
        "distintas": 20,
        "por_classe": {
          "conteudo": 15,
          "navegacao": 5,
          "autorreferencia": 0,
          "divulgacao": 1
        },
        "nao_classificados": [
          "Debt as a percentage of the average net current revenue collected in the previous three years; the law allows one and a half times that average."
        ]
      },
      "/en/municipalities/lagoa-ilha-de-sao-miguel": {
        "total": 20,
        "distintas": 18,
        "por_classe": {
          "conteudo": 13,
          "navegacao": 5,
          "autorreferencia": 0,
          "divulgacao": 1
        },
        "nao_classificados": [
          "Debt as a percentage of the average net current revenue collected in the previous three years; the law allows one and a half times that average."
        ]
      },
      "/en/municipalities/lagos": {
        "total": 22,
        "distintas": 20,
        "por_classe": {
          "conteudo": 15,
          "navegacao": 5,
          "autorreferencia": 0,
          "divulgacao": 1
        },
        "nao_classificados": [
          "Debt as a percentage of the average net current revenue collected in the previous three years; the law allows one and a half times that average."
        ]
      },
      "/en/municipalities/lajes-das-flores": {
        "total": 20,
        "distintas": 18,
        "por_classe": {
          "conteudo": 13,
          "navegacao": 5,
          "autorreferencia": 0,
          "divulgacao": 1
        },
        "nao_classificados": [
          "Debt as a percentage of the average net current revenue collected in the previous three years; the law allows one and a half times that average."
        ]
      },
      "/en/municipalities/lajes-do-pico": {
        "total": 20,
        "distintas": 18,
        "por_classe": {
          "conteudo": 13,
          "navegacao": 5,
          "autorreferencia": 0,
          "divulgacao": 1
        },
        "nao_classificados": [
          "Debt as a percentage of the average net current revenue collected in the previous three years; the law allows one and a half times that average."
        ]
      },
      "/en/municipalities/lamego": {
        "total": 22,
        "distintas": 20,
        "por_classe": {
          "conteudo": 15,
          "navegacao": 5,
          "autorreferencia": 0,
          "divulgacao": 1
        },
        "nao_classificados": [
          "Debt as a percentage of the average net current revenue collected in the previous three years; the law allows one and a half times that average."
        ]
      },
      "/en/municipalities/leiria": {
        "total": 22,
        "distintas": 20,
        "por_classe": {
          "conteudo": 15,
          "navegacao": 5,
          "autorreferencia": 0,
          "divulgacao": 1
        },
        "nao_classificados": [
          "Debt as a percentage of the average net current revenue collected in the previous three years; the law allows one and a half times that average."
        ]
      },
      "/en/municipalities/lisboa": {
        "total": 22,
        "distintas": 20,
        "por_classe": {
          "conteudo": 15,
          "navegacao": 5,
          "autorreferencia": 0,
          "divulgacao": 1
        },
        "nao_classificados": [
          "Debt as a percentage of the average net current revenue collected in the previous three years; the law allows one and a half times that average."
        ]
      },
      "/en/municipalities/loule": {
        "total": 22,
        "distintas": 20,
        "por_classe": {
          "conteudo": 15,
          "navegacao": 5,
          "autorreferencia": 0,
          "divulgacao": 1
        },
        "nao_classificados": [
          "Debt as a percentage of the average net current revenue collected in the previous three years; the law allows one and a half times that average."
        ]
      },
      "/en/municipalities/loures": {
        "total": 22,
        "distintas": 20,
        "por_classe": {
          "conteudo": 15,
          "navegacao": 5,
          "autorreferencia": 0,
          "divulgacao": 1
        },
        "nao_classificados": [
          "Debt as a percentage of the average net current revenue collected in the previous three years; the law allows one and a half times that average."
        ]
      },
      "/en/municipalities/lourinha": {
        "total": 22,
        "distintas": 20,
        "por_classe": {
          "conteudo": 15,
          "navegacao": 5,
          "autorreferencia": 0,
          "divulgacao": 1
        },
        "nao_classificados": [
          "Debt as a percentage of the average net current revenue collected in the previous three years; the law allows one and a half times that average."
        ]
      },
      "/en/municipalities/lousa": {
        "total": 22,
        "distintas": 20,
        "por_classe": {
          "conteudo": 15,
          "navegacao": 5,
          "autorreferencia": 0,
          "divulgacao": 1
        },
        "nao_classificados": [
          "Debt as a percentage of the average net current revenue collected in the previous three years; the law allows one and a half times that average."
        ]
      },
      "/en/municipalities/lousada": {
        "total": 22,
        "distintas": 20,
        "por_classe": {
          "conteudo": 15,
          "navegacao": 5,
          "autorreferencia": 0,
          "divulgacao": 1
        },
        "nao_classificados": [
          "Debt as a percentage of the average net current revenue collected in the previous three years; the law allows one and a half times that average."
        ]
      },
      "/en/municipalities/macao": {
        "total": 22,
        "distintas": 20,
        "por_classe": {
          "conteudo": 15,
          "navegacao": 5,
          "autorreferencia": 0,
          "divulgacao": 1
        },
        "nao_classificados": [
          "Debt as a percentage of the average net current revenue collected in the previous three years; the law allows one and a half times that average."
        ]
      },
      "/en/municipalities/macedo-de-cavaleiros": {
        "total": 22,
        "distintas": 20,
        "por_classe": {
          "conteudo": 15,
          "navegacao": 5,
          "autorreferencia": 0,
          "divulgacao": 1
        },
        "nao_classificados": [
          "Debt as a percentage of the average net current revenue collected in the previous three years; the law allows one and a half times that average."
        ]
      },
      "/en/municipalities/machico": {
        "total": 20,
        "distintas": 18,
        "por_classe": {
          "conteudo": 13,
          "navegacao": 5,
          "autorreferencia": 0,
          "divulgacao": 1
        },
        "nao_classificados": [
          "Debt as a percentage of the average net current revenue collected in the previous three years; the law allows one and a half times that average."
        ]
      },
      "/en/municipalities/madalena": {
        "total": 20,
        "distintas": 18,
        "por_classe": {
          "conteudo": 13,
          "navegacao": 5,
          "autorreferencia": 0,
          "divulgacao": 1
        },
        "nao_classificados": [
          "Debt as a percentage of the average net current revenue collected in the previous three years; the law allows one and a half times that average."
        ]
      },
      "/en/municipalities/mafra": {
        "total": 22,
        "distintas": 20,
        "por_classe": {
          "conteudo": 15,
          "navegacao": 5,
          "autorreferencia": 0,
          "divulgacao": 1
        },
        "nao_classificados": [
          "Debt as a percentage of the average net current revenue collected in the previous three years; the law allows one and a half times that average."
        ]
      },
      "/en/municipalities/maia": {
        "total": 22,
        "distintas": 20,
        "por_classe": {
          "conteudo": 15,
          "navegacao": 5,
          "autorreferencia": 0,
          "divulgacao": 1
        },
        "nao_classificados": [
          "Debt as a percentage of the average net current revenue collected in the previous three years; the law allows one and a half times that average."
        ]
      },
      "/en/municipalities/mangualde": {
        "total": 22,
        "distintas": 20,
        "por_classe": {
          "conteudo": 15,
          "navegacao": 5,
          "autorreferencia": 0,
          "divulgacao": 1
        },
        "nao_classificados": [
          "Debt as a percentage of the average net current revenue collected in the previous three years; the law allows one and a half times that average."
        ]
      },
      "/en/municipalities/manteigas": {
        "total": 22,
        "distintas": 20,
        "por_classe": {
          "conteudo": 15,
          "navegacao": 5,
          "autorreferencia": 0,
          "divulgacao": 1
        },
        "nao_classificados": [
          "Debt as a percentage of the average net current revenue collected in the previous three years; the law allows one and a half times that average."
        ]
      },
      "/en/municipalities/marco-de-canaveses": {
        "total": 22,
        "distintas": 20,
        "por_classe": {
          "conteudo": 15,
          "navegacao": 5,
          "autorreferencia": 0,
          "divulgacao": 1
        },
        "nao_classificados": [
          "Debt as a percentage of the average net current revenue collected in the previous three years; the law allows one and a half times that average."
        ]
      },
      "/en/municipalities/marinha-grande": {
        "total": 22,
        "distintas": 20,
        "por_classe": {
          "conteudo": 15,
          "navegacao": 5,
          "autorreferencia": 0,
          "divulgacao": 1
        },
        "nao_classificados": [
          "Debt as a percentage of the average net current revenue collected in the previous three years; the law allows one and a half times that average."
        ]
      },
      "/en/municipalities/marvao": {
        "total": 22,
        "distintas": 20,
        "por_classe": {
          "conteudo": 15,
          "navegacao": 5,
          "autorreferencia": 0,
          "divulgacao": 1
        },
        "nao_classificados": [
          "Debt as a percentage of the average net current revenue collected in the previous three years; the law allows one and a half times that average."
        ]
      },
      "/en/municipalities/matosinhos": {
        "total": 22,
        "distintas": 20,
        "por_classe": {
          "conteudo": 15,
          "navegacao": 5,
          "autorreferencia": 0,
          "divulgacao": 1
        },
        "nao_classificados": [
          "Debt as a percentage of the average net current revenue collected in the previous three years; the law allows one and a half times that average."
        ]
      },
      "/en/municipalities/mealhada": {
        "total": 22,
        "distintas": 20,
        "por_classe": {
          "conteudo": 15,
          "navegacao": 5,
          "autorreferencia": 0,
          "divulgacao": 1
        },
        "nao_classificados": [
          "Debt as a percentage of the average net current revenue collected in the previous three years; the law allows one and a half times that average."
        ]
      },
      "/en/municipalities/meda": {
        "total": 22,
        "distintas": 20,
        "por_classe": {
          "conteudo": 15,
          "navegacao": 5,
          "autorreferencia": 0,
          "divulgacao": 1
        },
        "nao_classificados": [
          "Debt as a percentage of the average net current revenue collected in the previous three years; the law allows one and a half times that average."
        ]
      },
      "/en/municipalities/melgaco": {
        "total": 22,
        "distintas": 20,
        "por_classe": {
          "conteudo": 15,
          "navegacao": 5,
          "autorreferencia": 0,
          "divulgacao": 1
        },
        "nao_classificados": [
          "Debt as a percentage of the average net current revenue collected in the previous three years; the law allows one and a half times that average."
        ]
      },
      "/en/municipalities/mertola": {
        "total": 22,
        "distintas": 20,
        "por_classe": {
          "conteudo": 15,
          "navegacao": 5,
          "autorreferencia": 0,
          "divulgacao": 1
        },
        "nao_classificados": [
          "Debt as a percentage of the average net current revenue collected in the previous three years; the law allows one and a half times that average."
        ]
      },
      "/en/municipalities/mesao-frio": {
        "total": 22,
        "distintas": 20,
        "por_classe": {
          "conteudo": 15,
          "navegacao": 5,
          "autorreferencia": 0,
          "divulgacao": 1
        },
        "nao_classificados": [
          "Debt as a percentage of the average net current revenue collected in the previous three years; the law allows one and a half times that average."
        ]
      },
      "/en/municipalities/mira": {
        "total": 22,
        "distintas": 20,
        "por_classe": {
          "conteudo": 15,
          "navegacao": 5,
          "autorreferencia": 0,
          "divulgacao": 1
        },
        "nao_classificados": [
          "Debt as a percentage of the average net current revenue collected in the previous three years; the law allows one and a half times that average."
        ]
      },
      "/en/municipalities/miranda-do-corvo": {
        "total": 22,
        "distintas": 20,
        "por_classe": {
          "conteudo": 15,
          "navegacao": 5,
          "autorreferencia": 0,
          "divulgacao": 1
        },
        "nao_classificados": [
          "Debt as a percentage of the average net current revenue collected in the previous three years; the law allows one and a half times that average."
        ]
      },
      "/en/municipalities/miranda-do-douro": {
        "total": 22,
        "distintas": 20,
        "por_classe": {
          "conteudo": 15,
          "navegacao": 5,
          "autorreferencia": 0,
          "divulgacao": 1
        },
        "nao_classificados": [
          "Debt as a percentage of the average net current revenue collected in the previous three years; the law allows one and a half times that average."
        ]
      },
      "/en/municipalities/mirandela": {
        "total": 22,
        "distintas": 20,
        "por_classe": {
          "conteudo": 15,
          "navegacao": 5,
          "autorreferencia": 0,
          "divulgacao": 1
        },
        "nao_classificados": [
          "Debt as a percentage of the average net current revenue collected in the previous three years; the law allows one and a half times that average."
        ]
      },
      "/en/municipalities/mogadouro": {
        "total": 22,
        "distintas": 20,
        "por_classe": {
          "conteudo": 15,
          "navegacao": 5,
          "autorreferencia": 0,
          "divulgacao": 1
        },
        "nao_classificados": [
          "Debt as a percentage of the average net current revenue collected in the previous three years; the law allows one and a half times that average."
        ]
      },
      "/en/municipalities/moimenta-da-beira": {
        "total": 22,
        "distintas": 20,
        "por_classe": {
          "conteudo": 15,
          "navegacao": 5,
          "autorreferencia": 0,
          "divulgacao": 1
        },
        "nao_classificados": [
          "Debt as a percentage of the average net current revenue collected in the previous three years; the law allows one and a half times that average."
        ]
      },
      "/en/municipalities/moita": {
        "total": 22,
        "distintas": 20,
        "por_classe": {
          "conteudo": 15,
          "navegacao": 5,
          "autorreferencia": 0,
          "divulgacao": 1
        },
        "nao_classificados": [
          "Debt as a percentage of the average net current revenue collected in the previous three years; the law allows one and a half times that average."
        ]
      },
      "/en/municipalities/moncao": {
        "total": 22,
        "distintas": 20,
        "por_classe": {
          "conteudo": 15,
          "navegacao": 5,
          "autorreferencia": 0,
          "divulgacao": 1
        },
        "nao_classificados": [
          "Debt as a percentage of the average net current revenue collected in the previous three years; the law allows one and a half times that average."
        ]
      },
      "/en/municipalities/monchique": {
        "total": 22,
        "distintas": 20,
        "por_classe": {
          "conteudo": 15,
          "navegacao": 5,
          "autorreferencia": 0,
          "divulgacao": 1
        },
        "nao_classificados": [
          "Debt as a percentage of the average net current revenue collected in the previous three years; the law allows one and a half times that average."
        ]
      },
      "/en/municipalities/mondim-de-basto": {
        "total": 22,
        "distintas": 20,
        "por_classe": {
          "conteudo": 15,
          "navegacao": 5,
          "autorreferencia": 0,
          "divulgacao": 1
        },
        "nao_classificados": [
          "Debt as a percentage of the average net current revenue collected in the previous three years; the law allows one and a half times that average."
        ]
      },
      "/en/municipalities/monforte": {
        "total": 22,
        "distintas": 20,
        "por_classe": {
          "conteudo": 15,
          "navegacao": 5,
          "autorreferencia": 0,
          "divulgacao": 1
        },
        "nao_classificados": [
          "Debt as a percentage of the average net current revenue collected in the previous three years; the law allows one and a half times that average."
        ]
      },
      "/en/municipalities/montalegre": {
        "total": 22,
        "distintas": 20,
        "por_classe": {
          "conteudo": 15,
          "navegacao": 5,
          "autorreferencia": 0,
          "divulgacao": 1
        },
        "nao_classificados": [
          "Debt as a percentage of the average net current revenue collected in the previous three years; the law allows one and a half times that average."
        ]
      },
      "/en/municipalities/montemor-o-novo": {
        "total": 22,
        "distintas": 20,
        "por_classe": {
          "conteudo": 15,
          "navegacao": 5,
          "autorreferencia": 0,
          "divulgacao": 1
        },
        "nao_classificados": [
          "Debt as a percentage of the average net current revenue collected in the previous three years; the law allows one and a half times that average."
        ]
      },
      "/en/municipalities/montemor-o-velho": {
        "total": 22,
        "distintas": 20,
        "por_classe": {
          "conteudo": 15,
          "navegacao": 5,
          "autorreferencia": 0,
          "divulgacao": 1
        },
        "nao_classificados": [
          "Debt as a percentage of the average net current revenue collected in the previous three years; the law allows one and a half times that average."
        ]
      },
      "/en/municipalities/montijo": {
        "total": 22,
        "distintas": 20,
        "por_classe": {
          "conteudo": 15,
          "navegacao": 5,
          "autorreferencia": 0,
          "divulgacao": 1
        },
        "nao_classificados": [
          "Debt as a percentage of the average net current revenue collected in the previous three years; the law allows one and a half times that average."
        ]
      },
      "/en/municipalities/mora": {
        "total": 22,
        "distintas": 20,
        "por_classe": {
          "conteudo": 15,
          "navegacao": 5,
          "autorreferencia": 0,
          "divulgacao": 1
        },
        "nao_classificados": [
          "Debt as a percentage of the average net current revenue collected in the previous three years; the law allows one and a half times that average."
        ]
      },
      "/en/municipalities/mortagua": {
        "total": 22,
        "distintas": 20,
        "por_classe": {
          "conteudo": 15,
          "navegacao": 5,
          "autorreferencia": 0,
          "divulgacao": 1
        },
        "nao_classificados": [
          "Debt as a percentage of the average net current revenue collected in the previous three years; the law allows one and a half times that average."
        ]
      },
      "/en/municipalities/moura": {
        "total": 22,
        "distintas": 20,
        "por_classe": {
          "conteudo": 15,
          "navegacao": 5,
          "autorreferencia": 0,
          "divulgacao": 1
        },
        "nao_classificados": [
          "Debt as a percentage of the average net current revenue collected in the previous three years; the law allows one and a half times that average."
        ]
      },
      "/en/municipalities/mourao": {
        "total": 22,
        "distintas": 20,
        "por_classe": {
          "conteudo": 15,
          "navegacao": 5,
          "autorreferencia": 0,
          "divulgacao": 1
        },
        "nao_classificados": [
          "Debt as a percentage of the average net current revenue collected in the previous three years; the law allows one and a half times that average."
        ]
      },
      "/en/municipalities/murca": {
        "total": 22,
        "distintas": 20,
        "por_classe": {
          "conteudo": 15,
          "navegacao": 5,
          "autorreferencia": 0,
          "divulgacao": 1
        },
        "nao_classificados": [
          "Debt as a percentage of the average net current revenue collected in the previous three years; the law allows one and a half times that average."
        ]
      },
      "/en/municipalities/murtosa": {
        "total": 22,
        "distintas": 20,
        "por_classe": {
          "conteudo": 15,
          "navegacao": 5,
          "autorreferencia": 0,
          "divulgacao": 1
        },
        "nao_classificados": [
          "Debt as a percentage of the average net current revenue collected in the previous three years; the law allows one and a half times that average."
        ]
      },
      "/en/municipalities/nazare": {
        "total": 22,
        "distintas": 20,
        "por_classe": {
          "conteudo": 15,
          "navegacao": 5,
          "autorreferencia": 0,
          "divulgacao": 1
        },
        "nao_classificados": [
          "Debt as a percentage of the average net current revenue collected in the previous three years; the law allows one and a half times that average."
        ]
      },
      "/en/municipalities/nelas": {
        "total": 22,
        "distintas": 20,
        "por_classe": {
          "conteudo": 15,
          "navegacao": 5,
          "autorreferencia": 0,
          "divulgacao": 1
        },
        "nao_classificados": [
          "Debt as a percentage of the average net current revenue collected in the previous three years; the law allows one and a half times that average."
        ]
      },
      "/en/municipalities/nisa": {
        "total": 22,
        "distintas": 20,
        "por_classe": {
          "conteudo": 15,
          "navegacao": 5,
          "autorreferencia": 0,
          "divulgacao": 1
        },
        "nao_classificados": [
          "Debt as a percentage of the average net current revenue collected in the previous three years; the law allows one and a half times that average."
        ]
      },
      "/en/municipalities/nordeste": {
        "total": 20,
        "distintas": 18,
        "por_classe": {
          "conteudo": 13,
          "navegacao": 5,
          "autorreferencia": 0,
          "divulgacao": 1
        },
        "nao_classificados": [
          "Debt as a percentage of the average net current revenue collected in the previous three years; the law allows one and a half times that average."
        ]
      },
      "/en/municipalities/obidos": {
        "total": 22,
        "distintas": 20,
        "por_classe": {
          "conteudo": 15,
          "navegacao": 5,
          "autorreferencia": 0,
          "divulgacao": 1
        },
        "nao_classificados": [
          "Debt as a percentage of the average net current revenue collected in the previous three years; the law allows one and a half times that average."
        ]
      },
      "/en/municipalities/odemira": {
        "total": 22,
        "distintas": 20,
        "por_classe": {
          "conteudo": 15,
          "navegacao": 5,
          "autorreferencia": 0,
          "divulgacao": 1
        },
        "nao_classificados": [
          "Debt as a percentage of the average net current revenue collected in the previous three years; the law allows one and a half times that average."
        ]
      },
      "/en/municipalities/odivelas": {
        "total": 22,
        "distintas": 20,
        "por_classe": {
          "conteudo": 15,
          "navegacao": 5,
          "autorreferencia": 0,
          "divulgacao": 1
        },
        "nao_classificados": [
          "Debt as a percentage of the average net current revenue collected in the previous three years; the law allows one and a half times that average."
        ]
      },
      "/en/municipalities/oeiras": {
        "total": 22,
        "distintas": 20,
        "por_classe": {
          "conteudo": 15,
          "navegacao": 5,
          "autorreferencia": 0,
          "divulgacao": 1
        },
        "nao_classificados": [
          "Debt as a percentage of the average net current revenue collected in the previous three years; the law allows one and a half times that average."
        ]
      },
      "/en/municipalities/oleiros": {
        "total": 22,
        "distintas": 20,
        "por_classe": {
          "conteudo": 15,
          "navegacao": 5,
          "autorreferencia": 0,
          "divulgacao": 1
        },
        "nao_classificados": [
          "Debt as a percentage of the average net current revenue collected in the previous three years; the law allows one and a half times that average."
        ]
      },
      "/en/municipalities/olhao": {
        "total": 22,
        "distintas": 20,
        "por_classe": {
          "conteudo": 15,
          "navegacao": 5,
          "autorreferencia": 0,
          "divulgacao": 1
        },
        "nao_classificados": [
          "Debt as a percentage of the average net current revenue collected in the previous three years; the law allows one and a half times that average."
        ]
      },
      "/en/municipalities/oliveira-de-azemeis": {
        "total": 22,
        "distintas": 20,
        "por_classe": {
          "conteudo": 15,
          "navegacao": 5,
          "autorreferencia": 0,
          "divulgacao": 1
        },
        "nao_classificados": [
          "Debt as a percentage of the average net current revenue collected in the previous three years; the law allows one and a half times that average."
        ]
      },
      "/en/municipalities/oliveira-de-frades": {
        "total": 22,
        "distintas": 20,
        "por_classe": {
          "conteudo": 15,
          "navegacao": 5,
          "autorreferencia": 0,
          "divulgacao": 1
        },
        "nao_classificados": [
          "Debt as a percentage of the average net current revenue collected in the previous three years; the law allows one and a half times that average."
        ]
      },
      "/en/municipalities/oliveira-do-bairro": {
        "total": 22,
        "distintas": 20,
        "por_classe": {
          "conteudo": 15,
          "navegacao": 5,
          "autorreferencia": 0,
          "divulgacao": 1
        },
        "nao_classificados": [
          "Debt as a percentage of the average net current revenue collected in the previous three years; the law allows one and a half times that average."
        ]
      },
      "/en/municipalities/oliveira-do-hospital": {
        "total": 22,
        "distintas": 20,
        "por_classe": {
          "conteudo": 15,
          "navegacao": 5,
          "autorreferencia": 0,
          "divulgacao": 1
        },
        "nao_classificados": [
          "Debt as a percentage of the average net current revenue collected in the previous three years; the law allows one and a half times that average."
        ]
      },
      "/en/municipalities/ourem": {
        "total": 22,
        "distintas": 20,
        "por_classe": {
          "conteudo": 15,
          "navegacao": 5,
          "autorreferencia": 0,
          "divulgacao": 1
        },
        "nao_classificados": [
          "Debt as a percentage of the average net current revenue collected in the previous three years; the law allows one and a half times that average."
        ]
      },
      "/en/municipalities/ourique": {
        "total": 22,
        "distintas": 20,
        "por_classe": {
          "conteudo": 15,
          "navegacao": 5,
          "autorreferencia": 0,
          "divulgacao": 1
        },
        "nao_classificados": [
          "Debt as a percentage of the average net current revenue collected in the previous three years; the law allows one and a half times that average."
        ]
      },
      "/en/municipalities/ovar": {
        "total": 22,
        "distintas": 20,
        "por_classe": {
          "conteudo": 15,
          "navegacao": 5,
          "autorreferencia": 0,
          "divulgacao": 1
        },
        "nao_classificados": [
          "Debt as a percentage of the average net current revenue collected in the previous three years; the law allows one and a half times that average."
        ]
      },
      "/en/municipalities/pacos-de-ferreira": {
        "total": 22,
        "distintas": 20,
        "por_classe": {
          "conteudo": 15,
          "navegacao": 5,
          "autorreferencia": 0,
          "divulgacao": 1
        },
        "nao_classificados": [
          "Debt as a percentage of the average net current revenue collected in the previous three years; the law allows one and a half times that average."
        ]
      },
      "/en/municipalities/palmela": {
        "total": 22,
        "distintas": 20,
        "por_classe": {
          "conteudo": 15,
          "navegacao": 5,
          "autorreferencia": 0,
          "divulgacao": 1
        },
        "nao_classificados": [
          "Debt as a percentage of the average net current revenue collected in the previous three years; the law allows one and a half times that average."
        ]
      },
      "/en/municipalities/pampilhosa-da-serra": {
        "total": 22,
        "distintas": 20,
        "por_classe": {
          "conteudo": 15,
          "navegacao": 5,
          "autorreferencia": 0,
          "divulgacao": 1
        },
        "nao_classificados": [
          "Debt as a percentage of the average net current revenue collected in the previous three years; the law allows one and a half times that average."
        ]
      },
      "/en/municipalities/paredes": {
        "total": 22,
        "distintas": 20,
        "por_classe": {
          "conteudo": 15,
          "navegacao": 5,
          "autorreferencia": 0,
          "divulgacao": 1
        },
        "nao_classificados": [
          "Debt as a percentage of the average net current revenue collected in the previous three years; the law allows one and a half times that average."
        ]
      },
      "/en/municipalities/paredes-de-coura": {
        "total": 22,
        "distintas": 20,
        "por_classe": {
          "conteudo": 15,
          "navegacao": 5,
          "autorreferencia": 0,
          "divulgacao": 1
        },
        "nao_classificados": [
          "Debt as a percentage of the average net current revenue collected in the previous three years; the law allows one and a half times that average."
        ]
      },
      "/en/municipalities/pedrogao-grande": {
        "total": 22,
        "distintas": 20,
        "por_classe": {
          "conteudo": 15,
          "navegacao": 5,
          "autorreferencia": 0,
          "divulgacao": 1
        },
        "nao_classificados": [
          "Debt as a percentage of the average net current revenue collected in the previous three years; the law allows one and a half times that average."
        ]
      },
      "/en/municipalities/penacova": {
        "total": 22,
        "distintas": 20,
        "por_classe": {
          "conteudo": 15,
          "navegacao": 5,
          "autorreferencia": 0,
          "divulgacao": 1
        },
        "nao_classificados": [
          "Debt as a percentage of the average net current revenue collected in the previous three years; the law allows one and a half times that average."
        ]
      },
      "/en/municipalities/penafiel": {
        "total": 22,
        "distintas": 20,
        "por_classe": {
          "conteudo": 15,
          "navegacao": 5,
          "autorreferencia": 0,
          "divulgacao": 1
        },
        "nao_classificados": [
          "Debt as a percentage of the average net current revenue collected in the previous three years; the law allows one and a half times that average."
        ]
      },
      "/en/municipalities/penalva-do-castelo": {
        "total": 22,
        "distintas": 20,
        "por_classe": {
          "conteudo": 15,
          "navegacao": 5,
          "autorreferencia": 0,
          "divulgacao": 1
        },
        "nao_classificados": [
          "Debt as a percentage of the average net current revenue collected in the previous three years; the law allows one and a half times that average."
        ]
      },
      "/en/municipalities/penamacor": {
        "total": 22,
        "distintas": 20,
        "por_classe": {
          "conteudo": 15,
          "navegacao": 5,
          "autorreferencia": 0,
          "divulgacao": 1
        },
        "nao_classificados": [
          "Debt as a percentage of the average net current revenue collected in the previous three years; the law allows one and a half times that average."
        ]
      },
      "/en/municipalities/penedono": {
        "total": 19,
        "distintas": 19,
        "por_classe": {
          "conteudo": 12,
          "navegacao": 5,
          "autorreferencia": 0,
          "divulgacao": 1
        },
        "nao_classificados": [
          "Debt as a percentage of the average net current revenue collected in the previous three years; the law allows one and a half times that average."
        ]
      },
      "/en/municipalities/penela": {
        "total": 22,
        "distintas": 20,
        "por_classe": {
          "conteudo": 15,
          "navegacao": 5,
          "autorreferencia": 0,
          "divulgacao": 1
        },
        "nao_classificados": [
          "Debt as a percentage of the average net current revenue collected in the previous three years; the law allows one and a half times that average."
        ]
      },
      "/en/municipalities/peniche": {
        "total": 22,
        "distintas": 20,
        "por_classe": {
          "conteudo": 15,
          "navegacao": 5,
          "autorreferencia": 0,
          "divulgacao": 1
        },
        "nao_classificados": [
          "Debt as a percentage of the average net current revenue collected in the previous three years; the law allows one and a half times that average."
        ]
      },
      "/en/municipalities/peso-da-regua": {
        "total": 22,
        "distintas": 20,
        "por_classe": {
          "conteudo": 15,
          "navegacao": 5,
          "autorreferencia": 0,
          "divulgacao": 1
        },
        "nao_classificados": [
          "Debt as a percentage of the average net current revenue collected in the previous three years; the law allows one and a half times that average."
        ]
      },
      "/en/municipalities/pinhel": {
        "total": 22,
        "distintas": 20,
        "por_classe": {
          "conteudo": 15,
          "navegacao": 5,
          "autorreferencia": 0,
          "divulgacao": 1
        },
        "nao_classificados": [
          "Debt as a percentage of the average net current revenue collected in the previous three years; the law allows one and a half times that average."
        ]
      },
      "/en/municipalities/pombal": {
        "total": 22,
        "distintas": 20,
        "por_classe": {
          "conteudo": 15,
          "navegacao": 5,
          "autorreferencia": 0,
          "divulgacao": 1
        },
        "nao_classificados": [
          "Debt as a percentage of the average net current revenue collected in the previous three years; the law allows one and a half times that average."
        ]
      },
      "/en/municipalities/ponta-delgada": {
        "total": 20,
        "distintas": 18,
        "por_classe": {
          "conteudo": 13,
          "navegacao": 5,
          "autorreferencia": 0,
          "divulgacao": 1
        },
        "nao_classificados": [
          "Debt as a percentage of the average net current revenue collected in the previous three years; the law allows one and a half times that average."
        ]
      },
      "/en/municipalities/ponta-do-sol": {
        "total": 20,
        "distintas": 18,
        "por_classe": {
          "conteudo": 13,
          "navegacao": 5,
          "autorreferencia": 0,
          "divulgacao": 1
        },
        "nao_classificados": [
          "Debt as a percentage of the average net current revenue collected in the previous three years; the law allows one and a half times that average."
        ]
      },
      "/en/municipalities/ponte-da-barca": {
        "total": 22,
        "distintas": 20,
        "por_classe": {
          "conteudo": 15,
          "navegacao": 5,
          "autorreferencia": 0,
          "divulgacao": 1
        },
        "nao_classificados": [
          "Debt as a percentage of the average net current revenue collected in the previous three years; the law allows one and a half times that average."
        ]
      },
      "/en/municipalities/ponte-de-lima": {
        "total": 22,
        "distintas": 20,
        "por_classe": {
          "conteudo": 15,
          "navegacao": 5,
          "autorreferencia": 0,
          "divulgacao": 1
        },
        "nao_classificados": [
          "Debt as a percentage of the average net current revenue collected in the previous three years; the law allows one and a half times that average."
        ]
      },
      "/en/municipalities/ponte-de-sor": {
        "total": 22,
        "distintas": 20,
        "por_classe": {
          "conteudo": 15,
          "navegacao": 5,
          "autorreferencia": 0,
          "divulgacao": 1
        },
        "nao_classificados": [
          "Debt as a percentage of the average net current revenue collected in the previous three years; the law allows one and a half times that average."
        ]
      },
      "/en/municipalities/portalegre": {
        "total": 22,
        "distintas": 20,
        "por_classe": {
          "conteudo": 15,
          "navegacao": 5,
          "autorreferencia": 0,
          "divulgacao": 1
        },
        "nao_classificados": [
          "Debt as a percentage of the average net current revenue collected in the previous three years; the law allows one and a half times that average."
        ]
      },
      "/en/municipalities/portel": {
        "total": 22,
        "distintas": 20,
        "por_classe": {
          "conteudo": 15,
          "navegacao": 5,
          "autorreferencia": 0,
          "divulgacao": 1
        },
        "nao_classificados": [
          "Debt as a percentage of the average net current revenue collected in the previous three years; the law allows one and a half times that average."
        ]
      },
      "/en/municipalities/portimao": {
        "total": 22,
        "distintas": 20,
        "por_classe": {
          "conteudo": 15,
          "navegacao": 5,
          "autorreferencia": 0,
          "divulgacao": 1
        },
        "nao_classificados": [
          "Debt as a percentage of the average net current revenue collected in the previous three years; the law allows one and a half times that average."
        ]
      },
      "/en/municipalities/porto": {
        "total": 22,
        "distintas": 20,
        "por_classe": {
          "conteudo": 15,
          "navegacao": 5,
          "autorreferencia": 0,
          "divulgacao": 1
        },
        "nao_classificados": [
          "Debt as a percentage of the average net current revenue collected in the previous three years; the law allows one and a half times that average."
        ]
      },
      "/en/municipalities/porto-de-mos": {
        "total": 22,
        "distintas": 20,
        "por_classe": {
          "conteudo": 15,
          "navegacao": 5,
          "autorreferencia": 0,
          "divulgacao": 1
        },
        "nao_classificados": [
          "Debt as a percentage of the average net current revenue collected in the previous three years; the law allows one and a half times that average."
        ]
      },
      "/en/municipalities/porto-moniz": {
        "total": 20,
        "distintas": 18,
        "por_classe": {
          "conteudo": 13,
          "navegacao": 5,
          "autorreferencia": 0,
          "divulgacao": 1
        },
        "nao_classificados": [
          "Debt as a percentage of the average net current revenue collected in the previous three years; the law allows one and a half times that average."
        ]
      },
      "/en/municipalities/porto-santo": {
        "total": 20,
        "distintas": 18,
        "por_classe": {
          "conteudo": 13,
          "navegacao": 5,
          "autorreferencia": 0,
          "divulgacao": 1
        },
        "nao_classificados": [
          "Debt as a percentage of the average net current revenue collected in the previous three years; the law allows one and a half times that average."
        ]
      },
      "/en/municipalities/povoa-de-lanhoso": {
        "total": 22,
        "distintas": 20,
        "por_classe": {
          "conteudo": 15,
          "navegacao": 5,
          "autorreferencia": 0,
          "divulgacao": 1
        },
        "nao_classificados": [
          "Debt as a percentage of the average net current revenue collected in the previous three years; the law allows one and a half times that average."
        ]
      },
      "/en/municipalities/povoa-de-varzim": {
        "total": 22,
        "distintas": 20,
        "por_classe": {
          "conteudo": 15,
          "navegacao": 5,
          "autorreferencia": 0,
          "divulgacao": 1
        },
        "nao_classificados": [
          "Debt as a percentage of the average net current revenue collected in the previous three years; the law allows one and a half times that average."
        ]
      },
      "/en/municipalities/povoacao": {
        "total": 20,
        "distintas": 18,
        "por_classe": {
          "conteudo": 13,
          "navegacao": 5,
          "autorreferencia": 0,
          "divulgacao": 1
        },
        "nao_classificados": [
          "Debt as a percentage of the average net current revenue collected in the previous three years; the law allows one and a half times that average."
        ]
      },
      "/en/municipalities/praia-da-vitoria": {
        "total": 20,
        "distintas": 18,
        "por_classe": {
          "conteudo": 13,
          "navegacao": 5,
          "autorreferencia": 0,
          "divulgacao": 1
        },
        "nao_classificados": [
          "Debt as a percentage of the average net current revenue collected in the previous three years; the law allows one and a half times that average."
        ]
      },
      "/en/municipalities/proenca-a-nova": {
        "total": 22,
        "distintas": 20,
        "por_classe": {
          "conteudo": 15,
          "navegacao": 5,
          "autorreferencia": 0,
          "divulgacao": 1
        },
        "nao_classificados": [
          "Debt as a percentage of the average net current revenue collected in the previous three years; the law allows one and a half times that average."
        ]
      },
      "/en/municipalities/redondo": {
        "total": 22,
        "distintas": 20,
        "por_classe": {
          "conteudo": 15,
          "navegacao": 5,
          "autorreferencia": 0,
          "divulgacao": 1
        },
        "nao_classificados": [
          "Debt as a percentage of the average net current revenue collected in the previous three years; the law allows one and a half times that average."
        ]
      },
      "/en/municipalities/reguengos-de-monsaraz": {
        "total": 22,
        "distintas": 20,
        "por_classe": {
          "conteudo": 15,
          "navegacao": 5,
          "autorreferencia": 0,
          "divulgacao": 1
        },
        "nao_classificados": [
          "Debt as a percentage of the average net current revenue collected in the previous three years; the law allows one and a half times that average."
        ]
      },
      "/en/municipalities/resende": {
        "total": 22,
        "distintas": 20,
        "por_classe": {
          "conteudo": 15,
          "navegacao": 5,
          "autorreferencia": 0,
          "divulgacao": 1
        },
        "nao_classificados": [
          "Debt as a percentage of the average net current revenue collected in the previous three years; the law allows one and a half times that average."
        ]
      },
      "/en/municipalities/ribeira-brava": {
        "total": 20,
        "distintas": 18,
        "por_classe": {
          "conteudo": 13,
          "navegacao": 5,
          "autorreferencia": 0,
          "divulgacao": 1
        },
        "nao_classificados": [
          "Debt as a percentage of the average net current revenue collected in the previous three years; the law allows one and a half times that average."
        ]
      },
      "/en/municipalities/ribeira-de-pena": {
        "total": 22,
        "distintas": 20,
        "por_classe": {
          "conteudo": 15,
          "navegacao": 5,
          "autorreferencia": 0,
          "divulgacao": 1
        },
        "nao_classificados": [
          "Debt as a percentage of the average net current revenue collected in the previous three years; the law allows one and a half times that average."
        ]
      },
      "/en/municipalities/ribeira-grande": {
        "total": 20,
        "distintas": 18,
        "por_classe": {
          "conteudo": 13,
          "navegacao": 5,
          "autorreferencia": 0,
          "divulgacao": 1
        },
        "nao_classificados": [
          "Debt as a percentage of the average net current revenue collected in the previous three years; the law allows one and a half times that average."
        ]
      },
      "/en/municipalities/rio-maior": {
        "total": 22,
        "distintas": 20,
        "por_classe": {
          "conteudo": 15,
          "navegacao": 5,
          "autorreferencia": 0,
          "divulgacao": 1
        },
        "nao_classificados": [
          "Debt as a percentage of the average net current revenue collected in the previous three years; the law allows one and a half times that average."
        ]
      },
      "/en/municipalities/sabrosa": {
        "total": 22,
        "distintas": 20,
        "por_classe": {
          "conteudo": 15,
          "navegacao": 5,
          "autorreferencia": 0,
          "divulgacao": 1
        },
        "nao_classificados": [
          "Debt as a percentage of the average net current revenue collected in the previous three years; the law allows one and a half times that average."
        ]
      },
      "/en/municipalities/sabugal": {
        "total": 22,
        "distintas": 20,
        "por_classe": {
          "conteudo": 15,
          "navegacao": 5,
          "autorreferencia": 0,
          "divulgacao": 1
        },
        "nao_classificados": [
          "Debt as a percentage of the average net current revenue collected in the previous three years; the law allows one and a half times that average."
        ]
      },
      "/en/municipalities/salvaterra-de-magos": {
        "total": 22,
        "distintas": 20,
        "por_classe": {
          "conteudo": 15,
          "navegacao": 5,
          "autorreferencia": 0,
          "divulgacao": 1
        },
        "nao_classificados": [
          "Debt as a percentage of the average net current revenue collected in the previous three years; the law allows one and a half times that average."
        ]
      },
      "/en/municipalities/santa-comba-dao": {
        "total": 22,
        "distintas": 20,
        "por_classe": {
          "conteudo": 15,
          "navegacao": 5,
          "autorreferencia": 0,
          "divulgacao": 1
        },
        "nao_classificados": [
          "Debt as a percentage of the average net current revenue collected in the previous three years; the law allows one and a half times that average."
        ]
      },
      "/en/municipalities/santa-cruz": {
        "total": 20,
        "distintas": 18,
        "por_classe": {
          "conteudo": 13,
          "navegacao": 5,
          "autorreferencia": 0,
          "divulgacao": 1
        },
        "nao_classificados": [
          "Debt as a percentage of the average net current revenue collected in the previous three years; the law allows one and a half times that average."
        ]
      },
      "/en/municipalities/santa-cruz-da-graciosa": {
        "total": 20,
        "distintas": 18,
        "por_classe": {
          "conteudo": 13,
          "navegacao": 5,
          "autorreferencia": 0,
          "divulgacao": 1
        },
        "nao_classificados": [
          "Debt as a percentage of the average net current revenue collected in the previous three years; the law allows one and a half times that average."
        ]
      },
      "/en/municipalities/santa-cruz-das-flores": {
        "total": 20,
        "distintas": 18,
        "por_classe": {
          "conteudo": 13,
          "navegacao": 5,
          "autorreferencia": 0,
          "divulgacao": 1
        },
        "nao_classificados": [
          "Debt as a percentage of the average net current revenue collected in the previous three years; the law allows one and a half times that average."
        ]
      },
      "/en/municipalities/santa-maria-da-feira": {
        "total": 22,
        "distintas": 20,
        "por_classe": {
          "conteudo": 15,
          "navegacao": 5,
          "autorreferencia": 0,
          "divulgacao": 1
        },
        "nao_classificados": [
          "Debt as a percentage of the average net current revenue collected in the previous three years; the law allows one and a half times that average."
        ]
      },
      "/en/municipalities/santa-marta-de-penaguiao": {
        "total": 22,
        "distintas": 20,
        "por_classe": {
          "conteudo": 15,
          "navegacao": 5,
          "autorreferencia": 0,
          "divulgacao": 1
        },
        "nao_classificados": [
          "Debt as a percentage of the average net current revenue collected in the previous three years; the law allows one and a half times that average."
        ]
      },
      "/en/municipalities/santana": {
        "total": 20,
        "distintas": 18,
        "por_classe": {
          "conteudo": 13,
          "navegacao": 5,
          "autorreferencia": 0,
          "divulgacao": 1
        },
        "nao_classificados": [
          "Debt as a percentage of the average net current revenue collected in the previous three years; the law allows one and a half times that average."
        ]
      },
      "/en/municipalities/santarem": {
        "total": 22,
        "distintas": 20,
        "por_classe": {
          "conteudo": 15,
          "navegacao": 5,
          "autorreferencia": 0,
          "divulgacao": 1
        },
        "nao_classificados": [
          "Debt as a percentage of the average net current revenue collected in the previous three years; the law allows one and a half times that average."
        ]
      },
      "/en/municipalities/santiago-do-cacem": {
        "total": 22,
        "distintas": 20,
        "por_classe": {
          "conteudo": 15,
          "navegacao": 5,
          "autorreferencia": 0,
          "divulgacao": 1
        },
        "nao_classificados": [
          "Debt as a percentage of the average net current revenue collected in the previous three years; the law allows one and a half times that average."
        ]
      },
      "/en/municipalities/santo-tirso": {
        "total": 22,
        "distintas": 20,
        "por_classe": {
          "conteudo": 15,
          "navegacao": 5,
          "autorreferencia": 0,
          "divulgacao": 1
        },
        "nao_classificados": [
          "Debt as a percentage of the average net current revenue collected in the previous three years; the law allows one and a half times that average."
        ]
      },
      "/en/municipalities/sao-bras-de-alportel": {
        "total": 22,
        "distintas": 20,
        "por_classe": {
          "conteudo": 15,
          "navegacao": 5,
          "autorreferencia": 0,
          "divulgacao": 1
        },
        "nao_classificados": [
          "Debt as a percentage of the average net current revenue collected in the previous three years; the law allows one and a half times that average."
        ]
      },
      "/en/municipalities/sao-joao-da-madeira": {
        "total": 22,
        "distintas": 20,
        "por_classe": {
          "conteudo": 15,
          "navegacao": 5,
          "autorreferencia": 0,
          "divulgacao": 1
        },
        "nao_classificados": [
          "Debt as a percentage of the average net current revenue collected in the previous three years; the law allows one and a half times that average."
        ]
      },
      "/en/municipalities/sao-joao-da-pesqueira": {
        "total": 22,
        "distintas": 20,
        "por_classe": {
          "conteudo": 15,
          "navegacao": 5,
          "autorreferencia": 0,
          "divulgacao": 1
        },
        "nao_classificados": [
          "Debt as a percentage of the average net current revenue collected in the previous three years; the law allows one and a half times that average."
        ]
      },
      "/en/municipalities/sao-pedro-do-sul": {
        "total": 22,
        "distintas": 20,
        "por_classe": {
          "conteudo": 15,
          "navegacao": 5,
          "autorreferencia": 0,
          "divulgacao": 1
        },
        "nao_classificados": [
          "Debt as a percentage of the average net current revenue collected in the previous three years; the law allows one and a half times that average."
        ]
      },
      "/en/municipalities/sao-roque-do-pico": {
        "total": 20,
        "distintas": 18,
        "por_classe": {
          "conteudo": 13,
          "navegacao": 5,
          "autorreferencia": 0,
          "divulgacao": 1
        },
        "nao_classificados": [
          "Debt as a percentage of the average net current revenue collected in the previous three years; the law allows one and a half times that average."
        ]
      },
      "/en/municipalities/sao-vicente": {
        "total": 20,
        "distintas": 18,
        "por_classe": {
          "conteudo": 13,
          "navegacao": 5,
          "autorreferencia": 0,
          "divulgacao": 1
        },
        "nao_classificados": [
          "Debt as a percentage of the average net current revenue collected in the previous three years; the law allows one and a half times that average."
        ]
      },
      "/en/municipalities/sardoal": {
        "total": 22,
        "distintas": 20,
        "por_classe": {
          "conteudo": 15,
          "navegacao": 5,
          "autorreferencia": 0,
          "divulgacao": 1
        },
        "nao_classificados": [
          "Debt as a percentage of the average net current revenue collected in the previous three years; the law allows one and a half times that average."
        ]
      },
      "/en/municipalities/satao": {
        "total": 22,
        "distintas": 20,
        "por_classe": {
          "conteudo": 15,
          "navegacao": 5,
          "autorreferencia": 0,
          "divulgacao": 1
        },
        "nao_classificados": [
          "Debt as a percentage of the average net current revenue collected in the previous three years; the law allows one and a half times that average."
        ]
      },
      "/en/municipalities/seia": {
        "total": 22,
        "distintas": 20,
        "por_classe": {
          "conteudo": 15,
          "navegacao": 5,
          "autorreferencia": 0,
          "divulgacao": 1
        },
        "nao_classificados": [
          "Debt as a percentage of the average net current revenue collected in the previous three years; the law allows one and a half times that average."
        ]
      },
      "/en/municipalities/seixal": {
        "total": 22,
        "distintas": 20,
        "por_classe": {
          "conteudo": 15,
          "navegacao": 5,
          "autorreferencia": 0,
          "divulgacao": 1
        },
        "nao_classificados": [
          "Debt as a percentage of the average net current revenue collected in the previous three years; the law allows one and a half times that average."
        ]
      },
      "/en/municipalities/sernancelhe": {
        "total": 22,
        "distintas": 20,
        "por_classe": {
          "conteudo": 15,
          "navegacao": 5,
          "autorreferencia": 0,
          "divulgacao": 1
        },
        "nao_classificados": [
          "Debt as a percentage of the average net current revenue collected in the previous three years; the law allows one and a half times that average."
        ]
      },
      "/en/municipalities/serpa": {
        "total": 22,
        "distintas": 20,
        "por_classe": {
          "conteudo": 15,
          "navegacao": 5,
          "autorreferencia": 0,
          "divulgacao": 1
        },
        "nao_classificados": [
          "Debt as a percentage of the average net current revenue collected in the previous three years; the law allows one and a half times that average."
        ]
      },
      "/en/municipalities/serta": {
        "total": 22,
        "distintas": 20,
        "por_classe": {
          "conteudo": 15,
          "navegacao": 5,
          "autorreferencia": 0,
          "divulgacao": 1
        },
        "nao_classificados": [
          "Debt as a percentage of the average net current revenue collected in the previous three years; the law allows one and a half times that average."
        ]
      },
      "/en/municipalities/sesimbra": {
        "total": 22,
        "distintas": 20,
        "por_classe": {
          "conteudo": 15,
          "navegacao": 5,
          "autorreferencia": 0,
          "divulgacao": 1
        },
        "nao_classificados": [
          "Debt as a percentage of the average net current revenue collected in the previous three years; the law allows one and a half times that average."
        ]
      },
      "/en/municipalities/setubal": {
        "total": 22,
        "distintas": 20,
        "por_classe": {
          "conteudo": 15,
          "navegacao": 5,
          "autorreferencia": 0,
          "divulgacao": 1
        },
        "nao_classificados": [
          "Debt as a percentage of the average net current revenue collected in the previous three years; the law allows one and a half times that average."
        ]
      },
      "/en/municipalities/sever-do-vouga": {
        "total": 22,
        "distintas": 20,
        "por_classe": {
          "conteudo": 15,
          "navegacao": 5,
          "autorreferencia": 0,
          "divulgacao": 1
        },
        "nao_classificados": [
          "Debt as a percentage of the average net current revenue collected in the previous three years; the law allows one and a half times that average."
        ]
      },
      "/en/municipalities/silves": {
        "total": 22,
        "distintas": 20,
        "por_classe": {
          "conteudo": 15,
          "navegacao": 5,
          "autorreferencia": 0,
          "divulgacao": 1
        },
        "nao_classificados": [
          "Debt as a percentage of the average net current revenue collected in the previous three years; the law allows one and a half times that average."
        ]
      },
      "/en/municipalities/sines": {
        "total": 22,
        "distintas": 20,
        "por_classe": {
          "conteudo": 15,
          "navegacao": 5,
          "autorreferencia": 0,
          "divulgacao": 1
        },
        "nao_classificados": [
          "Debt as a percentage of the average net current revenue collected in the previous three years; the law allows one and a half times that average."
        ]
      },
      "/en/municipalities/sintra": {
        "total": 22,
        "distintas": 20,
        "por_classe": {
          "conteudo": 15,
          "navegacao": 5,
          "autorreferencia": 0,
          "divulgacao": 1
        },
        "nao_classificados": [
          "Debt as a percentage of the average net current revenue collected in the previous three years; the law allows one and a half times that average."
        ]
      },
      "/en/municipalities/sobral-de-monte-agraco": {
        "total": 22,
        "distintas": 20,
        "por_classe": {
          "conteudo": 15,
          "navegacao": 5,
          "autorreferencia": 0,
          "divulgacao": 1
        },
        "nao_classificados": [
          "Debt as a percentage of the average net current revenue collected in the previous three years; the law allows one and a half times that average."
        ]
      },
      "/en/municipalities/soure": {
        "total": 22,
        "distintas": 20,
        "por_classe": {
          "conteudo": 15,
          "navegacao": 5,
          "autorreferencia": 0,
          "divulgacao": 1
        },
        "nao_classificados": [
          "Debt as a percentage of the average net current revenue collected in the previous three years; the law allows one and a half times that average."
        ]
      },
      "/en/municipalities/sousel": {
        "total": 22,
        "distintas": 20,
        "por_classe": {
          "conteudo": 15,
          "navegacao": 5,
          "autorreferencia": 0,
          "divulgacao": 1
        },
        "nao_classificados": [
          "Debt as a percentage of the average net current revenue collected in the previous three years; the law allows one and a half times that average."
        ]
      },
      "/en/municipalities/tabua": {
        "total": 22,
        "distintas": 20,
        "por_classe": {
          "conteudo": 15,
          "navegacao": 5,
          "autorreferencia": 0,
          "divulgacao": 1
        },
        "nao_classificados": [
          "Debt as a percentage of the average net current revenue collected in the previous three years; the law allows one and a half times that average."
        ]
      },
      "/en/municipalities/tabuaco": {
        "total": 22,
        "distintas": 20,
        "por_classe": {
          "conteudo": 15,
          "navegacao": 5,
          "autorreferencia": 0,
          "divulgacao": 1
        },
        "nao_classificados": [
          "Debt as a percentage of the average net current revenue collected in the previous three years; the law allows one and a half times that average."
        ]
      },
      "/en/municipalities/tarouca": {
        "total": 22,
        "distintas": 20,
        "por_classe": {
          "conteudo": 15,
          "navegacao": 5,
          "autorreferencia": 0,
          "divulgacao": 1
        },
        "nao_classificados": [
          "Debt as a percentage of the average net current revenue collected in the previous three years; the law allows one and a half times that average."
        ]
      },
      "/en/municipalities/tavira": {
        "total": 22,
        "distintas": 20,
        "por_classe": {
          "conteudo": 15,
          "navegacao": 5,
          "autorreferencia": 0,
          "divulgacao": 1
        },
        "nao_classificados": [
          "Debt as a percentage of the average net current revenue collected in the previous three years; the law allows one and a half times that average."
        ]
      },
      "/en/municipalities/terras-de-bouro": {
        "total": 22,
        "distintas": 20,
        "por_classe": {
          "conteudo": 15,
          "navegacao": 5,
          "autorreferencia": 0,
          "divulgacao": 1
        },
        "nao_classificados": [
          "Debt as a percentage of the average net current revenue collected in the previous three years; the law allows one and a half times that average."
        ]
      },
      "/en/municipalities/tomar": {
        "total": 22,
        "distintas": 20,
        "por_classe": {
          "conteudo": 15,
          "navegacao": 5,
          "autorreferencia": 0,
          "divulgacao": 1
        },
        "nao_classificados": [
          "Debt as a percentage of the average net current revenue collected in the previous three years; the law allows one and a half times that average."
        ]
      },
      "/en/municipalities/tondela": {
        "total": 22,
        "distintas": 20,
        "por_classe": {
          "conteudo": 15,
          "navegacao": 5,
          "autorreferencia": 0,
          "divulgacao": 1
        },
        "nao_classificados": [
          "Debt as a percentage of the average net current revenue collected in the previous three years; the law allows one and a half times that average."
        ]
      },
      "/en/municipalities/torre-de-moncorvo": {
        "total": 22,
        "distintas": 20,
        "por_classe": {
          "conteudo": 15,
          "navegacao": 5,
          "autorreferencia": 0,
          "divulgacao": 1
        },
        "nao_classificados": [
          "Debt as a percentage of the average net current revenue collected in the previous three years; the law allows one and a half times that average."
        ]
      },
      "/en/municipalities/torres-novas": {
        "total": 22,
        "distintas": 20,
        "por_classe": {
          "conteudo": 15,
          "navegacao": 5,
          "autorreferencia": 0,
          "divulgacao": 1
        },
        "nao_classificados": [
          "Debt as a percentage of the average net current revenue collected in the previous three years; the law allows one and a half times that average."
        ]
      },
      "/en/municipalities/torres-vedras": {
        "total": 22,
        "distintas": 20,
        "por_classe": {
          "conteudo": 15,
          "navegacao": 5,
          "autorreferencia": 0,
          "divulgacao": 1
        },
        "nao_classificados": [
          "Debt as a percentage of the average net current revenue collected in the previous three years; the law allows one and a half times that average."
        ]
      },
      "/en/municipalities/trancoso": {
        "total": 22,
        "distintas": 20,
        "por_classe": {
          "conteudo": 15,
          "navegacao": 5,
          "autorreferencia": 0,
          "divulgacao": 1
        },
        "nao_classificados": [
          "Debt as a percentage of the average net current revenue collected in the previous three years; the law allows one and a half times that average."
        ]
      },
      "/en/municipalities/trofa": {
        "total": 22,
        "distintas": 20,
        "por_classe": {
          "conteudo": 15,
          "navegacao": 5,
          "autorreferencia": 0,
          "divulgacao": 1
        },
        "nao_classificados": [
          "Debt as a percentage of the average net current revenue collected in the previous three years; the law allows one and a half times that average."
        ]
      },
      "/en/municipalities/vagos": {
        "total": 22,
        "distintas": 20,
        "por_classe": {
          "conteudo": 15,
          "navegacao": 5,
          "autorreferencia": 0,
          "divulgacao": 1
        },
        "nao_classificados": [
          "Debt as a percentage of the average net current revenue collected in the previous three years; the law allows one and a half times that average."
        ]
      },
      "/en/municipalities/vale-de-cambra": {
        "total": 22,
        "distintas": 20,
        "por_classe": {
          "conteudo": 15,
          "navegacao": 5,
          "autorreferencia": 0,
          "divulgacao": 1
        },
        "nao_classificados": [
          "Debt as a percentage of the average net current revenue collected in the previous three years; the law allows one and a half times that average."
        ]
      },
      "/en/municipalities/valenca": {
        "total": 22,
        "distintas": 20,
        "por_classe": {
          "conteudo": 15,
          "navegacao": 5,
          "autorreferencia": 0,
          "divulgacao": 1
        },
        "nao_classificados": [
          "Debt as a percentage of the average net current revenue collected in the previous three years; the law allows one and a half times that average."
        ]
      },
      "/en/municipalities/valongo": {
        "total": 22,
        "distintas": 20,
        "por_classe": {
          "conteudo": 15,
          "navegacao": 5,
          "autorreferencia": 0,
          "divulgacao": 1
        },
        "nao_classificados": [
          "Debt as a percentage of the average net current revenue collected in the previous three years; the law allows one and a half times that average."
        ]
      },
      "/en/municipalities/valpacos": {
        "total": 22,
        "distintas": 20,
        "por_classe": {
          "conteudo": 15,
          "navegacao": 5,
          "autorreferencia": 0,
          "divulgacao": 1
        },
        "nao_classificados": [
          "Debt as a percentage of the average net current revenue collected in the previous three years; the law allows one and a half times that average."
        ]
      },
      "/en/municipalities/velas": {
        "total": 20,
        "distintas": 18,
        "por_classe": {
          "conteudo": 13,
          "navegacao": 5,
          "autorreferencia": 0,
          "divulgacao": 1
        },
        "nao_classificados": [
          "Debt as a percentage of the average net current revenue collected in the previous three years; the law allows one and a half times that average."
        ]
      },
      "/en/municipalities/vendas-novas": {
        "total": 22,
        "distintas": 20,
        "por_classe": {
          "conteudo": 15,
          "navegacao": 5,
          "autorreferencia": 0,
          "divulgacao": 1
        },
        "nao_classificados": [
          "Debt as a percentage of the average net current revenue collected in the previous three years; the law allows one and a half times that average."
        ]
      },
      "/en/municipalities/viana-do-alentejo": {
        "total": 22,
        "distintas": 20,
        "por_classe": {
          "conteudo": 15,
          "navegacao": 5,
          "autorreferencia": 0,
          "divulgacao": 1
        },
        "nao_classificados": [
          "Debt as a percentage of the average net current revenue collected in the previous three years; the law allows one and a half times that average."
        ]
      },
      "/en/municipalities/viana-do-castelo": {
        "total": 22,
        "distintas": 20,
        "por_classe": {
          "conteudo": 15,
          "navegacao": 5,
          "autorreferencia": 0,
          "divulgacao": 1
        },
        "nao_classificados": [
          "Debt as a percentage of the average net current revenue collected in the previous three years; the law allows one and a half times that average."
        ]
      },
      "/en/municipalities/vidigueira": {
        "total": 22,
        "distintas": 20,
        "por_classe": {
          "conteudo": 15,
          "navegacao": 5,
          "autorreferencia": 0,
          "divulgacao": 1
        },
        "nao_classificados": [
          "Debt as a percentage of the average net current revenue collected in the previous three years; the law allows one and a half times that average."
        ]
      },
      "/en/municipalities/vieira-do-minho": {
        "total": 22,
        "distintas": 20,
        "por_classe": {
          "conteudo": 15,
          "navegacao": 5,
          "autorreferencia": 0,
          "divulgacao": 1
        },
        "nao_classificados": [
          "Debt as a percentage of the average net current revenue collected in the previous three years; the law allows one and a half times that average."
        ]
      },
      "/en/municipalities/vila-de-rei": {
        "total": 22,
        "distintas": 20,
        "por_classe": {
          "conteudo": 15,
          "navegacao": 5,
          "autorreferencia": 0,
          "divulgacao": 1
        },
        "nao_classificados": [
          "Debt as a percentage of the average net current revenue collected in the previous three years; the law allows one and a half times that average."
        ]
      },
      "/en/municipalities/vila-do-bispo": {
        "total": 22,
        "distintas": 20,
        "por_classe": {
          "conteudo": 15,
          "navegacao": 5,
          "autorreferencia": 0,
          "divulgacao": 1
        },
        "nao_classificados": [
          "Debt as a percentage of the average net current revenue collected in the previous three years; the law allows one and a half times that average."
        ]
      },
      "/en/municipalities/vila-do-conde": {
        "total": 22,
        "distintas": 20,
        "por_classe": {
          "conteudo": 15,
          "navegacao": 5,
          "autorreferencia": 0,
          "divulgacao": 1
        },
        "nao_classificados": [
          "Debt as a percentage of the average net current revenue collected in the previous three years; the law allows one and a half times that average."
        ]
      },
      "/en/municipalities/vila-do-porto": {
        "total": 20,
        "distintas": 18,
        "por_classe": {
          "conteudo": 13,
          "navegacao": 5,
          "autorreferencia": 0,
          "divulgacao": 1
        },
        "nao_classificados": [
          "Debt as a percentage of the average net current revenue collected in the previous three years; the law allows one and a half times that average."
        ]
      },
      "/en/municipalities/vila-flor": {
        "total": 22,
        "distintas": 20,
        "por_classe": {
          "conteudo": 15,
          "navegacao": 5,
          "autorreferencia": 0,
          "divulgacao": 1
        },
        "nao_classificados": [
          "Debt as a percentage of the average net current revenue collected in the previous three years; the law allows one and a half times that average."
        ]
      },
      "/en/municipalities/vila-franca-de-xira": {
        "total": 22,
        "distintas": 20,
        "por_classe": {
          "conteudo": 15,
          "navegacao": 5,
          "autorreferencia": 0,
          "divulgacao": 1
        },
        "nao_classificados": [
          "Debt as a percentage of the average net current revenue collected in the previous three years; the law allows one and a half times that average."
        ]
      },
      "/en/municipalities/vila-franca-do-campo": {
        "total": 20,
        "distintas": 18,
        "por_classe": {
          "conteudo": 13,
          "navegacao": 5,
          "autorreferencia": 0,
          "divulgacao": 1
        },
        "nao_classificados": [
          "Debt as a percentage of the average net current revenue collected in the previous three years; the law allows one and a half times that average."
        ]
      },
      "/en/municipalities/vila-nova-da-barquinha": {
        "total": 22,
        "distintas": 20,
        "por_classe": {
          "conteudo": 15,
          "navegacao": 5,
          "autorreferencia": 0,
          "divulgacao": 1
        },
        "nao_classificados": [
          "Debt as a percentage of the average net current revenue collected in the previous three years; the law allows one and a half times that average."
        ]
      },
      "/en/municipalities/vila-nova-de-cerveira": {
        "total": 22,
        "distintas": 20,
        "por_classe": {
          "conteudo": 15,
          "navegacao": 5,
          "autorreferencia": 0,
          "divulgacao": 1
        },
        "nao_classificados": [
          "Debt as a percentage of the average net current revenue collected in the previous three years; the law allows one and a half times that average."
        ]
      },
      "/en/municipalities/vila-nova-de-famalicao": {
        "total": 22,
        "distintas": 20,
        "por_classe": {
          "conteudo": 15,
          "navegacao": 5,
          "autorreferencia": 0,
          "divulgacao": 1
        },
        "nao_classificados": [
          "Debt as a percentage of the average net current revenue collected in the previous three years; the law allows one and a half times that average."
        ]
      },
      "/en/municipalities/vila-nova-de-foz-coa": {
        "total": 22,
        "distintas": 20,
        "por_classe": {
          "conteudo": 15,
          "navegacao": 5,
          "autorreferencia": 0,
          "divulgacao": 1
        },
        "nao_classificados": [
          "Debt as a percentage of the average net current revenue collected in the previous three years; the law allows one and a half times that average."
        ]
      },
      "/en/municipalities/vila-nova-de-gaia": {
        "total": 22,
        "distintas": 20,
        "por_classe": {
          "conteudo": 15,
          "navegacao": 5,
          "autorreferencia": 0,
          "divulgacao": 1
        },
        "nao_classificados": [
          "Debt as a percentage of the average net current revenue collected in the previous three years; the law allows one and a half times that average."
        ]
      },
      "/en/municipalities/vila-nova-de-paiva": {
        "total": 22,
        "distintas": 20,
        "por_classe": {
          "conteudo": 15,
          "navegacao": 5,
          "autorreferencia": 0,
          "divulgacao": 1
        },
        "nao_classificados": [
          "Debt as a percentage of the average net current revenue collected in the previous three years; the law allows one and a half times that average."
        ]
      },
      "/en/municipalities/vila-nova-de-poiares": {
        "total": 22,
        "distintas": 20,
        "por_classe": {
          "conteudo": 15,
          "navegacao": 5,
          "autorreferencia": 0,
          "divulgacao": 1
        },
        "nao_classificados": [
          "Debt as a percentage of the average net current revenue collected in the previous three years; the law allows one and a half times that average."
        ]
      },
      "/en/municipalities/vila-pouca-de-aguiar": {
        "total": 22,
        "distintas": 20,
        "por_classe": {
          "conteudo": 15,
          "navegacao": 5,
          "autorreferencia": 0,
          "divulgacao": 1
        },
        "nao_classificados": [
          "Debt as a percentage of the average net current revenue collected in the previous three years; the law allows one and a half times that average."
        ]
      },
      "/en/municipalities/vila-real": {
        "total": 22,
        "distintas": 20,
        "por_classe": {
          "conteudo": 15,
          "navegacao": 5,
          "autorreferencia": 0,
          "divulgacao": 1
        },
        "nao_classificados": [
          "Debt as a percentage of the average net current revenue collected in the previous three years; the law allows one and a half times that average."
        ]
      },
      "/en/municipalities/vila-real-de-santo-antonio": {
        "total": 22,
        "distintas": 20,
        "por_classe": {
          "conteudo": 15,
          "navegacao": 5,
          "autorreferencia": 0,
          "divulgacao": 1
        },
        "nao_classificados": [
          "Debt as a percentage of the average net current revenue collected in the previous three years; the law allows one and a half times that average."
        ]
      },
      "/en/municipalities/vila-velha-de-rodao": {
        "total": 22,
        "distintas": 20,
        "por_classe": {
          "conteudo": 15,
          "navegacao": 5,
          "autorreferencia": 0,
          "divulgacao": 1
        },
        "nao_classificados": [
          "Debt as a percentage of the average net current revenue collected in the previous three years; the law allows one and a half times that average."
        ]
      },
      "/en/municipalities/vila-verde": {
        "total": 22,
        "distintas": 20,
        "por_classe": {
          "conteudo": 15,
          "navegacao": 5,
          "autorreferencia": 0,
          "divulgacao": 1
        },
        "nao_classificados": [
          "Debt as a percentage of the average net current revenue collected in the previous three years; the law allows one and a half times that average."
        ]
      },
      "/en/municipalities/vila-vicosa": {
        "total": 22,
        "distintas": 20,
        "por_classe": {
          "conteudo": 15,
          "navegacao": 5,
          "autorreferencia": 0,
          "divulgacao": 1
        },
        "nao_classificados": [
          "Debt as a percentage of the average net current revenue collected in the previous three years; the law allows one and a half times that average."
        ]
      },
      "/en/municipalities/vimioso": {
        "total": 22,
        "distintas": 20,
        "por_classe": {
          "conteudo": 15,
          "navegacao": 5,
          "autorreferencia": 0,
          "divulgacao": 1
        },
        "nao_classificados": [
          "Debt as a percentage of the average net current revenue collected in the previous three years; the law allows one and a half times that average."
        ]
      },
      "/en/municipalities/vinhais": {
        "total": 22,
        "distintas": 20,
        "por_classe": {
          "conteudo": 15,
          "navegacao": 5,
          "autorreferencia": 0,
          "divulgacao": 1
        },
        "nao_classificados": [
          "Debt as a percentage of the average net current revenue collected in the previous three years; the law allows one and a half times that average."
        ]
      },
      "/en/municipalities/viseu": {
        "total": 22,
        "distintas": 20,
        "por_classe": {
          "conteudo": 15,
          "navegacao": 5,
          "autorreferencia": 0,
          "divulgacao": 1
        },
        "nao_classificados": [
          "Debt as a percentage of the average net current revenue collected in the previous three years; the law allows one and a half times that average."
        ]
      },
      "/en/municipalities/vizela": {
        "total": 22,
        "distintas": 20,
        "por_classe": {
          "conteudo": 15,
          "navegacao": 5,
          "autorreferencia": 0,
          "divulgacao": 1
        },
        "nao_classificados": [
          "Debt as a percentage of the average net current revenue collected in the previous three years; the law allows one and a half times that average."
        ]
      },
      "/en/municipalities/vouzela": {
        "total": 22,
        "distintas": 20,
        "por_classe": {
          "conteudo": 15,
          "navegacao": 5,
          "autorreferencia": 0,
          "divulgacao": 1
        },
        "nao_classificados": [
          "Debt as a percentage of the average net current revenue collected in the previous three years; the law allows one and a half times that average."
        ]
      },
      "/en/regions": {
        "total": 17,
        "distintas": 17,
        "por_classe": {
          "conteudo": 9,
          "navegacao": 7,
          "autorreferencia": 0,
          "divulgacao": 1
        },
        "nao_classificados": []
      },
      "/en/regions/acores": {
        "total": 9,
        "distintas": 9,
        "por_classe": {
          "conteudo": 2,
          "navegacao": 6,
          "autorreferencia": 0,
          "divulgacao": 1
        },
        "nao_classificados": []
      },
      "/en/regions/alentejo": {
        "total": 10,
        "distintas": 10,
        "por_classe": {
          "conteudo": 3,
          "navegacao": 6,
          "autorreferencia": 0,
          "divulgacao": 1
        },
        "nao_classificados": []
      },
      "/en/regions/algarve": {
        "total": 9,
        "distintas": 9,
        "por_classe": {
          "conteudo": 2,
          "navegacao": 6,
          "autorreferencia": 0,
          "divulgacao": 1
        },
        "nao_classificados": []
      },
      "/en/regions/centro": {
        "total": 9,
        "distintas": 9,
        "por_classe": {
          "conteudo": 2,
          "navegacao": 6,
          "autorreferencia": 0,
          "divulgacao": 1
        },
        "nao_classificados": []
      },
      "/en/regions/grande-lisboa": {
        "total": 9,
        "distintas": 9,
        "por_classe": {
          "conteudo": 2,
          "navegacao": 6,
          "autorreferencia": 0,
          "divulgacao": 1
        },
        "nao_classificados": []
      },
      "/en/regions/madeira": {
        "total": 9,
        "distintas": 9,
        "por_classe": {
          "conteudo": 2,
          "navegacao": 6,
          "autorreferencia": 0,
          "divulgacao": 1
        },
        "nao_classificados": []
      },
      "/en/regions/norte": {
        "total": 9,
        "distintas": 9,
        "por_classe": {
          "conteudo": 2,
          "navegacao": 6,
          "autorreferencia": 0,
          "divulgacao": 1
        },
        "nao_classificados": []
      },
      "/en/regions/oeste-e-vale-do-tejo": {
        "total": 9,
        "distintas": 9,
        "por_classe": {
          "conteudo": 2,
          "navegacao": 6,
          "autorreferencia": 0,
          "divulgacao": 1
        },
        "nao_classificados": []
      },
      "/en/regions/peninsula-de-setubal": {
        "total": 9,
        "distintas": 9,
        "por_classe": {
          "conteudo": 2,
          "navegacao": 6,
          "autorreferencia": 0,
          "divulgacao": 1
        },
        "nao_classificados": []
      },
      "/en/studies": {
        "total": 15,
        "distintas": 14,
        "por_classe": {
          "conteudo": 8,
          "navegacao": 6,
          "autorreferencia": 0,
          "divulgacao": 1
        },
        "nao_classificados": []
      },
      "/en/studies/agua-nao-faturada": {
        "total": 10,
        "distintas": 9,
        "por_classe": {
          "conteudo": 3,
          "navegacao": 6,
          "autorreferencia": 0,
          "divulgacao": 1
        },
        "nao_classificados": []
      },
      "/en/studies/alentejo-algarve": {
        "total": 9,
        "distintas": 8,
        "por_classe": {
          "conteudo": 3,
          "navegacao": 5,
          "autorreferencia": 0,
          "divulgacao": 1
        },
        "nao_classificados": []
      },
      "/en/studies/avaliacao-economica-regional-de-portugal-2026": {
        "total": 9,
        "distintas": 8,
        "por_classe": {
          "conteudo": 3,
          "navegacao": 5,
          "autorreferencia": 0,
          "divulgacao": 1
        },
        "nao_classificados": []
      },
      "/en/studies/evolucao-de-portugal-desde-1981": {
        "total": 9,
        "distintas": 8,
        "por_classe": {
          "conteudo": 3,
          "navegacao": 5,
          "autorreferencia": 0,
          "divulgacao": 1
        },
        "nao_classificados": []
      },
      "/en/studies/evora-2027-prometido-painel-dinheiro": {
        "total": 9,
        "distintas": 9,
        "por_classe": {
          "conteudo": 2,
          "navegacao": 6,
          "autorreferencia": 0,
          "divulgacao": 1
        },
        "nao_classificados": []
      },
      "/en/studies/evora-economia-investidores-portas-abertas-2026": {
        "total": 9,
        "distintas": 8,
        "por_classe": {
          "conteudo": 3,
          "navegacao": 5,
          "autorreferencia": 0,
          "divulgacao": 1
        },
        "nao_classificados": []
      },
      "/en/studies/evora-orcamentado-pago-devido-2025": {
        "total": 87,
        "distintas": 15,
        "por_classe": {
          "conteudo": 59,
          "navegacao": 27,
          "autorreferencia": 0,
          "divulgacao": 1
        },
        "nao_classificados": []
      },
      "/en/studies/evora-os-pelouros-quem-os-teve-o-que-fizeram": {
        "total": 9,
        "distintas": 8,
        "por_classe": {
          "conteudo": 3,
          "navegacao": 5,
          "autorreferencia": 0,
          "divulgacao": 1
        },
        "nao_classificados": []
      },
      "/en/studies/evora-prometido-pago-auditado-2026": {
        "total": 32,
        "distintas": 16,
        "por_classe": {
          "conteudo": 17,
          "navegacao": 14,
          "autorreferencia": 0,
          "divulgacao": 1
        },
        "nao_classificados": []
      },
      "/en/studies/evora-quinze-anos-cinco-mandatos": {
        "total": 9,
        "distintas": 8,
        "por_classe": {
          "conteudo": 3,
          "navegacao": 5,
          "autorreferencia": 0,
          "divulgacao": 1
        },
        "nao_classificados": []
      },
      "/en/studies/onde-esta-a-agua": {
        "total": 9,
        "distintas": 9,
        "por_classe": {
          "conteudo": 2,
          "navegacao": 6,
          "autorreferencia": 0,
          "divulgacao": 1
        },
        "nao_classificados": []
      },
      "/en/studies/penalizacoes-por-reforma-antecipada-2026": {
        "total": 9,
        "distintas": 8,
        "por_classe": {
          "conteudo": 3,
          "navegacao": 5,
          "autorreferencia": 0,
          "divulgacao": 1
        },
        "nao_classificados": []
      },
      "/en/studies/which-door-is-yours": {
        "total": 9,
        "distintas": 8,
        "por_classe": {
          "conteudo": 3,
          "navegacao": 5,
          "autorreferencia": 0,
          "divulgacao": 1
        },
        "nao_classificados": []
      },
      "/en/themes": {
        "total": 128,
        "distintas": 45,
        "por_classe": {
          "conteudo": 121,
          "navegacao": 6,
          "autorreferencia": 0,
          "divulgacao": 1
        },
        "nao_classificados": []
      },
      "/estudos": {
        "total": 14,
        "distintas": 13,
        "por_classe": {
          "conteudo": 8,
          "navegacao": 5,
          "autorreferencia": 0,
          "divulgacao": 1
        },
        "nao_classificados": []
      },
      "/estudos/agua-nao-faturada": {
        "total": 9,
        "distintas": 8,
        "por_classe": {
          "conteudo": 3,
          "navegacao": 5,
          "autorreferencia": 0,
          "divulgacao": 1
        },
        "nao_classificados": []
      },
      "/estudos/alentejo-algarve": {
        "total": 9,
        "distintas": 8,
        "por_classe": {
          "conteudo": 3,
          "navegacao": 5,
          "autorreferencia": 0,
          "divulgacao": 1
        },
        "nao_classificados": []
      },
      "/estudos/avaliacao-economica-regional-de-portugal-2026": {
        "total": 9,
        "distintas": 9,
        "por_classe": {
          "conteudo": 2,
          "navegacao": 6,
          "autorreferencia": 0,
          "divulgacao": 1
        },
        "nao_classificados": []
      },
      "/estudos/evolucao-de-portugal-desde-1981": {
        "total": 9,
        "distintas": 8,
        "por_classe": {
          "conteudo": 3,
          "navegacao": 5,
          "autorreferencia": 0,
          "divulgacao": 1
        },
        "nao_classificados": []
      },
      "/estudos/evora-2027-prometido-painel-dinheiro": {
        "total": 9,
        "distintas": 9,
        "por_classe": {
          "conteudo": 2,
          "navegacao": 6,
          "autorreferencia": 0,
          "divulgacao": 1
        },
        "nao_classificados": []
      },
      "/estudos/evora-economia-investidores-portas-abertas-2026": {
        "total": 43,
        "distintas": 15,
        "por_classe": {
          "conteudo": 26,
          "navegacao": 16,
          "autorreferencia": 0,
          "divulgacao": 1
        },
        "nao_classificados": []
      },
      "/estudos/evora-orcamentado-pago-devido-2025": {
        "total": 87,
        "distintas": 15,
        "por_classe": {
          "conteudo": 59,
          "navegacao": 27,
          "autorreferencia": 0,
          "divulgacao": 1
        },
        "nao_classificados": []
      },
      "/estudos/evora-os-pelouros-quem-os-teve-o-que-fizeram": {
        "total": 31,
        "distintas": 15,
        "por_classe": {
          "conteudo": 17,
          "navegacao": 13,
          "autorreferencia": 0,
          "divulgacao": 1
        },
        "nao_classificados": []
      },
      "/estudos/evora-prometido-pago-auditado-2026": {
        "total": 32,
        "distintas": 16,
        "por_classe": {
          "conteudo": 17,
          "navegacao": 14,
          "autorreferencia": 0,
          "divulgacao": 1
        },
        "nao_classificados": []
      },
      "/estudos/evora-quinze-anos-cinco-mandatos": {
        "total": 75,
        "distintas": 15,
        "por_classe": {
          "conteudo": 50,
          "navegacao": 24,
          "autorreferencia": 0,
          "divulgacao": 1
        },
        "nao_classificados": []
      },
      "/estudos/onde-esta-a-agua": {
        "total": 8,
        "distintas": 8,
        "por_classe": {
          "conteudo": 2,
          "navegacao": 5,
          "autorreferencia": 0,
          "divulgacao": 1
        },
        "nao_classificados": []
      },
      "/estudos/penalizacoes-por-reforma-antecipada-2026": {
        "total": 9,
        "distintas": 8,
        "por_classe": {
          "conteudo": 3,
          "navegacao": 5,
          "autorreferencia": 0,
          "divulgacao": 1
        },
        "nao_classificados": []
      },
      "/estudos/which-door-is-yours": {
        "total": 9,
        "distintas": 8,
        "por_classe": {
          "conteudo": 3,
          "navegacao": 5,
          "autorreferencia": 0,
          "divulgacao": 1
        },
        "nao_classificados": []
      },
      "/livro-razao": {
        "total": 26,
        "distintas": 22,
        "por_classe": {
          "conteudo": 9,
          "navegacao": 16,
          "autorreferencia": 0,
          "divulgacao": 1
        },
        "nao_classificados": []
      },
      "/livro-razao/concelhos": {
        "total": 44,
        "distintas": 44,
        "por_classe": {
          "conteudo": 35,
          "navegacao": 8,
          "autorreferencia": 0,
          "divulgacao": 1
        },
        "nao_classificados": []
      },
      "/livro-razao/concelhos/abrantes": {
        "total": 9,
        "distintas": 9,
        "por_classe": {
          "conteudo": 2,
          "navegacao": 6,
          "autorreferencia": 0,
          "divulgacao": 1
        },
        "nao_classificados": []
      },
      "/livro-razao/concelhos/agueda": {
        "total": 9,
        "distintas": 9,
        "por_classe": {
          "conteudo": 2,
          "navegacao": 6,
          "autorreferencia": 0,
          "divulgacao": 1
        },
        "nao_classificados": []
      },
      "/livro-razao/concelhos/aguiar-da-beira": {
        "total": 9,
        "distintas": 9,
        "por_classe": {
          "conteudo": 2,
          "navegacao": 6,
          "autorreferencia": 0,
          "divulgacao": 1
        },
        "nao_classificados": []
      },
      "/livro-razao/concelhos/alandroal": {
        "total": 9,
        "distintas": 9,
        "por_classe": {
          "conteudo": 2,
          "navegacao": 6,
          "autorreferencia": 0,
          "divulgacao": 1
        },
        "nao_classificados": []
      },
      "/livro-razao/concelhos/albergaria-a-velha": {
        "total": 9,
        "distintas": 9,
        "por_classe": {
          "conteudo": 2,
          "navegacao": 6,
          "autorreferencia": 0,
          "divulgacao": 1
        },
        "nao_classificados": []
      },
      "/livro-razao/concelhos/albufeira": {
        "total": 9,
        "distintas": 9,
        "por_classe": {
          "conteudo": 2,
          "navegacao": 6,
          "autorreferencia": 0,
          "divulgacao": 1
        },
        "nao_classificados": []
      },
      "/livro-razao/concelhos/alcacer-do-sal": {
        "total": 9,
        "distintas": 9,
        "por_classe": {
          "conteudo": 2,
          "navegacao": 6,
          "autorreferencia": 0,
          "divulgacao": 1
        },
        "nao_classificados": []
      },
      "/livro-razao/concelhos/alcanena": {
        "total": 9,
        "distintas": 9,
        "por_classe": {
          "conteudo": 2,
          "navegacao": 6,
          "autorreferencia": 0,
          "divulgacao": 1
        },
        "nao_classificados": []
      },
      "/livro-razao/concelhos/alcobaca": {
        "total": 9,
        "distintas": 9,
        "por_classe": {
          "conteudo": 2,
          "navegacao": 6,
          "autorreferencia": 0,
          "divulgacao": 1
        },
        "nao_classificados": []
      },
      "/livro-razao/concelhos/alcochete": {
        "total": 9,
        "distintas": 9,
        "por_classe": {
          "conteudo": 2,
          "navegacao": 6,
          "autorreferencia": 0,
          "divulgacao": 1
        },
        "nao_classificados": []
      },
      "/livro-razao/concelhos/alcoutim": {
        "total": 9,
        "distintas": 9,
        "por_classe": {
          "conteudo": 2,
          "navegacao": 6,
          "autorreferencia": 0,
          "divulgacao": 1
        },
        "nao_classificados": []
      },
      "/livro-razao/concelhos/alenquer": {
        "total": 9,
        "distintas": 9,
        "por_classe": {
          "conteudo": 2,
          "navegacao": 6,
          "autorreferencia": 0,
          "divulgacao": 1
        },
        "nao_classificados": []
      },
      "/livro-razao/concelhos/alfandega-da-fe": {
        "total": 9,
        "distintas": 9,
        "por_classe": {
          "conteudo": 2,
          "navegacao": 6,
          "autorreferencia": 0,
          "divulgacao": 1
        },
        "nao_classificados": []
      },
      "/livro-razao/concelhos/alijo": {
        "total": 9,
        "distintas": 9,
        "por_classe": {
          "conteudo": 2,
          "navegacao": 6,
          "autorreferencia": 0,
          "divulgacao": 1
        },
        "nao_classificados": []
      },
      "/livro-razao/concelhos/aljezur": {
        "total": 9,
        "distintas": 9,
        "por_classe": {
          "conteudo": 2,
          "navegacao": 6,
          "autorreferencia": 0,
          "divulgacao": 1
        },
        "nao_classificados": []
      },
      "/livro-razao/concelhos/aljustrel": {
        "total": 9,
        "distintas": 9,
        "por_classe": {
          "conteudo": 2,
          "navegacao": 6,
          "autorreferencia": 0,
          "divulgacao": 1
        },
        "nao_classificados": []
      },
      "/livro-razao/concelhos/almada": {
        "total": 9,
        "distintas": 9,
        "por_classe": {
          "conteudo": 2,
          "navegacao": 6,
          "autorreferencia": 0,
          "divulgacao": 1
        },
        "nao_classificados": []
      },
      "/livro-razao/concelhos/almeida": {
        "total": 9,
        "distintas": 9,
        "por_classe": {
          "conteudo": 2,
          "navegacao": 6,
          "autorreferencia": 0,
          "divulgacao": 1
        },
        "nao_classificados": []
      },
      "/livro-razao/concelhos/almeirim": {
        "total": 9,
        "distintas": 9,
        "por_classe": {
          "conteudo": 2,
          "navegacao": 6,
          "autorreferencia": 0,
          "divulgacao": 1
        },
        "nao_classificados": []
      },
      "/livro-razao/concelhos/almodovar": {
        "total": 9,
        "distintas": 9,
        "por_classe": {
          "conteudo": 2,
          "navegacao": 6,
          "autorreferencia": 0,
          "divulgacao": 1
        },
        "nao_classificados": []
      },
      "/livro-razao/concelhos/alpiarca": {
        "total": 9,
        "distintas": 9,
        "por_classe": {
          "conteudo": 2,
          "navegacao": 6,
          "autorreferencia": 0,
          "divulgacao": 1
        },
        "nao_classificados": []
      },
      "/livro-razao/concelhos/alter-do-chao": {
        "total": 9,
        "distintas": 9,
        "por_classe": {
          "conteudo": 2,
          "navegacao": 6,
          "autorreferencia": 0,
          "divulgacao": 1
        },
        "nao_classificados": []
      },
      "/livro-razao/concelhos/alvaiazere": {
        "total": 9,
        "distintas": 9,
        "por_classe": {
          "conteudo": 2,
          "navegacao": 6,
          "autorreferencia": 0,
          "divulgacao": 1
        },
        "nao_classificados": []
      },
      "/livro-razao/concelhos/alvito": {
        "total": 9,
        "distintas": 9,
        "por_classe": {
          "conteudo": 2,
          "navegacao": 6,
          "autorreferencia": 0,
          "divulgacao": 1
        },
        "nao_classificados": []
      },
      "/livro-razao/concelhos/amadora": {
        "total": 9,
        "distintas": 9,
        "por_classe": {
          "conteudo": 2,
          "navegacao": 6,
          "autorreferencia": 0,
          "divulgacao": 1
        },
        "nao_classificados": []
      },
      "/livro-razao/concelhos/amarante": {
        "total": 9,
        "distintas": 9,
        "por_classe": {
          "conteudo": 2,
          "navegacao": 6,
          "autorreferencia": 0,
          "divulgacao": 1
        },
        "nao_classificados": []
      },
      "/livro-razao/concelhos/amares": {
        "total": 9,
        "distintas": 9,
        "por_classe": {
          "conteudo": 2,
          "navegacao": 6,
          "autorreferencia": 0,
          "divulgacao": 1
        },
        "nao_classificados": []
      },
      "/livro-razao/concelhos/anadia": {
        "total": 9,
        "distintas": 9,
        "por_classe": {
          "conteudo": 2,
          "navegacao": 6,
          "autorreferencia": 0,
          "divulgacao": 1
        },
        "nao_classificados": []
      },
      "/livro-razao/concelhos/angra-do-heroismo": {
        "total": 9,
        "distintas": 9,
        "por_classe": {
          "conteudo": 2,
          "navegacao": 6,
          "autorreferencia": 0,
          "divulgacao": 1
        },
        "nao_classificados": []
      },
      "/livro-razao/concelhos/ansiao": {
        "total": 9,
        "distintas": 9,
        "por_classe": {
          "conteudo": 2,
          "navegacao": 6,
          "autorreferencia": 0,
          "divulgacao": 1
        },
        "nao_classificados": []
      },
      "/livro-razao/concelhos/arcos-de-valdevez": {
        "total": 9,
        "distintas": 9,
        "por_classe": {
          "conteudo": 2,
          "navegacao": 6,
          "autorreferencia": 0,
          "divulgacao": 1
        },
        "nao_classificados": []
      },
      "/livro-razao/concelhos/arganil": {
        "total": 9,
        "distintas": 9,
        "por_classe": {
          "conteudo": 2,
          "navegacao": 6,
          "autorreferencia": 0,
          "divulgacao": 1
        },
        "nao_classificados": []
      },
      "/livro-razao/concelhos/armamar": {
        "total": 9,
        "distintas": 9,
        "por_classe": {
          "conteudo": 2,
          "navegacao": 6,
          "autorreferencia": 0,
          "divulgacao": 1
        },
        "nao_classificados": []
      },
      "/livro-razao/concelhos/arouca": {
        "total": 9,
        "distintas": 9,
        "por_classe": {
          "conteudo": 2,
          "navegacao": 6,
          "autorreferencia": 0,
          "divulgacao": 1
        },
        "nao_classificados": []
      },
      "/livro-razao/concelhos/arraiolos": {
        "total": 9,
        "distintas": 9,
        "por_classe": {
          "conteudo": 2,
          "navegacao": 6,
          "autorreferencia": 0,
          "divulgacao": 1
        },
        "nao_classificados": []
      },
      "/livro-razao/concelhos/arronches": {
        "total": 9,
        "distintas": 9,
        "por_classe": {
          "conteudo": 2,
          "navegacao": 6,
          "autorreferencia": 0,
          "divulgacao": 1
        },
        "nao_classificados": []
      },
      "/livro-razao/concelhos/arruda-dos-vinhos": {
        "total": 9,
        "distintas": 9,
        "por_classe": {
          "conteudo": 2,
          "navegacao": 6,
          "autorreferencia": 0,
          "divulgacao": 1
        },
        "nao_classificados": []
      },
      "/livro-razao/concelhos/aveiro": {
        "total": 9,
        "distintas": 9,
        "por_classe": {
          "conteudo": 2,
          "navegacao": 6,
          "autorreferencia": 0,
          "divulgacao": 1
        },
        "nao_classificados": []
      },
      "/livro-razao/concelhos/avis": {
        "total": 9,
        "distintas": 9,
        "por_classe": {
          "conteudo": 2,
          "navegacao": 6,
          "autorreferencia": 0,
          "divulgacao": 1
        },
        "nao_classificados": []
      },
      "/livro-razao/concelhos/azambuja": {
        "total": 9,
        "distintas": 9,
        "por_classe": {
          "conteudo": 2,
          "navegacao": 6,
          "autorreferencia": 0,
          "divulgacao": 1
        },
        "nao_classificados": []
      },
      "/livro-razao/concelhos/baiao": {
        "total": 9,
        "distintas": 9,
        "por_classe": {
          "conteudo": 2,
          "navegacao": 6,
          "autorreferencia": 0,
          "divulgacao": 1
        },
        "nao_classificados": []
      },
      "/livro-razao/concelhos/barcelos": {
        "total": 9,
        "distintas": 9,
        "por_classe": {
          "conteudo": 2,
          "navegacao": 6,
          "autorreferencia": 0,
          "divulgacao": 1
        },
        "nao_classificados": []
      },
      "/livro-razao/concelhos/barrancos": {
        "total": 9,
        "distintas": 9,
        "por_classe": {
          "conteudo": 2,
          "navegacao": 6,
          "autorreferencia": 0,
          "divulgacao": 1
        },
        "nao_classificados": []
      },
      "/livro-razao/concelhos/barreiro": {
        "total": 9,
        "distintas": 9,
        "por_classe": {
          "conteudo": 2,
          "navegacao": 6,
          "autorreferencia": 0,
          "divulgacao": 1
        },
        "nao_classificados": []
      },
      "/livro-razao/concelhos/batalha": {
        "total": 9,
        "distintas": 9,
        "por_classe": {
          "conteudo": 2,
          "navegacao": 6,
          "autorreferencia": 0,
          "divulgacao": 1
        },
        "nao_classificados": []
      },
      "/livro-razao/concelhos/beja": {
        "total": 9,
        "distintas": 9,
        "por_classe": {
          "conteudo": 2,
          "navegacao": 6,
          "autorreferencia": 0,
          "divulgacao": 1
        },
        "nao_classificados": []
      },
      "/livro-razao/concelhos/belmonte": {
        "total": 9,
        "distintas": 9,
        "por_classe": {
          "conteudo": 2,
          "navegacao": 6,
          "autorreferencia": 0,
          "divulgacao": 1
        },
        "nao_classificados": []
      },
      "/livro-razao/concelhos/benavente": {
        "total": 9,
        "distintas": 9,
        "por_classe": {
          "conteudo": 2,
          "navegacao": 6,
          "autorreferencia": 0,
          "divulgacao": 1
        },
        "nao_classificados": []
      },
      "/livro-razao/concelhos/bombarral": {
        "total": 9,
        "distintas": 9,
        "por_classe": {
          "conteudo": 2,
          "navegacao": 6,
          "autorreferencia": 0,
          "divulgacao": 1
        },
        "nao_classificados": []
      },
      "/livro-razao/concelhos/borba": {
        "total": 9,
        "distintas": 9,
        "por_classe": {
          "conteudo": 2,
          "navegacao": 6,
          "autorreferencia": 0,
          "divulgacao": 1
        },
        "nao_classificados": []
      },
      "/livro-razao/concelhos/boticas": {
        "total": 9,
        "distintas": 9,
        "por_classe": {
          "conteudo": 2,
          "navegacao": 6,
          "autorreferencia": 0,
          "divulgacao": 1
        },
        "nao_classificados": []
      },
      "/livro-razao/concelhos/braga": {
        "total": 9,
        "distintas": 9,
        "por_classe": {
          "conteudo": 2,
          "navegacao": 6,
          "autorreferencia": 0,
          "divulgacao": 1
        },
        "nao_classificados": []
      },
      "/livro-razao/concelhos/braganca": {
        "total": 9,
        "distintas": 9,
        "por_classe": {
          "conteudo": 2,
          "navegacao": 6,
          "autorreferencia": 0,
          "divulgacao": 1
        },
        "nao_classificados": []
      },
      "/livro-razao/concelhos/cabeceiras-de-basto": {
        "total": 9,
        "distintas": 9,
        "por_classe": {
          "conteudo": 2,
          "navegacao": 6,
          "autorreferencia": 0,
          "divulgacao": 1
        },
        "nao_classificados": []
      },
      "/livro-razao/concelhos/cadaval": {
        "total": 9,
        "distintas": 9,
        "por_classe": {
          "conteudo": 2,
          "navegacao": 6,
          "autorreferencia": 0,
          "divulgacao": 1
        },
        "nao_classificados": []
      },
      "/livro-razao/concelhos/caldas-da-rainha": {
        "total": 9,
        "distintas": 9,
        "por_classe": {
          "conteudo": 2,
          "navegacao": 6,
          "autorreferencia": 0,
          "divulgacao": 1
        },
        "nao_classificados": []
      },
      "/livro-razao/concelhos/calheta": {
        "total": 9,
        "distintas": 9,
        "por_classe": {
          "conteudo": 2,
          "navegacao": 6,
          "autorreferencia": 0,
          "divulgacao": 1
        },
        "nao_classificados": []
      },
      "/livro-razao/concelhos/calheta-de-sao-jorge": {
        "total": 9,
        "distintas": 9,
        "por_classe": {
          "conteudo": 2,
          "navegacao": 6,
          "autorreferencia": 0,
          "divulgacao": 1
        },
        "nao_classificados": []
      },
      "/livro-razao/concelhos/camara-de-lobos": {
        "total": 9,
        "distintas": 9,
        "por_classe": {
          "conteudo": 2,
          "navegacao": 6,
          "autorreferencia": 0,
          "divulgacao": 1
        },
        "nao_classificados": []
      },
      "/livro-razao/concelhos/caminha": {
        "total": 9,
        "distintas": 9,
        "por_classe": {
          "conteudo": 2,
          "navegacao": 6,
          "autorreferencia": 0,
          "divulgacao": 1
        },
        "nao_classificados": []
      },
      "/livro-razao/concelhos/campo-maior": {
        "total": 9,
        "distintas": 9,
        "por_classe": {
          "conteudo": 2,
          "navegacao": 6,
          "autorreferencia": 0,
          "divulgacao": 1
        },
        "nao_classificados": []
      },
      "/livro-razao/concelhos/cantanhede": {
        "total": 9,
        "distintas": 9,
        "por_classe": {
          "conteudo": 2,
          "navegacao": 6,
          "autorreferencia": 0,
          "divulgacao": 1
        },
        "nao_classificados": []
      },
      "/livro-razao/concelhos/carrazeda-de-ansiaes": {
        "total": 9,
        "distintas": 9,
        "por_classe": {
          "conteudo": 2,
          "navegacao": 6,
          "autorreferencia": 0,
          "divulgacao": 1
        },
        "nao_classificados": []
      },
      "/livro-razao/concelhos/carregal-do-sal": {
        "total": 9,
        "distintas": 9,
        "por_classe": {
          "conteudo": 2,
          "navegacao": 6,
          "autorreferencia": 0,
          "divulgacao": 1
        },
        "nao_classificados": []
      },
      "/livro-razao/concelhos/cartaxo": {
        "total": 9,
        "distintas": 9,
        "por_classe": {
          "conteudo": 2,
          "navegacao": 6,
          "autorreferencia": 0,
          "divulgacao": 1
        },
        "nao_classificados": []
      },
      "/livro-razao/concelhos/cascais": {
        "total": 9,
        "distintas": 9,
        "por_classe": {
          "conteudo": 2,
          "navegacao": 6,
          "autorreferencia": 0,
          "divulgacao": 1
        },
        "nao_classificados": []
      },
      "/livro-razao/concelhos/castanheira-de-pera": {
        "total": 9,
        "distintas": 9,
        "por_classe": {
          "conteudo": 2,
          "navegacao": 6,
          "autorreferencia": 0,
          "divulgacao": 1
        },
        "nao_classificados": []
      },
      "/livro-razao/concelhos/castelo-branco": {
        "total": 9,
        "distintas": 9,
        "por_classe": {
          "conteudo": 2,
          "navegacao": 6,
          "autorreferencia": 0,
          "divulgacao": 1
        },
        "nao_classificados": []
      },
      "/livro-razao/concelhos/castelo-de-paiva": {
        "total": 9,
        "distintas": 9,
        "por_classe": {
          "conteudo": 2,
          "navegacao": 6,
          "autorreferencia": 0,
          "divulgacao": 1
        },
        "nao_classificados": []
      },
      "/livro-razao/concelhos/castelo-de-vide": {
        "total": 9,
        "distintas": 9,
        "por_classe": {
          "conteudo": 2,
          "navegacao": 6,
          "autorreferencia": 0,
          "divulgacao": 1
        },
        "nao_classificados": []
      },
      "/livro-razao/concelhos/castro-daire": {
        "total": 9,
        "distintas": 9,
        "por_classe": {
          "conteudo": 2,
          "navegacao": 6,
          "autorreferencia": 0,
          "divulgacao": 1
        },
        "nao_classificados": []
      },
      "/livro-razao/concelhos/castro-marim": {
        "total": 9,
        "distintas": 9,
        "por_classe": {
          "conteudo": 2,
          "navegacao": 6,
          "autorreferencia": 0,
          "divulgacao": 1
        },
        "nao_classificados": []
      },
      "/livro-razao/concelhos/castro-verde": {
        "total": 9,
        "distintas": 9,
        "por_classe": {
          "conteudo": 2,
          "navegacao": 6,
          "autorreferencia": 0,
          "divulgacao": 1
        },
        "nao_classificados": []
      },
      "/livro-razao/concelhos/celorico-da-beira": {
        "total": 9,
        "distintas": 9,
        "por_classe": {
          "conteudo": 2,
          "navegacao": 6,
          "autorreferencia": 0,
          "divulgacao": 1
        },
        "nao_classificados": []
      },
      "/livro-razao/concelhos/celorico-de-basto": {
        "total": 9,
        "distintas": 9,
        "por_classe": {
          "conteudo": 2,
          "navegacao": 6,
          "autorreferencia": 0,
          "divulgacao": 1
        },
        "nao_classificados": []
      },
      "/livro-razao/concelhos/chamusca": {
        "total": 9,
        "distintas": 9,
        "por_classe": {
          "conteudo": 2,
          "navegacao": 6,
          "autorreferencia": 0,
          "divulgacao": 1
        },
        "nao_classificados": []
      },
      "/livro-razao/concelhos/chaves": {
        "total": 9,
        "distintas": 9,
        "por_classe": {
          "conteudo": 2,
          "navegacao": 6,
          "autorreferencia": 0,
          "divulgacao": 1
        },
        "nao_classificados": []
      },
      "/livro-razao/concelhos/cinfaes": {
        "total": 9,
        "distintas": 9,
        "por_classe": {
          "conteudo": 2,
          "navegacao": 6,
          "autorreferencia": 0,
          "divulgacao": 1
        },
        "nao_classificados": []
      },
      "/livro-razao/concelhos/coimbra": {
        "total": 9,
        "distintas": 9,
        "por_classe": {
          "conteudo": 2,
          "navegacao": 6,
          "autorreferencia": 0,
          "divulgacao": 1
        },
        "nao_classificados": []
      },
      "/livro-razao/concelhos/condeixa-a-nova": {
        "total": 9,
        "distintas": 9,
        "por_classe": {
          "conteudo": 2,
          "navegacao": 6,
          "autorreferencia": 0,
          "divulgacao": 1
        },
        "nao_classificados": []
      },
      "/livro-razao/concelhos/constancia": {
        "total": 9,
        "distintas": 9,
        "por_classe": {
          "conteudo": 2,
          "navegacao": 6,
          "autorreferencia": 0,
          "divulgacao": 1
        },
        "nao_classificados": []
      },
      "/livro-razao/concelhos/coruche": {
        "total": 9,
        "distintas": 9,
        "por_classe": {
          "conteudo": 2,
          "navegacao": 6,
          "autorreferencia": 0,
          "divulgacao": 1
        },
        "nao_classificados": []
      },
      "/livro-razao/concelhos/corvo": {
        "total": 9,
        "distintas": 9,
        "por_classe": {
          "conteudo": 2,
          "navegacao": 6,
          "autorreferencia": 0,
          "divulgacao": 1
        },
        "nao_classificados": []
      },
      "/livro-razao/concelhos/covilha": {
        "total": 9,
        "distintas": 9,
        "por_classe": {
          "conteudo": 2,
          "navegacao": 6,
          "autorreferencia": 0,
          "divulgacao": 1
        },
        "nao_classificados": []
      },
      "/livro-razao/concelhos/crato": {
        "total": 9,
        "distintas": 9,
        "por_classe": {
          "conteudo": 2,
          "navegacao": 6,
          "autorreferencia": 0,
          "divulgacao": 1
        },
        "nao_classificados": []
      },
      "/livro-razao/concelhos/cuba": {
        "total": 9,
        "distintas": 9,
        "por_classe": {
          "conteudo": 2,
          "navegacao": 6,
          "autorreferencia": 0,
          "divulgacao": 1
        },
        "nao_classificados": []
      },
      "/livro-razao/concelhos/elvas": {
        "total": 9,
        "distintas": 9,
        "por_classe": {
          "conteudo": 2,
          "navegacao": 6,
          "autorreferencia": 0,
          "divulgacao": 1
        },
        "nao_classificados": []
      },
      "/livro-razao/concelhos/entroncamento": {
        "total": 9,
        "distintas": 9,
        "por_classe": {
          "conteudo": 2,
          "navegacao": 6,
          "autorreferencia": 0,
          "divulgacao": 1
        },
        "nao_classificados": []
      },
      "/livro-razao/concelhos/espinho": {
        "total": 9,
        "distintas": 9,
        "por_classe": {
          "conteudo": 2,
          "navegacao": 6,
          "autorreferencia": 0,
          "divulgacao": 1
        },
        "nao_classificados": []
      },
      "/livro-razao/concelhos/esposende": {
        "total": 9,
        "distintas": 9,
        "por_classe": {
          "conteudo": 2,
          "navegacao": 6,
          "autorreferencia": 0,
          "divulgacao": 1
        },
        "nao_classificados": []
      },
      "/livro-razao/concelhos/estarreja": {
        "total": 9,
        "distintas": 9,
        "por_classe": {
          "conteudo": 2,
          "navegacao": 6,
          "autorreferencia": 0,
          "divulgacao": 1
        },
        "nao_classificados": []
      },
      "/livro-razao/concelhos/estremoz": {
        "total": 9,
        "distintas": 9,
        "por_classe": {
          "conteudo": 2,
          "navegacao": 6,
          "autorreferencia": 0,
          "divulgacao": 1
        },
        "nao_classificados": []
      },
      "/livro-razao/concelhos/evora": {
        "total": 9,
        "distintas": 9,
        "por_classe": {
          "conteudo": 2,
          "navegacao": 6,
          "autorreferencia": 0,
          "divulgacao": 1
        },
        "nao_classificados": []
      },
      "/livro-razao/concelhos/fafe": {
        "total": 9,
        "distintas": 9,
        "por_classe": {
          "conteudo": 2,
          "navegacao": 6,
          "autorreferencia": 0,
          "divulgacao": 1
        },
        "nao_classificados": []
      },
      "/livro-razao/concelhos/faro": {
        "total": 9,
        "distintas": 9,
        "por_classe": {
          "conteudo": 2,
          "navegacao": 6,
          "autorreferencia": 0,
          "divulgacao": 1
        },
        "nao_classificados": []
      },
      "/livro-razao/concelhos/felgueiras": {
        "total": 9,
        "distintas": 9,
        "por_classe": {
          "conteudo": 2,
          "navegacao": 6,
          "autorreferencia": 0,
          "divulgacao": 1
        },
        "nao_classificados": []
      },
      "/livro-razao/concelhos/ferreira-do-alentejo": {
        "total": 9,
        "distintas": 9,
        "por_classe": {
          "conteudo": 2,
          "navegacao": 6,
          "autorreferencia": 0,
          "divulgacao": 1
        },
        "nao_classificados": []
      },
      "/livro-razao/concelhos/ferreira-do-zezere": {
        "total": 9,
        "distintas": 9,
        "por_classe": {
          "conteudo": 2,
          "navegacao": 6,
          "autorreferencia": 0,
          "divulgacao": 1
        },
        "nao_classificados": []
      },
      "/livro-razao/concelhos/figueira-da-foz": {
        "total": 9,
        "distintas": 9,
        "por_classe": {
          "conteudo": 2,
          "navegacao": 6,
          "autorreferencia": 0,
          "divulgacao": 1
        },
        "nao_classificados": []
      },
      "/livro-razao/concelhos/figueira-de-castelo-rodrigo": {
        "total": 9,
        "distintas": 9,
        "por_classe": {
          "conteudo": 2,
          "navegacao": 6,
          "autorreferencia": 0,
          "divulgacao": 1
        },
        "nao_classificados": []
      },
      "/livro-razao/concelhos/figueiro-dos-vinhos": {
        "total": 9,
        "distintas": 9,
        "por_classe": {
          "conteudo": 2,
          "navegacao": 6,
          "autorreferencia": 0,
          "divulgacao": 1
        },
        "nao_classificados": []
      },
      "/livro-razao/concelhos/fornos-de-algodres": {
        "total": 9,
        "distintas": 9,
        "por_classe": {
          "conteudo": 2,
          "navegacao": 6,
          "autorreferencia": 0,
          "divulgacao": 1
        },
        "nao_classificados": []
      },
      "/livro-razao/concelhos/freixo-de-espada-a-cinta": {
        "total": 9,
        "distintas": 9,
        "por_classe": {
          "conteudo": 2,
          "navegacao": 6,
          "autorreferencia": 0,
          "divulgacao": 1
        },
        "nao_classificados": []
      },
      "/livro-razao/concelhos/fronteira": {
        "total": 9,
        "distintas": 9,
        "por_classe": {
          "conteudo": 2,
          "navegacao": 6,
          "autorreferencia": 0,
          "divulgacao": 1
        },
        "nao_classificados": []
      },
      "/livro-razao/concelhos/funchal": {
        "total": 9,
        "distintas": 9,
        "por_classe": {
          "conteudo": 2,
          "navegacao": 6,
          "autorreferencia": 0,
          "divulgacao": 1
        },
        "nao_classificados": []
      },
      "/livro-razao/concelhos/fundao": {
        "total": 9,
        "distintas": 9,
        "por_classe": {
          "conteudo": 2,
          "navegacao": 6,
          "autorreferencia": 0,
          "divulgacao": 1
        },
        "nao_classificados": []
      },
      "/livro-razao/concelhos/gaviao": {
        "total": 9,
        "distintas": 9,
        "por_classe": {
          "conteudo": 2,
          "navegacao": 6,
          "autorreferencia": 0,
          "divulgacao": 1
        },
        "nao_classificados": []
      },
      "/livro-razao/concelhos/gois": {
        "total": 9,
        "distintas": 9,
        "por_classe": {
          "conteudo": 2,
          "navegacao": 6,
          "autorreferencia": 0,
          "divulgacao": 1
        },
        "nao_classificados": []
      },
      "/livro-razao/concelhos/golega": {
        "total": 9,
        "distintas": 9,
        "por_classe": {
          "conteudo": 2,
          "navegacao": 6,
          "autorreferencia": 0,
          "divulgacao": 1
        },
        "nao_classificados": []
      },
      "/livro-razao/concelhos/gondomar": {
        "total": 9,
        "distintas": 9,
        "por_classe": {
          "conteudo": 2,
          "navegacao": 6,
          "autorreferencia": 0,
          "divulgacao": 1
        },
        "nao_classificados": []
      },
      "/livro-razao/concelhos/gouveia": {
        "total": 9,
        "distintas": 9,
        "por_classe": {
          "conteudo": 2,
          "navegacao": 6,
          "autorreferencia": 0,
          "divulgacao": 1
        },
        "nao_classificados": []
      },
      "/livro-razao/concelhos/grandola": {
        "total": 9,
        "distintas": 9,
        "por_classe": {
          "conteudo": 2,
          "navegacao": 6,
          "autorreferencia": 0,
          "divulgacao": 1
        },
        "nao_classificados": []
      },
      "/livro-razao/concelhos/guarda": {
        "total": 9,
        "distintas": 9,
        "por_classe": {
          "conteudo": 2,
          "navegacao": 6,
          "autorreferencia": 0,
          "divulgacao": 1
        },
        "nao_classificados": []
      },
      "/livro-razao/concelhos/guimaraes": {
        "total": 9,
        "distintas": 9,
        "por_classe": {
          "conteudo": 2,
          "navegacao": 6,
          "autorreferencia": 0,
          "divulgacao": 1
        },
        "nao_classificados": []
      },
      "/livro-razao/concelhos/horta": {
        "total": 9,
        "distintas": 9,
        "por_classe": {
          "conteudo": 2,
          "navegacao": 6,
          "autorreferencia": 0,
          "divulgacao": 1
        },
        "nao_classificados": []
      },
      "/livro-razao/concelhos/idanha-a-nova": {
        "total": 9,
        "distintas": 9,
        "por_classe": {
          "conteudo": 2,
          "navegacao": 6,
          "autorreferencia": 0,
          "divulgacao": 1
        },
        "nao_classificados": []
      },
      "/livro-razao/concelhos/ilhavo": {
        "total": 9,
        "distintas": 9,
        "por_classe": {
          "conteudo": 2,
          "navegacao": 6,
          "autorreferencia": 0,
          "divulgacao": 1
        },
        "nao_classificados": []
      },
      "/livro-razao/concelhos/lagoa-faro": {
        "total": 9,
        "distintas": 9,
        "por_classe": {
          "conteudo": 2,
          "navegacao": 6,
          "autorreferencia": 0,
          "divulgacao": 1
        },
        "nao_classificados": []
      },
      "/livro-razao/concelhos/lagoa-ilha-de-sao-miguel": {
        "total": 9,
        "distintas": 9,
        "por_classe": {
          "conteudo": 2,
          "navegacao": 6,
          "autorreferencia": 0,
          "divulgacao": 1
        },
        "nao_classificados": []
      },
      "/livro-razao/concelhos/lagos": {
        "total": 9,
        "distintas": 9,
        "por_classe": {
          "conteudo": 2,
          "navegacao": 6,
          "autorreferencia": 0,
          "divulgacao": 1
        },
        "nao_classificados": []
      },
      "/livro-razao/concelhos/lajes-das-flores": {
        "total": 9,
        "distintas": 9,
        "por_classe": {
          "conteudo": 2,
          "navegacao": 6,
          "autorreferencia": 0,
          "divulgacao": 1
        },
        "nao_classificados": []
      },
      "/livro-razao/concelhos/lajes-do-pico": {
        "total": 9,
        "distintas": 9,
        "por_classe": {
          "conteudo": 2,
          "navegacao": 6,
          "autorreferencia": 0,
          "divulgacao": 1
        },
        "nao_classificados": []
      },
      "/livro-razao/concelhos/lamego": {
        "total": 9,
        "distintas": 9,
        "por_classe": {
          "conteudo": 2,
          "navegacao": 6,
          "autorreferencia": 0,
          "divulgacao": 1
        },
        "nao_classificados": []
      },
      "/livro-razao/concelhos/leiria": {
        "total": 9,
        "distintas": 9,
        "por_classe": {
          "conteudo": 2,
          "navegacao": 6,
          "autorreferencia": 0,
          "divulgacao": 1
        },
        "nao_classificados": []
      },
      "/livro-razao/concelhos/lisboa": {
        "total": 9,
        "distintas": 9,
        "por_classe": {
          "conteudo": 2,
          "navegacao": 6,
          "autorreferencia": 0,
          "divulgacao": 1
        },
        "nao_classificados": []
      },
      "/livro-razao/concelhos/loule": {
        "total": 9,
        "distintas": 9,
        "por_classe": {
          "conteudo": 2,
          "navegacao": 6,
          "autorreferencia": 0,
          "divulgacao": 1
        },
        "nao_classificados": []
      },
      "/livro-razao/concelhos/loures": {
        "total": 9,
        "distintas": 9,
        "por_classe": {
          "conteudo": 2,
          "navegacao": 6,
          "autorreferencia": 0,
          "divulgacao": 1
        },
        "nao_classificados": []
      },
      "/livro-razao/concelhos/lourinha": {
        "total": 9,
        "distintas": 9,
        "por_classe": {
          "conteudo": 2,
          "navegacao": 6,
          "autorreferencia": 0,
          "divulgacao": 1
        },
        "nao_classificados": []
      },
      "/livro-razao/concelhos/lousa": {
        "total": 9,
        "distintas": 9,
        "por_classe": {
          "conteudo": 2,
          "navegacao": 6,
          "autorreferencia": 0,
          "divulgacao": 1
        },
        "nao_classificados": []
      },
      "/livro-razao/concelhos/lousada": {
        "total": 9,
        "distintas": 9,
        "por_classe": {
          "conteudo": 2,
          "navegacao": 6,
          "autorreferencia": 0,
          "divulgacao": 1
        },
        "nao_classificados": []
      },
      "/livro-razao/concelhos/macao": {
        "total": 9,
        "distintas": 9,
        "por_classe": {
          "conteudo": 2,
          "navegacao": 6,
          "autorreferencia": 0,
          "divulgacao": 1
        },
        "nao_classificados": []
      },
      "/livro-razao/concelhos/macedo-de-cavaleiros": {
        "total": 9,
        "distintas": 9,
        "por_classe": {
          "conteudo": 2,
          "navegacao": 6,
          "autorreferencia": 0,
          "divulgacao": 1
        },
        "nao_classificados": []
      },
      "/livro-razao/concelhos/machico": {
        "total": 9,
        "distintas": 9,
        "por_classe": {
          "conteudo": 2,
          "navegacao": 6,
          "autorreferencia": 0,
          "divulgacao": 1
        },
        "nao_classificados": []
      },
      "/livro-razao/concelhos/madalena": {
        "total": 9,
        "distintas": 9,
        "por_classe": {
          "conteudo": 2,
          "navegacao": 6,
          "autorreferencia": 0,
          "divulgacao": 1
        },
        "nao_classificados": []
      },
      "/livro-razao/concelhos/mafra": {
        "total": 9,
        "distintas": 9,
        "por_classe": {
          "conteudo": 2,
          "navegacao": 6,
          "autorreferencia": 0,
          "divulgacao": 1
        },
        "nao_classificados": []
      },
      "/livro-razao/concelhos/maia": {
        "total": 9,
        "distintas": 9,
        "por_classe": {
          "conteudo": 2,
          "navegacao": 6,
          "autorreferencia": 0,
          "divulgacao": 1
        },
        "nao_classificados": []
      },
      "/livro-razao/concelhos/mangualde": {
        "total": 9,
        "distintas": 9,
        "por_classe": {
          "conteudo": 2,
          "navegacao": 6,
          "autorreferencia": 0,
          "divulgacao": 1
        },
        "nao_classificados": []
      },
      "/livro-razao/concelhos/manteigas": {
        "total": 9,
        "distintas": 9,
        "por_classe": {
          "conteudo": 2,
          "navegacao": 6,
          "autorreferencia": 0,
          "divulgacao": 1
        },
        "nao_classificados": []
      },
      "/livro-razao/concelhos/marco-de-canaveses": {
        "total": 9,
        "distintas": 9,
        "por_classe": {
          "conteudo": 2,
          "navegacao": 6,
          "autorreferencia": 0,
          "divulgacao": 1
        },
        "nao_classificados": []
      },
      "/livro-razao/concelhos/marinha-grande": {
        "total": 9,
        "distintas": 9,
        "por_classe": {
          "conteudo": 2,
          "navegacao": 6,
          "autorreferencia": 0,
          "divulgacao": 1
        },
        "nao_classificados": []
      },
      "/livro-razao/concelhos/marvao": {
        "total": 9,
        "distintas": 9,
        "por_classe": {
          "conteudo": 2,
          "navegacao": 6,
          "autorreferencia": 0,
          "divulgacao": 1
        },
        "nao_classificados": []
      },
      "/livro-razao/concelhos/matosinhos": {
        "total": 9,
        "distintas": 9,
        "por_classe": {
          "conteudo": 2,
          "navegacao": 6,
          "autorreferencia": 0,
          "divulgacao": 1
        },
        "nao_classificados": []
      },
      "/livro-razao/concelhos/mealhada": {
        "total": 9,
        "distintas": 9,
        "por_classe": {
          "conteudo": 2,
          "navegacao": 6,
          "autorreferencia": 0,
          "divulgacao": 1
        },
        "nao_classificados": []
      },
      "/livro-razao/concelhos/meda": {
        "total": 9,
        "distintas": 9,
        "por_classe": {
          "conteudo": 2,
          "navegacao": 6,
          "autorreferencia": 0,
          "divulgacao": 1
        },
        "nao_classificados": []
      },
      "/livro-razao/concelhos/melgaco": {
        "total": 9,
        "distintas": 9,
        "por_classe": {
          "conteudo": 2,
          "navegacao": 6,
          "autorreferencia": 0,
          "divulgacao": 1
        },
        "nao_classificados": []
      },
      "/livro-razao/concelhos/mertola": {
        "total": 9,
        "distintas": 9,
        "por_classe": {
          "conteudo": 2,
          "navegacao": 6,
          "autorreferencia": 0,
          "divulgacao": 1
        },
        "nao_classificados": []
      },
      "/livro-razao/concelhos/mesao-frio": {
        "total": 9,
        "distintas": 9,
        "por_classe": {
          "conteudo": 2,
          "navegacao": 6,
          "autorreferencia": 0,
          "divulgacao": 1
        },
        "nao_classificados": []
      },
      "/livro-razao/concelhos/mira": {
        "total": 9,
        "distintas": 9,
        "por_classe": {
          "conteudo": 2,
          "navegacao": 6,
          "autorreferencia": 0,
          "divulgacao": 1
        },
        "nao_classificados": []
      },
      "/livro-razao/concelhos/miranda-do-corvo": {
        "total": 9,
        "distintas": 9,
        "por_classe": {
          "conteudo": 2,
          "navegacao": 6,
          "autorreferencia": 0,
          "divulgacao": 1
        },
        "nao_classificados": []
      },
      "/livro-razao/concelhos/miranda-do-douro": {
        "total": 9,
        "distintas": 9,
        "por_classe": {
          "conteudo": 2,
          "navegacao": 6,
          "autorreferencia": 0,
          "divulgacao": 1
        },
        "nao_classificados": []
      },
      "/livro-razao/concelhos/mirandela": {
        "total": 9,
        "distintas": 9,
        "por_classe": {
          "conteudo": 2,
          "navegacao": 6,
          "autorreferencia": 0,
          "divulgacao": 1
        },
        "nao_classificados": []
      },
      "/livro-razao/concelhos/mogadouro": {
        "total": 9,
        "distintas": 9,
        "por_classe": {
          "conteudo": 2,
          "navegacao": 6,
          "autorreferencia": 0,
          "divulgacao": 1
        },
        "nao_classificados": []
      },
      "/livro-razao/concelhos/moimenta-da-beira": {
        "total": 9,
        "distintas": 9,
        "por_classe": {
          "conteudo": 2,
          "navegacao": 6,
          "autorreferencia": 0,
          "divulgacao": 1
        },
        "nao_classificados": []
      },
      "/livro-razao/concelhos/moita": {
        "total": 9,
        "distintas": 9,
        "por_classe": {
          "conteudo": 2,
          "navegacao": 6,
          "autorreferencia": 0,
          "divulgacao": 1
        },
        "nao_classificados": []
      },
      "/livro-razao/concelhos/moncao": {
        "total": 9,
        "distintas": 9,
        "por_classe": {
          "conteudo": 2,
          "navegacao": 6,
          "autorreferencia": 0,
          "divulgacao": 1
        },
        "nao_classificados": []
      },
      "/livro-razao/concelhos/monchique": {
        "total": 9,
        "distintas": 9,
        "por_classe": {
          "conteudo": 2,
          "navegacao": 6,
          "autorreferencia": 0,
          "divulgacao": 1
        },
        "nao_classificados": []
      },
      "/livro-razao/concelhos/mondim-de-basto": {
        "total": 9,
        "distintas": 9,
        "por_classe": {
          "conteudo": 2,
          "navegacao": 6,
          "autorreferencia": 0,
          "divulgacao": 1
        },
        "nao_classificados": []
      },
      "/livro-razao/concelhos/monforte": {
        "total": 9,
        "distintas": 9,
        "por_classe": {
          "conteudo": 2,
          "navegacao": 6,
          "autorreferencia": 0,
          "divulgacao": 1
        },
        "nao_classificados": []
      },
      "/livro-razao/concelhos/montalegre": {
        "total": 9,
        "distintas": 9,
        "por_classe": {
          "conteudo": 2,
          "navegacao": 6,
          "autorreferencia": 0,
          "divulgacao": 1
        },
        "nao_classificados": []
      },
      "/livro-razao/concelhos/montemor-o-novo": {
        "total": 9,
        "distintas": 9,
        "por_classe": {
          "conteudo": 2,
          "navegacao": 6,
          "autorreferencia": 0,
          "divulgacao": 1
        },
        "nao_classificados": []
      },
      "/livro-razao/concelhos/montemor-o-velho": {
        "total": 9,
        "distintas": 9,
        "por_classe": {
          "conteudo": 2,
          "navegacao": 6,
          "autorreferencia": 0,
          "divulgacao": 1
        },
        "nao_classificados": []
      },
      "/livro-razao/concelhos/montijo": {
        "total": 9,
        "distintas": 9,
        "por_classe": {
          "conteudo": 2,
          "navegacao": 6,
          "autorreferencia": 0,
          "divulgacao": 1
        },
        "nao_classificados": []
      },
      "/livro-razao/concelhos/mora": {
        "total": 9,
        "distintas": 9,
        "por_classe": {
          "conteudo": 2,
          "navegacao": 6,
          "autorreferencia": 0,
          "divulgacao": 1
        },
        "nao_classificados": []
      },
      "/livro-razao/concelhos/mortagua": {
        "total": 9,
        "distintas": 9,
        "por_classe": {
          "conteudo": 2,
          "navegacao": 6,
          "autorreferencia": 0,
          "divulgacao": 1
        },
        "nao_classificados": []
      },
      "/livro-razao/concelhos/moura": {
        "total": 9,
        "distintas": 9,
        "por_classe": {
          "conteudo": 2,
          "navegacao": 6,
          "autorreferencia": 0,
          "divulgacao": 1
        },
        "nao_classificados": []
      },
      "/livro-razao/concelhos/mourao": {
        "total": 9,
        "distintas": 9,
        "por_classe": {
          "conteudo": 2,
          "navegacao": 6,
          "autorreferencia": 0,
          "divulgacao": 1
        },
        "nao_classificados": []
      },
      "/livro-razao/concelhos/murca": {
        "total": 9,
        "distintas": 9,
        "por_classe": {
          "conteudo": 2,
          "navegacao": 6,
          "autorreferencia": 0,
          "divulgacao": 1
        },
        "nao_classificados": []
      },
      "/livro-razao/concelhos/murtosa": {
        "total": 9,
        "distintas": 9,
        "por_classe": {
          "conteudo": 2,
          "navegacao": 6,
          "autorreferencia": 0,
          "divulgacao": 1
        },
        "nao_classificados": []
      },
      "/livro-razao/concelhos/nazare": {
        "total": 9,
        "distintas": 9,
        "por_classe": {
          "conteudo": 2,
          "navegacao": 6,
          "autorreferencia": 0,
          "divulgacao": 1
        },
        "nao_classificados": []
      },
      "/livro-razao/concelhos/nelas": {
        "total": 9,
        "distintas": 9,
        "por_classe": {
          "conteudo": 2,
          "navegacao": 6,
          "autorreferencia": 0,
          "divulgacao": 1
        },
        "nao_classificados": []
      },
      "/livro-razao/concelhos/nisa": {
        "total": 9,
        "distintas": 9,
        "por_classe": {
          "conteudo": 2,
          "navegacao": 6,
          "autorreferencia": 0,
          "divulgacao": 1
        },
        "nao_classificados": []
      },
      "/livro-razao/concelhos/nordeste": {
        "total": 9,
        "distintas": 9,
        "por_classe": {
          "conteudo": 2,
          "navegacao": 6,
          "autorreferencia": 0,
          "divulgacao": 1
        },
        "nao_classificados": []
      },
      "/livro-razao/concelhos/obidos": {
        "total": 9,
        "distintas": 9,
        "por_classe": {
          "conteudo": 2,
          "navegacao": 6,
          "autorreferencia": 0,
          "divulgacao": 1
        },
        "nao_classificados": []
      },
      "/livro-razao/concelhos/odemira": {
        "total": 9,
        "distintas": 9,
        "por_classe": {
          "conteudo": 2,
          "navegacao": 6,
          "autorreferencia": 0,
          "divulgacao": 1
        },
        "nao_classificados": []
      },
      "/livro-razao/concelhos/odivelas": {
        "total": 9,
        "distintas": 9,
        "por_classe": {
          "conteudo": 2,
          "navegacao": 6,
          "autorreferencia": 0,
          "divulgacao": 1
        },
        "nao_classificados": []
      },
      "/livro-razao/concelhos/oeiras": {
        "total": 9,
        "distintas": 9,
        "por_classe": {
          "conteudo": 2,
          "navegacao": 6,
          "autorreferencia": 0,
          "divulgacao": 1
        },
        "nao_classificados": []
      },
      "/livro-razao/concelhos/oleiros": {
        "total": 9,
        "distintas": 9,
        "por_classe": {
          "conteudo": 2,
          "navegacao": 6,
          "autorreferencia": 0,
          "divulgacao": 1
        },
        "nao_classificados": []
      },
      "/livro-razao/concelhos/olhao": {
        "total": 9,
        "distintas": 9,
        "por_classe": {
          "conteudo": 2,
          "navegacao": 6,
          "autorreferencia": 0,
          "divulgacao": 1
        },
        "nao_classificados": []
      },
      "/livro-razao/concelhos/oliveira-de-azemeis": {
        "total": 9,
        "distintas": 9,
        "por_classe": {
          "conteudo": 2,
          "navegacao": 6,
          "autorreferencia": 0,
          "divulgacao": 1
        },
        "nao_classificados": []
      },
      "/livro-razao/concelhos/oliveira-de-frades": {
        "total": 9,
        "distintas": 9,
        "por_classe": {
          "conteudo": 2,
          "navegacao": 6,
          "autorreferencia": 0,
          "divulgacao": 1
        },
        "nao_classificados": []
      },
      "/livro-razao/concelhos/oliveira-do-bairro": {
        "total": 9,
        "distintas": 9,
        "por_classe": {
          "conteudo": 2,
          "navegacao": 6,
          "autorreferencia": 0,
          "divulgacao": 1
        },
        "nao_classificados": []
      },
      "/livro-razao/concelhos/oliveira-do-hospital": {
        "total": 9,
        "distintas": 9,
        "por_classe": {
          "conteudo": 2,
          "navegacao": 6,
          "autorreferencia": 0,
          "divulgacao": 1
        },
        "nao_classificados": []
      },
      "/livro-razao/concelhos/ourem": {
        "total": 9,
        "distintas": 9,
        "por_classe": {
          "conteudo": 2,
          "navegacao": 6,
          "autorreferencia": 0,
          "divulgacao": 1
        },
        "nao_classificados": []
      },
      "/livro-razao/concelhos/ourique": {
        "total": 9,
        "distintas": 9,
        "por_classe": {
          "conteudo": 2,
          "navegacao": 6,
          "autorreferencia": 0,
          "divulgacao": 1
        },
        "nao_classificados": []
      },
      "/livro-razao/concelhos/ovar": {
        "total": 9,
        "distintas": 9,
        "por_classe": {
          "conteudo": 2,
          "navegacao": 6,
          "autorreferencia": 0,
          "divulgacao": 1
        },
        "nao_classificados": []
      },
      "/livro-razao/concelhos/pacos-de-ferreira": {
        "total": 9,
        "distintas": 9,
        "por_classe": {
          "conteudo": 2,
          "navegacao": 6,
          "autorreferencia": 0,
          "divulgacao": 1
        },
        "nao_classificados": []
      },
      "/livro-razao/concelhos/palmela": {
        "total": 9,
        "distintas": 9,
        "por_classe": {
          "conteudo": 2,
          "navegacao": 6,
          "autorreferencia": 0,
          "divulgacao": 1
        },
        "nao_classificados": []
      },
      "/livro-razao/concelhos/pampilhosa-da-serra": {
        "total": 9,
        "distintas": 9,
        "por_classe": {
          "conteudo": 2,
          "navegacao": 6,
          "autorreferencia": 0,
          "divulgacao": 1
        },
        "nao_classificados": []
      },
      "/livro-razao/concelhos/paredes": {
        "total": 9,
        "distintas": 9,
        "por_classe": {
          "conteudo": 2,
          "navegacao": 6,
          "autorreferencia": 0,
          "divulgacao": 1
        },
        "nao_classificados": []
      },
      "/livro-razao/concelhos/paredes-de-coura": {
        "total": 9,
        "distintas": 9,
        "por_classe": {
          "conteudo": 2,
          "navegacao": 6,
          "autorreferencia": 0,
          "divulgacao": 1
        },
        "nao_classificados": []
      },
      "/livro-razao/concelhos/pedrogao-grande": {
        "total": 9,
        "distintas": 9,
        "por_classe": {
          "conteudo": 2,
          "navegacao": 6,
          "autorreferencia": 0,
          "divulgacao": 1
        },
        "nao_classificados": []
      },
      "/livro-razao/concelhos/penacova": {
        "total": 9,
        "distintas": 9,
        "por_classe": {
          "conteudo": 2,
          "navegacao": 6,
          "autorreferencia": 0,
          "divulgacao": 1
        },
        "nao_classificados": []
      },
      "/livro-razao/concelhos/penafiel": {
        "total": 9,
        "distintas": 9,
        "por_classe": {
          "conteudo": 2,
          "navegacao": 6,
          "autorreferencia": 0,
          "divulgacao": 1
        },
        "nao_classificados": []
      },
      "/livro-razao/concelhos/penalva-do-castelo": {
        "total": 9,
        "distintas": 9,
        "por_classe": {
          "conteudo": 2,
          "navegacao": 6,
          "autorreferencia": 0,
          "divulgacao": 1
        },
        "nao_classificados": []
      },
      "/livro-razao/concelhos/penamacor": {
        "total": 9,
        "distintas": 9,
        "por_classe": {
          "conteudo": 2,
          "navegacao": 6,
          "autorreferencia": 0,
          "divulgacao": 1
        },
        "nao_classificados": []
      },
      "/livro-razao/concelhos/penedono": {
        "total": 9,
        "distintas": 9,
        "por_classe": {
          "conteudo": 2,
          "navegacao": 6,
          "autorreferencia": 0,
          "divulgacao": 1
        },
        "nao_classificados": []
      },
      "/livro-razao/concelhos/penela": {
        "total": 9,
        "distintas": 9,
        "por_classe": {
          "conteudo": 2,
          "navegacao": 6,
          "autorreferencia": 0,
          "divulgacao": 1
        },
        "nao_classificados": []
      },
      "/livro-razao/concelhos/peniche": {
        "total": 9,
        "distintas": 9,
        "por_classe": {
          "conteudo": 2,
          "navegacao": 6,
          "autorreferencia": 0,
          "divulgacao": 1
        },
        "nao_classificados": []
      },
      "/livro-razao/concelhos/peso-da-regua": {
        "total": 9,
        "distintas": 9,
        "por_classe": {
          "conteudo": 2,
          "navegacao": 6,
          "autorreferencia": 0,
          "divulgacao": 1
        },
        "nao_classificados": []
      },
      "/livro-razao/concelhos/pinhel": {
        "total": 9,
        "distintas": 9,
        "por_classe": {
          "conteudo": 2,
          "navegacao": 6,
          "autorreferencia": 0,
          "divulgacao": 1
        },
        "nao_classificados": []
      },
      "/livro-razao/concelhos/pombal": {
        "total": 9,
        "distintas": 9,
        "por_classe": {
          "conteudo": 2,
          "navegacao": 6,
          "autorreferencia": 0,
          "divulgacao": 1
        },
        "nao_classificados": []
      },
      "/livro-razao/concelhos/ponta-delgada": {
        "total": 9,
        "distintas": 9,
        "por_classe": {
          "conteudo": 2,
          "navegacao": 6,
          "autorreferencia": 0,
          "divulgacao": 1
        },
        "nao_classificados": []
      },
      "/livro-razao/concelhos/ponta-do-sol": {
        "total": 9,
        "distintas": 9,
        "por_classe": {
          "conteudo": 2,
          "navegacao": 6,
          "autorreferencia": 0,
          "divulgacao": 1
        },
        "nao_classificados": []
      },
      "/livro-razao/concelhos/ponte-da-barca": {
        "total": 9,
        "distintas": 9,
        "por_classe": {
          "conteudo": 2,
          "navegacao": 6,
          "autorreferencia": 0,
          "divulgacao": 1
        },
        "nao_classificados": []
      },
      "/livro-razao/concelhos/ponte-de-lima": {
        "total": 9,
        "distintas": 9,
        "por_classe": {
          "conteudo": 2,
          "navegacao": 6,
          "autorreferencia": 0,
          "divulgacao": 1
        },
        "nao_classificados": []
      },
      "/livro-razao/concelhos/ponte-de-sor": {
        "total": 9,
        "distintas": 9,
        "por_classe": {
          "conteudo": 2,
          "navegacao": 6,
          "autorreferencia": 0,
          "divulgacao": 1
        },
        "nao_classificados": []
      },
      "/livro-razao/concelhos/portalegre": {
        "total": 9,
        "distintas": 9,
        "por_classe": {
          "conteudo": 2,
          "navegacao": 6,
          "autorreferencia": 0,
          "divulgacao": 1
        },
        "nao_classificados": []
      },
      "/livro-razao/concelhos/portel": {
        "total": 9,
        "distintas": 9,
        "por_classe": {
          "conteudo": 2,
          "navegacao": 6,
          "autorreferencia": 0,
          "divulgacao": 1
        },
        "nao_classificados": []
      },
      "/livro-razao/concelhos/portimao": {
        "total": 9,
        "distintas": 9,
        "por_classe": {
          "conteudo": 2,
          "navegacao": 6,
          "autorreferencia": 0,
          "divulgacao": 1
        },
        "nao_classificados": []
      },
      "/livro-razao/concelhos/porto": {
        "total": 9,
        "distintas": 9,
        "por_classe": {
          "conteudo": 2,
          "navegacao": 6,
          "autorreferencia": 0,
          "divulgacao": 1
        },
        "nao_classificados": []
      },
      "/livro-razao/concelhos/porto-de-mos": {
        "total": 9,
        "distintas": 9,
        "por_classe": {
          "conteudo": 2,
          "navegacao": 6,
          "autorreferencia": 0,
          "divulgacao": 1
        },
        "nao_classificados": []
      },
      "/livro-razao/concelhos/porto-moniz": {
        "total": 9,
        "distintas": 9,
        "por_classe": {
          "conteudo": 2,
          "navegacao": 6,
          "autorreferencia": 0,
          "divulgacao": 1
        },
        "nao_classificados": []
      },
      "/livro-razao/concelhos/porto-santo": {
        "total": 9,
        "distintas": 9,
        "por_classe": {
          "conteudo": 2,
          "navegacao": 6,
          "autorreferencia": 0,
          "divulgacao": 1
        },
        "nao_classificados": []
      },
      "/livro-razao/concelhos/povoa-de-lanhoso": {
        "total": 9,
        "distintas": 9,
        "por_classe": {
          "conteudo": 2,
          "navegacao": 6,
          "autorreferencia": 0,
          "divulgacao": 1
        },
        "nao_classificados": []
      },
      "/livro-razao/concelhos/povoa-de-varzim": {
        "total": 9,
        "distintas": 9,
        "por_classe": {
          "conteudo": 2,
          "navegacao": 6,
          "autorreferencia": 0,
          "divulgacao": 1
        },
        "nao_classificados": []
      },
      "/livro-razao/concelhos/povoacao": {
        "total": 9,
        "distintas": 9,
        "por_classe": {
          "conteudo": 2,
          "navegacao": 6,
          "autorreferencia": 0,
          "divulgacao": 1
        },
        "nao_classificados": []
      },
      "/livro-razao/concelhos/praia-da-vitoria": {
        "total": 9,
        "distintas": 9,
        "por_classe": {
          "conteudo": 2,
          "navegacao": 6,
          "autorreferencia": 0,
          "divulgacao": 1
        },
        "nao_classificados": []
      },
      "/livro-razao/concelhos/proenca-a-nova": {
        "total": 9,
        "distintas": 9,
        "por_classe": {
          "conteudo": 2,
          "navegacao": 6,
          "autorreferencia": 0,
          "divulgacao": 1
        },
        "nao_classificados": []
      },
      "/livro-razao/concelhos/redondo": {
        "total": 9,
        "distintas": 9,
        "por_classe": {
          "conteudo": 2,
          "navegacao": 6,
          "autorreferencia": 0,
          "divulgacao": 1
        },
        "nao_classificados": []
      },
      "/livro-razao/concelhos/reguengos-de-monsaraz": {
        "total": 9,
        "distintas": 9,
        "por_classe": {
          "conteudo": 2,
          "navegacao": 6,
          "autorreferencia": 0,
          "divulgacao": 1
        },
        "nao_classificados": []
      },
      "/livro-razao/concelhos/resende": {
        "total": 9,
        "distintas": 9,
        "por_classe": {
          "conteudo": 2,
          "navegacao": 6,
          "autorreferencia": 0,
          "divulgacao": 1
        },
        "nao_classificados": []
      },
      "/livro-razao/concelhos/ribeira-brava": {
        "total": 9,
        "distintas": 9,
        "por_classe": {
          "conteudo": 2,
          "navegacao": 6,
          "autorreferencia": 0,
          "divulgacao": 1
        },
        "nao_classificados": []
      },
      "/livro-razao/concelhos/ribeira-de-pena": {
        "total": 9,
        "distintas": 9,
        "por_classe": {
          "conteudo": 2,
          "navegacao": 6,
          "autorreferencia": 0,
          "divulgacao": 1
        },
        "nao_classificados": []
      },
      "/livro-razao/concelhos/ribeira-grande": {
        "total": 9,
        "distintas": 9,
        "por_classe": {
          "conteudo": 2,
          "navegacao": 6,
          "autorreferencia": 0,
          "divulgacao": 1
        },
        "nao_classificados": []
      },
      "/livro-razao/concelhos/rio-maior": {
        "total": 9,
        "distintas": 9,
        "por_classe": {
          "conteudo": 2,
          "navegacao": 6,
          "autorreferencia": 0,
          "divulgacao": 1
        },
        "nao_classificados": []
      },
      "/livro-razao/concelhos/sabrosa": {
        "total": 9,
        "distintas": 9,
        "por_classe": {
          "conteudo": 2,
          "navegacao": 6,
          "autorreferencia": 0,
          "divulgacao": 1
        },
        "nao_classificados": []
      },
      "/livro-razao/concelhos/sabugal": {
        "total": 9,
        "distintas": 9,
        "por_classe": {
          "conteudo": 2,
          "navegacao": 6,
          "autorreferencia": 0,
          "divulgacao": 1
        },
        "nao_classificados": []
      },
      "/livro-razao/concelhos/salvaterra-de-magos": {
        "total": 9,
        "distintas": 9,
        "por_classe": {
          "conteudo": 2,
          "navegacao": 6,
          "autorreferencia": 0,
          "divulgacao": 1
        },
        "nao_classificados": []
      },
      "/livro-razao/concelhos/santa-comba-dao": {
        "total": 9,
        "distintas": 9,
        "por_classe": {
          "conteudo": 2,
          "navegacao": 6,
          "autorreferencia": 0,
          "divulgacao": 1
        },
        "nao_classificados": []
      },
      "/livro-razao/concelhos/santa-cruz": {
        "total": 9,
        "distintas": 9,
        "por_classe": {
          "conteudo": 2,
          "navegacao": 6,
          "autorreferencia": 0,
          "divulgacao": 1
        },
        "nao_classificados": []
      },
      "/livro-razao/concelhos/santa-cruz-da-graciosa": {
        "total": 9,
        "distintas": 9,
        "por_classe": {
          "conteudo": 2,
          "navegacao": 6,
          "autorreferencia": 0,
          "divulgacao": 1
        },
        "nao_classificados": []
      },
      "/livro-razao/concelhos/santa-cruz-das-flores": {
        "total": 9,
        "distintas": 9,
        "por_classe": {
          "conteudo": 2,
          "navegacao": 6,
          "autorreferencia": 0,
          "divulgacao": 1
        },
        "nao_classificados": []
      },
      "/livro-razao/concelhos/santa-maria-da-feira": {
        "total": 9,
        "distintas": 9,
        "por_classe": {
          "conteudo": 2,
          "navegacao": 6,
          "autorreferencia": 0,
          "divulgacao": 1
        },
        "nao_classificados": []
      },
      "/livro-razao/concelhos/santa-marta-de-penaguiao": {
        "total": 9,
        "distintas": 9,
        "por_classe": {
          "conteudo": 2,
          "navegacao": 6,
          "autorreferencia": 0,
          "divulgacao": 1
        },
        "nao_classificados": []
      },
      "/livro-razao/concelhos/santana": {
        "total": 9,
        "distintas": 9,
        "por_classe": {
          "conteudo": 2,
          "navegacao": 6,
          "autorreferencia": 0,
          "divulgacao": 1
        },
        "nao_classificados": []
      },
      "/livro-razao/concelhos/santarem": {
        "total": 9,
        "distintas": 9,
        "por_classe": {
          "conteudo": 2,
          "navegacao": 6,
          "autorreferencia": 0,
          "divulgacao": 1
        },
        "nao_classificados": []
      },
      "/livro-razao/concelhos/santiago-do-cacem": {
        "total": 9,
        "distintas": 9,
        "por_classe": {
          "conteudo": 2,
          "navegacao": 6,
          "autorreferencia": 0,
          "divulgacao": 1
        },
        "nao_classificados": []
      },
      "/livro-razao/concelhos/santo-tirso": {
        "total": 9,
        "distintas": 9,
        "por_classe": {
          "conteudo": 2,
          "navegacao": 6,
          "autorreferencia": 0,
          "divulgacao": 1
        },
        "nao_classificados": []
      },
      "/livro-razao/concelhos/sao-bras-de-alportel": {
        "total": 9,
        "distintas": 9,
        "por_classe": {
          "conteudo": 2,
          "navegacao": 6,
          "autorreferencia": 0,
          "divulgacao": 1
        },
        "nao_classificados": []
      },
      "/livro-razao/concelhos/sao-joao-da-madeira": {
        "total": 9,
        "distintas": 9,
        "por_classe": {
          "conteudo": 2,
          "navegacao": 6,
          "autorreferencia": 0,
          "divulgacao": 1
        },
        "nao_classificados": []
      },
      "/livro-razao/concelhos/sao-joao-da-pesqueira": {
        "total": 9,
        "distintas": 9,
        "por_classe": {
          "conteudo": 2,
          "navegacao": 6,
          "autorreferencia": 0,
          "divulgacao": 1
        },
        "nao_classificados": []
      },
      "/livro-razao/concelhos/sao-pedro-do-sul": {
        "total": 9,
        "distintas": 9,
        "por_classe": {
          "conteudo": 2,
          "navegacao": 6,
          "autorreferencia": 0,
          "divulgacao": 1
        },
        "nao_classificados": []
      },
      "/livro-razao/concelhos/sao-roque-do-pico": {
        "total": 9,
        "distintas": 9,
        "por_classe": {
          "conteudo": 2,
          "navegacao": 6,
          "autorreferencia": 0,
          "divulgacao": 1
        },
        "nao_classificados": []
      },
      "/livro-razao/concelhos/sao-vicente": {
        "total": 9,
        "distintas": 9,
        "por_classe": {
          "conteudo": 2,
          "navegacao": 6,
          "autorreferencia": 0,
          "divulgacao": 1
        },
        "nao_classificados": []
      },
      "/livro-razao/concelhos/sardoal": {
        "total": 9,
        "distintas": 9,
        "por_classe": {
          "conteudo": 2,
          "navegacao": 6,
          "autorreferencia": 0,
          "divulgacao": 1
        },
        "nao_classificados": []
      },
      "/livro-razao/concelhos/satao": {
        "total": 9,
        "distintas": 9,
        "por_classe": {
          "conteudo": 2,
          "navegacao": 6,
          "autorreferencia": 0,
          "divulgacao": 1
        },
        "nao_classificados": []
      },
      "/livro-razao/concelhos/seia": {
        "total": 9,
        "distintas": 9,
        "por_classe": {
          "conteudo": 2,
          "navegacao": 6,
          "autorreferencia": 0,
          "divulgacao": 1
        },
        "nao_classificados": []
      },
      "/livro-razao/concelhos/seixal": {
        "total": 9,
        "distintas": 9,
        "por_classe": {
          "conteudo": 2,
          "navegacao": 6,
          "autorreferencia": 0,
          "divulgacao": 1
        },
        "nao_classificados": []
      },
      "/livro-razao/concelhos/sernancelhe": {
        "total": 9,
        "distintas": 9,
        "por_classe": {
          "conteudo": 2,
          "navegacao": 6,
          "autorreferencia": 0,
          "divulgacao": 1
        },
        "nao_classificados": []
      },
      "/livro-razao/concelhos/serpa": {
        "total": 9,
        "distintas": 9,
        "por_classe": {
          "conteudo": 2,
          "navegacao": 6,
          "autorreferencia": 0,
          "divulgacao": 1
        },
        "nao_classificados": []
      },
      "/livro-razao/concelhos/serta": {
        "total": 9,
        "distintas": 9,
        "por_classe": {
          "conteudo": 2,
          "navegacao": 6,
          "autorreferencia": 0,
          "divulgacao": 1
        },
        "nao_classificados": []
      },
      "/livro-razao/concelhos/sesimbra": {
        "total": 9,
        "distintas": 9,
        "por_classe": {
          "conteudo": 2,
          "navegacao": 6,
          "autorreferencia": 0,
          "divulgacao": 1
        },
        "nao_classificados": []
      },
      "/livro-razao/concelhos/setubal": {
        "total": 9,
        "distintas": 9,
        "por_classe": {
          "conteudo": 2,
          "navegacao": 6,
          "autorreferencia": 0,
          "divulgacao": 1
        },
        "nao_classificados": []
      },
      "/livro-razao/concelhos/sever-do-vouga": {
        "total": 9,
        "distintas": 9,
        "por_classe": {
          "conteudo": 2,
          "navegacao": 6,
          "autorreferencia": 0,
          "divulgacao": 1
        },
        "nao_classificados": []
      },
      "/livro-razao/concelhos/silves": {
        "total": 9,
        "distintas": 9,
        "por_classe": {
          "conteudo": 2,
          "navegacao": 6,
          "autorreferencia": 0,
          "divulgacao": 1
        },
        "nao_classificados": []
      },
      "/livro-razao/concelhos/sines": {
        "total": 9,
        "distintas": 9,
        "por_classe": {
          "conteudo": 2,
          "navegacao": 6,
          "autorreferencia": 0,
          "divulgacao": 1
        },
        "nao_classificados": []
      },
      "/livro-razao/concelhos/sintra": {
        "total": 9,
        "distintas": 9,
        "por_classe": {
          "conteudo": 2,
          "navegacao": 6,
          "autorreferencia": 0,
          "divulgacao": 1
        },
        "nao_classificados": []
      },
      "/livro-razao/concelhos/sobral-de-monte-agraco": {
        "total": 9,
        "distintas": 9,
        "por_classe": {
          "conteudo": 2,
          "navegacao": 6,
          "autorreferencia": 0,
          "divulgacao": 1
        },
        "nao_classificados": []
      },
      "/livro-razao/concelhos/soure": {
        "total": 9,
        "distintas": 9,
        "por_classe": {
          "conteudo": 2,
          "navegacao": 6,
          "autorreferencia": 0,
          "divulgacao": 1
        },
        "nao_classificados": []
      },
      "/livro-razao/concelhos/sousel": {
        "total": 9,
        "distintas": 9,
        "por_classe": {
          "conteudo": 2,
          "navegacao": 6,
          "autorreferencia": 0,
          "divulgacao": 1
        },
        "nao_classificados": []
      },
      "/livro-razao/concelhos/tabua": {
        "total": 9,
        "distintas": 9,
        "por_classe": {
          "conteudo": 2,
          "navegacao": 6,
          "autorreferencia": 0,
          "divulgacao": 1
        },
        "nao_classificados": []
      },
      "/livro-razao/concelhos/tabuaco": {
        "total": 9,
        "distintas": 9,
        "por_classe": {
          "conteudo": 2,
          "navegacao": 6,
          "autorreferencia": 0,
          "divulgacao": 1
        },
        "nao_classificados": []
      },
      "/livro-razao/concelhos/tarouca": {
        "total": 9,
        "distintas": 9,
        "por_classe": {
          "conteudo": 2,
          "navegacao": 6,
          "autorreferencia": 0,
          "divulgacao": 1
        },
        "nao_classificados": []
      },
      "/livro-razao/concelhos/tavira": {
        "total": 9,
        "distintas": 9,
        "por_classe": {
          "conteudo": 2,
          "navegacao": 6,
          "autorreferencia": 0,
          "divulgacao": 1
        },
        "nao_classificados": []
      },
      "/livro-razao/concelhos/terras-de-bouro": {
        "total": 9,
        "distintas": 9,
        "por_classe": {
          "conteudo": 2,
          "navegacao": 6,
          "autorreferencia": 0,
          "divulgacao": 1
        },
        "nao_classificados": []
      },
      "/livro-razao/concelhos/tomar": {
        "total": 9,
        "distintas": 9,
        "por_classe": {
          "conteudo": 2,
          "navegacao": 6,
          "autorreferencia": 0,
          "divulgacao": 1
        },
        "nao_classificados": []
      },
      "/livro-razao/concelhos/tondela": {
        "total": 9,
        "distintas": 9,
        "por_classe": {
          "conteudo": 2,
          "navegacao": 6,
          "autorreferencia": 0,
          "divulgacao": 1
        },
        "nao_classificados": []
      },
      "/livro-razao/concelhos/torre-de-moncorvo": {
        "total": 9,
        "distintas": 9,
        "por_classe": {
          "conteudo": 2,
          "navegacao": 6,
          "autorreferencia": 0,
          "divulgacao": 1
        },
        "nao_classificados": []
      },
      "/livro-razao/concelhos/torres-novas": {
        "total": 9,
        "distintas": 9,
        "por_classe": {
          "conteudo": 2,
          "navegacao": 6,
          "autorreferencia": 0,
          "divulgacao": 1
        },
        "nao_classificados": []
      },
      "/livro-razao/concelhos/torres-vedras": {
        "total": 9,
        "distintas": 9,
        "por_classe": {
          "conteudo": 2,
          "navegacao": 6,
          "autorreferencia": 0,
          "divulgacao": 1
        },
        "nao_classificados": []
      },
      "/livro-razao/concelhos/trancoso": {
        "total": 9,
        "distintas": 9,
        "por_classe": {
          "conteudo": 2,
          "navegacao": 6,
          "autorreferencia": 0,
          "divulgacao": 1
        },
        "nao_classificados": []
      },
      "/livro-razao/concelhos/trofa": {
        "total": 9,
        "distintas": 9,
        "por_classe": {
          "conteudo": 2,
          "navegacao": 6,
          "autorreferencia": 0,
          "divulgacao": 1
        },
        "nao_classificados": []
      },
      "/livro-razao/concelhos/vagos": {
        "total": 9,
        "distintas": 9,
        "por_classe": {
          "conteudo": 2,
          "navegacao": 6,
          "autorreferencia": 0,
          "divulgacao": 1
        },
        "nao_classificados": []
      },
      "/livro-razao/concelhos/vale-de-cambra": {
        "total": 9,
        "distintas": 9,
        "por_classe": {
          "conteudo": 2,
          "navegacao": 6,
          "autorreferencia": 0,
          "divulgacao": 1
        },
        "nao_classificados": []
      },
      "/livro-razao/concelhos/valenca": {
        "total": 9,
        "distintas": 9,
        "por_classe": {
          "conteudo": 2,
          "navegacao": 6,
          "autorreferencia": 0,
          "divulgacao": 1
        },
        "nao_classificados": []
      },
      "/livro-razao/concelhos/valongo": {
        "total": 9,
        "distintas": 9,
        "por_classe": {
          "conteudo": 2,
          "navegacao": 6,
          "autorreferencia": 0,
          "divulgacao": 1
        },
        "nao_classificados": []
      },
      "/livro-razao/concelhos/valpacos": {
        "total": 9,
        "distintas": 9,
        "por_classe": {
          "conteudo": 2,
          "navegacao": 6,
          "autorreferencia": 0,
          "divulgacao": 1
        },
        "nao_classificados": []
      },
      "/livro-razao/concelhos/velas": {
        "total": 9,
        "distintas": 9,
        "por_classe": {
          "conteudo": 2,
          "navegacao": 6,
          "autorreferencia": 0,
          "divulgacao": 1
        },
        "nao_classificados": []
      },
      "/livro-razao/concelhos/vendas-novas": {
        "total": 9,
        "distintas": 9,
        "por_classe": {
          "conteudo": 2,
          "navegacao": 6,
          "autorreferencia": 0,
          "divulgacao": 1
        },
        "nao_classificados": []
      },
      "/livro-razao/concelhos/viana-do-alentejo": {
        "total": 9,
        "distintas": 9,
        "por_classe": {
          "conteudo": 2,
          "navegacao": 6,
          "autorreferencia": 0,
          "divulgacao": 1
        },
        "nao_classificados": []
      },
      "/livro-razao/concelhos/viana-do-castelo": {
        "total": 9,
        "distintas": 9,
        "por_classe": {
          "conteudo": 2,
          "navegacao": 6,
          "autorreferencia": 0,
          "divulgacao": 1
        },
        "nao_classificados": []
      },
      "/livro-razao/concelhos/vidigueira": {
        "total": 9,
        "distintas": 9,
        "por_classe": {
          "conteudo": 2,
          "navegacao": 6,
          "autorreferencia": 0,
          "divulgacao": 1
        },
        "nao_classificados": []
      },
      "/livro-razao/concelhos/vieira-do-minho": {
        "total": 9,
        "distintas": 9,
        "por_classe": {
          "conteudo": 2,
          "navegacao": 6,
          "autorreferencia": 0,
          "divulgacao": 1
        },
        "nao_classificados": []
      },
      "/livro-razao/concelhos/vila-de-rei": {
        "total": 9,
        "distintas": 9,
        "por_classe": {
          "conteudo": 2,
          "navegacao": 6,
          "autorreferencia": 0,
          "divulgacao": 1
        },
        "nao_classificados": []
      },
      "/livro-razao/concelhos/vila-do-bispo": {
        "total": 9,
        "distintas": 9,
        "por_classe": {
          "conteudo": 2,
          "navegacao": 6,
          "autorreferencia": 0,
          "divulgacao": 1
        },
        "nao_classificados": []
      },
      "/livro-razao/concelhos/vila-do-conde": {
        "total": 9,
        "distintas": 9,
        "por_classe": {
          "conteudo": 2,
          "navegacao": 6,
          "autorreferencia": 0,
          "divulgacao": 1
        },
        "nao_classificados": []
      },
      "/livro-razao/concelhos/vila-do-porto": {
        "total": 9,
        "distintas": 9,
        "por_classe": {
          "conteudo": 2,
          "navegacao": 6,
          "autorreferencia": 0,
          "divulgacao": 1
        },
        "nao_classificados": []
      },
      "/livro-razao/concelhos/vila-flor": {
        "total": 9,
        "distintas": 9,
        "por_classe": {
          "conteudo": 2,
          "navegacao": 6,
          "autorreferencia": 0,
          "divulgacao": 1
        },
        "nao_classificados": []
      },
      "/livro-razao/concelhos/vila-franca-de-xira": {
        "total": 9,
        "distintas": 9,
        "por_classe": {
          "conteudo": 2,
          "navegacao": 6,
          "autorreferencia": 0,
          "divulgacao": 1
        },
        "nao_classificados": []
      },
      "/livro-razao/concelhos/vila-franca-do-campo": {
        "total": 9,
        "distintas": 9,
        "por_classe": {
          "conteudo": 2,
          "navegacao": 6,
          "autorreferencia": 0,
          "divulgacao": 1
        },
        "nao_classificados": []
      },
      "/livro-razao/concelhos/vila-nova-da-barquinha": {
        "total": 9,
        "distintas": 9,
        "por_classe": {
          "conteudo": 2,
          "navegacao": 6,
          "autorreferencia": 0,
          "divulgacao": 1
        },
        "nao_classificados": []
      },
      "/livro-razao/concelhos/vila-nova-de-cerveira": {
        "total": 9,
        "distintas": 9,
        "por_classe": {
          "conteudo": 2,
          "navegacao": 6,
          "autorreferencia": 0,
          "divulgacao": 1
        },
        "nao_classificados": []
      },
      "/livro-razao/concelhos/vila-nova-de-famalicao": {
        "total": 9,
        "distintas": 9,
        "por_classe": {
          "conteudo": 2,
          "navegacao": 6,
          "autorreferencia": 0,
          "divulgacao": 1
        },
        "nao_classificados": []
      },
      "/livro-razao/concelhos/vila-nova-de-foz-coa": {
        "total": 9,
        "distintas": 9,
        "por_classe": {
          "conteudo": 2,
          "navegacao": 6,
          "autorreferencia": 0,
          "divulgacao": 1
        },
        "nao_classificados": []
      },
      "/livro-razao/concelhos/vila-nova-de-gaia": {
        "total": 9,
        "distintas": 9,
        "por_classe": {
          "conteudo": 2,
          "navegacao": 6,
          "autorreferencia": 0,
          "divulgacao": 1
        },
        "nao_classificados": []
      },
      "/livro-razao/concelhos/vila-nova-de-paiva": {
        "total": 9,
        "distintas": 9,
        "por_classe": {
          "conteudo": 2,
          "navegacao": 6,
          "autorreferencia": 0,
          "divulgacao": 1
        },
        "nao_classificados": []
      },
      "/livro-razao/concelhos/vila-nova-de-poiares": {
        "total": 9,
        "distintas": 9,
        "por_classe": {
          "conteudo": 2,
          "navegacao": 6,
          "autorreferencia": 0,
          "divulgacao": 1
        },
        "nao_classificados": []
      },
      "/livro-razao/concelhos/vila-pouca-de-aguiar": {
        "total": 9,
        "distintas": 9,
        "por_classe": {
          "conteudo": 2,
          "navegacao": 6,
          "autorreferencia": 0,
          "divulgacao": 1
        },
        "nao_classificados": []
      },
      "/livro-razao/concelhos/vila-real": {
        "total": 9,
        "distintas": 9,
        "por_classe": {
          "conteudo": 2,
          "navegacao": 6,
          "autorreferencia": 0,
          "divulgacao": 1
        },
        "nao_classificados": []
      },
      "/livro-razao/concelhos/vila-real-de-santo-antonio": {
        "total": 9,
        "distintas": 9,
        "por_classe": {
          "conteudo": 2,
          "navegacao": 6,
          "autorreferencia": 0,
          "divulgacao": 1
        },
        "nao_classificados": []
      },
      "/livro-razao/concelhos/vila-velha-de-rodao": {
        "total": 9,
        "distintas": 9,
        "por_classe": {
          "conteudo": 2,
          "navegacao": 6,
          "autorreferencia": 0,
          "divulgacao": 1
        },
        "nao_classificados": []
      },
      "/livro-razao/concelhos/vila-verde": {
        "total": 9,
        "distintas": 9,
        "por_classe": {
          "conteudo": 2,
          "navegacao": 6,
          "autorreferencia": 0,
          "divulgacao": 1
        },
        "nao_classificados": []
      },
      "/livro-razao/concelhos/vila-vicosa": {
        "total": 9,
        "distintas": 9,
        "por_classe": {
          "conteudo": 2,
          "navegacao": 6,
          "autorreferencia": 0,
          "divulgacao": 1
        },
        "nao_classificados": []
      },
      "/livro-razao/concelhos/vimioso": {
        "total": 9,
        "distintas": 9,
        "por_classe": {
          "conteudo": 2,
          "navegacao": 6,
          "autorreferencia": 0,
          "divulgacao": 1
        },
        "nao_classificados": []
      },
      "/livro-razao/concelhos/vinhais": {
        "total": 9,
        "distintas": 9,
        "por_classe": {
          "conteudo": 2,
          "navegacao": 6,
          "autorreferencia": 0,
          "divulgacao": 1
        },
        "nao_classificados": []
      },
      "/livro-razao/concelhos/viseu": {
        "total": 9,
        "distintas": 9,
        "por_classe": {
          "conteudo": 2,
          "navegacao": 6,
          "autorreferencia": 0,
          "divulgacao": 1
        },
        "nao_classificados": []
      },
      "/livro-razao/concelhos/vizela": {
        "total": 9,
        "distintas": 9,
        "por_classe": {
          "conteudo": 2,
          "navegacao": 6,
          "autorreferencia": 0,
          "divulgacao": 1
        },
        "nao_classificados": []
      },
      "/livro-razao/concelhos/vouzela": {
        "total": 9,
        "distintas": 9,
        "por_classe": {
          "conteudo": 2,
          "navegacao": 6,
          "autorreferencia": 0,
          "divulgacao": 1
        },
        "nao_classificados": []
      },
      "/municipios/abrantes": {
        "total": 22,
        "distintas": 20,
        "por_classe": {
          "conteudo": 15,
          "navegacao": 5,
          "autorreferencia": 0,
          "divulgacao": 1
        },
        "nao_classificados": [
          "A dívida em percentagem da média da receita corrente líquida cobrada nos três anos anteriores; a lei permite uma vez e meia essa média."
        ]
      },
      "/municipios/agueda": {
        "total": 22,
        "distintas": 20,
        "por_classe": {
          "conteudo": 15,
          "navegacao": 5,
          "autorreferencia": 0,
          "divulgacao": 1
        },
        "nao_classificados": [
          "A dívida em percentagem da média da receita corrente líquida cobrada nos três anos anteriores; a lei permite uma vez e meia essa média."
        ]
      },
      "/municipios/aguiar-da-beira": {
        "total": 22,
        "distintas": 20,
        "por_classe": {
          "conteudo": 15,
          "navegacao": 5,
          "autorreferencia": 0,
          "divulgacao": 1
        },
        "nao_classificados": [
          "A dívida em percentagem da média da receita corrente líquida cobrada nos três anos anteriores; a lei permite uma vez e meia essa média."
        ]
      },
      "/municipios/alandroal": {
        "total": 22,
        "distintas": 20,
        "por_classe": {
          "conteudo": 15,
          "navegacao": 5,
          "autorreferencia": 0,
          "divulgacao": 1
        },
        "nao_classificados": [
          "A dívida em percentagem da média da receita corrente líquida cobrada nos três anos anteriores; a lei permite uma vez e meia essa média."
        ]
      },
      "/municipios/albergaria-a-velha": {
        "total": 22,
        "distintas": 20,
        "por_classe": {
          "conteudo": 15,
          "navegacao": 5,
          "autorreferencia": 0,
          "divulgacao": 1
        },
        "nao_classificados": [
          "A dívida em percentagem da média da receita corrente líquida cobrada nos três anos anteriores; a lei permite uma vez e meia essa média."
        ]
      },
      "/municipios/albufeira": {
        "total": 22,
        "distintas": 20,
        "por_classe": {
          "conteudo": 15,
          "navegacao": 5,
          "autorreferencia": 0,
          "divulgacao": 1
        },
        "nao_classificados": [
          "A dívida em percentagem da média da receita corrente líquida cobrada nos três anos anteriores; a lei permite uma vez e meia essa média."
        ]
      },
      "/municipios/alcacer-do-sal": {
        "total": 22,
        "distintas": 20,
        "por_classe": {
          "conteudo": 15,
          "navegacao": 5,
          "autorreferencia": 0,
          "divulgacao": 1
        },
        "nao_classificados": [
          "A dívida em percentagem da média da receita corrente líquida cobrada nos três anos anteriores; a lei permite uma vez e meia essa média."
        ]
      },
      "/municipios/alcanena": {
        "total": 22,
        "distintas": 20,
        "por_classe": {
          "conteudo": 15,
          "navegacao": 5,
          "autorreferencia": 0,
          "divulgacao": 1
        },
        "nao_classificados": [
          "A dívida em percentagem da média da receita corrente líquida cobrada nos três anos anteriores; a lei permite uma vez e meia essa média."
        ]
      },
      "/municipios/alcobaca": {
        "total": 22,
        "distintas": 20,
        "por_classe": {
          "conteudo": 15,
          "navegacao": 5,
          "autorreferencia": 0,
          "divulgacao": 1
        },
        "nao_classificados": [
          "A dívida em percentagem da média da receita corrente líquida cobrada nos três anos anteriores; a lei permite uma vez e meia essa média."
        ]
      },
      "/municipios/alcochete": {
        "total": 22,
        "distintas": 20,
        "por_classe": {
          "conteudo": 15,
          "navegacao": 5,
          "autorreferencia": 0,
          "divulgacao": 1
        },
        "nao_classificados": [
          "A dívida em percentagem da média da receita corrente líquida cobrada nos três anos anteriores; a lei permite uma vez e meia essa média."
        ]
      },
      "/municipios/alcoutim": {
        "total": 22,
        "distintas": 20,
        "por_classe": {
          "conteudo": 15,
          "navegacao": 5,
          "autorreferencia": 0,
          "divulgacao": 1
        },
        "nao_classificados": [
          "A dívida em percentagem da média da receita corrente líquida cobrada nos três anos anteriores; a lei permite uma vez e meia essa média."
        ]
      },
      "/municipios/alenquer": {
        "total": 22,
        "distintas": 20,
        "por_classe": {
          "conteudo": 15,
          "navegacao": 5,
          "autorreferencia": 0,
          "divulgacao": 1
        },
        "nao_classificados": [
          "A dívida em percentagem da média da receita corrente líquida cobrada nos três anos anteriores; a lei permite uma vez e meia essa média."
        ]
      },
      "/municipios/alfandega-da-fe": {
        "total": 22,
        "distintas": 20,
        "por_classe": {
          "conteudo": 15,
          "navegacao": 5,
          "autorreferencia": 0,
          "divulgacao": 1
        },
        "nao_classificados": [
          "A dívida em percentagem da média da receita corrente líquida cobrada nos três anos anteriores; a lei permite uma vez e meia essa média."
        ]
      },
      "/municipios/alijo": {
        "total": 22,
        "distintas": 20,
        "por_classe": {
          "conteudo": 15,
          "navegacao": 5,
          "autorreferencia": 0,
          "divulgacao": 1
        },
        "nao_classificados": [
          "A dívida em percentagem da média da receita corrente líquida cobrada nos três anos anteriores; a lei permite uma vez e meia essa média."
        ]
      },
      "/municipios/aljezur": {
        "total": 22,
        "distintas": 20,
        "por_classe": {
          "conteudo": 15,
          "navegacao": 5,
          "autorreferencia": 0,
          "divulgacao": 1
        },
        "nao_classificados": [
          "A dívida em percentagem da média da receita corrente líquida cobrada nos três anos anteriores; a lei permite uma vez e meia essa média."
        ]
      },
      "/municipios/aljustrel": {
        "total": 22,
        "distintas": 20,
        "por_classe": {
          "conteudo": 15,
          "navegacao": 5,
          "autorreferencia": 0,
          "divulgacao": 1
        },
        "nao_classificados": [
          "A dívida em percentagem da média da receita corrente líquida cobrada nos três anos anteriores; a lei permite uma vez e meia essa média."
        ]
      },
      "/municipios/almada": {
        "total": 22,
        "distintas": 20,
        "por_classe": {
          "conteudo": 15,
          "navegacao": 5,
          "autorreferencia": 0,
          "divulgacao": 1
        },
        "nao_classificados": [
          "A dívida em percentagem da média da receita corrente líquida cobrada nos três anos anteriores; a lei permite uma vez e meia essa média."
        ]
      },
      "/municipios/almeida": {
        "total": 22,
        "distintas": 20,
        "por_classe": {
          "conteudo": 15,
          "navegacao": 5,
          "autorreferencia": 0,
          "divulgacao": 1
        },
        "nao_classificados": [
          "A dívida em percentagem da média da receita corrente líquida cobrada nos três anos anteriores; a lei permite uma vez e meia essa média."
        ]
      },
      "/municipios/almeirim": {
        "total": 22,
        "distintas": 20,
        "por_classe": {
          "conteudo": 15,
          "navegacao": 5,
          "autorreferencia": 0,
          "divulgacao": 1
        },
        "nao_classificados": [
          "A dívida em percentagem da média da receita corrente líquida cobrada nos três anos anteriores; a lei permite uma vez e meia essa média."
        ]
      },
      "/municipios/almodovar": {
        "total": 22,
        "distintas": 20,
        "por_classe": {
          "conteudo": 15,
          "navegacao": 5,
          "autorreferencia": 0,
          "divulgacao": 1
        },
        "nao_classificados": [
          "A dívida em percentagem da média da receita corrente líquida cobrada nos três anos anteriores; a lei permite uma vez e meia essa média."
        ]
      },
      "/municipios/alpiarca": {
        "total": 22,
        "distintas": 20,
        "por_classe": {
          "conteudo": 15,
          "navegacao": 5,
          "autorreferencia": 0,
          "divulgacao": 1
        },
        "nao_classificados": [
          "A dívida em percentagem da média da receita corrente líquida cobrada nos três anos anteriores; a lei permite uma vez e meia essa média."
        ]
      },
      "/municipios/alter-do-chao": {
        "total": 22,
        "distintas": 20,
        "por_classe": {
          "conteudo": 15,
          "navegacao": 5,
          "autorreferencia": 0,
          "divulgacao": 1
        },
        "nao_classificados": [
          "A dívida em percentagem da média da receita corrente líquida cobrada nos três anos anteriores; a lei permite uma vez e meia essa média."
        ]
      },
      "/municipios/alvaiazere": {
        "total": 22,
        "distintas": 20,
        "por_classe": {
          "conteudo": 15,
          "navegacao": 5,
          "autorreferencia": 0,
          "divulgacao": 1
        },
        "nao_classificados": [
          "A dívida em percentagem da média da receita corrente líquida cobrada nos três anos anteriores; a lei permite uma vez e meia essa média."
        ]
      },
      "/municipios/alvito": {
        "total": 22,
        "distintas": 20,
        "por_classe": {
          "conteudo": 15,
          "navegacao": 5,
          "autorreferencia": 0,
          "divulgacao": 1
        },
        "nao_classificados": [
          "A dívida em percentagem da média da receita corrente líquida cobrada nos três anos anteriores; a lei permite uma vez e meia essa média."
        ]
      },
      "/municipios/amadora": {
        "total": 22,
        "distintas": 20,
        "por_classe": {
          "conteudo": 15,
          "navegacao": 5,
          "autorreferencia": 0,
          "divulgacao": 1
        },
        "nao_classificados": [
          "A dívida em percentagem da média da receita corrente líquida cobrada nos três anos anteriores; a lei permite uma vez e meia essa média."
        ]
      },
      "/municipios/amarante": {
        "total": 22,
        "distintas": 20,
        "por_classe": {
          "conteudo": 15,
          "navegacao": 5,
          "autorreferencia": 0,
          "divulgacao": 1
        },
        "nao_classificados": [
          "A dívida em percentagem da média da receita corrente líquida cobrada nos três anos anteriores; a lei permite uma vez e meia essa média."
        ]
      },
      "/municipios/amares": {
        "total": 22,
        "distintas": 20,
        "por_classe": {
          "conteudo": 15,
          "navegacao": 5,
          "autorreferencia": 0,
          "divulgacao": 1
        },
        "nao_classificados": [
          "A dívida em percentagem da média da receita corrente líquida cobrada nos três anos anteriores; a lei permite uma vez e meia essa média."
        ]
      },
      "/municipios/anadia": {
        "total": 22,
        "distintas": 20,
        "por_classe": {
          "conteudo": 15,
          "navegacao": 5,
          "autorreferencia": 0,
          "divulgacao": 1
        },
        "nao_classificados": [
          "A dívida em percentagem da média da receita corrente líquida cobrada nos três anos anteriores; a lei permite uma vez e meia essa média."
        ]
      },
      "/municipios/angra-do-heroismo": {
        "total": 20,
        "distintas": 18,
        "por_classe": {
          "conteudo": 13,
          "navegacao": 5,
          "autorreferencia": 0,
          "divulgacao": 1
        },
        "nao_classificados": [
          "A dívida em percentagem da média da receita corrente líquida cobrada nos três anos anteriores; a lei permite uma vez e meia essa média."
        ]
      },
      "/municipios/ansiao": {
        "total": 22,
        "distintas": 20,
        "por_classe": {
          "conteudo": 15,
          "navegacao": 5,
          "autorreferencia": 0,
          "divulgacao": 1
        },
        "nao_classificados": [
          "A dívida em percentagem da média da receita corrente líquida cobrada nos três anos anteriores; a lei permite uma vez e meia essa média."
        ]
      },
      "/municipios/arcos-de-valdevez": {
        "total": 22,
        "distintas": 20,
        "por_classe": {
          "conteudo": 15,
          "navegacao": 5,
          "autorreferencia": 0,
          "divulgacao": 1
        },
        "nao_classificados": [
          "A dívida em percentagem da média da receita corrente líquida cobrada nos três anos anteriores; a lei permite uma vez e meia essa média."
        ]
      },
      "/municipios/arganil": {
        "total": 22,
        "distintas": 20,
        "por_classe": {
          "conteudo": 15,
          "navegacao": 5,
          "autorreferencia": 0,
          "divulgacao": 1
        },
        "nao_classificados": [
          "A dívida em percentagem da média da receita corrente líquida cobrada nos três anos anteriores; a lei permite uma vez e meia essa média."
        ]
      },
      "/municipios/armamar": {
        "total": 22,
        "distintas": 20,
        "por_classe": {
          "conteudo": 15,
          "navegacao": 5,
          "autorreferencia": 0,
          "divulgacao": 1
        },
        "nao_classificados": [
          "A dívida em percentagem da média da receita corrente líquida cobrada nos três anos anteriores; a lei permite uma vez e meia essa média."
        ]
      },
      "/municipios/arouca": {
        "total": 22,
        "distintas": 20,
        "por_classe": {
          "conteudo": 15,
          "navegacao": 5,
          "autorreferencia": 0,
          "divulgacao": 1
        },
        "nao_classificados": [
          "A dívida em percentagem da média da receita corrente líquida cobrada nos três anos anteriores; a lei permite uma vez e meia essa média."
        ]
      },
      "/municipios/arraiolos": {
        "total": 22,
        "distintas": 20,
        "por_classe": {
          "conteudo": 15,
          "navegacao": 5,
          "autorreferencia": 0,
          "divulgacao": 1
        },
        "nao_classificados": [
          "A dívida em percentagem da média da receita corrente líquida cobrada nos três anos anteriores; a lei permite uma vez e meia essa média."
        ]
      },
      "/municipios/arronches": {
        "total": 22,
        "distintas": 20,
        "por_classe": {
          "conteudo": 15,
          "navegacao": 5,
          "autorreferencia": 0,
          "divulgacao": 1
        },
        "nao_classificados": [
          "A dívida em percentagem da média da receita corrente líquida cobrada nos três anos anteriores; a lei permite uma vez e meia essa média."
        ]
      },
      "/municipios/arruda-dos-vinhos": {
        "total": 22,
        "distintas": 20,
        "por_classe": {
          "conteudo": 15,
          "navegacao": 5,
          "autorreferencia": 0,
          "divulgacao": 1
        },
        "nao_classificados": [
          "A dívida em percentagem da média da receita corrente líquida cobrada nos três anos anteriores; a lei permite uma vez e meia essa média."
        ]
      },
      "/municipios/aveiro": {
        "total": 22,
        "distintas": 20,
        "por_classe": {
          "conteudo": 15,
          "navegacao": 5,
          "autorreferencia": 0,
          "divulgacao": 1
        },
        "nao_classificados": [
          "A dívida em percentagem da média da receita corrente líquida cobrada nos três anos anteriores; a lei permite uma vez e meia essa média."
        ]
      },
      "/municipios/avis": {
        "total": 22,
        "distintas": 20,
        "por_classe": {
          "conteudo": 15,
          "navegacao": 5,
          "autorreferencia": 0,
          "divulgacao": 1
        },
        "nao_classificados": [
          "A dívida em percentagem da média da receita corrente líquida cobrada nos três anos anteriores; a lei permite uma vez e meia essa média."
        ]
      },
      "/municipios/azambuja": {
        "total": 22,
        "distintas": 20,
        "por_classe": {
          "conteudo": 15,
          "navegacao": 5,
          "autorreferencia": 0,
          "divulgacao": 1
        },
        "nao_classificados": [
          "A dívida em percentagem da média da receita corrente líquida cobrada nos três anos anteriores; a lei permite uma vez e meia essa média."
        ]
      },
      "/municipios/baiao": {
        "total": 22,
        "distintas": 20,
        "por_classe": {
          "conteudo": 15,
          "navegacao": 5,
          "autorreferencia": 0,
          "divulgacao": 1
        },
        "nao_classificados": [
          "A dívida em percentagem da média da receita corrente líquida cobrada nos três anos anteriores; a lei permite uma vez e meia essa média."
        ]
      },
      "/municipios/barcelos": {
        "total": 22,
        "distintas": 20,
        "por_classe": {
          "conteudo": 15,
          "navegacao": 5,
          "autorreferencia": 0,
          "divulgacao": 1
        },
        "nao_classificados": [
          "A dívida em percentagem da média da receita corrente líquida cobrada nos três anos anteriores; a lei permite uma vez e meia essa média."
        ]
      },
      "/municipios/barrancos": {
        "total": 22,
        "distintas": 20,
        "por_classe": {
          "conteudo": 15,
          "navegacao": 5,
          "autorreferencia": 0,
          "divulgacao": 1
        },
        "nao_classificados": [
          "A dívida em percentagem da média da receita corrente líquida cobrada nos três anos anteriores; a lei permite uma vez e meia essa média."
        ]
      },
      "/municipios/barreiro": {
        "total": 22,
        "distintas": 20,
        "por_classe": {
          "conteudo": 15,
          "navegacao": 5,
          "autorreferencia": 0,
          "divulgacao": 1
        },
        "nao_classificados": [
          "A dívida em percentagem da média da receita corrente líquida cobrada nos três anos anteriores; a lei permite uma vez e meia essa média."
        ]
      },
      "/municipios/batalha": {
        "total": 22,
        "distintas": 20,
        "por_classe": {
          "conteudo": 15,
          "navegacao": 5,
          "autorreferencia": 0,
          "divulgacao": 1
        },
        "nao_classificados": [
          "A dívida em percentagem da média da receita corrente líquida cobrada nos três anos anteriores; a lei permite uma vez e meia essa média."
        ]
      },
      "/municipios/beja": {
        "total": 22,
        "distintas": 20,
        "por_classe": {
          "conteudo": 15,
          "navegacao": 5,
          "autorreferencia": 0,
          "divulgacao": 1
        },
        "nao_classificados": [
          "A dívida em percentagem da média da receita corrente líquida cobrada nos três anos anteriores; a lei permite uma vez e meia essa média."
        ]
      },
      "/municipios/belmonte": {
        "total": 22,
        "distintas": 20,
        "por_classe": {
          "conteudo": 15,
          "navegacao": 5,
          "autorreferencia": 0,
          "divulgacao": 1
        },
        "nao_classificados": [
          "A dívida em percentagem da média da receita corrente líquida cobrada nos três anos anteriores; a lei permite uma vez e meia essa média."
        ]
      },
      "/municipios/benavente": {
        "total": 22,
        "distintas": 20,
        "por_classe": {
          "conteudo": 15,
          "navegacao": 5,
          "autorreferencia": 0,
          "divulgacao": 1
        },
        "nao_classificados": [
          "A dívida em percentagem da média da receita corrente líquida cobrada nos três anos anteriores; a lei permite uma vez e meia essa média."
        ]
      },
      "/municipios/bombarral": {
        "total": 22,
        "distintas": 20,
        "por_classe": {
          "conteudo": 15,
          "navegacao": 5,
          "autorreferencia": 0,
          "divulgacao": 1
        },
        "nao_classificados": [
          "A dívida em percentagem da média da receita corrente líquida cobrada nos três anos anteriores; a lei permite uma vez e meia essa média."
        ]
      },
      "/municipios/borba": {
        "total": 22,
        "distintas": 20,
        "por_classe": {
          "conteudo": 15,
          "navegacao": 5,
          "autorreferencia": 0,
          "divulgacao": 1
        },
        "nao_classificados": [
          "A dívida em percentagem da média da receita corrente líquida cobrada nos três anos anteriores; a lei permite uma vez e meia essa média."
        ]
      },
      "/municipios/boticas": {
        "total": 22,
        "distintas": 20,
        "por_classe": {
          "conteudo": 15,
          "navegacao": 5,
          "autorreferencia": 0,
          "divulgacao": 1
        },
        "nao_classificados": [
          "A dívida em percentagem da média da receita corrente líquida cobrada nos três anos anteriores; a lei permite uma vez e meia essa média."
        ]
      },
      "/municipios/braga": {
        "total": 22,
        "distintas": 20,
        "por_classe": {
          "conteudo": 15,
          "navegacao": 5,
          "autorreferencia": 0,
          "divulgacao": 1
        },
        "nao_classificados": [
          "A dívida em percentagem da média da receita corrente líquida cobrada nos três anos anteriores; a lei permite uma vez e meia essa média."
        ]
      },
      "/municipios/braganca": {
        "total": 22,
        "distintas": 20,
        "por_classe": {
          "conteudo": 15,
          "navegacao": 5,
          "autorreferencia": 0,
          "divulgacao": 1
        },
        "nao_classificados": [
          "A dívida em percentagem da média da receita corrente líquida cobrada nos três anos anteriores; a lei permite uma vez e meia essa média."
        ]
      },
      "/municipios/cabeceiras-de-basto": {
        "total": 22,
        "distintas": 20,
        "por_classe": {
          "conteudo": 15,
          "navegacao": 5,
          "autorreferencia": 0,
          "divulgacao": 1
        },
        "nao_classificados": [
          "A dívida em percentagem da média da receita corrente líquida cobrada nos três anos anteriores; a lei permite uma vez e meia essa média."
        ]
      },
      "/municipios/cadaval": {
        "total": 22,
        "distintas": 20,
        "por_classe": {
          "conteudo": 15,
          "navegacao": 5,
          "autorreferencia": 0,
          "divulgacao": 1
        },
        "nao_classificados": [
          "A dívida em percentagem da média da receita corrente líquida cobrada nos três anos anteriores; a lei permite uma vez e meia essa média."
        ]
      },
      "/municipios/caldas-da-rainha": {
        "total": 22,
        "distintas": 20,
        "por_classe": {
          "conteudo": 15,
          "navegacao": 5,
          "autorreferencia": 0,
          "divulgacao": 1
        },
        "nao_classificados": [
          "A dívida em percentagem da média da receita corrente líquida cobrada nos três anos anteriores; a lei permite uma vez e meia essa média."
        ]
      },
      "/municipios/calheta": {
        "total": 20,
        "distintas": 18,
        "por_classe": {
          "conteudo": 13,
          "navegacao": 5,
          "autorreferencia": 0,
          "divulgacao": 1
        },
        "nao_classificados": [
          "A dívida em percentagem da média da receita corrente líquida cobrada nos três anos anteriores; a lei permite uma vez e meia essa média."
        ]
      },
      "/municipios/calheta-de-sao-jorge": {
        "total": 20,
        "distintas": 18,
        "por_classe": {
          "conteudo": 13,
          "navegacao": 5,
          "autorreferencia": 0,
          "divulgacao": 1
        },
        "nao_classificados": [
          "A dívida em percentagem da média da receita corrente líquida cobrada nos três anos anteriores; a lei permite uma vez e meia essa média."
        ]
      },
      "/municipios/camara-de-lobos": {
        "total": 20,
        "distintas": 18,
        "por_classe": {
          "conteudo": 13,
          "navegacao": 5,
          "autorreferencia": 0,
          "divulgacao": 1
        },
        "nao_classificados": [
          "A dívida em percentagem da média da receita corrente líquida cobrada nos três anos anteriores; a lei permite uma vez e meia essa média."
        ]
      },
      "/municipios/caminha": {
        "total": 22,
        "distintas": 20,
        "por_classe": {
          "conteudo": 15,
          "navegacao": 5,
          "autorreferencia": 0,
          "divulgacao": 1
        },
        "nao_classificados": [
          "A dívida em percentagem da média da receita corrente líquida cobrada nos três anos anteriores; a lei permite uma vez e meia essa média."
        ]
      },
      "/municipios/campo-maior": {
        "total": 22,
        "distintas": 20,
        "por_classe": {
          "conteudo": 15,
          "navegacao": 5,
          "autorreferencia": 0,
          "divulgacao": 1
        },
        "nao_classificados": [
          "A dívida em percentagem da média da receita corrente líquida cobrada nos três anos anteriores; a lei permite uma vez e meia essa média."
        ]
      },
      "/municipios/cantanhede": {
        "total": 22,
        "distintas": 20,
        "por_classe": {
          "conteudo": 15,
          "navegacao": 5,
          "autorreferencia": 0,
          "divulgacao": 1
        },
        "nao_classificados": [
          "A dívida em percentagem da média da receita corrente líquida cobrada nos três anos anteriores; a lei permite uma vez e meia essa média."
        ]
      },
      "/municipios/carrazeda-de-ansiaes": {
        "total": 22,
        "distintas": 20,
        "por_classe": {
          "conteudo": 15,
          "navegacao": 5,
          "autorreferencia": 0,
          "divulgacao": 1
        },
        "nao_classificados": [
          "A dívida em percentagem da média da receita corrente líquida cobrada nos três anos anteriores; a lei permite uma vez e meia essa média."
        ]
      },
      "/municipios/carregal-do-sal": {
        "total": 22,
        "distintas": 20,
        "por_classe": {
          "conteudo": 15,
          "navegacao": 5,
          "autorreferencia": 0,
          "divulgacao": 1
        },
        "nao_classificados": [
          "A dívida em percentagem da média da receita corrente líquida cobrada nos três anos anteriores; a lei permite uma vez e meia essa média."
        ]
      },
      "/municipios/cartaxo": {
        "total": 22,
        "distintas": 20,
        "por_classe": {
          "conteudo": 15,
          "navegacao": 5,
          "autorreferencia": 0,
          "divulgacao": 1
        },
        "nao_classificados": [
          "A dívida em percentagem da média da receita corrente líquida cobrada nos três anos anteriores; a lei permite uma vez e meia essa média."
        ]
      },
      "/municipios/cascais": {
        "total": 22,
        "distintas": 20,
        "por_classe": {
          "conteudo": 15,
          "navegacao": 5,
          "autorreferencia": 0,
          "divulgacao": 1
        },
        "nao_classificados": [
          "A dívida em percentagem da média da receita corrente líquida cobrada nos três anos anteriores; a lei permite uma vez e meia essa média."
        ]
      },
      "/municipios/castanheira-de-pera": {
        "total": 22,
        "distintas": 20,
        "por_classe": {
          "conteudo": 15,
          "navegacao": 5,
          "autorreferencia": 0,
          "divulgacao": 1
        },
        "nao_classificados": [
          "A dívida em percentagem da média da receita corrente líquida cobrada nos três anos anteriores; a lei permite uma vez e meia essa média."
        ]
      },
      "/municipios/castelo-branco": {
        "total": 22,
        "distintas": 20,
        "por_classe": {
          "conteudo": 15,
          "navegacao": 5,
          "autorreferencia": 0,
          "divulgacao": 1
        },
        "nao_classificados": [
          "A dívida em percentagem da média da receita corrente líquida cobrada nos três anos anteriores; a lei permite uma vez e meia essa média."
        ]
      },
      "/municipios/castelo-de-paiva": {
        "total": 22,
        "distintas": 20,
        "por_classe": {
          "conteudo": 15,
          "navegacao": 5,
          "autorreferencia": 0,
          "divulgacao": 1
        },
        "nao_classificados": [
          "A dívida em percentagem da média da receita corrente líquida cobrada nos três anos anteriores; a lei permite uma vez e meia essa média."
        ]
      },
      "/municipios/castelo-de-vide": {
        "total": 22,
        "distintas": 20,
        "por_classe": {
          "conteudo": 15,
          "navegacao": 5,
          "autorreferencia": 0,
          "divulgacao": 1
        },
        "nao_classificados": [
          "A dívida em percentagem da média da receita corrente líquida cobrada nos três anos anteriores; a lei permite uma vez e meia essa média."
        ]
      },
      "/municipios/castro-daire": {
        "total": 22,
        "distintas": 20,
        "por_classe": {
          "conteudo": 15,
          "navegacao": 5,
          "autorreferencia": 0,
          "divulgacao": 1
        },
        "nao_classificados": [
          "A dívida em percentagem da média da receita corrente líquida cobrada nos três anos anteriores; a lei permite uma vez e meia essa média."
        ]
      },
      "/municipios/castro-marim": {
        "total": 22,
        "distintas": 20,
        "por_classe": {
          "conteudo": 15,
          "navegacao": 5,
          "autorreferencia": 0,
          "divulgacao": 1
        },
        "nao_classificados": [
          "A dívida em percentagem da média da receita corrente líquida cobrada nos três anos anteriores; a lei permite uma vez e meia essa média."
        ]
      },
      "/municipios/castro-verde": {
        "total": 22,
        "distintas": 20,
        "por_classe": {
          "conteudo": 15,
          "navegacao": 5,
          "autorreferencia": 0,
          "divulgacao": 1
        },
        "nao_classificados": [
          "A dívida em percentagem da média da receita corrente líquida cobrada nos três anos anteriores; a lei permite uma vez e meia essa média."
        ]
      },
      "/municipios/celorico-da-beira": {
        "total": 22,
        "distintas": 20,
        "por_classe": {
          "conteudo": 15,
          "navegacao": 5,
          "autorreferencia": 0,
          "divulgacao": 1
        },
        "nao_classificados": [
          "A dívida em percentagem da média da receita corrente líquida cobrada nos três anos anteriores; a lei permite uma vez e meia essa média."
        ]
      },
      "/municipios/celorico-de-basto": {
        "total": 22,
        "distintas": 20,
        "por_classe": {
          "conteudo": 15,
          "navegacao": 5,
          "autorreferencia": 0,
          "divulgacao": 1
        },
        "nao_classificados": [
          "A dívida em percentagem da média da receita corrente líquida cobrada nos três anos anteriores; a lei permite uma vez e meia essa média."
        ]
      },
      "/municipios/chamusca": {
        "total": 22,
        "distintas": 20,
        "por_classe": {
          "conteudo": 15,
          "navegacao": 5,
          "autorreferencia": 0,
          "divulgacao": 1
        },
        "nao_classificados": [
          "A dívida em percentagem da média da receita corrente líquida cobrada nos três anos anteriores; a lei permite uma vez e meia essa média."
        ]
      },
      "/municipios/chaves": {
        "total": 22,
        "distintas": 20,
        "por_classe": {
          "conteudo": 15,
          "navegacao": 5,
          "autorreferencia": 0,
          "divulgacao": 1
        },
        "nao_classificados": [
          "A dívida em percentagem da média da receita corrente líquida cobrada nos três anos anteriores; a lei permite uma vez e meia essa média."
        ]
      },
      "/municipios/cinfaes": {
        "total": 22,
        "distintas": 20,
        "por_classe": {
          "conteudo": 15,
          "navegacao": 5,
          "autorreferencia": 0,
          "divulgacao": 1
        },
        "nao_classificados": [
          "A dívida em percentagem da média da receita corrente líquida cobrada nos três anos anteriores; a lei permite uma vez e meia essa média."
        ]
      },
      "/municipios/coimbra": {
        "total": 22,
        "distintas": 20,
        "por_classe": {
          "conteudo": 15,
          "navegacao": 5,
          "autorreferencia": 0,
          "divulgacao": 1
        },
        "nao_classificados": [
          "A dívida em percentagem da média da receita corrente líquida cobrada nos três anos anteriores; a lei permite uma vez e meia essa média."
        ]
      },
      "/municipios/condeixa-a-nova": {
        "total": 22,
        "distintas": 20,
        "por_classe": {
          "conteudo": 15,
          "navegacao": 5,
          "autorreferencia": 0,
          "divulgacao": 1
        },
        "nao_classificados": [
          "A dívida em percentagem da média da receita corrente líquida cobrada nos três anos anteriores; a lei permite uma vez e meia essa média."
        ]
      },
      "/municipios/constancia": {
        "total": 22,
        "distintas": 20,
        "por_classe": {
          "conteudo": 15,
          "navegacao": 5,
          "autorreferencia": 0,
          "divulgacao": 1
        },
        "nao_classificados": [
          "A dívida em percentagem da média da receita corrente líquida cobrada nos três anos anteriores; a lei permite uma vez e meia essa média."
        ]
      },
      "/municipios/coruche": {
        "total": 22,
        "distintas": 20,
        "por_classe": {
          "conteudo": 15,
          "navegacao": 5,
          "autorreferencia": 0,
          "divulgacao": 1
        },
        "nao_classificados": [
          "A dívida em percentagem da média da receita corrente líquida cobrada nos três anos anteriores; a lei permite uma vez e meia essa média."
        ]
      },
      "/municipios/corvo": {
        "total": 20,
        "distintas": 18,
        "por_classe": {
          "conteudo": 13,
          "navegacao": 5,
          "autorreferencia": 0,
          "divulgacao": 1
        },
        "nao_classificados": [
          "A dívida em percentagem da média da receita corrente líquida cobrada nos três anos anteriores; a lei permite uma vez e meia essa média."
        ]
      },
      "/municipios/covilha": {
        "total": 22,
        "distintas": 20,
        "por_classe": {
          "conteudo": 15,
          "navegacao": 5,
          "autorreferencia": 0,
          "divulgacao": 1
        },
        "nao_classificados": [
          "A dívida em percentagem da média da receita corrente líquida cobrada nos três anos anteriores; a lei permite uma vez e meia essa média."
        ]
      },
      "/municipios/crato": {
        "total": 22,
        "distintas": 20,
        "por_classe": {
          "conteudo": 15,
          "navegacao": 5,
          "autorreferencia": 0,
          "divulgacao": 1
        },
        "nao_classificados": [
          "A dívida em percentagem da média da receita corrente líquida cobrada nos três anos anteriores; a lei permite uma vez e meia essa média."
        ]
      },
      "/municipios/cuba": {
        "total": 22,
        "distintas": 20,
        "por_classe": {
          "conteudo": 15,
          "navegacao": 5,
          "autorreferencia": 0,
          "divulgacao": 1
        },
        "nao_classificados": [
          "A dívida em percentagem da média da receita corrente líquida cobrada nos três anos anteriores; a lei permite uma vez e meia essa média."
        ]
      },
      "/municipios/elvas": {
        "total": 22,
        "distintas": 20,
        "por_classe": {
          "conteudo": 15,
          "navegacao": 5,
          "autorreferencia": 0,
          "divulgacao": 1
        },
        "nao_classificados": [
          "A dívida em percentagem da média da receita corrente líquida cobrada nos três anos anteriores; a lei permite uma vez e meia essa média."
        ]
      },
      "/municipios/entroncamento": {
        "total": 22,
        "distintas": 20,
        "por_classe": {
          "conteudo": 15,
          "navegacao": 5,
          "autorreferencia": 0,
          "divulgacao": 1
        },
        "nao_classificados": [
          "A dívida em percentagem da média da receita corrente líquida cobrada nos três anos anteriores; a lei permite uma vez e meia essa média."
        ]
      },
      "/municipios/espinho": {
        "total": 22,
        "distintas": 20,
        "por_classe": {
          "conteudo": 15,
          "navegacao": 5,
          "autorreferencia": 0,
          "divulgacao": 1
        },
        "nao_classificados": [
          "A dívida em percentagem da média da receita corrente líquida cobrada nos três anos anteriores; a lei permite uma vez e meia essa média."
        ]
      },
      "/municipios/esposende": {
        "total": 22,
        "distintas": 20,
        "por_classe": {
          "conteudo": 15,
          "navegacao": 5,
          "autorreferencia": 0,
          "divulgacao": 1
        },
        "nao_classificados": [
          "A dívida em percentagem da média da receita corrente líquida cobrada nos três anos anteriores; a lei permite uma vez e meia essa média."
        ]
      },
      "/municipios/estarreja": {
        "total": 22,
        "distintas": 20,
        "por_classe": {
          "conteudo": 15,
          "navegacao": 5,
          "autorreferencia": 0,
          "divulgacao": 1
        },
        "nao_classificados": [
          "A dívida em percentagem da média da receita corrente líquida cobrada nos três anos anteriores; a lei permite uma vez e meia essa média."
        ]
      },
      "/municipios/estremoz": {
        "total": 22,
        "distintas": 20,
        "por_classe": {
          "conteudo": 15,
          "navegacao": 5,
          "autorreferencia": 0,
          "divulgacao": 1
        },
        "nao_classificados": [
          "A dívida em percentagem da média da receita corrente líquida cobrada nos três anos anteriores; a lei permite uma vez e meia essa média."
        ]
      },
      "/municipios/evora": {
        "total": 75,
        "distintas": 46,
        "por_classe": {
          "conteudo": 65,
          "navegacao": 8,
          "autorreferencia": 0,
          "divulgacao": 1
        },
        "nao_classificados": [
          "A dívida em percentagem da média da receita corrente líquida cobrada nos três anos anteriores; a lei permite uma vez e meia essa média."
        ]
      },
      "/municipios/fafe": {
        "total": 22,
        "distintas": 20,
        "por_classe": {
          "conteudo": 15,
          "navegacao": 5,
          "autorreferencia": 0,
          "divulgacao": 1
        },
        "nao_classificados": [
          "A dívida em percentagem da média da receita corrente líquida cobrada nos três anos anteriores; a lei permite uma vez e meia essa média."
        ]
      },
      "/municipios/faro": {
        "total": 22,
        "distintas": 20,
        "por_classe": {
          "conteudo": 15,
          "navegacao": 5,
          "autorreferencia": 0,
          "divulgacao": 1
        },
        "nao_classificados": [
          "A dívida em percentagem da média da receita corrente líquida cobrada nos três anos anteriores; a lei permite uma vez e meia essa média."
        ]
      },
      "/municipios/felgueiras": {
        "total": 22,
        "distintas": 20,
        "por_classe": {
          "conteudo": 15,
          "navegacao": 5,
          "autorreferencia": 0,
          "divulgacao": 1
        },
        "nao_classificados": [
          "A dívida em percentagem da média da receita corrente líquida cobrada nos três anos anteriores; a lei permite uma vez e meia essa média."
        ]
      },
      "/municipios/ferreira-do-alentejo": {
        "total": 22,
        "distintas": 20,
        "por_classe": {
          "conteudo": 15,
          "navegacao": 5,
          "autorreferencia": 0,
          "divulgacao": 1
        },
        "nao_classificados": [
          "A dívida em percentagem da média da receita corrente líquida cobrada nos três anos anteriores; a lei permite uma vez e meia essa média."
        ]
      },
      "/municipios/ferreira-do-zezere": {
        "total": 22,
        "distintas": 20,
        "por_classe": {
          "conteudo": 15,
          "navegacao": 5,
          "autorreferencia": 0,
          "divulgacao": 1
        },
        "nao_classificados": [
          "A dívida em percentagem da média da receita corrente líquida cobrada nos três anos anteriores; a lei permite uma vez e meia essa média."
        ]
      },
      "/municipios/figueira-da-foz": {
        "total": 22,
        "distintas": 20,
        "por_classe": {
          "conteudo": 15,
          "navegacao": 5,
          "autorreferencia": 0,
          "divulgacao": 1
        },
        "nao_classificados": [
          "A dívida em percentagem da média da receita corrente líquida cobrada nos três anos anteriores; a lei permite uma vez e meia essa média."
        ]
      },
      "/municipios/figueira-de-castelo-rodrigo": {
        "total": 22,
        "distintas": 20,
        "por_classe": {
          "conteudo": 15,
          "navegacao": 5,
          "autorreferencia": 0,
          "divulgacao": 1
        },
        "nao_classificados": [
          "A dívida em percentagem da média da receita corrente líquida cobrada nos três anos anteriores; a lei permite uma vez e meia essa média."
        ]
      },
      "/municipios/figueiro-dos-vinhos": {
        "total": 22,
        "distintas": 20,
        "por_classe": {
          "conteudo": 15,
          "navegacao": 5,
          "autorreferencia": 0,
          "divulgacao": 1
        },
        "nao_classificados": [
          "A dívida em percentagem da média da receita corrente líquida cobrada nos três anos anteriores; a lei permite uma vez e meia essa média."
        ]
      },
      "/municipios/fornos-de-algodres": {
        "total": 22,
        "distintas": 20,
        "por_classe": {
          "conteudo": 15,
          "navegacao": 5,
          "autorreferencia": 0,
          "divulgacao": 1
        },
        "nao_classificados": [
          "A dívida em percentagem da média da receita corrente líquida cobrada nos três anos anteriores; a lei permite uma vez e meia essa média."
        ]
      },
      "/municipios/freixo-de-espada-a-cinta": {
        "total": 22,
        "distintas": 20,
        "por_classe": {
          "conteudo": 15,
          "navegacao": 5,
          "autorreferencia": 0,
          "divulgacao": 1
        },
        "nao_classificados": [
          "A dívida em percentagem da média da receita corrente líquida cobrada nos três anos anteriores; a lei permite uma vez e meia essa média."
        ]
      },
      "/municipios/fronteira": {
        "total": 22,
        "distintas": 20,
        "por_classe": {
          "conteudo": 15,
          "navegacao": 5,
          "autorreferencia": 0,
          "divulgacao": 1
        },
        "nao_classificados": [
          "A dívida em percentagem da média da receita corrente líquida cobrada nos três anos anteriores; a lei permite uma vez e meia essa média."
        ]
      },
      "/municipios/funchal": {
        "total": 20,
        "distintas": 18,
        "por_classe": {
          "conteudo": 13,
          "navegacao": 5,
          "autorreferencia": 0,
          "divulgacao": 1
        },
        "nao_classificados": [
          "A dívida em percentagem da média da receita corrente líquida cobrada nos três anos anteriores; a lei permite uma vez e meia essa média."
        ]
      },
      "/municipios/fundao": {
        "total": 22,
        "distintas": 20,
        "por_classe": {
          "conteudo": 15,
          "navegacao": 5,
          "autorreferencia": 0,
          "divulgacao": 1
        },
        "nao_classificados": [
          "A dívida em percentagem da média da receita corrente líquida cobrada nos três anos anteriores; a lei permite uma vez e meia essa média."
        ]
      },
      "/municipios/gaviao": {
        "total": 22,
        "distintas": 20,
        "por_classe": {
          "conteudo": 15,
          "navegacao": 5,
          "autorreferencia": 0,
          "divulgacao": 1
        },
        "nao_classificados": [
          "A dívida em percentagem da média da receita corrente líquida cobrada nos três anos anteriores; a lei permite uma vez e meia essa média."
        ]
      },
      "/municipios/gois": {
        "total": 22,
        "distintas": 20,
        "por_classe": {
          "conteudo": 15,
          "navegacao": 5,
          "autorreferencia": 0,
          "divulgacao": 1
        },
        "nao_classificados": [
          "A dívida em percentagem da média da receita corrente líquida cobrada nos três anos anteriores; a lei permite uma vez e meia essa média."
        ]
      },
      "/municipios/golega": {
        "total": 22,
        "distintas": 20,
        "por_classe": {
          "conteudo": 15,
          "navegacao": 5,
          "autorreferencia": 0,
          "divulgacao": 1
        },
        "nao_classificados": [
          "A dívida em percentagem da média da receita corrente líquida cobrada nos três anos anteriores; a lei permite uma vez e meia essa média."
        ]
      },
      "/municipios/gondomar": {
        "total": 22,
        "distintas": 20,
        "por_classe": {
          "conteudo": 15,
          "navegacao": 5,
          "autorreferencia": 0,
          "divulgacao": 1
        },
        "nao_classificados": [
          "A dívida em percentagem da média da receita corrente líquida cobrada nos três anos anteriores; a lei permite uma vez e meia essa média."
        ]
      },
      "/municipios/gouveia": {
        "total": 22,
        "distintas": 20,
        "por_classe": {
          "conteudo": 15,
          "navegacao": 5,
          "autorreferencia": 0,
          "divulgacao": 1
        },
        "nao_classificados": [
          "A dívida em percentagem da média da receita corrente líquida cobrada nos três anos anteriores; a lei permite uma vez e meia essa média."
        ]
      },
      "/municipios/grandola": {
        "total": 22,
        "distintas": 20,
        "por_classe": {
          "conteudo": 15,
          "navegacao": 5,
          "autorreferencia": 0,
          "divulgacao": 1
        },
        "nao_classificados": [
          "A dívida em percentagem da média da receita corrente líquida cobrada nos três anos anteriores; a lei permite uma vez e meia essa média."
        ]
      },
      "/municipios/guarda": {
        "total": 22,
        "distintas": 20,
        "por_classe": {
          "conteudo": 15,
          "navegacao": 5,
          "autorreferencia": 0,
          "divulgacao": 1
        },
        "nao_classificados": [
          "A dívida em percentagem da média da receita corrente líquida cobrada nos três anos anteriores; a lei permite uma vez e meia essa média."
        ]
      },
      "/municipios/guimaraes": {
        "total": 22,
        "distintas": 20,
        "por_classe": {
          "conteudo": 15,
          "navegacao": 5,
          "autorreferencia": 0,
          "divulgacao": 1
        },
        "nao_classificados": [
          "A dívida em percentagem da média da receita corrente líquida cobrada nos três anos anteriores; a lei permite uma vez e meia essa média."
        ]
      },
      "/municipios/horta": {
        "total": 20,
        "distintas": 18,
        "por_classe": {
          "conteudo": 13,
          "navegacao": 5,
          "autorreferencia": 0,
          "divulgacao": 1
        },
        "nao_classificados": [
          "A dívida em percentagem da média da receita corrente líquida cobrada nos três anos anteriores; a lei permite uma vez e meia essa média."
        ]
      },
      "/municipios/idanha-a-nova": {
        "total": 22,
        "distintas": 20,
        "por_classe": {
          "conteudo": 15,
          "navegacao": 5,
          "autorreferencia": 0,
          "divulgacao": 1
        },
        "nao_classificados": [
          "A dívida em percentagem da média da receita corrente líquida cobrada nos três anos anteriores; a lei permite uma vez e meia essa média."
        ]
      },
      "/municipios/ilhavo": {
        "total": 22,
        "distintas": 20,
        "por_classe": {
          "conteudo": 15,
          "navegacao": 5,
          "autorreferencia": 0,
          "divulgacao": 1
        },
        "nao_classificados": [
          "A dívida em percentagem da média da receita corrente líquida cobrada nos três anos anteriores; a lei permite uma vez e meia essa média."
        ]
      },
      "/municipios/lagoa-faro": {
        "total": 22,
        "distintas": 20,
        "por_classe": {
          "conteudo": 15,
          "navegacao": 5,
          "autorreferencia": 0,
          "divulgacao": 1
        },
        "nao_classificados": [
          "A dívida em percentagem da média da receita corrente líquida cobrada nos três anos anteriores; a lei permite uma vez e meia essa média."
        ]
      },
      "/municipios/lagoa-ilha-de-sao-miguel": {
        "total": 20,
        "distintas": 18,
        "por_classe": {
          "conteudo": 13,
          "navegacao": 5,
          "autorreferencia": 0,
          "divulgacao": 1
        },
        "nao_classificados": [
          "A dívida em percentagem da média da receita corrente líquida cobrada nos três anos anteriores; a lei permite uma vez e meia essa média."
        ]
      },
      "/municipios/lagos": {
        "total": 22,
        "distintas": 20,
        "por_classe": {
          "conteudo": 15,
          "navegacao": 5,
          "autorreferencia": 0,
          "divulgacao": 1
        },
        "nao_classificados": [
          "A dívida em percentagem da média da receita corrente líquida cobrada nos três anos anteriores; a lei permite uma vez e meia essa média."
        ]
      },
      "/municipios/lajes-das-flores": {
        "total": 20,
        "distintas": 18,
        "por_classe": {
          "conteudo": 13,
          "navegacao": 5,
          "autorreferencia": 0,
          "divulgacao": 1
        },
        "nao_classificados": [
          "A dívida em percentagem da média da receita corrente líquida cobrada nos três anos anteriores; a lei permite uma vez e meia essa média."
        ]
      },
      "/municipios/lajes-do-pico": {
        "total": 20,
        "distintas": 18,
        "por_classe": {
          "conteudo": 13,
          "navegacao": 5,
          "autorreferencia": 0,
          "divulgacao": 1
        },
        "nao_classificados": [
          "A dívida em percentagem da média da receita corrente líquida cobrada nos três anos anteriores; a lei permite uma vez e meia essa média."
        ]
      },
      "/municipios/lamego": {
        "total": 22,
        "distintas": 20,
        "por_classe": {
          "conteudo": 15,
          "navegacao": 5,
          "autorreferencia": 0,
          "divulgacao": 1
        },
        "nao_classificados": [
          "A dívida em percentagem da média da receita corrente líquida cobrada nos três anos anteriores; a lei permite uma vez e meia essa média."
        ]
      },
      "/municipios/leiria": {
        "total": 22,
        "distintas": 20,
        "por_classe": {
          "conteudo": 15,
          "navegacao": 5,
          "autorreferencia": 0,
          "divulgacao": 1
        },
        "nao_classificados": [
          "A dívida em percentagem da média da receita corrente líquida cobrada nos três anos anteriores; a lei permite uma vez e meia essa média."
        ]
      },
      "/municipios/lisboa": {
        "total": 22,
        "distintas": 20,
        "por_classe": {
          "conteudo": 15,
          "navegacao": 5,
          "autorreferencia": 0,
          "divulgacao": 1
        },
        "nao_classificados": [
          "A dívida em percentagem da média da receita corrente líquida cobrada nos três anos anteriores; a lei permite uma vez e meia essa média."
        ]
      },
      "/municipios/loule": {
        "total": 22,
        "distintas": 20,
        "por_classe": {
          "conteudo": 15,
          "navegacao": 5,
          "autorreferencia": 0,
          "divulgacao": 1
        },
        "nao_classificados": [
          "A dívida em percentagem da média da receita corrente líquida cobrada nos três anos anteriores; a lei permite uma vez e meia essa média."
        ]
      },
      "/municipios/loures": {
        "total": 22,
        "distintas": 20,
        "por_classe": {
          "conteudo": 15,
          "navegacao": 5,
          "autorreferencia": 0,
          "divulgacao": 1
        },
        "nao_classificados": [
          "A dívida em percentagem da média da receita corrente líquida cobrada nos três anos anteriores; a lei permite uma vez e meia essa média."
        ]
      },
      "/municipios/lourinha": {
        "total": 22,
        "distintas": 20,
        "por_classe": {
          "conteudo": 15,
          "navegacao": 5,
          "autorreferencia": 0,
          "divulgacao": 1
        },
        "nao_classificados": [
          "A dívida em percentagem da média da receita corrente líquida cobrada nos três anos anteriores; a lei permite uma vez e meia essa média."
        ]
      },
      "/municipios/lousa": {
        "total": 22,
        "distintas": 20,
        "por_classe": {
          "conteudo": 15,
          "navegacao": 5,
          "autorreferencia": 0,
          "divulgacao": 1
        },
        "nao_classificados": [
          "A dívida em percentagem da média da receita corrente líquida cobrada nos três anos anteriores; a lei permite uma vez e meia essa média."
        ]
      },
      "/municipios/lousada": {
        "total": 22,
        "distintas": 20,
        "por_classe": {
          "conteudo": 15,
          "navegacao": 5,
          "autorreferencia": 0,
          "divulgacao": 1
        },
        "nao_classificados": [
          "A dívida em percentagem da média da receita corrente líquida cobrada nos três anos anteriores; a lei permite uma vez e meia essa média."
        ]
      },
      "/municipios/macao": {
        "total": 22,
        "distintas": 20,
        "por_classe": {
          "conteudo": 15,
          "navegacao": 5,
          "autorreferencia": 0,
          "divulgacao": 1
        },
        "nao_classificados": [
          "A dívida em percentagem da média da receita corrente líquida cobrada nos três anos anteriores; a lei permite uma vez e meia essa média."
        ]
      },
      "/municipios/macedo-de-cavaleiros": {
        "total": 22,
        "distintas": 20,
        "por_classe": {
          "conteudo": 15,
          "navegacao": 5,
          "autorreferencia": 0,
          "divulgacao": 1
        },
        "nao_classificados": [
          "A dívida em percentagem da média da receita corrente líquida cobrada nos três anos anteriores; a lei permite uma vez e meia essa média."
        ]
      },
      "/municipios/machico": {
        "total": 20,
        "distintas": 18,
        "por_classe": {
          "conteudo": 13,
          "navegacao": 5,
          "autorreferencia": 0,
          "divulgacao": 1
        },
        "nao_classificados": [
          "A dívida em percentagem da média da receita corrente líquida cobrada nos três anos anteriores; a lei permite uma vez e meia essa média."
        ]
      },
      "/municipios/madalena": {
        "total": 20,
        "distintas": 18,
        "por_classe": {
          "conteudo": 13,
          "navegacao": 5,
          "autorreferencia": 0,
          "divulgacao": 1
        },
        "nao_classificados": [
          "A dívida em percentagem da média da receita corrente líquida cobrada nos três anos anteriores; a lei permite uma vez e meia essa média."
        ]
      },
      "/municipios/mafra": {
        "total": 22,
        "distintas": 20,
        "por_classe": {
          "conteudo": 15,
          "navegacao": 5,
          "autorreferencia": 0,
          "divulgacao": 1
        },
        "nao_classificados": [
          "A dívida em percentagem da média da receita corrente líquida cobrada nos três anos anteriores; a lei permite uma vez e meia essa média."
        ]
      },
      "/municipios/maia": {
        "total": 22,
        "distintas": 20,
        "por_classe": {
          "conteudo": 15,
          "navegacao": 5,
          "autorreferencia": 0,
          "divulgacao": 1
        },
        "nao_classificados": [
          "A dívida em percentagem da média da receita corrente líquida cobrada nos três anos anteriores; a lei permite uma vez e meia essa média."
        ]
      },
      "/municipios/mangualde": {
        "total": 22,
        "distintas": 20,
        "por_classe": {
          "conteudo": 15,
          "navegacao": 5,
          "autorreferencia": 0,
          "divulgacao": 1
        },
        "nao_classificados": [
          "A dívida em percentagem da média da receita corrente líquida cobrada nos três anos anteriores; a lei permite uma vez e meia essa média."
        ]
      },
      "/municipios/manteigas": {
        "total": 22,
        "distintas": 20,
        "por_classe": {
          "conteudo": 15,
          "navegacao": 5,
          "autorreferencia": 0,
          "divulgacao": 1
        },
        "nao_classificados": [
          "A dívida em percentagem da média da receita corrente líquida cobrada nos três anos anteriores; a lei permite uma vez e meia essa média."
        ]
      },
      "/municipios/marco-de-canaveses": {
        "total": 22,
        "distintas": 20,
        "por_classe": {
          "conteudo": 15,
          "navegacao": 5,
          "autorreferencia": 0,
          "divulgacao": 1
        },
        "nao_classificados": [
          "A dívida em percentagem da média da receita corrente líquida cobrada nos três anos anteriores; a lei permite uma vez e meia essa média."
        ]
      },
      "/municipios/marinha-grande": {
        "total": 22,
        "distintas": 20,
        "por_classe": {
          "conteudo": 15,
          "navegacao": 5,
          "autorreferencia": 0,
          "divulgacao": 1
        },
        "nao_classificados": [
          "A dívida em percentagem da média da receita corrente líquida cobrada nos três anos anteriores; a lei permite uma vez e meia essa média."
        ]
      },
      "/municipios/marvao": {
        "total": 22,
        "distintas": 20,
        "por_classe": {
          "conteudo": 15,
          "navegacao": 5,
          "autorreferencia": 0,
          "divulgacao": 1
        },
        "nao_classificados": [
          "A dívida em percentagem da média da receita corrente líquida cobrada nos três anos anteriores; a lei permite uma vez e meia essa média."
        ]
      },
      "/municipios/matosinhos": {
        "total": 22,
        "distintas": 20,
        "por_classe": {
          "conteudo": 15,
          "navegacao": 5,
          "autorreferencia": 0,
          "divulgacao": 1
        },
        "nao_classificados": [
          "A dívida em percentagem da média da receita corrente líquida cobrada nos três anos anteriores; a lei permite uma vez e meia essa média."
        ]
      },
      "/municipios/mealhada": {
        "total": 22,
        "distintas": 20,
        "por_classe": {
          "conteudo": 15,
          "navegacao": 5,
          "autorreferencia": 0,
          "divulgacao": 1
        },
        "nao_classificados": [
          "A dívida em percentagem da média da receita corrente líquida cobrada nos três anos anteriores; a lei permite uma vez e meia essa média."
        ]
      },
      "/municipios/meda": {
        "total": 22,
        "distintas": 20,
        "por_classe": {
          "conteudo": 15,
          "navegacao": 5,
          "autorreferencia": 0,
          "divulgacao": 1
        },
        "nao_classificados": [
          "A dívida em percentagem da média da receita corrente líquida cobrada nos três anos anteriores; a lei permite uma vez e meia essa média."
        ]
      },
      "/municipios/melgaco": {
        "total": 22,
        "distintas": 20,
        "por_classe": {
          "conteudo": 15,
          "navegacao": 5,
          "autorreferencia": 0,
          "divulgacao": 1
        },
        "nao_classificados": [
          "A dívida em percentagem da média da receita corrente líquida cobrada nos três anos anteriores; a lei permite uma vez e meia essa média."
        ]
      },
      "/municipios/mertola": {
        "total": 22,
        "distintas": 20,
        "por_classe": {
          "conteudo": 15,
          "navegacao": 5,
          "autorreferencia": 0,
          "divulgacao": 1
        },
        "nao_classificados": [
          "A dívida em percentagem da média da receita corrente líquida cobrada nos três anos anteriores; a lei permite uma vez e meia essa média."
        ]
      },
      "/municipios/mesao-frio": {
        "total": 22,
        "distintas": 20,
        "por_classe": {
          "conteudo": 15,
          "navegacao": 5,
          "autorreferencia": 0,
          "divulgacao": 1
        },
        "nao_classificados": [
          "A dívida em percentagem da média da receita corrente líquida cobrada nos três anos anteriores; a lei permite uma vez e meia essa média."
        ]
      },
      "/municipios/mira": {
        "total": 22,
        "distintas": 20,
        "por_classe": {
          "conteudo": 15,
          "navegacao": 5,
          "autorreferencia": 0,
          "divulgacao": 1
        },
        "nao_classificados": [
          "A dívida em percentagem da média da receita corrente líquida cobrada nos três anos anteriores; a lei permite uma vez e meia essa média."
        ]
      },
      "/municipios/miranda-do-corvo": {
        "total": 22,
        "distintas": 20,
        "por_classe": {
          "conteudo": 15,
          "navegacao": 5,
          "autorreferencia": 0,
          "divulgacao": 1
        },
        "nao_classificados": [
          "A dívida em percentagem da média da receita corrente líquida cobrada nos três anos anteriores; a lei permite uma vez e meia essa média."
        ]
      },
      "/municipios/miranda-do-douro": {
        "total": 22,
        "distintas": 20,
        "por_classe": {
          "conteudo": 15,
          "navegacao": 5,
          "autorreferencia": 0,
          "divulgacao": 1
        },
        "nao_classificados": [
          "A dívida em percentagem da média da receita corrente líquida cobrada nos três anos anteriores; a lei permite uma vez e meia essa média."
        ]
      },
      "/municipios/mirandela": {
        "total": 22,
        "distintas": 20,
        "por_classe": {
          "conteudo": 15,
          "navegacao": 5,
          "autorreferencia": 0,
          "divulgacao": 1
        },
        "nao_classificados": [
          "A dívida em percentagem da média da receita corrente líquida cobrada nos três anos anteriores; a lei permite uma vez e meia essa média."
        ]
      },
      "/municipios/mogadouro": {
        "total": 22,
        "distintas": 20,
        "por_classe": {
          "conteudo": 15,
          "navegacao": 5,
          "autorreferencia": 0,
          "divulgacao": 1
        },
        "nao_classificados": [
          "A dívida em percentagem da média da receita corrente líquida cobrada nos três anos anteriores; a lei permite uma vez e meia essa média."
        ]
      },
      "/municipios/moimenta-da-beira": {
        "total": 22,
        "distintas": 20,
        "por_classe": {
          "conteudo": 15,
          "navegacao": 5,
          "autorreferencia": 0,
          "divulgacao": 1
        },
        "nao_classificados": [
          "A dívida em percentagem da média da receita corrente líquida cobrada nos três anos anteriores; a lei permite uma vez e meia essa média."
        ]
      },
      "/municipios/moita": {
        "total": 22,
        "distintas": 20,
        "por_classe": {
          "conteudo": 15,
          "navegacao": 5,
          "autorreferencia": 0,
          "divulgacao": 1
        },
        "nao_classificados": [
          "A dívida em percentagem da média da receita corrente líquida cobrada nos três anos anteriores; a lei permite uma vez e meia essa média."
        ]
      },
      "/municipios/moncao": {
        "total": 22,
        "distintas": 20,
        "por_classe": {
          "conteudo": 15,
          "navegacao": 5,
          "autorreferencia": 0,
          "divulgacao": 1
        },
        "nao_classificados": [
          "A dívida em percentagem da média da receita corrente líquida cobrada nos três anos anteriores; a lei permite uma vez e meia essa média."
        ]
      },
      "/municipios/monchique": {
        "total": 22,
        "distintas": 20,
        "por_classe": {
          "conteudo": 15,
          "navegacao": 5,
          "autorreferencia": 0,
          "divulgacao": 1
        },
        "nao_classificados": [
          "A dívida em percentagem da média da receita corrente líquida cobrada nos três anos anteriores; a lei permite uma vez e meia essa média."
        ]
      },
      "/municipios/mondim-de-basto": {
        "total": 22,
        "distintas": 20,
        "por_classe": {
          "conteudo": 15,
          "navegacao": 5,
          "autorreferencia": 0,
          "divulgacao": 1
        },
        "nao_classificados": [
          "A dívida em percentagem da média da receita corrente líquida cobrada nos três anos anteriores; a lei permite uma vez e meia essa média."
        ]
      },
      "/municipios/monforte": {
        "total": 22,
        "distintas": 20,
        "por_classe": {
          "conteudo": 15,
          "navegacao": 5,
          "autorreferencia": 0,
          "divulgacao": 1
        },
        "nao_classificados": [
          "A dívida em percentagem da média da receita corrente líquida cobrada nos três anos anteriores; a lei permite uma vez e meia essa média."
        ]
      },
      "/municipios/montalegre": {
        "total": 22,
        "distintas": 20,
        "por_classe": {
          "conteudo": 15,
          "navegacao": 5,
          "autorreferencia": 0,
          "divulgacao": 1
        },
        "nao_classificados": [
          "A dívida em percentagem da média da receita corrente líquida cobrada nos três anos anteriores; a lei permite uma vez e meia essa média."
        ]
      },
      "/municipios/montemor-o-novo": {
        "total": 22,
        "distintas": 20,
        "por_classe": {
          "conteudo": 15,
          "navegacao": 5,
          "autorreferencia": 0,
          "divulgacao": 1
        },
        "nao_classificados": [
          "A dívida em percentagem da média da receita corrente líquida cobrada nos três anos anteriores; a lei permite uma vez e meia essa média."
        ]
      },
      "/municipios/montemor-o-velho": {
        "total": 22,
        "distintas": 20,
        "por_classe": {
          "conteudo": 15,
          "navegacao": 5,
          "autorreferencia": 0,
          "divulgacao": 1
        },
        "nao_classificados": [
          "A dívida em percentagem da média da receita corrente líquida cobrada nos três anos anteriores; a lei permite uma vez e meia essa média."
        ]
      },
      "/municipios/montijo": {
        "total": 22,
        "distintas": 20,
        "por_classe": {
          "conteudo": 15,
          "navegacao": 5,
          "autorreferencia": 0,
          "divulgacao": 1
        },
        "nao_classificados": [
          "A dívida em percentagem da média da receita corrente líquida cobrada nos três anos anteriores; a lei permite uma vez e meia essa média."
        ]
      },
      "/municipios/mora": {
        "total": 22,
        "distintas": 20,
        "por_classe": {
          "conteudo": 15,
          "navegacao": 5,
          "autorreferencia": 0,
          "divulgacao": 1
        },
        "nao_classificados": [
          "A dívida em percentagem da média da receita corrente líquida cobrada nos três anos anteriores; a lei permite uma vez e meia essa média."
        ]
      },
      "/municipios/mortagua": {
        "total": 22,
        "distintas": 20,
        "por_classe": {
          "conteudo": 15,
          "navegacao": 5,
          "autorreferencia": 0,
          "divulgacao": 1
        },
        "nao_classificados": [
          "A dívida em percentagem da média da receita corrente líquida cobrada nos três anos anteriores; a lei permite uma vez e meia essa média."
        ]
      },
      "/municipios/moura": {
        "total": 22,
        "distintas": 20,
        "por_classe": {
          "conteudo": 15,
          "navegacao": 5,
          "autorreferencia": 0,
          "divulgacao": 1
        },
        "nao_classificados": [
          "A dívida em percentagem da média da receita corrente líquida cobrada nos três anos anteriores; a lei permite uma vez e meia essa média."
        ]
      },
      "/municipios/mourao": {
        "total": 22,
        "distintas": 20,
        "por_classe": {
          "conteudo": 15,
          "navegacao": 5,
          "autorreferencia": 0,
          "divulgacao": 1
        },
        "nao_classificados": [
          "A dívida em percentagem da média da receita corrente líquida cobrada nos três anos anteriores; a lei permite uma vez e meia essa média."
        ]
      },
      "/municipios/murca": {
        "total": 22,
        "distintas": 20,
        "por_classe": {
          "conteudo": 15,
          "navegacao": 5,
          "autorreferencia": 0,
          "divulgacao": 1
        },
        "nao_classificados": [
          "A dívida em percentagem da média da receita corrente líquida cobrada nos três anos anteriores; a lei permite uma vez e meia essa média."
        ]
      },
      "/municipios/murtosa": {
        "total": 22,
        "distintas": 20,
        "por_classe": {
          "conteudo": 15,
          "navegacao": 5,
          "autorreferencia": 0,
          "divulgacao": 1
        },
        "nao_classificados": [
          "A dívida em percentagem da média da receita corrente líquida cobrada nos três anos anteriores; a lei permite uma vez e meia essa média."
        ]
      },
      "/municipios/nazare": {
        "total": 22,
        "distintas": 20,
        "por_classe": {
          "conteudo": 15,
          "navegacao": 5,
          "autorreferencia": 0,
          "divulgacao": 1
        },
        "nao_classificados": [
          "A dívida em percentagem da média da receita corrente líquida cobrada nos três anos anteriores; a lei permite uma vez e meia essa média."
        ]
      },
      "/municipios/nelas": {
        "total": 22,
        "distintas": 20,
        "por_classe": {
          "conteudo": 15,
          "navegacao": 5,
          "autorreferencia": 0,
          "divulgacao": 1
        },
        "nao_classificados": [
          "A dívida em percentagem da média da receita corrente líquida cobrada nos três anos anteriores; a lei permite uma vez e meia essa média."
        ]
      },
      "/municipios/nisa": {
        "total": 22,
        "distintas": 20,
        "por_classe": {
          "conteudo": 15,
          "navegacao": 5,
          "autorreferencia": 0,
          "divulgacao": 1
        },
        "nao_classificados": [
          "A dívida em percentagem da média da receita corrente líquida cobrada nos três anos anteriores; a lei permite uma vez e meia essa média."
        ]
      },
      "/municipios/nordeste": {
        "total": 20,
        "distintas": 18,
        "por_classe": {
          "conteudo": 13,
          "navegacao": 5,
          "autorreferencia": 0,
          "divulgacao": 1
        },
        "nao_classificados": [
          "A dívida em percentagem da média da receita corrente líquida cobrada nos três anos anteriores; a lei permite uma vez e meia essa média."
        ]
      },
      "/municipios/obidos": {
        "total": 22,
        "distintas": 20,
        "por_classe": {
          "conteudo": 15,
          "navegacao": 5,
          "autorreferencia": 0,
          "divulgacao": 1
        },
        "nao_classificados": [
          "A dívida em percentagem da média da receita corrente líquida cobrada nos três anos anteriores; a lei permite uma vez e meia essa média."
        ]
      },
      "/municipios/odemira": {
        "total": 22,
        "distintas": 20,
        "por_classe": {
          "conteudo": 15,
          "navegacao": 5,
          "autorreferencia": 0,
          "divulgacao": 1
        },
        "nao_classificados": [
          "A dívida em percentagem da média da receita corrente líquida cobrada nos três anos anteriores; a lei permite uma vez e meia essa média."
        ]
      },
      "/municipios/odivelas": {
        "total": 22,
        "distintas": 20,
        "por_classe": {
          "conteudo": 15,
          "navegacao": 5,
          "autorreferencia": 0,
          "divulgacao": 1
        },
        "nao_classificados": [
          "A dívida em percentagem da média da receita corrente líquida cobrada nos três anos anteriores; a lei permite uma vez e meia essa média."
        ]
      },
      "/municipios/oeiras": {
        "total": 22,
        "distintas": 20,
        "por_classe": {
          "conteudo": 15,
          "navegacao": 5,
          "autorreferencia": 0,
          "divulgacao": 1
        },
        "nao_classificados": [
          "A dívida em percentagem da média da receita corrente líquida cobrada nos três anos anteriores; a lei permite uma vez e meia essa média."
        ]
      },
      "/municipios/oleiros": {
        "total": 22,
        "distintas": 20,
        "por_classe": {
          "conteudo": 15,
          "navegacao": 5,
          "autorreferencia": 0,
          "divulgacao": 1
        },
        "nao_classificados": [
          "A dívida em percentagem da média da receita corrente líquida cobrada nos três anos anteriores; a lei permite uma vez e meia essa média."
        ]
      },
      "/municipios/olhao": {
        "total": 22,
        "distintas": 20,
        "por_classe": {
          "conteudo": 15,
          "navegacao": 5,
          "autorreferencia": 0,
          "divulgacao": 1
        },
        "nao_classificados": [
          "A dívida em percentagem da média da receita corrente líquida cobrada nos três anos anteriores; a lei permite uma vez e meia essa média."
        ]
      },
      "/municipios/oliveira-de-azemeis": {
        "total": 22,
        "distintas": 20,
        "por_classe": {
          "conteudo": 15,
          "navegacao": 5,
          "autorreferencia": 0,
          "divulgacao": 1
        },
        "nao_classificados": [
          "A dívida em percentagem da média da receita corrente líquida cobrada nos três anos anteriores; a lei permite uma vez e meia essa média."
        ]
      },
      "/municipios/oliveira-de-frades": {
        "total": 22,
        "distintas": 20,
        "por_classe": {
          "conteudo": 15,
          "navegacao": 5,
          "autorreferencia": 0,
          "divulgacao": 1
        },
        "nao_classificados": [
          "A dívida em percentagem da média da receita corrente líquida cobrada nos três anos anteriores; a lei permite uma vez e meia essa média."
        ]
      },
      "/municipios/oliveira-do-bairro": {
        "total": 22,
        "distintas": 20,
        "por_classe": {
          "conteudo": 15,
          "navegacao": 5,
          "autorreferencia": 0,
          "divulgacao": 1
        },
        "nao_classificados": [
          "A dívida em percentagem da média da receita corrente líquida cobrada nos três anos anteriores; a lei permite uma vez e meia essa média."
        ]
      },
      "/municipios/oliveira-do-hospital": {
        "total": 22,
        "distintas": 20,
        "por_classe": {
          "conteudo": 15,
          "navegacao": 5,
          "autorreferencia": 0,
          "divulgacao": 1
        },
        "nao_classificados": [
          "A dívida em percentagem da média da receita corrente líquida cobrada nos três anos anteriores; a lei permite uma vez e meia essa média."
        ]
      },
      "/municipios/ourem": {
        "total": 22,
        "distintas": 20,
        "por_classe": {
          "conteudo": 15,
          "navegacao": 5,
          "autorreferencia": 0,
          "divulgacao": 1
        },
        "nao_classificados": [
          "A dívida em percentagem da média da receita corrente líquida cobrada nos três anos anteriores; a lei permite uma vez e meia essa média."
        ]
      },
      "/municipios/ourique": {
        "total": 22,
        "distintas": 20,
        "por_classe": {
          "conteudo": 15,
          "navegacao": 5,
          "autorreferencia": 0,
          "divulgacao": 1
        },
        "nao_classificados": [
          "A dívida em percentagem da média da receita corrente líquida cobrada nos três anos anteriores; a lei permite uma vez e meia essa média."
        ]
      },
      "/municipios/ovar": {
        "total": 22,
        "distintas": 20,
        "por_classe": {
          "conteudo": 15,
          "navegacao": 5,
          "autorreferencia": 0,
          "divulgacao": 1
        },
        "nao_classificados": [
          "A dívida em percentagem da média da receita corrente líquida cobrada nos três anos anteriores; a lei permite uma vez e meia essa média."
        ]
      },
      "/municipios/pacos-de-ferreira": {
        "total": 22,
        "distintas": 20,
        "por_classe": {
          "conteudo": 15,
          "navegacao": 5,
          "autorreferencia": 0,
          "divulgacao": 1
        },
        "nao_classificados": [
          "A dívida em percentagem da média da receita corrente líquida cobrada nos três anos anteriores; a lei permite uma vez e meia essa média."
        ]
      },
      "/municipios/palmela": {
        "total": 22,
        "distintas": 20,
        "por_classe": {
          "conteudo": 15,
          "navegacao": 5,
          "autorreferencia": 0,
          "divulgacao": 1
        },
        "nao_classificados": [
          "A dívida em percentagem da média da receita corrente líquida cobrada nos três anos anteriores; a lei permite uma vez e meia essa média."
        ]
      },
      "/municipios/pampilhosa-da-serra": {
        "total": 22,
        "distintas": 20,
        "por_classe": {
          "conteudo": 15,
          "navegacao": 5,
          "autorreferencia": 0,
          "divulgacao": 1
        },
        "nao_classificados": [
          "A dívida em percentagem da média da receita corrente líquida cobrada nos três anos anteriores; a lei permite uma vez e meia essa média."
        ]
      },
      "/municipios/paredes": {
        "total": 22,
        "distintas": 20,
        "por_classe": {
          "conteudo": 15,
          "navegacao": 5,
          "autorreferencia": 0,
          "divulgacao": 1
        },
        "nao_classificados": [
          "A dívida em percentagem da média da receita corrente líquida cobrada nos três anos anteriores; a lei permite uma vez e meia essa média."
        ]
      },
      "/municipios/paredes-de-coura": {
        "total": 22,
        "distintas": 20,
        "por_classe": {
          "conteudo": 15,
          "navegacao": 5,
          "autorreferencia": 0,
          "divulgacao": 1
        },
        "nao_classificados": [
          "A dívida em percentagem da média da receita corrente líquida cobrada nos três anos anteriores; a lei permite uma vez e meia essa média."
        ]
      },
      "/municipios/pedrogao-grande": {
        "total": 22,
        "distintas": 20,
        "por_classe": {
          "conteudo": 15,
          "navegacao": 5,
          "autorreferencia": 0,
          "divulgacao": 1
        },
        "nao_classificados": [
          "A dívida em percentagem da média da receita corrente líquida cobrada nos três anos anteriores; a lei permite uma vez e meia essa média."
        ]
      },
      "/municipios/penacova": {
        "total": 22,
        "distintas": 20,
        "por_classe": {
          "conteudo": 15,
          "navegacao": 5,
          "autorreferencia": 0,
          "divulgacao": 1
        },
        "nao_classificados": [
          "A dívida em percentagem da média da receita corrente líquida cobrada nos três anos anteriores; a lei permite uma vez e meia essa média."
        ]
      },
      "/municipios/penafiel": {
        "total": 22,
        "distintas": 20,
        "por_classe": {
          "conteudo": 15,
          "navegacao": 5,
          "autorreferencia": 0,
          "divulgacao": 1
        },
        "nao_classificados": [
          "A dívida em percentagem da média da receita corrente líquida cobrada nos três anos anteriores; a lei permite uma vez e meia essa média."
        ]
      },
      "/municipios/penalva-do-castelo": {
        "total": 22,
        "distintas": 20,
        "por_classe": {
          "conteudo": 15,
          "navegacao": 5,
          "autorreferencia": 0,
          "divulgacao": 1
        },
        "nao_classificados": [
          "A dívida em percentagem da média da receita corrente líquida cobrada nos três anos anteriores; a lei permite uma vez e meia essa média."
        ]
      },
      "/municipios/penamacor": {
        "total": 22,
        "distintas": 20,
        "por_classe": {
          "conteudo": 15,
          "navegacao": 5,
          "autorreferencia": 0,
          "divulgacao": 1
        },
        "nao_classificados": [
          "A dívida em percentagem da média da receita corrente líquida cobrada nos três anos anteriores; a lei permite uma vez e meia essa média."
        ]
      },
      "/municipios/penedono": {
        "total": 19,
        "distintas": 19,
        "por_classe": {
          "conteudo": 12,
          "navegacao": 5,
          "autorreferencia": 0,
          "divulgacao": 1
        },
        "nao_classificados": [
          "A dívida em percentagem da média da receita corrente líquida cobrada nos três anos anteriores; a lei permite uma vez e meia essa média."
        ]
      },
      "/municipios/penela": {
        "total": 22,
        "distintas": 20,
        "por_classe": {
          "conteudo": 15,
          "navegacao": 5,
          "autorreferencia": 0,
          "divulgacao": 1
        },
        "nao_classificados": [
          "A dívida em percentagem da média da receita corrente líquida cobrada nos três anos anteriores; a lei permite uma vez e meia essa média."
        ]
      },
      "/municipios/peniche": {
        "total": 22,
        "distintas": 20,
        "por_classe": {
          "conteudo": 15,
          "navegacao": 5,
          "autorreferencia": 0,
          "divulgacao": 1
        },
        "nao_classificados": [
          "A dívida em percentagem da média da receita corrente líquida cobrada nos três anos anteriores; a lei permite uma vez e meia essa média."
        ]
      },
      "/municipios/peso-da-regua": {
        "total": 22,
        "distintas": 20,
        "por_classe": {
          "conteudo": 15,
          "navegacao": 5,
          "autorreferencia": 0,
          "divulgacao": 1
        },
        "nao_classificados": [
          "A dívida em percentagem da média da receita corrente líquida cobrada nos três anos anteriores; a lei permite uma vez e meia essa média."
        ]
      },
      "/municipios/pinhel": {
        "total": 22,
        "distintas": 20,
        "por_classe": {
          "conteudo": 15,
          "navegacao": 5,
          "autorreferencia": 0,
          "divulgacao": 1
        },
        "nao_classificados": [
          "A dívida em percentagem da média da receita corrente líquida cobrada nos três anos anteriores; a lei permite uma vez e meia essa média."
        ]
      },
      "/municipios/pombal": {
        "total": 22,
        "distintas": 20,
        "por_classe": {
          "conteudo": 15,
          "navegacao": 5,
          "autorreferencia": 0,
          "divulgacao": 1
        },
        "nao_classificados": [
          "A dívida em percentagem da média da receita corrente líquida cobrada nos três anos anteriores; a lei permite uma vez e meia essa média."
        ]
      },
      "/municipios/ponta-delgada": {
        "total": 20,
        "distintas": 18,
        "por_classe": {
          "conteudo": 13,
          "navegacao": 5,
          "autorreferencia": 0,
          "divulgacao": 1
        },
        "nao_classificados": [
          "A dívida em percentagem da média da receita corrente líquida cobrada nos três anos anteriores; a lei permite uma vez e meia essa média."
        ]
      },
      "/municipios/ponta-do-sol": {
        "total": 20,
        "distintas": 18,
        "por_classe": {
          "conteudo": 13,
          "navegacao": 5,
          "autorreferencia": 0,
          "divulgacao": 1
        },
        "nao_classificados": [
          "A dívida em percentagem da média da receita corrente líquida cobrada nos três anos anteriores; a lei permite uma vez e meia essa média."
        ]
      },
      "/municipios/ponte-da-barca": {
        "total": 22,
        "distintas": 20,
        "por_classe": {
          "conteudo": 15,
          "navegacao": 5,
          "autorreferencia": 0,
          "divulgacao": 1
        },
        "nao_classificados": [
          "A dívida em percentagem da média da receita corrente líquida cobrada nos três anos anteriores; a lei permite uma vez e meia essa média."
        ]
      },
      "/municipios/ponte-de-lima": {
        "total": 22,
        "distintas": 20,
        "por_classe": {
          "conteudo": 15,
          "navegacao": 5,
          "autorreferencia": 0,
          "divulgacao": 1
        },
        "nao_classificados": [
          "A dívida em percentagem da média da receita corrente líquida cobrada nos três anos anteriores; a lei permite uma vez e meia essa média."
        ]
      },
      "/municipios/ponte-de-sor": {
        "total": 22,
        "distintas": 20,
        "por_classe": {
          "conteudo": 15,
          "navegacao": 5,
          "autorreferencia": 0,
          "divulgacao": 1
        },
        "nao_classificados": [
          "A dívida em percentagem da média da receita corrente líquida cobrada nos três anos anteriores; a lei permite uma vez e meia essa média."
        ]
      },
      "/municipios/portalegre": {
        "total": 22,
        "distintas": 20,
        "por_classe": {
          "conteudo": 15,
          "navegacao": 5,
          "autorreferencia": 0,
          "divulgacao": 1
        },
        "nao_classificados": [
          "A dívida em percentagem da média da receita corrente líquida cobrada nos três anos anteriores; a lei permite uma vez e meia essa média."
        ]
      },
      "/municipios/portel": {
        "total": 22,
        "distintas": 20,
        "por_classe": {
          "conteudo": 15,
          "navegacao": 5,
          "autorreferencia": 0,
          "divulgacao": 1
        },
        "nao_classificados": [
          "A dívida em percentagem da média da receita corrente líquida cobrada nos três anos anteriores; a lei permite uma vez e meia essa média."
        ]
      },
      "/municipios/portimao": {
        "total": 22,
        "distintas": 20,
        "por_classe": {
          "conteudo": 15,
          "navegacao": 5,
          "autorreferencia": 0,
          "divulgacao": 1
        },
        "nao_classificados": [
          "A dívida em percentagem da média da receita corrente líquida cobrada nos três anos anteriores; a lei permite uma vez e meia essa média."
        ]
      },
      "/municipios/porto": {
        "total": 22,
        "distintas": 20,
        "por_classe": {
          "conteudo": 15,
          "navegacao": 5,
          "autorreferencia": 0,
          "divulgacao": 1
        },
        "nao_classificados": [
          "A dívida em percentagem da média da receita corrente líquida cobrada nos três anos anteriores; a lei permite uma vez e meia essa média."
        ]
      },
      "/municipios/porto-de-mos": {
        "total": 22,
        "distintas": 20,
        "por_classe": {
          "conteudo": 15,
          "navegacao": 5,
          "autorreferencia": 0,
          "divulgacao": 1
        },
        "nao_classificados": [
          "A dívida em percentagem da média da receita corrente líquida cobrada nos três anos anteriores; a lei permite uma vez e meia essa média."
        ]
      },
      "/municipios/porto-moniz": {
        "total": 20,
        "distintas": 18,
        "por_classe": {
          "conteudo": 13,
          "navegacao": 5,
          "autorreferencia": 0,
          "divulgacao": 1
        },
        "nao_classificados": [
          "A dívida em percentagem da média da receita corrente líquida cobrada nos três anos anteriores; a lei permite uma vez e meia essa média."
        ]
      },
      "/municipios/porto-santo": {
        "total": 20,
        "distintas": 18,
        "por_classe": {
          "conteudo": 13,
          "navegacao": 5,
          "autorreferencia": 0,
          "divulgacao": 1
        },
        "nao_classificados": [
          "A dívida em percentagem da média da receita corrente líquida cobrada nos três anos anteriores; a lei permite uma vez e meia essa média."
        ]
      },
      "/municipios/povoa-de-lanhoso": {
        "total": 22,
        "distintas": 20,
        "por_classe": {
          "conteudo": 15,
          "navegacao": 5,
          "autorreferencia": 0,
          "divulgacao": 1
        },
        "nao_classificados": [
          "A dívida em percentagem da média da receita corrente líquida cobrada nos três anos anteriores; a lei permite uma vez e meia essa média."
        ]
      },
      "/municipios/povoa-de-varzim": {
        "total": 22,
        "distintas": 20,
        "por_classe": {
          "conteudo": 15,
          "navegacao": 5,
          "autorreferencia": 0,
          "divulgacao": 1
        },
        "nao_classificados": [
          "A dívida em percentagem da média da receita corrente líquida cobrada nos três anos anteriores; a lei permite uma vez e meia essa média."
        ]
      },
      "/municipios/povoacao": {
        "total": 20,
        "distintas": 18,
        "por_classe": {
          "conteudo": 13,
          "navegacao": 5,
          "autorreferencia": 0,
          "divulgacao": 1
        },
        "nao_classificados": [
          "A dívida em percentagem da média da receita corrente líquida cobrada nos três anos anteriores; a lei permite uma vez e meia essa média."
        ]
      },
      "/municipios/praia-da-vitoria": {
        "total": 20,
        "distintas": 18,
        "por_classe": {
          "conteudo": 13,
          "navegacao": 5,
          "autorreferencia": 0,
          "divulgacao": 1
        },
        "nao_classificados": [
          "A dívida em percentagem da média da receita corrente líquida cobrada nos três anos anteriores; a lei permite uma vez e meia essa média."
        ]
      },
      "/municipios/proenca-a-nova": {
        "total": 22,
        "distintas": 20,
        "por_classe": {
          "conteudo": 15,
          "navegacao": 5,
          "autorreferencia": 0,
          "divulgacao": 1
        },
        "nao_classificados": [
          "A dívida em percentagem da média da receita corrente líquida cobrada nos três anos anteriores; a lei permite uma vez e meia essa média."
        ]
      },
      "/municipios/redondo": {
        "total": 22,
        "distintas": 20,
        "por_classe": {
          "conteudo": 15,
          "navegacao": 5,
          "autorreferencia": 0,
          "divulgacao": 1
        },
        "nao_classificados": [
          "A dívida em percentagem da média da receita corrente líquida cobrada nos três anos anteriores; a lei permite uma vez e meia essa média."
        ]
      },
      "/municipios/reguengos-de-monsaraz": {
        "total": 22,
        "distintas": 20,
        "por_classe": {
          "conteudo": 15,
          "navegacao": 5,
          "autorreferencia": 0,
          "divulgacao": 1
        },
        "nao_classificados": [
          "A dívida em percentagem da média da receita corrente líquida cobrada nos três anos anteriores; a lei permite uma vez e meia essa média."
        ]
      },
      "/municipios/resende": {
        "total": 22,
        "distintas": 20,
        "por_classe": {
          "conteudo": 15,
          "navegacao": 5,
          "autorreferencia": 0,
          "divulgacao": 1
        },
        "nao_classificados": [
          "A dívida em percentagem da média da receita corrente líquida cobrada nos três anos anteriores; a lei permite uma vez e meia essa média."
        ]
      },
      "/municipios/ribeira-brava": {
        "total": 20,
        "distintas": 18,
        "por_classe": {
          "conteudo": 13,
          "navegacao": 5,
          "autorreferencia": 0,
          "divulgacao": 1
        },
        "nao_classificados": [
          "A dívida em percentagem da média da receita corrente líquida cobrada nos três anos anteriores; a lei permite uma vez e meia essa média."
        ]
      },
      "/municipios/ribeira-de-pena": {
        "total": 22,
        "distintas": 20,
        "por_classe": {
          "conteudo": 15,
          "navegacao": 5,
          "autorreferencia": 0,
          "divulgacao": 1
        },
        "nao_classificados": [
          "A dívida em percentagem da média da receita corrente líquida cobrada nos três anos anteriores; a lei permite uma vez e meia essa média."
        ]
      },
      "/municipios/ribeira-grande": {
        "total": 20,
        "distintas": 18,
        "por_classe": {
          "conteudo": 13,
          "navegacao": 5,
          "autorreferencia": 0,
          "divulgacao": 1
        },
        "nao_classificados": [
          "A dívida em percentagem da média da receita corrente líquida cobrada nos três anos anteriores; a lei permite uma vez e meia essa média."
        ]
      },
      "/municipios/rio-maior": {
        "total": 22,
        "distintas": 20,
        "por_classe": {
          "conteudo": 15,
          "navegacao": 5,
          "autorreferencia": 0,
          "divulgacao": 1
        },
        "nao_classificados": [
          "A dívida em percentagem da média da receita corrente líquida cobrada nos três anos anteriores; a lei permite uma vez e meia essa média."
        ]
      },
      "/municipios/sabrosa": {
        "total": 22,
        "distintas": 20,
        "por_classe": {
          "conteudo": 15,
          "navegacao": 5,
          "autorreferencia": 0,
          "divulgacao": 1
        },
        "nao_classificados": [
          "A dívida em percentagem da média da receita corrente líquida cobrada nos três anos anteriores; a lei permite uma vez e meia essa média."
        ]
      },
      "/municipios/sabugal": {
        "total": 22,
        "distintas": 20,
        "por_classe": {
          "conteudo": 15,
          "navegacao": 5,
          "autorreferencia": 0,
          "divulgacao": 1
        },
        "nao_classificados": [
          "A dívida em percentagem da média da receita corrente líquida cobrada nos três anos anteriores; a lei permite uma vez e meia essa média."
        ]
      },
      "/municipios/salvaterra-de-magos": {
        "total": 22,
        "distintas": 20,
        "por_classe": {
          "conteudo": 15,
          "navegacao": 5,
          "autorreferencia": 0,
          "divulgacao": 1
        },
        "nao_classificados": [
          "A dívida em percentagem da média da receita corrente líquida cobrada nos três anos anteriores; a lei permite uma vez e meia essa média."
        ]
      },
      "/municipios/santa-comba-dao": {
        "total": 22,
        "distintas": 20,
        "por_classe": {
          "conteudo": 15,
          "navegacao": 5,
          "autorreferencia": 0,
          "divulgacao": 1
        },
        "nao_classificados": [
          "A dívida em percentagem da média da receita corrente líquida cobrada nos três anos anteriores; a lei permite uma vez e meia essa média."
        ]
      },
      "/municipios/santa-cruz": {
        "total": 20,
        "distintas": 18,
        "por_classe": {
          "conteudo": 13,
          "navegacao": 5,
          "autorreferencia": 0,
          "divulgacao": 1
        },
        "nao_classificados": [
          "A dívida em percentagem da média da receita corrente líquida cobrada nos três anos anteriores; a lei permite uma vez e meia essa média."
        ]
      },
      "/municipios/santa-cruz-da-graciosa": {
        "total": 20,
        "distintas": 18,
        "por_classe": {
          "conteudo": 13,
          "navegacao": 5,
          "autorreferencia": 0,
          "divulgacao": 1
        },
        "nao_classificados": [
          "A dívida em percentagem da média da receita corrente líquida cobrada nos três anos anteriores; a lei permite uma vez e meia essa média."
        ]
      },
      "/municipios/santa-cruz-das-flores": {
        "total": 20,
        "distintas": 18,
        "por_classe": {
          "conteudo": 13,
          "navegacao": 5,
          "autorreferencia": 0,
          "divulgacao": 1
        },
        "nao_classificados": [
          "A dívida em percentagem da média da receita corrente líquida cobrada nos três anos anteriores; a lei permite uma vez e meia essa média."
        ]
      },
      "/municipios/santa-maria-da-feira": {
        "total": 22,
        "distintas": 20,
        "por_classe": {
          "conteudo": 15,
          "navegacao": 5,
          "autorreferencia": 0,
          "divulgacao": 1
        },
        "nao_classificados": [
          "A dívida em percentagem da média da receita corrente líquida cobrada nos três anos anteriores; a lei permite uma vez e meia essa média."
        ]
      },
      "/municipios/santa-marta-de-penaguiao": {
        "total": 22,
        "distintas": 20,
        "por_classe": {
          "conteudo": 15,
          "navegacao": 5,
          "autorreferencia": 0,
          "divulgacao": 1
        },
        "nao_classificados": [
          "A dívida em percentagem da média da receita corrente líquida cobrada nos três anos anteriores; a lei permite uma vez e meia essa média."
        ]
      },
      "/municipios/santana": {
        "total": 20,
        "distintas": 18,
        "por_classe": {
          "conteudo": 13,
          "navegacao": 5,
          "autorreferencia": 0,
          "divulgacao": 1
        },
        "nao_classificados": [
          "A dívida em percentagem da média da receita corrente líquida cobrada nos três anos anteriores; a lei permite uma vez e meia essa média."
        ]
      },
      "/municipios/santarem": {
        "total": 22,
        "distintas": 20,
        "por_classe": {
          "conteudo": 15,
          "navegacao": 5,
          "autorreferencia": 0,
          "divulgacao": 1
        },
        "nao_classificados": [
          "A dívida em percentagem da média da receita corrente líquida cobrada nos três anos anteriores; a lei permite uma vez e meia essa média."
        ]
      },
      "/municipios/santiago-do-cacem": {
        "total": 22,
        "distintas": 20,
        "por_classe": {
          "conteudo": 15,
          "navegacao": 5,
          "autorreferencia": 0,
          "divulgacao": 1
        },
        "nao_classificados": [
          "A dívida em percentagem da média da receita corrente líquida cobrada nos três anos anteriores; a lei permite uma vez e meia essa média."
        ]
      },
      "/municipios/santo-tirso": {
        "total": 22,
        "distintas": 20,
        "por_classe": {
          "conteudo": 15,
          "navegacao": 5,
          "autorreferencia": 0,
          "divulgacao": 1
        },
        "nao_classificados": [
          "A dívida em percentagem da média da receita corrente líquida cobrada nos três anos anteriores; a lei permite uma vez e meia essa média."
        ]
      },
      "/municipios/sao-bras-de-alportel": {
        "total": 22,
        "distintas": 20,
        "por_classe": {
          "conteudo": 15,
          "navegacao": 5,
          "autorreferencia": 0,
          "divulgacao": 1
        },
        "nao_classificados": [
          "A dívida em percentagem da média da receita corrente líquida cobrada nos três anos anteriores; a lei permite uma vez e meia essa média."
        ]
      },
      "/municipios/sao-joao-da-madeira": {
        "total": 22,
        "distintas": 20,
        "por_classe": {
          "conteudo": 15,
          "navegacao": 5,
          "autorreferencia": 0,
          "divulgacao": 1
        },
        "nao_classificados": [
          "A dívida em percentagem da média da receita corrente líquida cobrada nos três anos anteriores; a lei permite uma vez e meia essa média."
        ]
      },
      "/municipios/sao-joao-da-pesqueira": {
        "total": 22,
        "distintas": 20,
        "por_classe": {
          "conteudo": 15,
          "navegacao": 5,
          "autorreferencia": 0,
          "divulgacao": 1
        },
        "nao_classificados": [
          "A dívida em percentagem da média da receita corrente líquida cobrada nos três anos anteriores; a lei permite uma vez e meia essa média."
        ]
      },
      "/municipios/sao-pedro-do-sul": {
        "total": 22,
        "distintas": 20,
        "por_classe": {
          "conteudo": 15,
          "navegacao": 5,
          "autorreferencia": 0,
          "divulgacao": 1
        },
        "nao_classificados": [
          "A dívida em percentagem da média da receita corrente líquida cobrada nos três anos anteriores; a lei permite uma vez e meia essa média."
        ]
      },
      "/municipios/sao-roque-do-pico": {
        "total": 20,
        "distintas": 18,
        "por_classe": {
          "conteudo": 13,
          "navegacao": 5,
          "autorreferencia": 0,
          "divulgacao": 1
        },
        "nao_classificados": [
          "A dívida em percentagem da média da receita corrente líquida cobrada nos três anos anteriores; a lei permite uma vez e meia essa média."
        ]
      },
      "/municipios/sao-vicente": {
        "total": 20,
        "distintas": 18,
        "por_classe": {
          "conteudo": 13,
          "navegacao": 5,
          "autorreferencia": 0,
          "divulgacao": 1
        },
        "nao_classificados": [
          "A dívida em percentagem da média da receita corrente líquida cobrada nos três anos anteriores; a lei permite uma vez e meia essa média."
        ]
      },
      "/municipios/sardoal": {
        "total": 22,
        "distintas": 20,
        "por_classe": {
          "conteudo": 15,
          "navegacao": 5,
          "autorreferencia": 0,
          "divulgacao": 1
        },
        "nao_classificados": [
          "A dívida em percentagem da média da receita corrente líquida cobrada nos três anos anteriores; a lei permite uma vez e meia essa média."
        ]
      },
      "/municipios/satao": {
        "total": 22,
        "distintas": 20,
        "por_classe": {
          "conteudo": 15,
          "navegacao": 5,
          "autorreferencia": 0,
          "divulgacao": 1
        },
        "nao_classificados": [
          "A dívida em percentagem da média da receita corrente líquida cobrada nos três anos anteriores; a lei permite uma vez e meia essa média."
        ]
      },
      "/municipios/seia": {
        "total": 22,
        "distintas": 20,
        "por_classe": {
          "conteudo": 15,
          "navegacao": 5,
          "autorreferencia": 0,
          "divulgacao": 1
        },
        "nao_classificados": [
          "A dívida em percentagem da média da receita corrente líquida cobrada nos três anos anteriores; a lei permite uma vez e meia essa média."
        ]
      },
      "/municipios/seixal": {
        "total": 22,
        "distintas": 20,
        "por_classe": {
          "conteudo": 15,
          "navegacao": 5,
          "autorreferencia": 0,
          "divulgacao": 1
        },
        "nao_classificados": [
          "A dívida em percentagem da média da receita corrente líquida cobrada nos três anos anteriores; a lei permite uma vez e meia essa média."
        ]
      },
      "/municipios/sernancelhe": {
        "total": 22,
        "distintas": 20,
        "por_classe": {
          "conteudo": 15,
          "navegacao": 5,
          "autorreferencia": 0,
          "divulgacao": 1
        },
        "nao_classificados": [
          "A dívida em percentagem da média da receita corrente líquida cobrada nos três anos anteriores; a lei permite uma vez e meia essa média."
        ]
      },
      "/municipios/serpa": {
        "total": 22,
        "distintas": 20,
        "por_classe": {
          "conteudo": 15,
          "navegacao": 5,
          "autorreferencia": 0,
          "divulgacao": 1
        },
        "nao_classificados": [
          "A dívida em percentagem da média da receita corrente líquida cobrada nos três anos anteriores; a lei permite uma vez e meia essa média."
        ]
      },
      "/municipios/serta": {
        "total": 22,
        "distintas": 20,
        "por_classe": {
          "conteudo": 15,
          "navegacao": 5,
          "autorreferencia": 0,
          "divulgacao": 1
        },
        "nao_classificados": [
          "A dívida em percentagem da média da receita corrente líquida cobrada nos três anos anteriores; a lei permite uma vez e meia essa média."
        ]
      },
      "/municipios/sesimbra": {
        "total": 22,
        "distintas": 20,
        "por_classe": {
          "conteudo": 15,
          "navegacao": 5,
          "autorreferencia": 0,
          "divulgacao": 1
        },
        "nao_classificados": [
          "A dívida em percentagem da média da receita corrente líquida cobrada nos três anos anteriores; a lei permite uma vez e meia essa média."
        ]
      },
      "/municipios/setubal": {
        "total": 22,
        "distintas": 20,
        "por_classe": {
          "conteudo": 15,
          "navegacao": 5,
          "autorreferencia": 0,
          "divulgacao": 1
        },
        "nao_classificados": [
          "A dívida em percentagem da média da receita corrente líquida cobrada nos três anos anteriores; a lei permite uma vez e meia essa média."
        ]
      },
      "/municipios/sever-do-vouga": {
        "total": 22,
        "distintas": 20,
        "por_classe": {
          "conteudo": 15,
          "navegacao": 5,
          "autorreferencia": 0,
          "divulgacao": 1
        },
        "nao_classificados": [
          "A dívida em percentagem da média da receita corrente líquida cobrada nos três anos anteriores; a lei permite uma vez e meia essa média."
        ]
      },
      "/municipios/silves": {
        "total": 22,
        "distintas": 20,
        "por_classe": {
          "conteudo": 15,
          "navegacao": 5,
          "autorreferencia": 0,
          "divulgacao": 1
        },
        "nao_classificados": [
          "A dívida em percentagem da média da receita corrente líquida cobrada nos três anos anteriores; a lei permite uma vez e meia essa média."
        ]
      },
      "/municipios/sines": {
        "total": 22,
        "distintas": 20,
        "por_classe": {
          "conteudo": 15,
          "navegacao": 5,
          "autorreferencia": 0,
          "divulgacao": 1
        },
        "nao_classificados": [
          "A dívida em percentagem da média da receita corrente líquida cobrada nos três anos anteriores; a lei permite uma vez e meia essa média."
        ]
      },
      "/municipios/sintra": {
        "total": 22,
        "distintas": 20,
        "por_classe": {
          "conteudo": 15,
          "navegacao": 5,
          "autorreferencia": 0,
          "divulgacao": 1
        },
        "nao_classificados": [
          "A dívida em percentagem da média da receita corrente líquida cobrada nos três anos anteriores; a lei permite uma vez e meia essa média."
        ]
      },
      "/municipios/sobral-de-monte-agraco": {
        "total": 22,
        "distintas": 20,
        "por_classe": {
          "conteudo": 15,
          "navegacao": 5,
          "autorreferencia": 0,
          "divulgacao": 1
        },
        "nao_classificados": [
          "A dívida em percentagem da média da receita corrente líquida cobrada nos três anos anteriores; a lei permite uma vez e meia essa média."
        ]
      },
      "/municipios/soure": {
        "total": 22,
        "distintas": 20,
        "por_classe": {
          "conteudo": 15,
          "navegacao": 5,
          "autorreferencia": 0,
          "divulgacao": 1
        },
        "nao_classificados": [
          "A dívida em percentagem da média da receita corrente líquida cobrada nos três anos anteriores; a lei permite uma vez e meia essa média."
        ]
      },
      "/municipios/sousel": {
        "total": 22,
        "distintas": 20,
        "por_classe": {
          "conteudo": 15,
          "navegacao": 5,
          "autorreferencia": 0,
          "divulgacao": 1
        },
        "nao_classificados": [
          "A dívida em percentagem da média da receita corrente líquida cobrada nos três anos anteriores; a lei permite uma vez e meia essa média."
        ]
      },
      "/municipios/tabua": {
        "total": 22,
        "distintas": 20,
        "por_classe": {
          "conteudo": 15,
          "navegacao": 5,
          "autorreferencia": 0,
          "divulgacao": 1
        },
        "nao_classificados": [
          "A dívida em percentagem da média da receita corrente líquida cobrada nos três anos anteriores; a lei permite uma vez e meia essa média."
        ]
      },
      "/municipios/tabuaco": {
        "total": 22,
        "distintas": 20,
        "por_classe": {
          "conteudo": 15,
          "navegacao": 5,
          "autorreferencia": 0,
          "divulgacao": 1
        },
        "nao_classificados": [
          "A dívida em percentagem da média da receita corrente líquida cobrada nos três anos anteriores; a lei permite uma vez e meia essa média."
        ]
      },
      "/municipios/tarouca": {
        "total": 22,
        "distintas": 20,
        "por_classe": {
          "conteudo": 15,
          "navegacao": 5,
          "autorreferencia": 0,
          "divulgacao": 1
        },
        "nao_classificados": [
          "A dívida em percentagem da média da receita corrente líquida cobrada nos três anos anteriores; a lei permite uma vez e meia essa média."
        ]
      },
      "/municipios/tavira": {
        "total": 22,
        "distintas": 20,
        "por_classe": {
          "conteudo": 15,
          "navegacao": 5,
          "autorreferencia": 0,
          "divulgacao": 1
        },
        "nao_classificados": [
          "A dívida em percentagem da média da receita corrente líquida cobrada nos três anos anteriores; a lei permite uma vez e meia essa média."
        ]
      },
      "/municipios/terras-de-bouro": {
        "total": 22,
        "distintas": 20,
        "por_classe": {
          "conteudo": 15,
          "navegacao": 5,
          "autorreferencia": 0,
          "divulgacao": 1
        },
        "nao_classificados": [
          "A dívida em percentagem da média da receita corrente líquida cobrada nos três anos anteriores; a lei permite uma vez e meia essa média."
        ]
      },
      "/municipios/tomar": {
        "total": 22,
        "distintas": 20,
        "por_classe": {
          "conteudo": 15,
          "navegacao": 5,
          "autorreferencia": 0,
          "divulgacao": 1
        },
        "nao_classificados": [
          "A dívida em percentagem da média da receita corrente líquida cobrada nos três anos anteriores; a lei permite uma vez e meia essa média."
        ]
      },
      "/municipios/tondela": {
        "total": 22,
        "distintas": 20,
        "por_classe": {
          "conteudo": 15,
          "navegacao": 5,
          "autorreferencia": 0,
          "divulgacao": 1
        },
        "nao_classificados": [
          "A dívida em percentagem da média da receita corrente líquida cobrada nos três anos anteriores; a lei permite uma vez e meia essa média."
        ]
      },
      "/municipios/torre-de-moncorvo": {
        "total": 22,
        "distintas": 20,
        "por_classe": {
          "conteudo": 15,
          "navegacao": 5,
          "autorreferencia": 0,
          "divulgacao": 1
        },
        "nao_classificados": [
          "A dívida em percentagem da média da receita corrente líquida cobrada nos três anos anteriores; a lei permite uma vez e meia essa média."
        ]
      },
      "/municipios/torres-novas": {
        "total": 22,
        "distintas": 20,
        "por_classe": {
          "conteudo": 15,
          "navegacao": 5,
          "autorreferencia": 0,
          "divulgacao": 1
        },
        "nao_classificados": [
          "A dívida em percentagem da média da receita corrente líquida cobrada nos três anos anteriores; a lei permite uma vez e meia essa média."
        ]
      },
      "/municipios/torres-vedras": {
        "total": 22,
        "distintas": 20,
        "por_classe": {
          "conteudo": 15,
          "navegacao": 5,
          "autorreferencia": 0,
          "divulgacao": 1
        },
        "nao_classificados": [
          "A dívida em percentagem da média da receita corrente líquida cobrada nos três anos anteriores; a lei permite uma vez e meia essa média."
        ]
      },
      "/municipios/trancoso": {
        "total": 22,
        "distintas": 20,
        "por_classe": {
          "conteudo": 15,
          "navegacao": 5,
          "autorreferencia": 0,
          "divulgacao": 1
        },
        "nao_classificados": [
          "A dívida em percentagem da média da receita corrente líquida cobrada nos três anos anteriores; a lei permite uma vez e meia essa média."
        ]
      },
      "/municipios/trofa": {
        "total": 22,
        "distintas": 20,
        "por_classe": {
          "conteudo": 15,
          "navegacao": 5,
          "autorreferencia": 0,
          "divulgacao": 1
        },
        "nao_classificados": [
          "A dívida em percentagem da média da receita corrente líquida cobrada nos três anos anteriores; a lei permite uma vez e meia essa média."
        ]
      },
      "/municipios/vagos": {
        "total": 22,
        "distintas": 20,
        "por_classe": {
          "conteudo": 15,
          "navegacao": 5,
          "autorreferencia": 0,
          "divulgacao": 1
        },
        "nao_classificados": [
          "A dívida em percentagem da média da receita corrente líquida cobrada nos três anos anteriores; a lei permite uma vez e meia essa média."
        ]
      },
      "/municipios/vale-de-cambra": {
        "total": 22,
        "distintas": 20,
        "por_classe": {
          "conteudo": 15,
          "navegacao": 5,
          "autorreferencia": 0,
          "divulgacao": 1
        },
        "nao_classificados": [
          "A dívida em percentagem da média da receita corrente líquida cobrada nos três anos anteriores; a lei permite uma vez e meia essa média."
        ]
      },
      "/municipios/valenca": {
        "total": 22,
        "distintas": 20,
        "por_classe": {
          "conteudo": 15,
          "navegacao": 5,
          "autorreferencia": 0,
          "divulgacao": 1
        },
        "nao_classificados": [
          "A dívida em percentagem da média da receita corrente líquida cobrada nos três anos anteriores; a lei permite uma vez e meia essa média."
        ]
      },
      "/municipios/valongo": {
        "total": 22,
        "distintas": 20,
        "por_classe": {
          "conteudo": 15,
          "navegacao": 5,
          "autorreferencia": 0,
          "divulgacao": 1
        },
        "nao_classificados": [
          "A dívida em percentagem da média da receita corrente líquida cobrada nos três anos anteriores; a lei permite uma vez e meia essa média."
        ]
      },
      "/municipios/valpacos": {
        "total": 22,
        "distintas": 20,
        "por_classe": {
          "conteudo": 15,
          "navegacao": 5,
          "autorreferencia": 0,
          "divulgacao": 1
        },
        "nao_classificados": [
          "A dívida em percentagem da média da receita corrente líquida cobrada nos três anos anteriores; a lei permite uma vez e meia essa média."
        ]
      },
      "/municipios/velas": {
        "total": 20,
        "distintas": 18,
        "por_classe": {
          "conteudo": 13,
          "navegacao": 5,
          "autorreferencia": 0,
          "divulgacao": 1
        },
        "nao_classificados": [
          "A dívida em percentagem da média da receita corrente líquida cobrada nos três anos anteriores; a lei permite uma vez e meia essa média."
        ]
      },
      "/municipios/vendas-novas": {
        "total": 22,
        "distintas": 20,
        "por_classe": {
          "conteudo": 15,
          "navegacao": 5,
          "autorreferencia": 0,
          "divulgacao": 1
        },
        "nao_classificados": [
          "A dívida em percentagem da média da receita corrente líquida cobrada nos três anos anteriores; a lei permite uma vez e meia essa média."
        ]
      },
      "/municipios/viana-do-alentejo": {
        "total": 22,
        "distintas": 20,
        "por_classe": {
          "conteudo": 15,
          "navegacao": 5,
          "autorreferencia": 0,
          "divulgacao": 1
        },
        "nao_classificados": [
          "A dívida em percentagem da média da receita corrente líquida cobrada nos três anos anteriores; a lei permite uma vez e meia essa média."
        ]
      },
      "/municipios/viana-do-castelo": {
        "total": 22,
        "distintas": 20,
        "por_classe": {
          "conteudo": 15,
          "navegacao": 5,
          "autorreferencia": 0,
          "divulgacao": 1
        },
        "nao_classificados": [
          "A dívida em percentagem da média da receita corrente líquida cobrada nos três anos anteriores; a lei permite uma vez e meia essa média."
        ]
      },
      "/municipios/vidigueira": {
        "total": 22,
        "distintas": 20,
        "por_classe": {
          "conteudo": 15,
          "navegacao": 5,
          "autorreferencia": 0,
          "divulgacao": 1
        },
        "nao_classificados": [
          "A dívida em percentagem da média da receita corrente líquida cobrada nos três anos anteriores; a lei permite uma vez e meia essa média."
        ]
      },
      "/municipios/vieira-do-minho": {
        "total": 22,
        "distintas": 20,
        "por_classe": {
          "conteudo": 15,
          "navegacao": 5,
          "autorreferencia": 0,
          "divulgacao": 1
        },
        "nao_classificados": [
          "A dívida em percentagem da média da receita corrente líquida cobrada nos três anos anteriores; a lei permite uma vez e meia essa média."
        ]
      },
      "/municipios/vila-de-rei": {
        "total": 22,
        "distintas": 20,
        "por_classe": {
          "conteudo": 15,
          "navegacao": 5,
          "autorreferencia": 0,
          "divulgacao": 1
        },
        "nao_classificados": [
          "A dívida em percentagem da média da receita corrente líquida cobrada nos três anos anteriores; a lei permite uma vez e meia essa média."
        ]
      },
      "/municipios/vila-do-bispo": {
        "total": 22,
        "distintas": 20,
        "por_classe": {
          "conteudo": 15,
          "navegacao": 5,
          "autorreferencia": 0,
          "divulgacao": 1
        },
        "nao_classificados": [
          "A dívida em percentagem da média da receita corrente líquida cobrada nos três anos anteriores; a lei permite uma vez e meia essa média."
        ]
      },
      "/municipios/vila-do-conde": {
        "total": 22,
        "distintas": 20,
        "por_classe": {
          "conteudo": 15,
          "navegacao": 5,
          "autorreferencia": 0,
          "divulgacao": 1
        },
        "nao_classificados": [
          "A dívida em percentagem da média da receita corrente líquida cobrada nos três anos anteriores; a lei permite uma vez e meia essa média."
        ]
      },
      "/municipios/vila-do-porto": {
        "total": 20,
        "distintas": 18,
        "por_classe": {
          "conteudo": 13,
          "navegacao": 5,
          "autorreferencia": 0,
          "divulgacao": 1
        },
        "nao_classificados": [
          "A dívida em percentagem da média da receita corrente líquida cobrada nos três anos anteriores; a lei permite uma vez e meia essa média."
        ]
      },
      "/municipios/vila-flor": {
        "total": 22,
        "distintas": 20,
        "por_classe": {
          "conteudo": 15,
          "navegacao": 5,
          "autorreferencia": 0,
          "divulgacao": 1
        },
        "nao_classificados": [
          "A dívida em percentagem da média da receita corrente líquida cobrada nos três anos anteriores; a lei permite uma vez e meia essa média."
        ]
      },
      "/municipios/vila-franca-de-xira": {
        "total": 22,
        "distintas": 20,
        "por_classe": {
          "conteudo": 15,
          "navegacao": 5,
          "autorreferencia": 0,
          "divulgacao": 1
        },
        "nao_classificados": [
          "A dívida em percentagem da média da receita corrente líquida cobrada nos três anos anteriores; a lei permite uma vez e meia essa média."
        ]
      },
      "/municipios/vila-franca-do-campo": {
        "total": 20,
        "distintas": 18,
        "por_classe": {
          "conteudo": 13,
          "navegacao": 5,
          "autorreferencia": 0,
          "divulgacao": 1
        },
        "nao_classificados": [
          "A dívida em percentagem da média da receita corrente líquida cobrada nos três anos anteriores; a lei permite uma vez e meia essa média."
        ]
      },
      "/municipios/vila-nova-da-barquinha": {
        "total": 22,
        "distintas": 20,
        "por_classe": {
          "conteudo": 15,
          "navegacao": 5,
          "autorreferencia": 0,
          "divulgacao": 1
        },
        "nao_classificados": [
          "A dívida em percentagem da média da receita corrente líquida cobrada nos três anos anteriores; a lei permite uma vez e meia essa média."
        ]
      },
      "/municipios/vila-nova-de-cerveira": {
        "total": 22,
        "distintas": 20,
        "por_classe": {
          "conteudo": 15,
          "navegacao": 5,
          "autorreferencia": 0,
          "divulgacao": 1
        },
        "nao_classificados": [
          "A dívida em percentagem da média da receita corrente líquida cobrada nos três anos anteriores; a lei permite uma vez e meia essa média."
        ]
      },
      "/municipios/vila-nova-de-famalicao": {
        "total": 22,
        "distintas": 20,
        "por_classe": {
          "conteudo": 15,
          "navegacao": 5,
          "autorreferencia": 0,
          "divulgacao": 1
        },
        "nao_classificados": [
          "A dívida em percentagem da média da receita corrente líquida cobrada nos três anos anteriores; a lei permite uma vez e meia essa média."
        ]
      },
      "/municipios/vila-nova-de-foz-coa": {
        "total": 22,
        "distintas": 20,
        "por_classe": {
          "conteudo": 15,
          "navegacao": 5,
          "autorreferencia": 0,
          "divulgacao": 1
        },
        "nao_classificados": [
          "A dívida em percentagem da média da receita corrente líquida cobrada nos três anos anteriores; a lei permite uma vez e meia essa média."
        ]
      },
      "/municipios/vila-nova-de-gaia": {
        "total": 22,
        "distintas": 20,
        "por_classe": {
          "conteudo": 15,
          "navegacao": 5,
          "autorreferencia": 0,
          "divulgacao": 1
        },
        "nao_classificados": [
          "A dívida em percentagem da média da receita corrente líquida cobrada nos três anos anteriores; a lei permite uma vez e meia essa média."
        ]
      },
      "/municipios/vila-nova-de-paiva": {
        "total": 22,
        "distintas": 20,
        "por_classe": {
          "conteudo": 15,
          "navegacao": 5,
          "autorreferencia": 0,
          "divulgacao": 1
        },
        "nao_classificados": [
          "A dívida em percentagem da média da receita corrente líquida cobrada nos três anos anteriores; a lei permite uma vez e meia essa média."
        ]
      },
      "/municipios/vila-nova-de-poiares": {
        "total": 22,
        "distintas": 20,
        "por_classe": {
          "conteudo": 15,
          "navegacao": 5,
          "autorreferencia": 0,
          "divulgacao": 1
        },
        "nao_classificados": [
          "A dívida em percentagem da média da receita corrente líquida cobrada nos três anos anteriores; a lei permite uma vez e meia essa média."
        ]
      },
      "/municipios/vila-pouca-de-aguiar": {
        "total": 22,
        "distintas": 20,
        "por_classe": {
          "conteudo": 15,
          "navegacao": 5,
          "autorreferencia": 0,
          "divulgacao": 1
        },
        "nao_classificados": [
          "A dívida em percentagem da média da receita corrente líquida cobrada nos três anos anteriores; a lei permite uma vez e meia essa média."
        ]
      },
      "/municipios/vila-real": {
        "total": 22,
        "distintas": 20,
        "por_classe": {
          "conteudo": 15,
          "navegacao": 5,
          "autorreferencia": 0,
          "divulgacao": 1
        },
        "nao_classificados": [
          "A dívida em percentagem da média da receita corrente líquida cobrada nos três anos anteriores; a lei permite uma vez e meia essa média."
        ]
      },
      "/municipios/vila-real-de-santo-antonio": {
        "total": 22,
        "distintas": 20,
        "por_classe": {
          "conteudo": 15,
          "navegacao": 5,
          "autorreferencia": 0,
          "divulgacao": 1
        },
        "nao_classificados": [
          "A dívida em percentagem da média da receita corrente líquida cobrada nos três anos anteriores; a lei permite uma vez e meia essa média."
        ]
      },
      "/municipios/vila-velha-de-rodao": {
        "total": 22,
        "distintas": 20,
        "por_classe": {
          "conteudo": 15,
          "navegacao": 5,
          "autorreferencia": 0,
          "divulgacao": 1
        },
        "nao_classificados": [
          "A dívida em percentagem da média da receita corrente líquida cobrada nos três anos anteriores; a lei permite uma vez e meia essa média."
        ]
      },
      "/municipios/vila-verde": {
        "total": 22,
        "distintas": 20,
        "por_classe": {
          "conteudo": 15,
          "navegacao": 5,
          "autorreferencia": 0,
          "divulgacao": 1
        },
        "nao_classificados": [
          "A dívida em percentagem da média da receita corrente líquida cobrada nos três anos anteriores; a lei permite uma vez e meia essa média."
        ]
      },
      "/municipios/vila-vicosa": {
        "total": 22,
        "distintas": 20,
        "por_classe": {
          "conteudo": 15,
          "navegacao": 5,
          "autorreferencia": 0,
          "divulgacao": 1
        },
        "nao_classificados": [
          "A dívida em percentagem da média da receita corrente líquida cobrada nos três anos anteriores; a lei permite uma vez e meia essa média."
        ]
      },
      "/municipios/vimioso": {
        "total": 22,
        "distintas": 20,
        "por_classe": {
          "conteudo": 15,
          "navegacao": 5,
          "autorreferencia": 0,
          "divulgacao": 1
        },
        "nao_classificados": [
          "A dívida em percentagem da média da receita corrente líquida cobrada nos três anos anteriores; a lei permite uma vez e meia essa média."
        ]
      },
      "/municipios/vinhais": {
        "total": 22,
        "distintas": 20,
        "por_classe": {
          "conteudo": 15,
          "navegacao": 5,
          "autorreferencia": 0,
          "divulgacao": 1
        },
        "nao_classificados": [
          "A dívida em percentagem da média da receita corrente líquida cobrada nos três anos anteriores; a lei permite uma vez e meia essa média."
        ]
      },
      "/municipios/viseu": {
        "total": 22,
        "distintas": 20,
        "por_classe": {
          "conteudo": 15,
          "navegacao": 5,
          "autorreferencia": 0,
          "divulgacao": 1
        },
        "nao_classificados": [
          "A dívida em percentagem da média da receita corrente líquida cobrada nos três anos anteriores; a lei permite uma vez e meia essa média."
        ]
      },
      "/municipios/vizela": {
        "total": 22,
        "distintas": 20,
        "por_classe": {
          "conteudo": 15,
          "navegacao": 5,
          "autorreferencia": 0,
          "divulgacao": 1
        },
        "nao_classificados": [
          "A dívida em percentagem da média da receita corrente líquida cobrada nos três anos anteriores; a lei permite uma vez e meia essa média."
        ]
      },
      "/municipios/vouzela": {
        "total": 22,
        "distintas": 20,
        "por_classe": {
          "conteudo": 15,
          "navegacao": 5,
          "autorreferencia": 0,
          "divulgacao": 1
        },
        "nao_classificados": [
          "A dívida em percentagem da média da receita corrente líquida cobrada nos três anos anteriores; a lei permite uma vez e meia essa média."
        ]
      },
      "/regioes": {
        "total": 17,
        "distintas": 17,
        "por_classe": {
          "conteudo": 9,
          "navegacao": 7,
          "autorreferencia": 0,
          "divulgacao": 1
        },
        "nao_classificados": []
      },
      "/regioes/acores": {
        "total": 9,
        "distintas": 9,
        "por_classe": {
          "conteudo": 2,
          "navegacao": 6,
          "autorreferencia": 0,
          "divulgacao": 1
        },
        "nao_classificados": []
      },
      "/regioes/alentejo": {
        "total": 10,
        "distintas": 10,
        "por_classe": {
          "conteudo": 3,
          "navegacao": 6,
          "autorreferencia": 0,
          "divulgacao": 1
        },
        "nao_classificados": []
      },
      "/regioes/algarve": {
        "total": 9,
        "distintas": 9,
        "por_classe": {
          "conteudo": 2,
          "navegacao": 6,
          "autorreferencia": 0,
          "divulgacao": 1
        },
        "nao_classificados": []
      },
      "/regioes/centro": {
        "total": 9,
        "distintas": 9,
        "por_classe": {
          "conteudo": 2,
          "navegacao": 6,
          "autorreferencia": 0,
          "divulgacao": 1
        },
        "nao_classificados": []
      },
      "/regioes/grande-lisboa": {
        "total": 9,
        "distintas": 9,
        "por_classe": {
          "conteudo": 2,
          "navegacao": 6,
          "autorreferencia": 0,
          "divulgacao": 1
        },
        "nao_classificados": []
      },
      "/regioes/madeira": {
        "total": 9,
        "distintas": 9,
        "por_classe": {
          "conteudo": 2,
          "navegacao": 6,
          "autorreferencia": 0,
          "divulgacao": 1
        },
        "nao_classificados": []
      },
      "/regioes/norte": {
        "total": 9,
        "distintas": 9,
        "por_classe": {
          "conteudo": 2,
          "navegacao": 6,
          "autorreferencia": 0,
          "divulgacao": 1
        },
        "nao_classificados": []
      },
      "/regioes/oeste-e-vale-do-tejo": {
        "total": 9,
        "distintas": 9,
        "por_classe": {
          "conteudo": 2,
          "navegacao": 6,
          "autorreferencia": 0,
          "divulgacao": 1
        },
        "nao_classificados": []
      },
      "/regioes/peninsula-de-setubal": {
        "total": 9,
        "distintas": 9,
        "por_classe": {
          "conteudo": 2,
          "navegacao": 6,
          "autorreferencia": 0,
          "divulgacao": 1
        },
        "nao_classificados": []
      },
      "/temas": {
        "total": 128,
        "distintas": 45,
        "por_classe": {
          "conteudo": 121,
          "navegacao": 6,
          "autorreferencia": 0,
          "divulgacao": 1
        },
        "nao_classificados": []
      },
      "/uniao-europeia": {
        "total": 114,
        "distintas": 40,
        "por_classe": {
          "conteudo": 49,
          "navegacao": 64,
          "autorreferencia": 0,
          "divulgacao": 1
        },
        "nao_classificados": []
      }
    },
    "declaracoes": {
      "total": 1317,
      "vivas": 697,
      "retiradas": 620,
      "rendidas": 953,
      "sem_estado": [],
      "retiradas_sem_razao": [],
      "rendidas_nas_isentas": 463,
      "vivas_que_nao_rendem": [
        {
          "n": 534,
          "classe": "conteudo",
          "bloco": "até 2026-08-26",
          "texto": "26 provenance revisions"
        },
        {
          "n": 535,
          "classe": "conteudo",
          "bloco": "até 2026-08-26",
          "texto": "26 revisões de proveniência"
        }
      ],
      "retiradas_que_rendem": [
        {
          "n": 494,
          "bloco": "b1-peca2",
          "razao": "saiu com a peça 2 do B1 (21.09.2026): a página de um lugar passou a ser a linha, o nome, a leitura, os números por tema, os estudos e o que mudou, e com ela saíram as contas do município, a distância desenhada, a leitura breve e o mapa localizador; o índice dos concelhos e o dos distritos passaram a redirecionamentos para a página dos lugares",
          "texto": "Revenue collected",
          "dentro": "Debt as a percentage of the average net current revenue collected in the previous three years; the law allows one and a half times that average."
        }
      ]
    }
  },
  "voz": {
    "ficheiro": "design/especime-v3/VOZ-MARCADORES.md",
    "erros": [],
    "marcadores": 65,
    "excecoes": 14,
    "excecoes_de_registo": 0,
    "excecoes_por_usar": [
      "planned completion date has passed with no completion recorded"
    ],
    "frases_varridas": 934,
    "ocorrencias_varridas": 23486,
    "achados": [],
    "rotulos_em_span": {
      "eyebrow": 6724
    },
    "nomes_declarados": {
      "por_fonte": {
        "areas": 54,
        "regioes": 0,
        "dominios": 1974,
        "figuras": 170,
        "medidas": 78,
        "projeto": 812,
        "oficial": 0,
        "concelho": 4928
      },
      "fora_da_fonte": []
    }
  },
  "detalhe": {
    "sem_porta": [],
    "front_sem_selo": [],
    "front_selo_errado": [
      "/en pib-real-per-capita-2024 → /en/ledger/pib-real-per-capita-2025",
      "/en pib-real-per-capita-2025-ue → /en/ledger/pib-real-per-capita-2025",
      "/en saldo-das-administracoes-publicas-2024 → /en/ledger/saldo-das-administracoes-publicas-2025",
      "/en crescimento-da-despesa-liquida-2024 → /en/ledger/crescimento-da-despesa-liquida-2025",
      "/en taxa-de-emprego-2024 → /en/ledger/taxa-de-emprego-2025",
      "/en taxa-de-emprego-2025-ue → /en/ledger/taxa-de-emprego-2025",
      "/en disparidade-salarial-entre-sexos-2023 → /en/ledger/disparidade-salarial-entre-sexos-2024",
      "/en risco-de-pobreza-ou-exclusao-2024 → /en/ledger/risco-de-pobreza-ou-exclusao-2025",
      "/en risco-de-pobreza-ou-exclusao-2025-ue → /en/ledger/risco-de-pobreza-ou-exclusao-2025",
      "/en racio-s80-s20-2024 → /en/ledger/racio-s80-s20-2025",
      "/en racio-s80-s20-2025-ue → /en/ledger/racio-s80-s20-2025",
      "/en pensao-media-anual-2024 → /en/ledger/pensao-media-anual-2025",
      "/en beneficiarios-do-rsi-por-mil-2023 → /en/ledger/beneficiarios-do-rsi-por-mil-2024",
      "/en abandono-escolar-precoce-2024 → /en/ledger/abandono-escolar-precoce-2025",
      "/en abandono-escolar-precoce-2025-ue → /en/ledger/abandono-escolar-precoce-2025",
      "/en competencias-digitais-2023 → /en/ledger/competencias-digitais-2025",
      "/en competencias-digitais-2025-ue → /en/ledger/competencias-digitais-2025",
      "/en criancas-em-creche-2024 → /en/ledger/criancas-em-creche-2025",
      "/en criancas-em-creche-2025-ue → /en/ledger/criancas-em-creche-2025",
      "/en necessidades-medicas-nao-satisfeitas-2024 → /en/ledger/necessidades-medicas-nao-satisfeitas-2025",
      "/en necessidades-medicas-nao-satisfeitas-2025-ue → /en/ledger/necessidades-medicas-nao-satisfeitas-2025",
      "/en sobrecarga-do-custo-da-habitacao-inquilinos-mercado-2024 → /en/ledger/sobrecarga-do-custo-da-habitacao-inquilinos-mercado-2025",
      "/en sobrecarga-do-custo-da-habitacao-inquilinos-mercado-2025-ue → /en/ledger/sobrecarga-do-custo-da-habitacao-inquilinos-mercado-2025",
      "/en sobrecarga-do-custo-da-habitacao-2024 → /en/ledger/sobrecarga-do-custo-da-habitacao-2025",
      "/en licencas-de-construcao-2024 → /en/ledger/licencas-de-construcao-2025",
      "/en licencas-de-construcao-2025-ue → /en/ledger/licencas-de-construcao-2025",
      "/en ipc-rendas-variacao-homologa-periodo-anterior → /en/ledger/ipc-rendas-variacao-homologa",
      "/en formacao-bruta-de-capital-fixo-2024 → /en/ledger/formacao-bruta-de-capital-fixo-2025",
      "/en formacao-bruta-de-capital-fixo-2025-ue → /en/ledger/formacao-bruta-de-capital-fixo-2025",
      "/en despesa-em-id-2023 → /en/ledger/despesa-em-id-2024",
      "/en despesa-em-id-2024-ue → /en/ledger/despesa-em-id-2024",
      "/en independencia-da-justica-2024 → /en/ledger/independencia-da-justica-2025",
      "/en independencia-da-justica-2025-ue → /en/ledger/independencia-da-justica-2025",
      "/ pib-real-per-capita-2024 → /livro-razao/pib-real-per-capita-2025",
      "/ pib-real-per-capita-2025-ue → /livro-razao/pib-real-per-capita-2025",
      "/ saldo-das-administracoes-publicas-2024 → /livro-razao/saldo-das-administracoes-publicas-2025",
      "/ crescimento-da-despesa-liquida-2024 → /livro-razao/crescimento-da-despesa-liquida-2025",
      "/ taxa-de-emprego-2024 → /livro-razao/taxa-de-emprego-2025",
      "/ taxa-de-emprego-2025-ue → /livro-razao/taxa-de-emprego-2025",
      "/ disparidade-salarial-entre-sexos-2023 → /livro-razao/disparidade-salarial-entre-sexos-2024",
      "/ risco-de-pobreza-ou-exclusao-2024 → /livro-razao/risco-de-pobreza-ou-exclusao-2025",
      "/ risco-de-pobreza-ou-exclusao-2025-ue → /livro-razao/risco-de-pobreza-ou-exclusao-2025",
      "/ racio-s80-s20-2024 → /livro-razao/racio-s80-s20-2025",
      "/ racio-s80-s20-2025-ue → /livro-razao/racio-s80-s20-2025",
      "/ pensao-media-anual-2024 → /livro-razao/pensao-media-anual-2025",
      "/ beneficiarios-do-rsi-por-mil-2023 → /livro-razao/beneficiarios-do-rsi-por-mil-2024",
      "/ abandono-escolar-precoce-2024 → /livro-razao/abandono-escolar-precoce-2025",
      "/ abandono-escolar-precoce-2025-ue → /livro-razao/abandono-escolar-precoce-2025",
      "/ competencias-digitais-2023 → /livro-razao/competencias-digitais-2025",
      "/ competencias-digitais-2025-ue → /livro-razao/competencias-digitais-2025",
      "/ criancas-em-creche-2024 → /livro-razao/criancas-em-creche-2025",
      "/ criancas-em-creche-2025-ue → /livro-razao/criancas-em-creche-2025",
      "/ necessidades-medicas-nao-satisfeitas-2024 → /livro-razao/necessidades-medicas-nao-satisfeitas-2025",
      "/ necessidades-medicas-nao-satisfeitas-2025-ue → /livro-razao/necessidades-medicas-nao-satisfeitas-2025",
      "/ sobrecarga-do-custo-da-habitacao-inquilinos-mercado-2024 → /livro-razao/sobrecarga-do-custo-da-habitacao-inquilinos-mercado-2025",
      "/ sobrecarga-do-custo-da-habitacao-inquilinos-mercado-2025-ue → /livro-razao/sobrecarga-do-custo-da-habitacao-inquilinos-mercado-2025",
      "/ sobrecarga-do-custo-da-habitacao-2024 → /livro-razao/sobrecarga-do-custo-da-habitacao-2025",
      "/ licencas-de-construcao-2024 → /livro-razao/licencas-de-construcao-2025",
      "/ licencas-de-construcao-2025-ue → /livro-razao/licencas-de-construcao-2025",
      "/ ipc-rendas-variacao-homologa-periodo-anterior → /livro-razao/ipc-rendas-variacao-homologa",
      "/ formacao-bruta-de-capital-fixo-2024 → /livro-razao/formacao-bruta-de-capital-fixo-2025",
      "/ formacao-bruta-de-capital-fixo-2025-ue → /livro-razao/formacao-bruta-de-capital-fixo-2025",
      "/ despesa-em-id-2023 → /livro-razao/despesa-em-id-2024",
      "/ despesa-em-id-2024-ue → /livro-razao/despesa-em-id-2024",
      "/ independencia-da-justica-2024 → /livro-razao/independencia-da-justica-2025",
      "/ independencia-da-justica-2025-ue → /livro-razao/independencia-da-justica-2025"
    ],
    "localizadores_internos": [
      "beneficiarios-do-rsi-por-mil-2023: Dados[\"2023\"], geocod=PT",
      "beneficiarios-do-rsi-por-mil-2024: Dados[\"2024\"], geocod=PT",
      "ipc-alimentacao-variacao-homologa-periodo-anterior: Dados[\"Julho de 2026\"], geocod=PT, dim_3=01",
      "ipc-alimentacao-variacao-homologa: Dados[\"Agosto de 2026\"], geocod=PT, dim_3=01",
      "ipc-combustiveis-variacao-homologa-periodo-anterior: Dados[\"Julho de 2026\"], geocod=PT, dim_3=0722",
      "ipc-combustiveis-variacao-homologa: Dados[\"Agosto de 2026\"], geocod=PT, dim_3=0722",
      "ipc-energia-em-casa-variacao-homologa-periodo-anterior: Dados[\"Julho de 2026\"], geocod=PT, dim_3=045",
      "ipc-energia-em-casa-variacao-homologa: Dados[\"Agosto de 2026\"], geocod=PT, dim_3=045",
      "ipc-rendas-variacao-homologa-periodo-anterior: Dados[\"Julho de 2026\"], geocod=PT, dim_3=041",
      "ipc-rendas-variacao-homologa: Dados[\"Agosto de 2026\"], geocod=PT, dim_3=041",
      "ipc-sem-habitacao-variacao-media-12-meses-periodo-anterior: Dados[\"Julho de 2026\"], geocod=PT, dim_3=001",
      "ipc-sem-habitacao-variacao-media-12-meses: Dados[\"Agosto de 2026\"], geocod=PT, dim_3=001",
      "ipc-variacao-homologa-periodo-anterior: Dados[\"Julho de 2026\"], geocod=PT, dim_3=T",
      "ipc-variacao-homologa: Dados[\"Agosto de 2026\"], geocod=PT, dim_3=T",
      "ipc-variacao-media-12-meses-periodo-anterior: Dados[\"Julho de 2026\"], geocod=PT, dim_3=T",
      "ipc-variacao-media-12-meses: Dados[\"Agosto de 2026\"], geocod=PT, dim_3=T",
      "pensao-media-anual-2024: Dados[\"2024\"], geocod=PT, dim_3=T",
      "pensao-media-anual-2025: Dados[\"2025\"], geocod=PT, dim_3=T",
      "remuneracao-bruta-mensal-media-periodo-anterior: Dados[\"Junho de 2025\"], geocod=PT, dim_3=T, dim_4=T",
      "remuneracao-bruta-mensal-media: Dados[\"Junho de 2026\"], geocod=PT, dim_3=T, dim_4=T"
    ],
    "molduras": [
      {
        "n": 3702,
        "paginas": 3702,
        "texto": "Texto gerado por inteligência artificial, segundo o Método ."
      },
      {
        "n": 3702,
        "paginas": 3702,
        "texto": "Text generated by artificial intelligence, according to the Method ."
      },
      {
        "n": 3009,
        "paginas": 3009,
        "texto": "Corrections and updates to this row"
      },
      {
        "n": 3009,
        "paginas": 3009,
        "texto": "Corrections: public, dated, permanent The whole policy →"
      },
      {
        "n": 3009,
        "paginas": 3009,
        "texto": "This row in the Portuguese edition →"
      },
      {
        "n": 3009,
        "paginas": 3009,
        "texto": "Back to Numbers and sources How this is made"
      },
      {
        "n": 3009,
        "paginas": 3009,
        "texto": "Correções e atualizações desta linha"
      },
      {
        "n": 3009,
        "paginas": 3009,
        "texto": "Correções: públicas, datadas, permanentes A política inteira →"
      },
      {
        "n": 3009,
        "paginas": 3009,
        "texto": "O conjunto inteiro: CSV · JSON"
      },
      {
        "n": 3009,
        "paginas": 3009,
        "texto": "Esta linha na edição inglesa →"
      },
      {
        "n": 3009,
        "paginas": 3009,
        "texto": "Voltar a Números e fontes Como isto é feito"
      },
      {
        "n": 2993,
        "paginas": 2993,
        "texto": "This row has never been corrected or updated."
      },
      {
        "n": 2993,
        "paginas": 2993,
        "texto": "Esta linha nunca foi corrigida nem atualizada."
      },
      {
        "n": 2572,
        "paginas": 2572,
        "texto": "Transcribed from the source, word for word."
      },
      {
        "n": 2572,
        "paginas": 2572,
        "texto": "Transcrito da fonte, palavra por palavra."
      },
      {
        "n": 374,
        "paginas": 374,
        "texto": "No second reading yet. The re-reading rule →"
      },
      {
        "n": 374,
        "paginas": 374,
        "texto": "Ainda sem segunda leitura. A regra da releitura →"
      },
      {
        "n": 334,
        "paginas": 334,
        "texto": "The same sum as an expression."
      },
      {
        "n": 330,
        "paginas": 330,
        "texto": "This row quotes no sentence: the value is calculated from other rows, and the documentary proof is theirs."
      },
      {
        "n": 330,
        "paginas": 330,
        "texto": "Calculated value, not published"
      },
      {
        "n": 330,
        "paginas": 330,
        "texto": "Esta linha não cita nenhuma frase: o valor é calculado a partir de outras linhas, e a prova documental é a delas."
      },
      {
        "n": 330,
        "paginas": 330,
        "texto": "Valor calculado, não publicado"
      },
      {
        "n": 309,
        "paginas": 309,
        "texto": "Municipalities: the central measures"
      },
      {
        "n": 309,
        "paginas": 309,
        "texto": "Concelhos: as medidas centrais"
      },
      {
        "n": 308,
        "paginas": 308,
        "texto": "The municipality page The municipalities in Numbers and sources Numbers and sources, the whole index"
      },
      {
        "n": 308,
        "paginas": 308,
        "texto": "Integrated business accounts; each enterprise counts in a single municipality."
      },
      {
        "n": 308,
        "paginas": 308,
        "texto": "What the council owes at the end of the year, from the annual series of the Directorate-General for Local Authorities."
      },
      {
        "n": 308,
        "paginas": 308,
        "texto": "Days the council takes to pay its suppliers, from the annual list of the Directorate-General for Local Authorities."
      },
      {
        "n": 308,
        "paginas": 308,
        "texto": "Purchasing power per capita, published for every municipality."
      },
      {
        "n": 308,
        "paginas": 308,
        "texto": "Debt as a percentage of the average net current revenue collected in the previous three years; the law allows one and a half times that average."
      },
      {
        "n": 308,
        "paginas": 308,
        "texto": "Registered with the employment service at month end, monthly file by municipality."
      },
      {
        "n": 308,
        "paginas": 308,
        "texto": "Staff records of the labour ministry’s strategy and planning office; full-time employees on full pay."
      },
      {
        "n": 308,
        "paginas": 308,
        "texto": "The statistics institute’s annual estimate for the municipality."
      },
      {
        "n": 308,
        "paginas": 308,
        "texto": "A página do concelho Os concelhos em Números e fontes Números e fontes, o índice inteiro"
      },
      {
        "n": 308,
        "paginas": 308,
        "texto": "Sistema de contas integradas das empresas; cada empresa conta num único concelho."
      },
      {
        "n": 308,
        "paginas": 308,
        "texto": "O que a câmara deve no fim do ano, pela série anual da Direção-Geral das Autarquias Locais."
      },
      {
        "n": 308,
        "paginas": 308,
        "texto": "Dias que a câmara demora a pagar aos fornecedores, pela lista anual da Direção-Geral das Autarquias Locais."
      },
      {
        "n": 308,
        "paginas": 308,
        "texto": "Poder de compra per capita, publicado pelo INE para todos os concelhos."
      },
      {
        "n": 308,
        "paginas": 308,
        "texto": "A dívida em percentagem da média da receita corrente líquida cobrada nos três anos anteriores; a lei permite uma vez e meia essa média."
      },
      {
        "n": 308,
        "paginas": 308,
        "texto": "Inscritos no fim do mês nos serviços de emprego, ficheiro mensal por concelho."
      },
      {
        "n": 308,
        "paginas": 308,
        "texto": "Quadros de Pessoal do Gabinete de Estratégia e Planeamento do Ministério do Trabalho; trabalhadores por conta de outrem a tempo completo com remuneraç"
      },
      {
        "n": 308,
        "paginas": 308,
        "texto": "Estimativa anual do INE para o concelho."
      },
      {
        "n": 91,
        "paginas": 91,
        "texto": "Excerpt composed from the source&#39;s response."
      },
      {
        "n": 91,
        "paginas": 91,
        "texto": "Excerto composto a partir da resposta da fonte."
      },
      {
        "n": 29,
        "paginas": 29,
        "texto": "Places The map of municipalities"
      },
      {
        "n": 14,
        "paginas": 2,
        "texto": "O valor de referência é o do painel do Procedimento relativo aos Desequilíbrios Macroeconómicos, fixado no regulamento que criou o Procedimento e revi"
      },
      {
        "n": 14,
        "paginas": 2,
        "texto": "The reference value is the one of the Macroeconomic Imbalance Procedure scoreboard, set in the regulation that created the Procedure and revised by th"
      },
      {
        "n": 10,
        "paginas": 10,
        "texto": "O que quer dizer este marcador →"
      },
      {
        "n": 9,
        "paginas": 9,
        "texto": "As áreas de governo Números e fontes Os concelhos"
      },
      {
        "n": 9,
        "paginas": 9,
        "texto": "The areas of government Numbers and sources The municipalities"
      },
      {
        "n": 9,
        "paginas": 9,
        "texto": "The regions of Portugal Portugal"
      },
      {
        "n": 9,
        "paginas": 9,
        "texto": "As regiões de Portugal Portugal"
      },
      {
        "n": 8,
        "paginas": 8,
        "texto": "The marked fields have not been confirmed against the source. The published value does not change because of it; what is missing is the documentary pr"
      },
      {
        "n": 8,
        "paginas": 8,
        "texto": "Os campos assinalados não foram confirmados contra a fonte. O valor publicado não muda por isso; o que falta é a prova documental, e enquanto faltar a"
      },
      {
        "n": 5,
        "paginas": 5,
        "texto": "This row quotes no sentence because there is none to quote: the value is a count of this publication&#39;s own record, re-evaluated every time the sit"
      },
      {
        "n": 5,
        "paginas": 5,
        "texto": "This site does not host these files. The dataset they came from declares, on dados.gov.pt, the licence &quot;Licença não especificada&quot; (licence n"
      },
      {
        "n": 5,
        "paginas": 5,
        "texto": "Esta linha não cita nenhuma frase porque não há nenhuma para citar: o valor é uma contagem do próprio registo deste projeto, e é reavaliado a cada con"
      },
      {
        "n": 5,
        "paginas": 5,
        "texto": "Este sítio não aloja estes ficheiros. O conjunto de onde vieram declara, em dados.gov.pt, a licença «Licença não especificada», e redistribuir um fich"
      },
      {
        "n": 4,
        "paginas": 4,
        "texto": "Quanto devem as administrações públicas, em percentagem do PIB?"
      },
      {
        "n": 4,
        "paginas": 4,
        "texto": "Qual é o valor anual médio das pensões pagas pela Segurança Social por pensionista?"
      },
      {
        "n": 4,
        "paginas": 4,
        "texto": "Quantas pessoas recebem o rendimento social de inserção por cada mil pessoas em idade ativa?"
      },
      {
        "n": 4,
        "paginas": 4,
        "texto": "Quantas vezes é maior o rendimento total do quinto da população com mais rendimento do que o do quinto com menos?"
      },
      {
        "n": 4,
        "paginas": 4,
        "texto": "Que parte da população está em risco de pobreza, em privação material e social grave ou num agregado com intensidade de trabalho muito baixa, contando"
      },
      {
        "n": 4,
        "paginas": 4,
        "texto": "How much does general government owe, as a percentage of GDP?"
      },
      {
        "n": 4,
        "paginas": 4,
        "texto": "What is the average annual amount of pensions paid by Social Security per pensioner?"
      },
      {
        "n": 4,
        "paginas": 4,
        "texto": "How many people receive social insertion income for every thousand people of working age?"
      },
      {
        "n": 4,
        "paginas": 4,
        "texto": "How many times greater is the total income of the fifth of the population with the highest income than that of the fifth with the lowest?"
      },
      {
        "n": 4,
        "paginas": 4,
        "texto": "What share of the population is at risk of poverty, severely materially and socially deprived or living in a household with very low work intensity, c"
      },
      {
        "n": 3,
        "paginas": 3,
        "texto": "Quanto mudou em três anos o índice nominal do custo unitário do trabalho, por hora trabalhada?"
      },
      {
        "n": 3,
        "paginas": 3,
        "texto": "Quanto mudou em três anos o desempenho das exportações do país face às economias avançadas?"
      },
      {
        "n": 3,
        "paginas": 3,
        "texto": "Quanto mudaram os preços de transação das casas compradas pelas famílias?"
      },
      {
        "n": 3,
        "paginas": 3,
        "texto": "Quanto mudou em três anos a percentagem de pessoas ativas, empregadas ou desempregadas, na população comparável?"
      },
      {
        "n": 3,
        "paginas": 3,
        "texto": "Quanto recebe por mês, em média e antes de descontos, quem trabalha por conta de outrem?"
      },
      {
        "n": 3,
        "paginas": 3,
        "texto": "Abaixo de que rendimento anual fica em risco de pobreza uma pessoa que vive sozinha?"
      },
      {
        "n": 3,
        "paginas": 3,
        "texto": "How much has the nominal unit labour cost index, per hour worked, changed over three years?"
      },
      {
        "n": 3,
        "paginas": 3,
        "texto": "How much has the country’s export performance against advanced economies changed over three years?"
      },
      {
        "n": 3,
        "paginas": 3,
        "texto": "How much have the transaction prices of homes purchased by households changed?"
      },
      {
        "n": 3,
        "paginas": 3,
        "texto": "How much has the percentage of active people, employed or unemployed, in the comparable total population changed over three years?"
      },
      {
        "n": 3,
        "paginas": 3,
        "texto": "How much do employees receive per month, on average and before deductions?"
      },
      {
        "n": 3,
        "paginas": 3,
        "texto": "Below what annual income is a person living alone at risk of poverty?"
      },
      {
        "n": 3,
        "paginas": 3,
        "texto": "How much have rents actually paid for housing changed since the same month a year earlier?"
      },
      {
        "n": 3,
        "paginas": 3,
        "texto": "What Évora’s bid for European Capital of Culture promised, what the European Commission’s expert panel wrote about it, and the money written into publ"
      },
      {
        "n": 3,
        "paginas": 3,
        "texto": "This row quotes no sentence because the source publishes none: the value is the line count of the file this site hosts, above, and it is re-counted at"
      },
      {
        "n": 3,
        "paginas": 3,
        "texto": "O que a candidatura de Évora a Capital Europeia da Cultura prometeu, o que o painel de peritos da Comissão Europeia escreveu sobre isso, e o dinheiro "
      },
      {
        "n": 3,
        "paginas": 3,
        "texto": "Quanto mudaram as rendas efetivamente pagas pela habitação face ao mesmo mês do ano anterior?"
      },
      {
        "n": 3,
        "paginas": 3,
        "texto": "Esta linha não cita nenhuma frase porque a fonte não publica nenhuma: o valor é a contagem das linhas do ficheiro que este sítio aloja, acima, e é rec"
      },
      {
        "n": 2,
        "paginas": 2,
        "texto": "internacionalização das empresas"
      },
      {
        "n": 2,
        "paginas": 2,
        "texto": "os programas financiados por fundos europeus, nomeadamente no âmbito da política de coesão da União Europeia e do Plano de Recuperação e Resiliência ("
      },
      {
        "n": 2,
        "paginas": 2,
        "texto": "as orientações em matéria de competências digitais"
      },
      {
        "n": 2,
        "paginas": 2,
        "texto": "a política financeira do Estado"
      },
      {
        "n": 2,
        "paginas": 2,
        "texto": "relações laborais e condições de trabalho"
      },
      {
        "n": 2,
        "paginas": 2,
        "texto": "combate à pobreza e de promoção da inclusão social"
      },
      {
        "n": 2,
        "paginas": 2,
        "texto": "What is the difference between residents’ financial assets and liabilities relative to the rest of the world, as a percentage of GDP?"
      },
      {
        "n": 2,
        "paginas": 2,
        "texto": "How much do non-financial corporations owe in consolidated debt, as a percentage of GDP?"
      },
      {
        "n": 2,
        "paginas": 2,
        "texto": "How much do households and non-profit institutions serving them owe in consolidated debt, as a percentage of GDP?"
      },
      {
        "n": 2,
        "paginas": 2,
        "texto": "What percentage of non-financial corporations’ debt in the previous period does their consolidated credit flow represent, excluding foreign direct inv"
      },
      {
        "n": 2,
        "paginas": 2,
        "texto": "What percentage of the debt of households and non-profit institutions serving them in the previous period does their consolidated credit flow represen"
      },
      {
        "n": 2,
        "paginas": 2,
        "texto": "What is the current account balance as a percentage of GDP, on a three-year backward moving average?"
      },
      {
        "n": 2,
        "paginas": 2,
        "texto": "This map did not open. The door goes to its own page."
      },
      {
        "n": 2,
        "paginas": 2,
        "texto": "Science, technology and artificial intelligence"
      },
      {
        "n": 2,
        "paginas": 2,
        "texto": "How much have consumer prices in Portugal changed since the same month a year earlier, on the harmonised measure used to compare European Union countr"
      },
      {
        "n": 2,
        "paginas": 2,
        "texto": "How much have food and non-alcoholic beverage prices changed since the same month a year earlier?"
      },
      {
        "n": 2,
        "paginas": 2,
        "texto": "How much have fuel and lubricant prices for vehicles changed since the same month a year earlier?"
      },
      {
        "n": 2,
        "paginas": 2,
        "texto": "How much have the prices of electricity, gas and other fuels used at home changed since the same month a year earlier?"
      },
      {
        "n": 2,
        "paginas": 2,
        "texto": "How much has the average level of consumer prices excluding housing changed over the last twelve months?"
      },
      {
        "n": 2,
        "paginas": 2,
        "texto": "How much have consumer prices changed since the same month a year earlier?"
      },
      {
        "n": 2,
        "paginas": 2,
        "texto": "How much has the average level of consumer prices changed over the last twelve months compared with the previous twelve months?"
      },
      {
        "n": 2,
        "paginas": 2,
        "texto": "Portugal › Oeste e Vale do Tejo › Santarém › Abrantes"
      },
      {
        "n": 2,
        "paginas": 2,
        "texto": "Portugal › Centro › Aveiro › Águeda"
      },
      {
        "n": 2,
        "paginas": 2,
        "texto": "Portugal › Centro › Guarda › Aguiar da Beira"
      },
      {
        "n": 2,
        "paginas": 2,
        "texto": "Portugal › Alentejo › Évora › Alandroal"
      },
      {
        "n": 2,
        "paginas": 2,
        "texto": "Portugal › Centro › Aveiro › Albergaria-a-Velha"
      },
      {
        "n": 2,
        "paginas": 2,
        "texto": "Portugal › Algarve › Faro › Albufeira"
      },
      {
        "n": 2,
        "paginas": 2,
        "texto": "Portugal › Alentejo › Setúbal › Alcácer do Sal"
      },
      {
        "n": 2,
        "paginas": 2,
        "texto": "Portugal › Oeste e Vale do Tejo › Santarém › Alcanena"
      },
      {
        "n": 2,
        "paginas": 2,
        "texto": "Portugal › Oeste e Vale do Tejo › Leiria › Alcobaça"
      },
      {
        "n": 2,
        "paginas": 2,
        "texto": "Portugal › Algarve › Faro › Alcoutim"
      },
      {
        "n": 2,
        "paginas": 2,
        "texto": "Portugal › Oeste e Vale do Tejo › Lisboa › Alenquer"
      },
      {
        "n": 2,
        "paginas": 2,
        "texto": "Portugal › Norte › Bragança › Alfândega da Fé"
      },
      {
        "n": 2,
        "paginas": 2,
        "texto": "Portugal › Norte › Vila Real › Alijó"
      },
      {
        "n": 2,
        "paginas": 2,
        "texto": "Portugal › Algarve › Faro › Aljezur"
      },
      {
        "n": 2,
        "paginas": 2,
        "texto": "Portugal › Alentejo › Beja › Aljustrel"
      },
      {
        "n": 2,
        "paginas": 2,
        "texto": "Portugal › Centro › Guarda › Almeida"
      },
      {
        "n": 2,
        "paginas": 2,
        "texto": "Portugal › Oeste e Vale do Tejo › Santarém › Almeirim"
      },
      {
        "n": 2,
        "paginas": 2,
        "texto": "Portugal › Alentejo › Beja › Almodôvar"
      },
      {
        "n": 2,
        "paginas": 2,
        "texto": "Portugal › Oeste e Vale do Tejo › Santarém › Alpiarça"
      },
      {
        "n": 2,
        "paginas": 2,
        "texto": "Portugal › Alentejo › Portalegre › Alter do Chão"
      },
      {
        "n": 2,
        "paginas": 2,
        "texto": "Portugal › Centro › Leiria › Alvaiázere"
      },
      {
        "n": 2,
        "paginas": 2,
        "texto": "Portugal › Alentejo › Beja › Alvito"
      },
      {
        "n": 2,
        "paginas": 2,
        "texto": "Portugal › Norte › Porto › Amarante"
      },
      {
        "n": 2,
        "paginas": 2,
        "texto": "Portugal › Norte › Braga › Amares"
      },
      {
        "n": 2,
        "paginas": 2,
        "texto": "Portugal › Centro › Aveiro › Anadia"
      },
      {
        "n": 2,
        "paginas": 2,
        "texto": "Portugal › Centro › Leiria › Ansião"
      },
      {
        "n": 2,
        "paginas": 2,
        "texto": "Portugal › Norte › Viana do Castelo › Arcos de Valdevez"
      },
      {
        "n": 2,
        "paginas": 2,
        "texto": "Portugal › Centro › Coimbra › Arganil"
      },
      {
        "n": 2,
        "paginas": 2,
        "texto": "Portugal › Norte › Viseu › Armamar"
      },
      {
        "n": 2,
        "paginas": 2,
        "texto": "Portugal › Norte › Aveiro › Arouca"
      },
      {
        "n": 2,
        "paginas": 2,
        "texto": "Portugal › Alentejo › Évora › Arraiolos"
      },
      {
        "n": 2,
        "paginas": 2,
        "texto": "Portugal › Alentejo › Portalegre › Arronches"
      },
      {
        "n": 2,
        "paginas": 2,
        "texto": "Portugal › Oeste e Vale do Tejo › Lisboa › Arruda dos Vinhos"
      },
      {
        "n": 2,
        "paginas": 2,
        "texto": "Portugal › Centro › Aveiro › Aveiro"
      },
      {
        "n": 2,
        "paginas": 2,
        "texto": "Portugal › Alentejo › Portalegre › Avis"
      },
      {
        "n": 2,
        "paginas": 2,
        "texto": "Portugal › Oeste e Vale do Tejo › Lisboa › Azambuja"
      },
      {
        "n": 2,
        "paginas": 2,
        "texto": "Portugal › Norte › Porto › Baião"
      },
      {
        "n": 2,
        "paginas": 2,
        "texto": "Portugal › Norte › Braga › Barcelos"
      },
      {
        "n": 2,
        "paginas": 2,
        "texto": "Portugal › Alentejo › Beja › Barrancos"
      },
      {
        "n": 2,
        "paginas": 2,
        "texto": "Portugal › Centro › Leiria › Batalha"
      },
      {
        "n": 2,
        "paginas": 2,
        "texto": "Portugal › Alentejo › Beja › Beja"
      },
      {
        "n": 2,
        "paginas": 2,
        "texto": "Portugal › Centro › Castelo Branco › Belmonte"
      },
      {
        "n": 2,
        "paginas": 2,
        "texto": "Portugal › Oeste e Vale do Tejo › Santarém › Benavente"
      },
      {
        "n": 2,
        "paginas": 2,
        "texto": "Portugal › Oeste e Vale do Tejo › Leiria › Bombarral"
      },
      {
        "n": 2,
        "paginas": 2,
        "texto": "Portugal › Alentejo › Évora › Borba"
      },
      {
        "n": 2,
        "paginas": 2,
        "texto": "Portugal › Norte › Vila Real › Boticas"
      },
      {
        "n": 2,
        "paginas": 2,
        "texto": "Portugal › Norte › Braga › Braga"
      },
      {
        "n": 2,
        "paginas": 2,
        "texto": "Portugal › Norte › Bragança › Bragança"
      },
      {
        "n": 2,
        "paginas": 2,
        "texto": "Portugal › Norte › Braga › Cabeceiras de Basto"
      },
      {
        "n": 2,
        "paginas": 2,
        "texto": "Portugal › Oeste e Vale do Tejo › Lisboa › Cadaval"
      },
      {
        "n": 2,
        "paginas": 2,
        "texto": "Portugal › Oeste e Vale do Tejo › Leiria › Caldas da Rainha"
      },
      {
        "n": 2,
        "paginas": 2,
        "texto": "Portugal › Madeira › Ilha da Madeira › Calheta"
      },
      {
        "n": 2,
        "paginas": 2,
        "texto": "Portugal › Madeira › Ilha da Madeira › Câmara de Lobos"
      },
      {
        "n": 2,
        "paginas": 2,
        "texto": "Portugal › Norte › Viana do Castelo › Caminha"
      },
      {
        "n": 2,
        "paginas": 2,
        "texto": "Portugal › Alentejo › Portalegre › Campo Maior"
      },
      {
        "n": 2,
        "paginas": 2,
        "texto": "Portugal › Centro › Coimbra › Cantanhede"
      },
      {
        "n": 2,
        "paginas": 2,
        "texto": "Portugal › Norte › Bragança › Carrazeda de Ansiães"
      },
      {
        "n": 2,
        "paginas": 2,
        "texto": "Portugal › Centro › Viseu › Carregal do Sal"
      },
      {
        "n": 2,
        "paginas": 2,
        "texto": "Portugal › Oeste e Vale do Tejo › Santarém › Cartaxo"
      },
      {
        "n": 2,
        "paginas": 2,
        "texto": "Portugal › Centro › Leiria › Castanheira de Pêra"
      },
      {
        "n": 2,
        "paginas": 2,
        "texto": "Portugal › Centro › Castelo Branco › Castelo Branco"
      },
      {
        "n": 2,
        "paginas": 2,
        "texto": "Portugal › Norte › Aveiro › Castelo de Paiva"
      },
      {
        "n": 2,
        "paginas": 2,
        "texto": "Portugal › Alentejo › Portalegre › Castelo de Vide"
      },
      {
        "n": 2,
        "paginas": 2,
        "texto": "Portugal › Centro › Viseu › Castro Daire"
      },
      {
        "n": 2,
        "paginas": 2,
        "texto": "Portugal › Algarve › Faro › Castro Marim"
      },
      {
        "n": 2,
        "paginas": 2,
        "texto": "Portugal › Alentejo › Beja › Castro Verde"
      },
      {
        "n": 2,
        "paginas": 2,
        "texto": "Portugal › Centro › Guarda › Celorico da Beira"
      },
      {
        "n": 2,
        "paginas": 2,
        "texto": "Portugal › Norte › Braga › Celorico de Basto"
      },
      {
        "n": 2,
        "paginas": 2,
        "texto": "Portugal › Oeste e Vale do Tejo › Santarém › Chamusca"
      },
      {
        "n": 2,
        "paginas": 2,
        "texto": "Portugal › Norte › Vila Real › Chaves"
      },
      {
        "n": 2,
        "paginas": 2,
        "texto": "Portugal › Norte › Viseu › Cinfães"
      },
      {
        "n": 2,
        "paginas": 2,
        "texto": "Portugal › Centro › Coimbra › Coimbra"
      },
      {
        "n": 2,
        "paginas": 2,
        "texto": "Portugal › Centro › Coimbra › Condeixa-a-Nova"
      },
      {
        "n": 2,
        "paginas": 2,
        "texto": "Portugal › Oeste e Vale do Tejo › Santarém › Constância"
      },
      {
        "n": 2,
        "paginas": 2,
        "texto": "Portugal › Oeste e Vale do Tejo › Santarém › Coruche"
      },
      {
        "n": 2,
        "paginas": 2,
        "texto": "Portugal › Centro › Castelo Branco › Covilhã"
      },
      {
        "n": 2,
        "paginas": 2,
        "texto": "Portugal › Alentejo › Portalegre › Crato"
      },
      {
        "n": 2,
        "paginas": 2,
        "texto": "Portugal › Alentejo › Beja › Cuba"
      },
      {
        "n": 2,
        "paginas": 2,
        "texto": "Portugal › Alentejo › Portalegre › Elvas"
      },
      {
        "n": 2,
        "paginas": 2,
        "texto": "Portugal › Oeste e Vale do Tejo › Santarém › Entroncamento"
      },
      {
        "n": 2,
        "paginas": 2,
        "texto": "Portugal › Norte › Aveiro › Espinho"
      },
      {
        "n": 2,
        "paginas": 2,
        "texto": "Portugal › Norte › Braga › Esposende"
      },
      {
        "n": 2,
        "paginas": 2,
        "texto": "Portugal › Centro › Aveiro › Estarreja"
      },
      {
        "n": 2,
        "paginas": 2,
        "texto": "Portugal › Alentejo › Évora › Estremoz"
      },
      {
        "n": 2,
        "paginas": 2,
        "texto": "Portugal › Alentejo › Évora › Évora"
      },
      {
        "n": 2,
        "paginas": 2,
        "texto": "Portugal › Norte › Braga › Fafe"
      },
      {
        "n": 2,
        "paginas": 2,
        "texto": "Portugal › Algarve › Faro › Faro"
      },
      {
        "n": 2,
        "paginas": 2,
        "texto": "Portugal › Norte › Porto › Felgueiras"
      },
      {
        "n": 2,
        "paginas": 2,
        "texto": "Portugal › Alentejo › Beja › Ferreira do Alentejo"
      },
      {
        "n": 2,
        "paginas": 2,
        "texto": "Portugal › Oeste e Vale do Tejo › Santarém › Ferreira do Zêzere"
      },
      {
        "n": 2,
        "paginas": 2,
        "texto": "Portugal › Centro › Coimbra › Figueira da Foz"
      },
      {
        "n": 2,
        "paginas": 2,
        "texto": "Portugal › Centro › Guarda › Figueira de Castelo Rodrigo"
      },
      {
        "n": 2,
        "paginas": 2,
        "texto": "Portugal › Centro › Leiria › Figueiró dos Vinhos"
      },
      {
        "n": 2,
        "paginas": 2,
        "texto": "Portugal › Centro › Guarda › Fornos de Algodres"
      },
      {
        "n": 2,
        "paginas": 2,
        "texto": "Portugal › Norte › Bragança › Freixo de Espada à Cinta"
      },
      {
        "n": 2,
        "paginas": 2,
        "texto": "Portugal › Alentejo › Portalegre › Fronteira"
      },
      {
        "n": 2,
        "paginas": 2,
        "texto": "Portugal › Madeira › Ilha da Madeira › Funchal"
      },
      {
        "n": 2,
        "paginas": 2,
        "texto": "Portugal › Centro › Castelo Branco › Fundão"
      },
      {
        "n": 2,
        "paginas": 2,
        "texto": "Portugal › Alentejo › Portalegre › Gavião"
      },
      {
        "n": 2,
        "paginas": 2,
        "texto": "Portugal › Centro › Coimbra › Góis"
      },
      {
        "n": 2,
        "paginas": 2,
        "texto": "Portugal › Oeste e Vale do Tejo › Santarém › Golegã"
      },
      {
        "n": 2,
        "paginas": 2,
        "texto": "Portugal › Norte › Porto › Gondomar"
      },
      {
        "n": 2,
        "paginas": 2,
        "texto": "Portugal › Centro › Guarda › Gouveia"
      },
      {
        "n": 2,
        "paginas": 2,
        "texto": "Portugal › Alentejo › Setúbal › Grândola"
      },
      {
        "n": 2,
        "paginas": 2,
        "texto": "Portugal › Centro › Guarda › Guarda"
      },
      {
        "n": 2,
        "paginas": 2,
        "texto": "Portugal › Norte › Braga › Guimarães"
      },
      {
        "n": 2,
        "paginas": 2,
        "texto": "Portugal › Centro › Castelo Branco › Idanha-a-Nova"
      },
      {
        "n": 2,
        "paginas": 2,
        "texto": "Portugal › Centro › Aveiro › Ílhavo"
      },
      {
        "n": 2,
        "paginas": 2,
        "texto": "Portugal › Algarve › Faro › Lagoa"
      },
      {
        "n": 2,
        "paginas": 2,
        "texto": "Portugal › Algarve › Faro › Lagos"
      },
      {
        "n": 2,
        "paginas": 2,
        "texto": "Portugal › Norte › Viseu › Lamego"
      },
      {
        "n": 2,
        "paginas": 2,
        "texto": "Portugal › Centro › Leiria › Leiria"
      },
      {
        "n": 2,
        "paginas": 2,
        "texto": "Portugal › Algarve › Faro › Loulé"
      },
      {
        "n": 2,
        "paginas": 2,
        "texto": "Portugal › Oeste e Vale do Tejo › Lisboa › Lourinhã"
      },
      {
        "n": 2,
        "paginas": 2,
        "texto": "Portugal › Centro › Coimbra › Lousã"
      },
      {
        "n": 2,
        "paginas": 2,
        "texto": "Portugal › Norte › Porto › Lousada"
      },
      {
        "n": 2,
        "paginas": 2,
        "texto": "Portugal › Oeste e Vale do Tejo › Santarém › Mação"
      },
      {
        "n": 2,
        "paginas": 2,
        "texto": "Portugal › Norte › Bragança › Macedo de Cavaleiros"
      },
      {
        "n": 2,
        "paginas": 2,
        "texto": "Portugal › Madeira › Ilha da Madeira › Machico"
      },
      {
        "n": 2,
        "paginas": 2,
        "texto": "Portugal › Norte › Porto › Maia"
      },
      {
        "n": 2,
        "paginas": 2,
        "texto": "Portugal › Centro › Viseu › Mangualde"
      },
      {
        "n": 2,
        "paginas": 2,
        "texto": "Portugal › Centro › Guarda › Manteigas"
      },
      {
        "n": 2,
        "paginas": 2,
        "texto": "Portugal › Norte › Porto › Marco de Canaveses"
      },
      {
        "n": 2,
        "paginas": 2,
        "texto": "Portugal › Centro › Leiria › Marinha Grande"
      },
      {
        "n": 2,
        "paginas": 2,
        "texto": "Portugal › Alentejo › Portalegre › Marvão"
      },
      {
        "n": 2,
        "paginas": 2,
        "texto": "Portugal › Norte › Porto › Matosinhos"
      },
      {
        "n": 2,
        "paginas": 2,
        "texto": "Portugal › Centro › Aveiro › Mealhada"
      },
      {
        "n": 2,
        "paginas": 2,
        "texto": "Portugal › Centro › Guarda › Mêda"
      },
      {
        "n": 2,
        "paginas": 2,
        "texto": "Portugal › Norte › Viana do Castelo › Melgaço"
      },
      {
        "n": 2,
        "paginas": 2,
        "texto": "Portugal › Alentejo › Beja › Mértola"
      },
      {
        "n": 2,
        "paginas": 2,
        "texto": "Portugal › Norte › Vila Real › Mesão Frio"
      },
      {
        "n": 2,
        "paginas": 2,
        "texto": "Portugal › Centro › Coimbra › Mira"
      },
      {
        "n": 2,
        "paginas": 2,
        "texto": "Portugal › Centro › Coimbra › Miranda do Corvo"
      },
      {
        "n": 2,
        "paginas": 2,
        "texto": "Portugal › Norte › Bragança › Miranda do Douro"
      },
      {
        "n": 2,
        "paginas": 2,
        "texto": "Portugal › Norte › Bragança › Mirandela"
      },
      {
        "n": 2,
        "paginas": 2,
        "texto": "Portugal › Norte › Bragança › Mogadouro"
      },
      {
        "n": 2,
        "paginas": 2,
        "texto": "Portugal › Norte › Viseu › Moimenta da Beira"
      },
      {
        "n": 2,
        "paginas": 2,
        "texto": "Portugal › Norte › Viana do Castelo › Monção"
      },
      {
        "n": 2,
        "paginas": 2,
        "texto": "Portugal › Algarve › Faro › Monchique"
      },
      {
        "n": 2,
        "paginas": 2,
        "texto": "Portugal › Norte › Vila Real › Mondim de Basto"
      },
      {
        "n": 2,
        "paginas": 2,
        "texto": "Portugal › Alentejo › Portalegre › Monforte"
      },
      {
        "n": 2,
        "paginas": 2,
        "texto": "Portugal › Norte › Vila Real › Montalegre"
      },
      {
        "n": 2,
        "paginas": 2,
        "texto": "Portugal › Alentejo › Évora › Montemor-o-Novo"
      },
      {
        "n": 2,
        "paginas": 2,
        "texto": "Portugal › Centro › Coimbra › Montemor-o-Velho"
      },
      {
        "n": 2,
        "paginas": 2,
        "texto": "Portugal › Alentejo › Évora › Mora"
      },
      {
        "n": 2,
        "paginas": 2,
        "texto": "Portugal › Centro › Viseu › Mortágua"
      },
      {
        "n": 2,
        "paginas": 2,
        "texto": "Portugal › Alentejo › Beja › Moura"
      },
      {
        "n": 2,
        "paginas": 2,
        "texto": "Portugal › Alentejo › Évora › Mourão"
      },
      {
        "n": 2,
        "paginas": 2,
        "texto": "Portugal › Norte › Vila Real › Murça"
      },
      {
        "n": 2,
        "paginas": 2,
        "texto": "Portugal › Centro › Aveiro › Murtosa"
      },
      {
        "n": 2,
        "paginas": 2,
        "texto": "Portugal › Oeste e Vale do Tejo › Leiria › Nazaré"
      },
      {
        "n": 2,
        "paginas": 2,
        "texto": "Portugal › Centro › Viseu › Nelas"
      },
      {
        "n": 2,
        "paginas": 2,
        "texto": "Portugal › Alentejo › Portalegre › Nisa"
      },
      {
        "n": 2,
        "paginas": 2,
        "texto": "Portugal › Oeste e Vale do Tejo › Leiria › Óbidos"
      },
      {
        "n": 2,
        "paginas": 2,
        "texto": "Portugal › Alentejo › Beja › Odemira"
      },
      {
        "n": 2,
        "paginas": 2,
        "texto": "Portugal › Centro › Castelo Branco › Oleiros"
      },
      {
        "n": 2,
        "paginas": 2,
        "texto": "Portugal › Algarve › Faro › Olhão"
      },
      {
        "n": 2,
        "paginas": 2,
        "texto": "Portugal › Norte › Aveiro › Oliveira de Azeméis"
      },
      {
        "n": 2,
        "paginas": 2,
        "texto": "Portugal › Centro › Viseu › Oliveira de Frades"
      },
      {
        "n": 2,
        "paginas": 2,
        "texto": "Portugal › Centro › Aveiro › Oliveira do Bairro"
      },
      {
        "n": 2,
        "paginas": 2,
        "texto": "Portugal › Centro › Coimbra › Oliveira do Hospital"
      },
      {
        "n": 2,
        "paginas": 2,
        "texto": "Portugal › Oeste e Vale do Tejo › Santarém › Ourém"
      },
      {
        "n": 2,
        "paginas": 2,
        "texto": "Portugal › Alentejo › Beja › Ourique"
      },
      {
        "n": 2,
        "paginas": 2,
        "texto": "Portugal › Centro › Aveiro › Ovar"
      },
      {
        "n": 2,
        "paginas": 2,
        "texto": "Portugal › Norte › Porto › Paços de Ferreira"
      },
      {
        "n": 2,
        "paginas": 2,
        "texto": "Portugal › Centro › Coimbra › Pampilhosa da Serra"
      },
      {
        "n": 2,
        "paginas": 2,
        "texto": "Portugal › Norte › Viana do Castelo › Paredes de Coura"
      },
      {
        "n": 2,
        "paginas": 2,
        "texto": "Portugal › Norte › Porto › Paredes"
      },
      {
        "n": 2,
        "paginas": 2,
        "texto": "Portugal › Centro › Leiria › Pedrógão Grande"
      },
      {
        "n": 2,
        "paginas": 2,
        "texto": "Portugal › Centro › Coimbra › Penacova"
      },
      {
        "n": 2,
        "paginas": 2,
        "texto": "Portugal › Norte › Porto › Penafiel"
      },
      {
        "n": 2,
        "paginas": 2,
        "texto": "Portugal › Centro › Viseu › Penalva do Castelo"
      },
      {
        "n": 2,
        "paginas": 2,
        "texto": "Portugal › Centro › Castelo Branco › Penamacor"
      },
      {
        "n": 2,
        "paginas": 2,
        "texto": "Portugal › Norte › Viseu › Penedono"
      },
      {
        "n": 2,
        "paginas": 2,
        "texto": "Portugal › Centro › Coimbra › Penela"
      },
      {
        "n": 2,
        "paginas": 2,
        "texto": "Portugal › Oeste e Vale do Tejo › Leiria › Peniche"
      },
      {
        "n": 2,
        "paginas": 2,
        "texto": "Portugal › Norte › Vila Real › Peso da Régua"
      },
      {
        "n": 2,
        "paginas": 2,
        "texto": "Portugal › Centro › Guarda › Pinhel"
      },
      {
        "n": 2,
        "paginas": 2,
        "texto": "Portugal › Centro › Leiria › Pombal"
      },
      {
        "n": 2,
        "paginas": 2,
        "texto": "Portugal › Madeira › Ilha da Madeira › Ponta do Sol"
      },
      {
        "n": 2,
        "paginas": 2,
        "texto": "Portugal › Norte › Viana do Castelo › Ponte da Barca"
      },
      {
        "n": 2,
        "paginas": 2,
        "texto": "Portugal › Norte › Viana do Castelo › Ponte de Lima"
      },
      {
        "n": 2,
        "paginas": 2,
        "texto": "Portugal › Alentejo › Portalegre › Ponte de Sor"
      },
      {
        "n": 2,
        "paginas": 2,
        "texto": "Portugal › Alentejo › Portalegre › Portalegre"
      },
      {
        "n": 2,
        "paginas": 2,
        "texto": "Portugal › Alentejo › Évora › Portel"
      },
      {
        "n": 2,
        "paginas": 2,
        "texto": "Portugal › Algarve › Faro › Portimão"
      },
      {
        "n": 2,
        "paginas": 2,
        "texto": "Portugal › Centro › Leiria › Porto de Mós"
      },
      {
        "n": 2,
        "paginas": 2,
        "texto": "Portugal › Madeira › Ilha da Madeira › Porto Moniz"
      },
      {
        "n": 2,
        "paginas": 2,
        "texto": "Portugal › Madeira › Ilha de Porto Santo › Porto Santo"
      },
      {
        "n": 2,
        "paginas": 2,
        "texto": "Portugal › Norte › Porto › Porto"
      },
      {
        "n": 2,
        "paginas": 2,
        "texto": "Portugal › Norte › Braga › Póvoa de Lanhoso"
      },
      {
        "n": 2,
        "paginas": 2,
        "texto": "Portugal › Norte › Porto › Póvoa de Varzim"
      },
      {
        "n": 2,
        "paginas": 2,
        "texto": "Portugal › Centro › Castelo Branco › Proença-a-Nova"
      },
      {
        "n": 2,
        "paginas": 2,
        "texto": "Portugal › Alentejo › Évora › Redondo"
      },
      {
        "n": 2,
        "paginas": 2,
        "texto": "Portugal › Alentejo › Évora › Reguengos de Monsaraz"
      },
      {
        "n": 2,
        "paginas": 2,
        "texto": "Portugal › Norte › Viseu › Resende"
      },
      {
        "n": 2,
        "paginas": 2,
        "texto": "Portugal › Madeira › Ilha da Madeira › Ribeira Brava"
      },
      {
        "n": 2,
        "paginas": 2,
        "texto": "Portugal › Norte › Vila Real › Ribeira de Pena"
      },
      {
        "n": 2,
        "paginas": 2,
        "texto": "Portugal › Oeste e Vale do Tejo › Santarém › Rio Maior"
      },
      {
        "n": 2,
        "paginas": 2,
        "texto": "Portugal › Norte › Vila Real › Sabrosa"
      },
      {
        "n": 2,
        "paginas": 2,
        "texto": "Portugal › Centro › Guarda › Sabugal"
      },
      {
        "n": 2,
        "paginas": 2,
        "texto": "Portugal › Oeste e Vale do Tejo › Santarém › Salvaterra de Magos"
      },
      {
        "n": 2,
        "paginas": 2,
        "texto": "Portugal › Centro › Viseu › Santa Comba Dão"
      },
      {
        "n": 2,
        "paginas": 2,
        "texto": "Portugal › Madeira › Ilha da Madeira › Santa Cruz"
      },
      {
        "n": 2,
        "paginas": 2,
        "texto": "Portugal › Norte › Aveiro › Santa Maria da Feira"
      },
      {
        "n": 2,
        "paginas": 2,
        "texto": "Portugal › Norte › Vila Real › Santa Marta de Penaguião"
      },
      {
        "n": 2,
        "paginas": 2,
        "texto": "Portugal › Madeira › Ilha da Madeira › Santana"
      },
      {
        "n": 2,
        "paginas": 2,
        "texto": "Portugal › Oeste e Vale do Tejo › Santarém › Santarém"
      },
      {
        "n": 2,
        "paginas": 2,
        "texto": "Portugal › Alentejo › Setúbal › Santiago do Cacém"
      },
      {
        "n": 2,
        "paginas": 2,
        "texto": "Portugal › Norte › Porto › Santo Tirso"
      },
      {
        "n": 2,
        "paginas": 2,
        "texto": "Portugal › Algarve › Faro › São Brás de Alportel"
      },
      {
        "n": 2,
        "paginas": 2,
        "texto": "Portugal › Norte › Aveiro › São João da Madeira"
      },
      {
        "n": 2,
        "paginas": 2,
        "texto": "Portugal › Norte › Viseu › São João da Pesqueira"
      },
      {
        "n": 2,
        "paginas": 2,
        "texto": "Portugal › Centro › Viseu › São Pedro do Sul"
      },
      {
        "n": 2,
        "paginas": 2,
        "texto": "Portugal › Madeira › Ilha da Madeira › São Vicente"
      },
      {
        "n": 2,
        "paginas": 2,
        "texto": "Portugal › Oeste e Vale do Tejo › Santarém › Sardoal"
      },
      {
        "n": 2,
        "paginas": 2,
        "texto": "Portugal › Centro › Viseu › Sátão"
      },
      {
        "n": 2,
        "paginas": 2,
        "texto": "Portugal › Centro › Guarda › Seia"
      },
      {
        "n": 2,
        "paginas": 2,
        "texto": "Portugal › Norte › Viseu › Sernancelhe"
      },
      {
        "n": 2,
        "paginas": 2,
        "texto": "Portugal › Alentejo › Beja › Serpa"
      },
      {
        "n": 2,
        "paginas": 2,
        "texto": "Portugal › Centro › Castelo Branco › Sertã"
      },
      {
        "n": 2,
        "paginas": 2,
        "texto": "Portugal › Centro › Aveiro › Sever do Vouga"
      },
      {
        "n": 2,
        "paginas": 2,
        "texto": "Portugal › Algarve › Faro › Silves"
      },
      {
        "n": 2,
        "paginas": 2,
        "texto": "Portugal › Alentejo › Setúbal › Sines"
      },
      {
        "n": 2,
        "paginas": 2,
        "texto": "Portugal › Oeste e Vale do Tejo › Lisboa › Sobral de Monte Agraço"
      },
      {
        "n": 2,
        "paginas": 2,
        "texto": "Portugal › Centro › Coimbra › Soure"
      },
      {
        "n": 2,
        "paginas": 2,
        "texto": "Portugal › Alentejo › Portalegre › Sousel"
      },
      {
        "n": 2,
        "paginas": 2,
        "texto": "Portugal › Centro › Coimbra › Tábua"
      },
      {
        "n": 2,
        "paginas": 2,
        "texto": "Portugal › Norte › Viseu › Tabuaço"
      },
      {
        "n": 2,
        "paginas": 2,
        "texto": "Portugal › Norte › Viseu › Tarouca"
      },
      {
        "n": 2,
        "paginas": 2,
        "texto": "Portugal › Algarve › Faro › Tavira"
      },
      {
        "n": 2,
        "paginas": 2,
        "texto": "Portugal › Norte › Braga › Terras de Bouro"
      },
      {
        "n": 2,
        "paginas": 2,
        "texto": "Portugal › Oeste e Vale do Tejo › Santarém › Tomar"
      },
      {
        "n": 2,
        "paginas": 2,
        "texto": "Portugal › Centro › Viseu › Tondela"
      },
      {
        "n": 2,
        "paginas": 2,
        "texto": "Portugal › Norte › Bragança › Torre de Moncorvo"
      },
      {
        "n": 2,
        "paginas": 2,
        "texto": "Portugal › Oeste e Vale do Tejo › Santarém › Torres Novas"
      },
      {
        "n": 2,
        "paginas": 2,
        "texto": "Portugal › Oeste e Vale do Tejo › Lisboa › Torres Vedras"
      },
      {
        "n": 2,
        "paginas": 2,
        "texto": "Portugal › Centro › Guarda › Trancoso"
      },
      {
        "n": 2,
        "paginas": 2,
        "texto": "Portugal › Norte › Porto › Trofa"
      },
      {
        "n": 2,
        "paginas": 2,
        "texto": "Portugal › Centro › Aveiro › Vagos"
      },
      {
        "n": 2,
        "paginas": 2,
        "texto": "Portugal › Norte › Aveiro › Vale de Cambra"
      },
      {
        "n": 2,
        "paginas": 2,
        "texto": "Portugal › Norte › Viana do Castelo › Valença"
      },
      {
        "n": 2,
        "paginas": 2,
        "texto": "Portugal › Norte › Porto › Valongo"
      },
      {
        "n": 2,
        "paginas": 2,
        "texto": "Portugal › Norte › Vila Real › Valpaços"
      },
      {
        "n": 2,
        "paginas": 2,
        "texto": "Portugal › Alentejo › Évora › Vendas Novas"
      },
      {
        "n": 2,
        "paginas": 2,
        "texto": "Portugal › Alentejo › Évora › Viana do Alentejo"
      },
      {
        "n": 2,
        "paginas": 2,
        "texto": "Portugal › Norte › Viana do Castelo › Viana do Castelo"
      },
      {
        "n": 2,
        "paginas": 2,
        "texto": "Portugal › Alentejo › Beja › Vidigueira"
      },
      {
        "n": 2,
        "paginas": 2,
        "texto": "Portugal › Norte › Braga › Vieira do Minho"
      },
      {
        "n": 2,
        "paginas": 2,
        "texto": "Portugal › Centro › Castelo Branco › Vila de Rei"
      },
      {
        "n": 2,
        "paginas": 2,
        "texto": "Portugal › Algarve › Faro › Vila do Bispo"
      },
      {
        "n": 2,
        "paginas": 2,
        "texto": "Portugal › Norte › Porto › Vila do Conde"
      },
      {
        "n": 2,
        "paginas": 2,
        "texto": "Portugal › Norte › Bragança › Vila Flor"
      },
      {
        "n": 2,
        "paginas": 2,
        "texto": "Portugal › Oeste e Vale do Tejo › Santarém › Vila Nova da Barquinha"
      },
      {
        "n": 2,
        "paginas": 2,
        "texto": "Portugal › Norte › Viana do Castelo › Vila Nova de Cerveira"
      },
      {
        "n": 2,
        "paginas": 2,
        "texto": "Portugal › Norte › Braga › Vila Nova de Famalicão"
      },
      {
        "n": 2,
        "paginas": 2,
        "texto": "Portugal › Norte › Guarda › Vila Nova de Foz Côa"
      },
      {
        "n": 2,
        "paginas": 2,
        "texto": "Portugal › Norte › Porto › Vila Nova de Gaia"
      },
      {
        "n": 2,
        "paginas": 2,
        "texto": "Portugal › Centro › Viseu › Vila Nova de Paiva"
      },
      {
        "n": 2,
        "paginas": 2,
        "texto": "Portugal › Centro › Coimbra › Vila Nova de Poiares"
      },
      {
        "n": 2,
        "paginas": 2,
        "texto": "Portugal › Norte › Vila Real › Vila Pouca de Aguiar"
      },
      {
        "n": 2,
        "paginas": 2,
        "texto": "Portugal › Algarve › Faro › Vila Real de Santo António"
      },
      {
        "n": 2,
        "paginas": 2,
        "texto": "Portugal › Norte › Vila Real › Vila Real"
      },
      {
        "n": 2,
        "paginas": 2,
        "texto": "Portugal › Centro › Castelo Branco › Vila Velha de Ródão"
      },
      {
        "n": 2,
        "paginas": 2,
        "texto": "Portugal › Norte › Braga › Vila Verde"
      },
      {
        "n": 2,
        "paginas": 2,
        "texto": "Portugal › Alentejo › Évora › Vila Viçosa"
      },
      {
        "n": 2,
        "paginas": 2,
        "texto": "Portugal › Norte › Bragança › Vimioso"
      },
      {
        "n": 2,
        "paginas": 2,
        "texto": "Portugal › Norte › Bragança › Vinhais"
      },
      {
        "n": 2,
        "paginas": 2,
        "texto": "Portugal › Centro › Viseu › Viseu"
      },
      {
        "n": 2,
        "paginas": 2,
        "texto": "Portugal › Norte › Braga › Vizela"
      },
      {
        "n": 2,
        "paginas": 2,
        "texto": "Portugal › Centro › Viseu › Vouzela"
      },
      {
        "n": 2,
        "paginas": 2,
        "texto": "Non-revenue water in Portugal’s public supply systems."
      },
      {
        "n": 2,
        "paginas": 2,
        "texto": "Economy, society and strategy in the Alentejo and the Algarve."
      },
      {
        "n": 2,
        "paginas": 2,
        "texto": "Economic assessment of Portugal’s regions."
      },
      {
        "n": 2,
        "paginas": 2,
        "texto": "Long series on the country’s evolution."
      },
      {
        "n": 2,
        "paginas": 2,
        "texto": "Água não faturada nos sistemas de abastecimento em Portugal."
      },
      {
        "n": 2,
        "paginas": 2,
        "texto": "Economia, sociedade e estratégia no Alentejo e no Algarve."
      },
      {
        "n": 2,
        "paginas": 2,
        "texto": "Séries longas sobre a evolução do país."
      },
      {
        "n": 2,
        "paginas": 2,
        "texto": "Financiamento público em Portugal."
      },
      {
        "n": 2,
        "paginas": 2,
        "texto": "O mapa desta área não abriu. A porta leva à página dela."
      },
      {
        "n": 2,
        "paginas": 2,
        "texto": "Ciência, tecnologia e inteligência artificial"
      },
      {
        "n": 2,
        "paginas": 2,
        "texto": "Nenhum concelho com esse nome."
      },
      {
        "n": 2,
        "paginas": 2,
        "texto": "Quanto mudaram os preços no consumidor em Portugal face ao mesmo mês do ano anterior, na medida harmonizada que permite comparar os países da União Eu"
      },
      {
        "n": 2,
        "paginas": 2,
        "texto": "Quanto mudaram os preços dos alimentos e das bebidas não alcoólicas face ao mesmo mês do ano anterior?"
      },
      {
        "n": 2,
        "paginas": 2,
        "texto": "Quanto mudaram os preços dos combustíveis e dos lubrificantes para os veículos face ao mesmo mês do ano anterior?"
      },
      {
        "n": 2,
        "paginas": 2,
        "texto": "Quanto mudaram os preços da eletricidade, do gás e dos outros combustíveis usados em casa face ao mesmo mês do ano anterior?"
      },
      {
        "n": 2,
        "paginas": 2,
        "texto": "Quanto mudou o nível médio dos preços no consumidor sem a habitação nos últimos doze meses?"
      },
      {
        "n": 2,
        "paginas": 2,
        "texto": "Quanto mudaram os preços no consumidor face ao mesmo mês do ano anterior?"
      },
      {
        "n": 2,
        "paginas": 2,
        "texto": "Quanto mudou o nível médio dos preços no consumidor nos últimos doze meses face aos doze meses anteriores?"
      },
      {
        "n": 2,
        "paginas": 2,
        "texto": "Qual é o saldo da balança corrente em percentagem do PIB, na média móvel de três anos para trás?"
      },
      {
        "n": 2,
        "paginas": 2,
        "texto": "Qual é a diferença entre os ativos financeiros e os passivos dos residentes face ao resto do mundo, em percentagem do PIB?"
      },
      {
        "n": 2,
        "paginas": 2,
        "texto": "Quanto devem as sociedades não financeiras, em dívida consolidada e em percentagem do PIB?"
      },
      {
        "n": 2,
        "paginas": 2,
        "texto": "Quanto devem as famílias e as instituições sem fim lucrativo ao seu serviço, em dívida consolidada e em percentagem do PIB?"
      },
      {
        "n": 2,
        "paginas": 2,
        "texto": "Quanto representa o fluxo de crédito consolidado às sociedades não financeiras na dívida que tinham no período anterior, excluindo o investimento dire"
      },
      {
        "n": 2,
        "paginas": 2,
        "texto": "Que percentagem da dívida das famílias e das instituições sem fim lucrativo ao seu serviço no período anterior representa o fluxo de crédito consolida"
      }
    ]
  }
}
