  H2 I193: 5 controlos do endereço e da prosa no mesmo bloco
  8.4, o que a régua leu: 88 definições (esperadas 88) · 190 origens (esperadas 190)
  item 5, o que a régua leu no Método: pt «selo» ×6 · en «seal» ×6 (chão 1 por edição; a rota do Método está fora da conta da L3, pela medida P9 do brief)
  item 5, o autoteste da L3 nos rótulos das marcas: à vista 1 (esperada 1) · escondido no «.vh» 0 (esperado 0)
  RP3, o autoteste da marca das séries: «threshold» e «indicador» nos campos transcritos 0 (esperado 0) · «limiar» na prosa da casa a conta em palavras 1, o motivo de uma correção 1, o motivo inglês de uma correção 1, um invólucro sem campo 1 (esperado 1 em cada) · o seletor e a lista fechada de acordo
  §7.4 e 8.6, o que os dados dizem: estudo 34 · texto 17 · indice 2 · edicoes 34 · linhas 22
check:lugar · 7901 páginas em dist/
  L1 · páginas com dois destinos iguais fora da mobília         2714  (teto 2736) teto frouxo
      · /agenda · 8 destinos repetidos (ex.: /agenda ×4)
      · /correcoes · 22 destinos repetidos (ex.: /livro-razao/correcoes-publicadas ×3)
      · /distritos/aveiro · 19 destinos repetidos (ex.: /municipios/agueda ×2)
      · /distritos/beja · 14 destinos repetidos (ex.: /municipios/aljustrel ×2)
      · /distritos/braga · 14 destinos repetidos (ex.: /municipios/amares ×2)
      · /distritos/braganca · 12 destinos repetidos (ex.: /municipios/alfandega-da-fe ×2)
      · /distritos/castelo-branco · 11 destinos repetidos (ex.: /municipios/belmonte ×2)
      · /distritos/coimbra · 17 destinos repetidos (ex.: /municipios/arganil ×2)
      · /distritos/evora · 14 destinos repetidos (ex.: /municipios/alandroal ×2)
      · /distritos/faro · 16 destinos repetidos (ex.: /municipios/albufeira ×2)
      · /distritos/guarda · 14 destinos repetidos (ex.: /municipios/aguiar-da-beira ×2)
      · /distritos/ilha-da-graciosa · 1 destinos repetidos (ex.: /municipios/santa-cruz-da-graciosa ×2)
      · /distritos/ilha-da-madeira · 10 destinos repetidos (ex.: /municipios/calheta ×2)
      · /distritos/ilha-das-flores · 2 destinos repetidos (ex.: /municipios/lajes-das-flores ×2)
      · /distritos/ilha-de-porto-santo · 1 destinos repetidos (ex.: /municipios/porto-santo ×2)
      · /distritos/ilha-de-santa-maria · 1 destinos repetidos (ex.: /municipios/vila-do-porto ×2)
      · /distritos/ilha-de-sao-jorge · 2 destinos repetidos (ex.: /municipios/calheta-de-sao-jorge ×2)
      · /distritos/ilha-de-sao-miguel · 6 destinos repetidos (ex.: /municipios/lagoa-ilha-de-sao-miguel ×2)
      · /distritos/ilha-do-corvo · 1 destinos repetidos (ex.: /municipios/corvo ×2)
      · /distritos/ilha-do-faial · 1 destinos repetidos (ex.: /municipios/horta ×2)
      · /distritos/ilha-do-pico · 3 destinos repetidos (ex.: /municipios/lajes-do-pico ×2)
      · /distritos/ilha-terceira · 2 destinos repetidos (ex.: /municipios/angra-do-heroismo ×2)
      · /distritos/leiria · 16 destinos repetidos (ex.: /municipios/alcobaca ×2)
      · /distritos/lisboa · 16 destinos repetidos (ex.: /municipios/alenquer ×2)
      · /distritos/portalegre · 15 destinos repetidos (ex.: /municipios/alter-do-chao ×2)
      · /distritos/porto · 18 destinos repetidos (ex.: /municipios/amarante ×2)
      · /distritos/santarem · 21 destinos repetidos (ex.: /municipios/abrantes ×2)
      · /distritos/setubal · 13 destinos repetidos (ex.: /municipios/alcacer-do-sal ×2)
      · /distritos/viana-do-castelo · 10 destinos repetidos (ex.: /municipios/arcos-de-valdevez ×2)
      · /distritos/vila-real · 14 destinos repetidos (ex.: /municipios/alijo ×2)
      · /distritos/viseu · 24 destinos repetidos (ex.: /municipios/armamar ×2)
      · /en/about · 1 destinos repetidos (ex.: /en/method ×2)
      · /en/agenda · 8 destinos repetidos (ex.: /en/agenda ×4)
      · /en/corrections · 22 destinos repetidos (ex.: /en/ledger/correcoes-publicadas ×3)
      · /en/districts/aveiro · 19 destinos repetidos (ex.: /en/municipalities/agueda ×2)
      · /en/districts/beja · 14 destinos repetidos (ex.: /en/municipalities/aljustrel ×2)
      · /en/districts/braga · 14 destinos repetidos (ex.: /en/municipalities/amares ×2)
      · /en/districts/braganca · 12 destinos repetidos (ex.: /en/municipalities/alfandega-da-fe ×2)
      · /en/districts/castelo-branco · 11 destinos repetidos (ex.: /en/municipalities/belmonte ×2)
      · /en/districts/coimbra · 17 destinos repetidos (ex.: /en/municipalities/arganil ×2)
      · /en/districts/evora · 14 destinos repetidos (ex.: /en/municipalities/alandroal ×2)
      · /en/districts/faro · 16 destinos repetidos (ex.: /en/municipalities/albufeira ×2)
      · /en/districts/guarda · 14 destinos repetidos (ex.: /en/municipalities/aguiar-da-beira ×2)
      · /en/districts/ilha-da-graciosa · 1 destinos repetidos (ex.: /en/municipalities/santa-cruz-da-graciosa ×2)
      · /en/districts/ilha-da-madeira · 10 destinos repetidos (ex.: /en/municipalities/calheta ×2)
      · /en/districts/ilha-das-flores · 2 destinos repetidos (ex.: /en/municipalities/lajes-das-flores ×2)
      · /en/districts/ilha-de-porto-santo · 1 destinos repetidos (ex.: /en/municipalities/porto-santo ×2)
      · /en/districts/ilha-de-santa-maria · 1 destinos repetidos (ex.: /en/municipalities/vila-do-porto ×2)
      · /en/districts/ilha-de-sao-jorge · 2 destinos repetidos (ex.: /en/municipalities/calheta-de-sao-jorge ×2)
      · /en/districts/ilha-de-sao-miguel · 6 destinos repetidos (ex.: /en/municipalities/lagoa-ilha-de-sao-miguel ×2)
      · /en/districts/ilha-do-corvo · 1 destinos repetidos (ex.: /en/municipalities/corvo ×2)
      · /en/districts/ilha-do-faial · 1 destinos repetidos (ex.: /en/municipalities/horta ×2)
      · /en/districts/ilha-do-pico · 3 destinos repetidos (ex.: /en/municipalities/lajes-do-pico ×2)
      · /en/districts/ilha-terceira · 2 destinos repetidos (ex.: /en/municipalities/angra-do-heroismo ×2)
      · /en/districts/leiria · 16 destinos repetidos (ex.: /en/municipalities/alcobaca ×2)
      · /en/districts/lisboa · 16 destinos repetidos (ex.: /en/municipalities/alenquer ×2)
      · /en/districts/portalegre · 15 destinos repetidos (ex.: /en/municipalities/alter-do-chao ×2)
      · /en/districts/porto · 18 destinos repetidos (ex.: /en/municipalities/amarante ×2)
      · /en/districts/santarem · 21 destinos repetidos (ex.: /en/municipalities/abrantes ×2)
      · /en/districts/setubal · 13 destinos repetidos (ex.: /en/municipalities/alcacer-do-sal ×2)
      · /en/districts/viana-do-castelo · 10 destinos repetidos (ex.: /en/municipalities/arcos-de-valdevez ×2)
      · /en/districts/vila-real · 14 destinos repetidos (ex.: /en/municipalities/alijo ×2)
      · /en/districts/viseu · 24 destinos repetidos (ex.: /en/municipalities/armamar ×2)
      · /en/european-union · 33 destinos repetidos (ex.: /en/european-union ×4)
      · /en · 17 destinos repetidos (ex.: /en/ledger/ipc-combustiveis-variacao-homologa ×2)
      · /en/ledger/abandono-escolar-precoce-2024 · 1 destinos repetidos (ex.: https://ec.europa.eu/eurostat/databrowser/view/edat_lfse_14/default/table?lang=en ×3)
      · /en/ledger/abandono-escolar-precoce-2025-ue · 1 destinos repetidos (ex.: https://ec.europa.eu/eurostat/databrowser/view/edat_lfse_14/default/table?lang=en ×3)
      · /en/ledger/abandono-escolar-precoce-2025 · 1 destinos repetidos (ex.: https://ec.europa.eu/eurostat/databrowser/view/edat_lfse_14/default/table?lang=en ×3)
      · /en/ledger/abrantes-ganho-medio-mensal-2024 · 1 destinos repetidos (ex.: https://www.ine.pt/bddXplorer/htdocs/minfo.jsp?var_cd=0012656&lingua=PT ×3)
      · /en/ledger/abrantes-indice-de-divida-2024 · 1 destinos repetidos (ex.: /en/method ×2)
      · /en/ledger/agua-nao-faturada-portugal-2024 · 2 destinos repetidos (ex.: /en/to-verify ×3)
      · /en/ledger/agueda-ganho-medio-mensal-2024 · 1 destinos repetidos (ex.: https://www.ine.pt/bddXplorer/htdocs/minfo.jsp?var_cd=0012656&lingua=PT ×3)
      · /en/ledger/agueda-indice-de-divida-2024 · 1 destinos repetidos (ex.: /en/method ×2)
      · /en/ledger/aguiar-da-beira-ganho-medio-mensal-2024 · 1 destinos repetidos (ex.: https://www.ine.pt/bddXplorer/htdocs/minfo.jsp?var_cd=0012656&lingua=PT ×3)
      · /en/ledger/aguiar-da-beira-indice-de-divida-2024 · 1 destinos repetidos (ex.: /en/method ×2)
      · /en/ledger/alandroal-ganho-medio-mensal-2024 · 1 destinos repetidos (ex.: https://www.ine.pt/bddXplorer/htdocs/minfo.jsp?var_cd=0012656&lingua=PT ×3)
      · /en/ledger/alandroal-indice-de-divida-2024 · 1 destinos repetidos (ex.: /en/method ×2)
      · /en/ledger/albergaria-a-velha-ganho-medio-mensal-2024 · 1 destinos repetidos (ex.: https://www.ine.pt/bddXplorer/htdocs/minfo.jsp?var_cd=0012656&lingua=PT ×3)
      · /en/ledger/albergaria-a-velha-indice-de-divida-2024 · 1 destinos repetidos (ex.: /en/method ×2)
      · /en/ledger/albufeira-ganho-medio-mensal-2024 · 1 destinos repetidos (ex.: https://www.ine.pt/bddXplorer/htdocs/minfo.jsp?var_cd=0012656&lingua=PT ×3)
      · /en/ledger/albufeira-indice-de-divida-2024 · 1 destinos repetidos (ex.: /en/method ×2)
      · /en/ledger/alcacer-do-sal-ganho-medio-mensal-2024 · 1 destinos repetidos (ex.: https://www.ine.pt/bddXplorer/htdocs/minfo.jsp?var_cd=0012656&lingua=PT ×3)
      · /en/ledger/alcacer-do-sal-indice-de-divida-2024 · 1 destinos repetidos (ex.: /en/method ×2)
      · /en/ledger/alcanena-ganho-medio-mensal-2024 · 1 destinos repetidos (ex.: https://www.ine.pt/bddXplorer/htdocs/minfo.jsp?var_cd=0012656&lingua=PT ×3)
      · /en/ledger/alcanena-indice-de-divida-2024 · 1 destinos repetidos (ex.: /en/method ×2)
      · /en/ledger/alcobaca-ganho-medio-mensal-2024 · 1 destinos repetidos (ex.: https://www.ine.pt/bddXplorer/htdocs/minfo.jsp?var_cd=0012656&lingua=PT ×3)
      · /en/ledger/alcobaca-indice-de-divida-2024 · 1 destinos repetidos (ex.: /en/method ×2)
      · /en/ledger/alcochete-ganho-medio-mensal-2024 · 1 destinos repetidos (ex.: https://www.ine.pt/bddXplorer/htdocs/minfo.jsp?var_cd=0012656&lingua=PT ×3)
      · /en/ledger/alcochete-indice-de-divida-2024 · 1 destinos repetidos (ex.: /en/method ×2)
      · /en/ledger/alcoutim-ganho-medio-mensal-2024 · 1 destinos repetidos (ex.: https://www.ine.pt/bddXplorer/htdocs/minfo.jsp?var_cd=0012656&lingua=PT ×3)
      · /en/ledger/alcoutim-indice-de-divida-2024 · 1 destinos repetidos (ex.: /en/method ×2)
      · /en/ledger/alenquer-ganho-medio-mensal-2024 · 1 destinos repetidos (ex.: https://www.ine.pt/bddXplorer/htdocs/minfo.jsp?var_cd=0012656&lingua=PT ×3)
      · /en/ledger/alenquer-indice-de-divida-2024 · 1 destinos repetidos (ex.: /en/method ×2)
      · /en/ledger/alfandega-da-fe-ganho-medio-mensal-2024 · 1 destinos repetidos (ex.: https://www.ine.pt/bddXplorer/htdocs/minfo.jsp?var_cd=0012656&lingua=PT ×3)
      · /en/ledger/alfandega-da-fe-indice-de-divida-2024 · 1 destinos repetidos (ex.: /en/method ×2)
      · /en/ledger/alijo-ganho-medio-mensal-2024 · 1 destinos repetidos (ex.: https://www.ine.pt/bddXplorer/htdocs/minfo.jsp?var_cd=0012656&lingua=PT ×3)
      · /en/ledger/alijo-indice-de-divida-2024 · 1 destinos repetidos (ex.: /en/method ×2)
      · /en/ledger/aljezur-ganho-medio-mensal-2024 · 1 destinos repetidos (ex.: https://www.ine.pt/bddXplorer/htdocs/minfo.jsp?var_cd=0012656&lingua=PT ×3)
      · /en/ledger/aljezur-indice-de-divida-2024 · 1 destinos repetidos (ex.: /en/method ×2)
      · /en/ledger/aljustrel-ganho-medio-mensal-2024 · 1 destinos repetidos (ex.: https://www.ine.pt/bddXplorer/htdocs/minfo.jsp?var_cd=0012656&lingua=PT ×3)
      · /en/ledger/aljustrel-indice-de-divida-2024 · 1 destinos repetidos (ex.: /en/method ×2)
      · /en/ledger/almada-ganho-medio-mensal-2024 · 1 destinos repetidos (ex.: https://www.ine.pt/bddXplorer/htdocs/minfo.jsp?var_cd=0012656&lingua=PT ×3)
      · /en/ledger/almada-indice-de-divida-2024 · 1 destinos repetidos (ex.: /en/method ×2)
      · /en/ledger/almeida-ganho-medio-mensal-2024 · 1 destinos repetidos (ex.: https://www.ine.pt/bddXplorer/htdocs/minfo.jsp?var_cd=0012656&lingua=PT ×3)
      · /en/ledger/almeida-indice-de-divida-2024 · 1 destinos repetidos (ex.: /en/method ×2)
      · /en/ledger/almeirim-ganho-medio-mensal-2024 · 1 destinos repetidos (ex.: https://www.ine.pt/bddXplorer/htdocs/minfo.jsp?var_cd=0012656&lingua=PT ×3)
      · /en/ledger/almeirim-indice-de-divida-2024 · 1 destinos repetidos (ex.: /en/method ×2)
      · /en/ledger/almodovar-ganho-medio-mensal-2024 · 1 destinos repetidos (ex.: https://www.ine.pt/bddXplorer/htdocs/minfo.jsp?var_cd=0012656&lingua=PT ×3)
      · /en/ledger/almodovar-indice-de-divida-2024 · 1 destinos repetidos (ex.: /en/method ×2)
      · /en/ledger/alpiarca-ganho-medio-mensal-2024 · 1 destinos repetidos (ex.: https://www.ine.pt/bddXplorer/htdocs/minfo.jsp?var_cd=0012656&lingua=PT ×3)
      · /en/ledger/alpiarca-indice-de-divida-2024 · 1 destinos repetidos (ex.: /en/method ×2)
      · /en/ledger/alter-do-chao-ganho-medio-mensal-2024 · 1 destinos repetidos (ex.: https://www.ine.pt/bddXplorer/htdocs/minfo.jsp?var_cd=0012656&lingua=PT ×3)
      · /en/ledger/alter-do-chao-indice-de-divida-2024 · 1 destinos repetidos (ex.: /en/method ×2)
      · /en/ledger/alvaiazere-ganho-medio-mensal-2024 · 1 destinos repetidos (ex.: https://www.ine.pt/bddXplorer/htdocs/minfo.jsp?var_cd=0012656&lingua=PT ×3)
      · /en/ledger/alvaiazere-indice-de-divida-2024 · 1 destinos repetidos (ex.: /en/method ×2)
      · /en/ledger/alvito-ganho-medio-mensal-2024 · 1 destinos repetidos (ex.: https://www.ine.pt/bddXplorer/htdocs/minfo.jsp?var_cd=0012656&lingua=PT ×3)
      · /en/ledger/alvito-indice-de-divida-2024 · 1 destinos repetidos (ex.: /en/method ×2)
      · /en/ledger/amadora-ganho-medio-mensal-2024 · 1 destinos repetidos (ex.: https://www.ine.pt/bddXplorer/htdocs/minfo.jsp?var_cd=0012656&lingua=PT ×3)
      · /en/ledger/amadora-indice-de-divida-2024 · 1 destinos repetidos (ex.: /en/method ×2)
      · /en/ledger/amarante-ganho-medio-mensal-2024 · 1 destinos repetidos (ex.: https://www.ine.pt/bddXplorer/htdocs/minfo.jsp?var_cd=0012656&lingua=PT ×3)
      · /en/ledger/amarante-indice-de-divida-2024 · 1 destinos repetidos (ex.: /en/method ×2)
      · /en/ledger/amares-ganho-medio-mensal-2024 · 1 destinos repetidos (ex.: https://www.ine.pt/bddXplorer/htdocs/minfo.jsp?var_cd=0012656&lingua=PT ×3)
      · /en/ledger/amares-indice-de-divida-2024 · 1 destinos repetidos (ex.: /en/method ×2)
      · /en/ledger/anadia-ganho-medio-mensal-2024 · 1 destinos repetidos (ex.: https://www.ine.pt/bddXplorer/htdocs/minfo.jsp?var_cd=0012656&lingua=PT ×3)
      · /en/ledger/anadia-indice-de-divida-2024 · 1 destinos repetidos (ex.: /en/method ×2)
      · /en/ledger/angra-do-heroismo-ganho-medio-mensal-2024 · 1 destinos repetidos (ex.: https://www.ine.pt/bddXplorer/htdocs/minfo.jsp?var_cd=0012656&lingua=PT ×3)
      · /en/ledger/angra-do-heroismo-indice-de-divida-2024 · 1 destinos repetidos (ex.: /en/method ×2)
      · /en/ledger/ansiao-ganho-medio-mensal-2024 · 1 destinos repetidos (ex.: https://www.ine.pt/bddXplorer/htdocs/minfo.jsp?var_cd=0012656&lingua=PT ×3)
      · /en/ledger/ansiao-indice-de-divida-2024 · 1 destinos repetidos (ex.: /en/method ×2)
      · /en/ledger/arcos-de-valdevez-ganho-medio-mensal-2024 · 1 destinos repetidos (ex.: https://www.ine.pt/bddXplorer/htdocs/minfo.jsp?var_cd=0012656&lingua=PT ×3)
      · /en/ledger/arcos-de-valdevez-indice-de-divida-2024 · 1 destinos repetidos (ex.: /en/method ×2)
      · /en/ledger/arganil-ganho-medio-mensal-2024 · 1 destinos repetidos (ex.: https://www.ine.pt/bddXplorer/htdocs/minfo.jsp?var_cd=0012656&lingua=PT ×3)
      · /en/ledger/arganil-indice-de-divida-2024 · 1 destinos repetidos (ex.: /en/method ×2)
      · /en/ledger/armamar-ganho-medio-mensal-2024 · 1 destinos repetidos (ex.: https://www.ine.pt/bddXplorer/htdocs/minfo.jsp?var_cd=0012656&lingua=PT ×3)
      · /en/ledger/armamar-indice-de-divida-2024 · 1 destinos repetidos (ex.: /en/method ×2)
      · /en/ledger/arouca-ganho-medio-mensal-2024 · 1 destinos repetidos (ex.: https://www.ine.pt/bddXplorer/htdocs/minfo.jsp?var_cd=0012656&lingua=PT ×3)
      · /en/ledger/arouca-indice-de-divida-2024 · 1 destinos repetidos (ex.: /en/method ×2)
      · /en/ledger/arraiolos-ganho-medio-mensal-2024 · 1 destinos repetidos (ex.: https://www.ine.pt/bddXplorer/htdocs/minfo.jsp?var_cd=0012656&lingua=PT ×3)
      · /en/ledger/arraiolos-indice-de-divida-2024 · 1 destinos repetidos (ex.: /en/method ×2)
      · /en/ledger/arronches-ganho-medio-mensal-2024 · 1 destinos repetidos (ex.: https://www.ine.pt/bddXplorer/htdocs/minfo.jsp?var_cd=0012656&lingua=PT ×3)
      · /en/ledger/arronches-indice-de-divida-2024 · 1 destinos repetidos (ex.: /en/method ×2)
      · /en/ledger/arruda-dos-vinhos-ganho-medio-mensal-2024 · 1 destinos repetidos (ex.: https://www.ine.pt/bddXplorer/htdocs/minfo.jsp?var_cd=0012656&lingua=PT ×3)
      · /en/ledger/arruda-dos-vinhos-indice-de-divida-2024 · 1 destinos repetidos (ex.: /en/method ×2)
      · /en/ledger/aveiro-ganho-medio-mensal-2024 · 1 destinos repetidos (ex.: https://www.ine.pt/bddXplorer/htdocs/minfo.jsp?var_cd=0012656&lingua=PT ×3)
      · /en/ledger/aveiro-indice-de-divida-2024 · 1 destinos repetidos (ex.: /en/method ×2)
      · /en/ledger/avis-ganho-medio-mensal-2024 · 1 destinos repetidos (ex.: https://www.ine.pt/bddXplorer/htdocs/minfo.jsp?var_cd=0012656&lingua=PT ×3)
      · /en/ledger/avis-indice-de-divida-2024 · 1 destinos repetidos (ex.: /en/method ×2)
      · /en/ledger/avisos-pt2030-abertos · 2 destinos repetidos (ex.: /en/to-verify ×7)
      · /en/ledger/avisos-pt2030-pessoas-singulares · 2 destinos repetidos (ex.: /en/to-verify ×7)
      · /en/ledger/azambuja-ganho-medio-mensal-2024 · 1 destinos repetidos (ex.: https://www.ine.pt/bddXplorer/htdocs/minfo.jsp?var_cd=0012656&lingua=PT ×3)
      · /en/ledger/azambuja-indice-de-divida-2024 · 1 destinos repetidos (ex.: /en/method ×2)
      · /en/ledger/baiao-ganho-medio-mensal-2024 · 1 destinos repetidos (ex.: https://www.ine.pt/bddXplorer/htdocs/minfo.jsp?var_cd=0012656&lingua=PT ×3)
      · /en/ledger/baiao-indice-de-divida-2024 · 1 destinos repetidos (ex.: /en/method ×2)
      · /en/ledger/barcelos-ganho-medio-mensal-2024 · 1 destinos repetidos (ex.: https://www.ine.pt/bddXplorer/htdocs/minfo.jsp?var_cd=0012656&lingua=PT ×3)
      · /en/ledger/barcelos-indice-de-divida-2024 · 1 destinos repetidos (ex.: /en/method ×2)
      · /en/ledger/barrancos-ganho-medio-mensal-2024 · 1 destinos repetidos (ex.: https://www.ine.pt/bddXplorer/htdocs/minfo.jsp?var_cd=0012656&lingua=PT ×3)
      · /en/ledger/barrancos-indice-de-divida-2024 · 1 destinos repetidos (ex.: /en/method ×2)
      · /en/ledger/barreiro-ganho-medio-mensal-2024 · 1 destinos repetidos (ex.: https://www.ine.pt/bddXplorer/htdocs/minfo.jsp?var_cd=0012656&lingua=PT ×3)
      · /en/ledger/barreiro-indice-de-divida-2024 · 1 destinos repetidos (ex.: /en/method ×2)
      · /en/ledger/batalha-ganho-medio-mensal-2024 · 1 destinos repetidos (ex.: https://www.ine.pt/bddXplorer/htdocs/minfo.jsp?var_cd=0012656&lingua=PT ×3)
      · /en/ledger/batalha-indice-de-divida-2024 · 1 destinos repetidos (ex.: /en/method ×2)
      · /en/ledger/beja-ganho-medio-mensal-2024 · 1 destinos repetidos (ex.: https://www.ine.pt/bddXplorer/htdocs/minfo.jsp?var_cd=0012656&lingua=PT ×3)
      · /en/ledger/beja-indice-de-divida-2024 · 1 destinos repetidos (ex.: /en/method ×2)
      · /en/ledger/belmonte-ganho-medio-mensal-2024 · 1 destinos repetidos (ex.: https://www.ine.pt/bddXplorer/htdocs/minfo.jsp?var_cd=0012656&lingua=PT ×3)
      · /en/ledger/belmonte-indice-de-divida-2024 · 1 destinos repetidos (ex.: /en/method ×2)
      · /en/ledger/benavente-ganho-medio-mensal-2024 · 1 destinos repetidos (ex.: https://www.ine.pt/bddXplorer/htdocs/minfo.jsp?var_cd=0012656&lingua=PT ×3)
      · /en/ledger/benavente-indice-de-divida-2024 · 1 destinos repetidos (ex.: /en/method ×2)
      · /en/ledger/beneficiarios-do-rsi-por-mil-2023 · 2 destinos repetidos (ex.: https://www.ine.pt/bddXplorer/htdocs/minfo.jsp?var_cd=0013420&lingua=PT ×3)
      · /en/ledger/beneficiarios-do-rsi-por-mil-2024 · 2 destinos repetidos (ex.: https://www.ine.pt/bddXplorer/htdocs/minfo.jsp?var_cd=0013420&lingua=PT ×4)
      · /en/ledger/bombarral-ganho-medio-mensal-2024 · 1 destinos repetidos (ex.: https://www.ine.pt/bddXplorer/htdocs/minfo.jsp?var_cd=0012656&lingua=PT ×3)
      · /en/ledger/bombarral-indice-de-divida-2024 · 1 destinos repetidos (ex.: /en/method ×2)
      · /en/ledger/borba-ganho-medio-mensal-2024 · 1 destinos repetidos (ex.: https://www.ine.pt/bddXplorer/htdocs/minfo.jsp?var_cd=0012656&lingua=PT ×3)
      · /en/ledger/borba-indice-de-divida-2024 · 1 destinos repetidos (ex.: /en/method ×2)
      · /en/ledger/boticas-ganho-medio-mensal-2024 · 1 destinos repetidos (ex.: https://www.ine.pt/bddXplorer/htdocs/minfo.jsp?var_cd=0012656&lingua=PT ×3)
      · /en/ledger/boticas-indice-de-divida-2024 · 1 destinos repetidos (ex.: /en/method ×2)
      · /en/ledger/braga-ganho-medio-mensal-2024 · 1 destinos repetidos (ex.: https://www.ine.pt/bddXplorer/htdocs/minfo.jsp?var_cd=0012656&lingua=PT ×3)
      · /en/ledger/braga-indice-de-divida-2024 · 1 destinos repetidos (ex.: /en/method ×2)
      · /en/ledger/braganca-ganho-medio-mensal-2024 · 1 destinos repetidos (ex.: https://www.ine.pt/bddXplorer/htdocs/minfo.jsp?var_cd=0012656&lingua=PT ×3)
      · /en/ledger/braganca-indice-de-divida-2024 · 1 destinos repetidos (ex.: /en/method ×2)
      · /en/ledger/cabeceiras-de-basto-ganho-medio-mensal-2024 · 1 destinos repetidos (ex.: https://www.ine.pt/bddXplorer/htdocs/minfo.jsp?var_cd=0012656&lingua=PT ×3)
      · /en/ledger/cabeceiras-de-basto-indice-de-divida-2024 · 1 destinos repetidos (ex.: /en/method ×2)
      · /en/ledger/cadaval-ganho-medio-mensal-2024 · 1 destinos repetidos (ex.: https://www.ine.pt/bddXplorer/htdocs/minfo.jsp?var_cd=0012656&lingua=PT ×3)
      · /en/ledger/cadaval-indice-de-divida-2024 · 1 destinos repetidos (ex.: /en/method ×2)
      · /en/ledger/caldas-da-rainha-ganho-medio-mensal-2024 · 1 destinos repetidos (ex.: https://www.ine.pt/bddXplorer/htdocs/minfo.jsp?var_cd=0012656&lingua=PT ×3)
      · /en/ledger/caldas-da-rainha-indice-de-divida-2024 · 1 destinos repetidos (ex.: /en/method ×2)
      · /en/ledger/calheta-de-sao-jorge-ganho-medio-mensal-2024 · 1 destinos repetidos (ex.: https://www.ine.pt/bddXplorer/htdocs/minfo.jsp?var_cd=0012656&lingua=PT ×3)
      · /en/ledger/calheta-de-sao-jorge-indice-de-divida-2024 · 1 destinos repetidos (ex.: /en/method ×2)
      · /en/ledger/calheta-ganho-medio-mensal-2024 · 1 destinos repetidos (ex.: https://www.ine.pt/bddXplorer/htdocs/minfo.jsp?var_cd=0012656&lingua=PT ×3)
      · /en/ledger/calheta-indice-de-divida-2024 · 1 destinos repetidos (ex.: /en/method ×2)
      · /en/ledger/camara-de-lobos-ganho-medio-mensal-2024 · 1 destinos repetidos (ex.: https://www.ine.pt/bddXplorer/htdocs/minfo.jsp?var_cd=0012656&lingua=PT ×3)
      · /en/ledger/camara-de-lobos-indice-de-divida-2024 · 1 destinos repetidos (ex.: /en/method ×2)
      · /en/ledger/caminha-ganho-medio-mensal-2024 · 1 destinos repetidos (ex.: https://www.ine.pt/bddXplorer/htdocs/minfo.jsp?var_cd=0012656&lingua=PT ×3)
      · /en/ledger/caminha-indice-de-divida-2024 · 1 destinos repetidos (ex.: /en/method ×2)
      · /en/ledger/campo-maior-ganho-medio-mensal-2024 · 1 destinos repetidos (ex.: https://www.ine.pt/bddXplorer/htdocs/minfo.jsp?var_cd=0012656&lingua=PT ×3)
      · /en/ledger/campo-maior-indice-de-divida-2024 · 1 destinos repetidos (ex.: /en/method ×2)
      · /en/ledger/cantanhede-ganho-medio-mensal-2024 · 1 destinos repetidos (ex.: https://www.ine.pt/bddXplorer/htdocs/minfo.jsp?var_cd=0012656&lingua=PT ×3)
      · /en/ledger/cantanhede-indice-de-divida-2024 · 1 destinos repetidos (ex.: /en/method ×2)
      · /en/ledger/carrazeda-de-ansiaes-ganho-medio-mensal-2024 · 1 destinos repetidos (ex.: https://www.ine.pt/bddXplorer/htdocs/minfo.jsp?var_cd=0012656&lingua=PT ×3)
      · /en/ledger/carrazeda-de-ansiaes-indice-de-divida-2024 · 1 destinos repetidos (ex.: /en/method ×2)
      · /en/ledger/carregal-do-sal-ganho-medio-mensal-2024 · 1 destinos repetidos (ex.: https://www.ine.pt/bddXplorer/htdocs/minfo.jsp?var_cd=0012656&lingua=PT ×3)
      · /en/ledger/carregal-do-sal-indice-de-divida-2024 · 1 destinos repetidos (ex.: /en/method ×2)
      · /en/ledger/cartaxo-ganho-medio-mensal-2024 · 1 destinos repetidos (ex.: https://www.ine.pt/bddXplorer/htdocs/minfo.jsp?var_cd=0012656&lingua=PT ×3)
      · /en/ledger/cartaxo-indice-de-divida-2024 · 1 destinos repetidos (ex.: /en/method ×2)
      · /en/ledger/cascais-ganho-medio-mensal-2024 · 1 destinos repetidos (ex.: https://www.ine.pt/bddXplorer/htdocs/minfo.jsp?var_cd=0012656&lingua=PT ×3)
      · /en/ledger/cascais-indice-de-divida-2024 · 1 destinos repetidos (ex.: /en/method ×2)
      · /en/ledger/castanheira-de-pera-ganho-medio-mensal-2024 · 1 destinos repetidos (ex.: https://www.ine.pt/bddXplorer/htdocs/minfo.jsp?var_cd=0012656&lingua=PT ×3)
      · /en/ledger/castanheira-de-pera-indice-de-divida-2024 · 1 destinos repetidos (ex.: /en/method ×2)
      · /en/ledger/castelo-branco-ganho-medio-mensal-2024 · 1 destinos repetidos (ex.: https://www.ine.pt/bddXplorer/htdocs/minfo.jsp?var_cd=0012656&lingua=PT ×3)
      · /en/ledger/castelo-branco-indice-de-divida-2024 · 1 destinos repetidos (ex.: /en/method ×2)
      · /en/ledger/castelo-de-paiva-ganho-medio-mensal-2024 · 1 destinos repetidos (ex.: https://www.ine.pt/bddXplorer/htdocs/minfo.jsp?var_cd=0012656&lingua=PT ×3)
      · /en/ledger/castelo-de-paiva-indice-de-divida-2024 · 1 destinos repetidos (ex.: /en/method ×2)
      · /en/ledger/castelo-de-vide-ganho-medio-mensal-2024 · 1 destinos repetidos (ex.: https://www.ine.pt/bddXplorer/htdocs/minfo.jsp?var_cd=0012656&lingua=PT ×3)
      · /en/ledger/castelo-de-vide-indice-de-divida-2024 · 1 destinos repetidos (ex.: /en/method ×2)
      · /en/ledger/castro-daire-ganho-medio-mensal-2024 · 1 destinos repetidos (ex.: https://www.ine.pt/bddXplorer/htdocs/minfo.jsp?var_cd=0012656&lingua=PT ×3)
      · /en/ledger/castro-daire-indice-de-divida-2024 · 1 destinos repetidos (ex.: /en/method ×2)
      · /en/ledger/castro-marim-ganho-medio-mensal-2024 · 1 destinos repetidos (ex.: https://www.ine.pt/bddXplorer/htdocs/minfo.jsp?var_cd=0012656&lingua=PT ×3)
      · /en/ledger/castro-marim-indice-de-divida-2024 · 1 destinos repetidos (ex.: /en/method ×2)
      · /en/ledger/castro-verde-ganho-medio-mensal-2024 · 1 destinos repetidos (ex.: https://www.ine.pt/bddXplorer/htdocs/minfo.jsp?var_cd=0012656&lingua=PT ×3)
      · /en/ledger/castro-verde-indice-de-divida-2024 · 1 destinos repetidos (ex.: /en/method ×2)
      · /en/ledger/celorico-da-beira-ganho-medio-mensal-2024 · 1 destinos repetidos (ex.: https://www.ine.pt/bddXplorer/htdocs/minfo.jsp?var_cd=0012656&lingua=PT ×3)
      · /en/ledger/celorico-da-beira-indice-de-divida-2024 · 1 destinos repetidos (ex.: /en/method ×2)
      · /en/ledger/celorico-de-basto-ganho-medio-mensal-2024 · 1 destinos repetidos (ex.: https://www.ine.pt/bddXplorer/htdocs/minfo.jsp?var_cd=0012656&lingua=PT ×3)
      · /en/ledger/celorico-de-basto-indice-de-divida-2024 · 1 destinos repetidos (ex.: /en/method ×2)
      · /en/ledger/chamusca-ganho-medio-mensal-2024 · 1 destinos repetidos (ex.: https://www.ine.pt/bddXplorer/htdocs/minfo.jsp?var_cd=0012656&lingua=PT ×3)
      · /en/ledger/chamusca-indice-de-divida-2024 · 1 destinos repetidos (ex.: /en/method ×2)
      · /en/ledger/chaves-ganho-medio-mensal-2024 · 1 destinos repetidos (ex.: https://www.ine.pt/bddXplorer/htdocs/minfo.jsp?var_cd=0012656&lingua=PT ×3)
      · /en/ledger/chaves-indice-de-divida-2024 · 1 destinos repetidos (ex.: /en/method ×2)
      · /en/ledger/ciclo-substituicao-condutas · 2 destinos repetidos (ex.: /en/to-verify ×8)
      · /en/ledger/cinfaes-ganho-medio-mensal-2024 · 1 destinos repetidos (ex.: https://www.ine.pt/bddXplorer/htdocs/minfo.jsp?var_cd=0012656&lingua=PT ×3)
      · /en/ledger/cinfaes-indice-de-divida-2024 · 1 destinos repetidos (ex.: /en/method ×2)
      · /en/ledger/coimbra-ganho-medio-mensal-2024 · 1 destinos repetidos (ex.: https://www.ine.pt/bddXplorer/htdocs/minfo.jsp?var_cd=0012656&lingua=PT ×3)
      · /en/ledger/coimbra-indice-de-divida-2024 · 1 destinos repetidos (ex.: /en/method ×2)
      · /en/ledger/competencias-digitais-2023 · 1 destinos repetidos (ex.: https://ec.europa.eu/eurostat/databrowser/view/tepsr_sp410/default/table?lang=en ×3)
      · /en/ledger/competencias-digitais-2025-ue · 1 destinos repetidos (ex.: https://ec.europa.eu/eurostat/databrowser/view/tepsr_sp410/default/table?lang=en ×3)
      · /en/ledger/competencias-digitais-2025 · 1 destinos repetidos (ex.: https://ec.europa.eu/eurostat/databrowser/view/tepsr_sp410/default/table?lang=en ×3)
      · /en/ledger/condeixa-a-nova-ganho-medio-mensal-2024 · 1 destinos repetidos (ex.: https://www.ine.pt/bddXplorer/htdocs/minfo.jsp?var_cd=0012656&lingua=PT ×3)
      · /en/ledger/condeixa-a-nova-indice-de-divida-2024 · 1 destinos repetidos (ex.: /en/method ×2)
      · /en/ledger/constancia-ganho-medio-mensal-2024 · 1 destinos repetidos (ex.: https://www.ine.pt/bddXplorer/htdocs/minfo.jsp?var_cd=0012656&lingua=PT ×3)
      · /en/ledger/constancia-indice-de-divida-2024 · 1 destinos repetidos (ex.: /en/method ×2)
      · /en/ledger/correcoes-publicadas · 1 destinos repetidos (ex.: /en/method ×2)
      · /en/ledger/coruche-ganho-medio-mensal-2024 · 1 destinos repetidos (ex.: https://www.ine.pt/bddXplorer/htdocs/minfo.jsp?var_cd=0012656&lingua=PT ×3)
      · /en/ledger/coruche-indice-de-divida-2024 · 1 destinos repetidos (ex.: /en/method ×2)
      · /en/ledger/corvo-ganho-medio-mensal-2024 · 1 destinos repetidos (ex.: https://www.ine.pt/bddXplorer/htdocs/minfo.jsp?var_cd=0012656&lingua=PT ×3)
      · /en/ledger/corvo-indice-de-divida-2024 · 1 destinos repetidos (ex.: /en/method ×2)
      · /en/ledger/covilha-ganho-medio-mensal-2024 · 1 destinos repetidos (ex.: https://www.ine.pt/bddXplorer/htdocs/minfo.jsp?var_cd=0012656&lingua=PT ×3)
      · /en/ledger/covilha-indice-de-divida-2024 · 1 destinos repetidos (ex.: /en/method ×2)
      · /en/ledger/crato-ganho-medio-mensal-2024 · 1 destinos repetidos (ex.: https://www.ine.pt/bddXplorer/htdocs/minfo.jsp?var_cd=0012656&lingua=PT ×3)
      · /en/ledger/crato-indice-de-divida-2024 · 1 destinos repetidos (ex.: /en/method ×2)
      · /en/ledger/credito-malparado-2024 · 1 destinos repetidos (ex.: https://ec.europa.eu/eurostat/databrowser/view/tipsbd10/default/table?lang=en ×3)
      · /en/ledger/credito-malparado-2025 · 1 destinos repetidos (ex.: https://ec.europa.eu/eurostat/databrowser/view/tipsbd10/default/table?lang=en ×3)
      · /en/ledger/crescimento-da-despesa-liquida-2024 · 1 destinos repetidos (ex.: /en/method ×2)
      · /en/ledger/criancas-em-creche-2024 · 1 destinos repetidos (ex.: https://ec.europa.eu/eurostat/databrowser/view/tepsr_sp210/default/table?lang=en ×3)
      · /en/ledger/criancas-em-creche-2025-ue · 1 destinos repetidos (ex.: https://ec.europa.eu/eurostat/databrowser/view/tepsr_sp210/default/table?lang=en ×3)
      · /en/ledger/criancas-em-creche-2025 · 1 destinos repetidos (ex.: https://ec.europa.eu/eurostat/databrowser/view/tepsr_sp210/default/table?lang=en ×3)
      · /en/ledger/cuba-ganho-medio-mensal-2024 · 1 destinos repetidos (ex.: https://www.ine.pt/bddXplorer/htdocs/minfo.jsp?var_cd=0012656&lingua=PT ×3)
      · /en/ledger/cuba-indice-de-divida-2024 · 1 destinos repetidos (ex.: /en/method ×2)
      · /en/ledger/custo-unitario-do-trabalho-2024 · 1 destinos repetidos (ex.: https://ec.europa.eu/eurostat/databrowser/view/tipslm10/default/table?lang=en ×3)
      · /en/ledger/custo-unitario-do-trabalho-2025-ue · 1 destinos repetidos (ex.: https://ec.europa.eu/eurostat/databrowser/view/tipslm10/default/table?lang=en ×3)
      · /en/ledger/custo-unitario-do-trabalho-2025 · 1 destinos repetidos (ex.: https://ec.europa.eu/eurostat/databrowser/view/tipslm10/default/table?lang=en ×3)
      · /en/ledger/desempenho-das-exportacoes-2024 · 1 destinos repetidos (ex.: https://ec.europa.eu/eurostat/databrowser/view/tipsbp60/default/table?lang=en ×3)
      · /en/ledger/desempenho-das-exportacoes-2025 · 1 destinos repetidos (ex.: https://ec.europa.eu/eurostat/databrowser/view/tipsbp60/default/table?lang=en ×3)
      · /en/ledger/desemprego-de-longa-duracao-2024 · 1 destinos repetidos (ex.: https://ec.europa.eu/eurostat/databrowser/view/tesem130/default/table?lang=en ×3)
      · /en/ledger/desemprego-de-longa-duracao-2025-ue · 1 destinos repetidos (ex.: https://ec.europa.eu/eurostat/databrowser/view/tesem130/default/table?lang=en ×3)
      · /en/ledger/desemprego-de-longa-duracao-2025 · 1 destinos repetidos (ex.: https://ec.europa.eu/eurostat/databrowser/view/tesem130/default/table?lang=en ×3)
      · /en/ledger/despesa-em-id-2023 · 1 destinos repetidos (ex.: https://ec.europa.eu/eurostat/databrowser/view/tipsst10/default/table?lang=en ×3)
      · /en/ledger/despesa-em-id-2024-ue · 1 destinos repetidos (ex.: https://ec.europa.eu/eurostat/databrowser/view/tipsst10/default/table?lang=en ×3)
      · /en/ledger/despesa-em-id-2024 · 1 destinos repetidos (ex.: https://ec.europa.eu/eurostat/databrowser/view/tipsst10/default/table?lang=en ×3)
      · /en/ledger/despesa-por-funcao-2024-gf01-es · 1 destinos repetidos (ex.: /en/method ×2)
      · /en/ledger/despesa-por-funcao-2024-gf01-pt · 1 destinos repetidos (ex.: /en/method ×2)
      · /en/ledger/despesa-por-funcao-2024-gf01-ue · 1 destinos repetidos (ex.: /en/method ×2)
      · /en/ledger/despesa-por-funcao-2024-gf02-es · 1 destinos repetidos (ex.: /en/method ×2)
      · /en/ledger/despesa-por-funcao-2024-gf02-pt · 1 destinos repetidos (ex.: /en/method ×2)
      · /en/ledger/despesa-por-funcao-2024-gf02-ue · 1 destinos repetidos (ex.: /en/method ×2)
      · /en/ledger/despesa-por-funcao-2024-gf03-es · 1 destinos repetidos (ex.: /en/method ×2)
      · /en/ledger/despesa-por-funcao-2024-gf03-pt · 1 destinos repetidos (ex.: /en/method ×2)
      · /en/ledger/despesa-por-funcao-2024-gf03-ue · 1 destinos repetidos (ex.: /en/method ×2)
      · /en/ledger/despesa-por-funcao-2024-gf04-es · 1 destinos repetidos (ex.: /en/method ×2)
      · /en/ledger/despesa-por-funcao-2024-gf04-pt · 1 destinos repetidos (ex.: /en/method ×2)
      · /en/ledger/despesa-por-funcao-2024-gf04-ue · 1 destinos repetidos (ex.: /en/method ×2)
      · /en/ledger/despesa-por-funcao-2024-gf05-es · 1 destinos repetidos (ex.: /en/method ×2)
      · /en/ledger/despesa-por-funcao-2024-gf05-pt · 1 destinos repetidos (ex.: /en/method ×2)
      · /en/ledger/despesa-por-funcao-2024-gf05-ue · 1 destinos repetidos (ex.: /en/method ×2)
      · /en/ledger/despesa-por-funcao-2024-gf06-es · 1 destinos repetidos (ex.: /en/method ×2)
      · /en/ledger/despesa-por-funcao-2024-gf06-pt · 1 destinos repetidos (ex.: /en/method ×2)
      · /en/ledger/despesa-por-funcao-2024-gf06-ue · 1 destinos repetidos (ex.: /en/method ×2)
      · /en/ledger/despesa-por-funcao-2024-gf07-es · 1 destinos repetidos (ex.: /en/method ×2)
      · /en/ledger/despesa-por-funcao-2024-gf07-pt · 1 destinos repetidos (ex.: /en/method ×2)
      · /en/ledger/despesa-por-funcao-2024-gf07-ue · 1 destinos repetidos (ex.: /en/method ×2)
      · /en/ledger/despesa-por-funcao-2024-gf08-es · 1 destinos repetidos (ex.: /en/method ×2)
      · /en/ledger/despesa-por-funcao-2024-gf08-pt · 1 destinos repetidos (ex.: /en/method ×2)
      · /en/ledger/despesa-por-funcao-2024-gf08-ue · 1 destinos repetidos (ex.: /en/method ×2)
      · /en/ledger/despesa-por-funcao-2024-gf09-es · 1 destinos repetidos (ex.: /en/method ×2)
      · /en/ledger/despesa-por-funcao-2024-gf09-pt · 1 destinos repetidos (ex.: /en/method ×2)
      · /en/ledger/despesa-por-funcao-2024-gf09-ue · 1 destinos repetidos (ex.: /en/method ×2)
      · /en/ledger/despesa-por-funcao-2024-gf10-es · 1 destinos repetidos (ex.: /en/method ×2)
      · /en/ledger/despesa-por-funcao-2024-gf10-pt · 1 destinos repetidos (ex.: /en/method ×2)
      · /en/ledger/despesa-por-funcao-2024-gf10-ue · 1 destinos repetidos (ex.: /en/method ×2)
      · /en/ledger/disparidade-de-emprego-entre-sexos-2024 · 1 destinos repetidos (ex.: https://ec.europa.eu/eurostat/databrowser/view/tesem060/default/table?lang=en ×3)
      · /en/ledger/disparidade-de-emprego-entre-sexos-2025-ue · 1 destinos repetidos (ex.: https://ec.europa.eu/eurostat/databrowser/view/tesem060/default/table?lang=en ×3)
      · /en/ledger/disparidade-de-emprego-entre-sexos-2025 · 1 destinos repetidos (ex.: https://ec.europa.eu/eurostat/databrowser/view/tesem060/default/table?lang=en ×3)
      · /en/ledger/disparidade-salarial-entre-sexos-2023 · 2 destinos repetidos (ex.: https://ec.europa.eu/eurostat/databrowser/view/earn_gr_gpgr2/default/table?lang=en ×3)
      · /en/ledger/disparidade-salarial-entre-sexos-2024 · 1 destinos repetidos (ex.: https://ec.europa.eu/eurostat/databrowser/view/earn_gr_gpgr2/default/table?lang=en ×3)
      · /en/ledger/distancia-acores-ue27-2024 · 1 destinos repetidos (ex.: /en/method ×2)
      · /en/ledger/distancia-alentejo-ue27-2000 · 1 destinos repetidos (ex.: /en/method ×2)
      · /en/ledger/distancia-alentejo-ue27-2024 · 1 destinos repetidos (ex.: /en/method ×2)
      · /en/ledger/distancia-algarve-ue27-2024 · 1 destinos repetidos (ex.: /en/method ×2)
      · /en/ledger/distancia-centro-ue27-2024 · 1 destinos repetidos (ex.: /en/method ×2)
      · /en/ledger/distancia-grande-lisboa-ue27-2024 · 1 destinos repetidos (ex.: /en/method ×2)
      · /en/ledger/distancia-madeira-ue27-2024 · 1 destinos repetidos (ex.: /en/method ×2)
      · /en/ledger/distancia-norte-ue27-2024 · 1 destinos repetidos (ex.: /en/method ×2)
      · /en/ledger/distancia-oeste-e-vale-do-tejo-ue27-2024 · 1 destinos repetidos (ex.: /en/method ×2)
      · /en/ledger/distancia-peninsula-de-setubal-ue27-2024 · 1 destinos repetidos (ex.: /en/method ×2)
      · /en/ledger/distancia-portugal-ue27-2024 · 1 destinos repetidos (ex.: /en/method ×2)
      · /en/ledger/distancia-setubal-grande-lisboa-2024 · 1 destinos repetidos (ex.: /en/method ×2)
      · /en/ledger/divida-das-empresas-2024 · 1 destinos repetidos (ex.: https://ec.europa.eu/eurostat/databrowser/view/tipspd30/default/table?lang=en ×3)
      · /en/ledger/divida-das-empresas-2025-ue · 1 destinos repetidos (ex.: https://ec.europa.eu/eurostat/databrowser/view/tipspd30/default/table?lang=en ×3)
      · /en/ledger/divida-das-empresas-2025 · 1 destinos repetidos (ex.: https://ec.europa.eu/eurostat/databrowser/view/tipspd30/default/table?lang=en ×3)
      · /en/ledger/divida-das-familias-2024 · 1 destinos repetidos (ex.: https://ec.europa.eu/eurostat/databrowser/view/tipspd22/default/table?lang=en ×3)
      · /en/ledger/divida-das-familias-2025-ue · 1 destinos repetidos (ex.: https://ec.europa.eu/eurostat/databrowser/view/tipspd22/default/table?lang=en ×3)
      · /en/ledger/divida-das-familias-2025 · 1 destinos repetidos (ex.: https://ec.europa.eu/eurostat/databrowser/view/tipspd22/default/table?lang=en ×3)
      · /en/ledger/divida-publica-2024-notificacao-ine-2026-09 · 1 destinos repetidos (ex.: /en/method ×2)
      · /en/ledger/divida-publica-2024 · 1 destinos repetidos (ex.: https://ec.europa.eu/eurostat/databrowser/view/tipsgo10/default/table?lang=en ×3)
      · /en/ledger/divida-publica-2025-notificacao-ine-2026-09 · 1 destinos repetidos (ex.: /en/method ×2)
      · /en/ledger/divida-publica-2025-ue · 1 destinos repetidos (ex.: https://ec.europa.eu/eurostat/databrowser/view/tipsgo10/default/table?lang=en ×3)
      · /en/ledger/divida-publica-2025 · 1 destinos repetidos (ex.: https://ec.europa.eu/eurostat/databrowser/view/tipsgo10/default/table?lang=en ×3)
      · /en/ledger/edicoes-publicadas · 1 destinos repetidos (ex.: /en/method ×2)
      · /en/ledger/elvas-ganho-medio-mensal-2024 · 1 destinos repetidos (ex.: https://www.ine.pt/bddXplorer/htdocs/minfo.jsp?var_cd=0012656&lingua=PT ×3)
      · /en/ledger/elvas-indice-de-divida-2024 · 1 destinos repetidos (ex.: /en/method ×2)
      · /en/ledger/entroncamento-ganho-medio-mensal-2024 · 1 destinos repetidos (ex.: https://www.ine.pt/bddXplorer/htdocs/minfo.jsp?var_cd=0012656&lingua=PT ×3)
      · /en/ledger/entroncamento-indice-de-divida-2024 · 1 destinos repetidos (ex.: /en/method ×2)
      · /en/ledger/espinho-ganho-medio-mensal-2024 · 1 destinos repetidos (ex.: https://www.ine.pt/bddXplorer/htdocs/minfo.jsp?var_cd=0012656&lingua=PT ×3)
      · /en/ledger/espinho-indice-de-divida-2024 · 1 destinos repetidos (ex.: /en/method ×2)
      · /en/ledger/esposende-ganho-medio-mensal-2024 · 1 destinos repetidos (ex.: https://www.ine.pt/bddXplorer/htdocs/minfo.jsp?var_cd=0012656&lingua=PT ×3)
      · /en/ledger/esposende-indice-de-divida-2024 · 1 destinos repetidos (ex.: /en/method ×2)
      · /en/ledger/estarreja-ganho-medio-mensal-2024 · 1 destinos repetidos (ex.: https://www.ine.pt/bddXplorer/htdocs/minfo.jsp?var_cd=0012656&lingua=PT ×3)
      · /en/ledger/estarreja-indice-de-divida-2024 · 1 destinos repetidos (ex.: /en/method ×2)
      · /en/ledger/estremoz-ganho-medio-mensal-2024 · 1 destinos repetidos (ex.: https://www.ine.pt/bddXplorer/htdocs/minfo.jsp?var_cd=0012656&lingua=PT ×3)
      · /en/ledger/estremoz-indice-de-divida-2024 · 1 destinos repetidos (ex.: /en/method ×2)
      · /en/ledger/estudos-evora-publicados · 1 destinos repetidos (ex.: /en/method ×2)
      · /en/ledger/estudos-publicados · 1 destinos repetidos (ex.: /en/method ×2)
      · /en/ledger/evora-camara-mandatos-cdu-2013 · 1 destinos repetidos (ex.: https://www.eleicoes.mai.gov.pt/autarquicas2013/territorio-nacional.html?territoryKey=LOCAL-070500 ×3)
      · /en/ledger/evora-camara-mandatos-cdu-2017 · 1 destinos repetidos (ex.: https://www.eleicoes.mai.gov.pt/autarquicas2017/territorio-nacional.html?territoryKey=LOCAL-070500 ×3)
      · /en/ledger/evora-camara-mandatos-ps-2009 · 1 destinos repetidos (ex.: https://www.eleicoes.mai.gov.pt/autarquicas2009/territorio-nacional.html?territoryKey=LOCAL-070500 ×3)
      · /en/ledger/evora-divergencia-municipio-dgal-2024 · 1 destinos repetidos (ex.: /en/method ×2)
      · /en/ledger/evora-divida-total-2025 · 1 destinos repetidos (ex.: https://www.cm-evora.pt/wp-content/uploads/2026/05/PRESTACAO_CONTAS_2025.pdf ×2)
      · /en/ledger/evora-execucao-da-receita-2025 · 1 destinos repetidos (ex.: https://www.cm-evora.pt/wp-content/uploads/2026/05/PRESTACAO_CONTAS_2025.pdf ×2)
      · /en/ledger/evora-ganho-medio-mensal-2024 · 1 destinos repetidos (ex.: https://www.ine.pt/bddXplorer/htdocs/minfo.jsp?var_cd=0012656&lingua=PT ×3)
      · /en/ledger/evora-indice-de-divida-2014 · 1 destinos repetidos (ex.: /en/method ×2)
      · /en/ledger/evora-indice-de-divida-2017 · 1 destinos repetidos (ex.: /en/method ×2)
      · /en/ledger/evora-indice-de-divida-2021 · 1 destinos repetidos (ex.: /en/method ×2)
      · /en/ledger/evora-indice-de-divida-2024 · 1 destinos repetidos (ex.: /en/method ×2)
      · /en/ledger/evora-limite-divida-2025 · 1 destinos repetidos (ex.: https://www.cm-evora.pt/wp-content/uploads/2026/05/PRESTACAO_CONTAS_2025.pdf ×2)
      · /en/ledger/evora-pagamentos-em-atraso-2025 · 1 destinos repetidos (ex.: https://www.cm-evora.pt/wp-content/uploads/2026/05/PRESTACAO_CONTAS_2025.pdf ×2)
      · /en/ledger/evora-pelouros-2021-total · 1 destinos repetidos (ex.: /en/method ×2)
      · /en/ledger/evora-pelouros-2025-total · 1 destinos repetidos (ex.: /en/method ×2)
      · /en/ledger/evora-prazo-medio-de-pagamento-2023 · 1 destinos repetidos (ex.: https://www.cm-evora.pt/wp-content/uploads/2026/05/PRESTACAO_CONTAS_2025.pdf ×2)
      · /en/ledger/evora-prazo-medio-de-pagamento-2025 · 1 destinos repetidos (ex.: https://www.cm-evora.pt/wp-content/uploads/2026/05/PRESTACAO_CONTAS_2025.pdf ×2)
      · /en/ledger/evora-prr-aprovado-2026 · 2 destinos repetidos (ex.: https://web.archive.org/web/20260820111244/https://dados.gov.pt/s/resources/dataset-estrutura-de-missao-prr-entidades-1/20260819-172815-0c601eed/listagem-de-entidades-prr-20260819.xlsx ×2)
      · /en/ledger/evora-prr-execucao-2026 · 1 destinos repetidos (ex.: /en/method ×2)
      · /en/ledger/evora-prr-municipio-contratado · 1 destinos repetidos (ex.: https://web.archive.org/web/20260820111244/https://dados.gov.pt/s/resources/dataset-estrutura-de-missao-prr-entidades-1/20260819-172815-0c601eed/listagem-de-entidades-prr-20260819.xlsx ×2)
      · /en/ledger/evora-prr-pago-2026 · 2 destinos repetidos (ex.: https://web.archive.org/web/20260820111244/https://dados.gov.pt/s/resources/dataset-estrutura-de-missao-prr-entidades-1/20260819-172815-0c601eed/listagem-de-entidades-prr-20260819.xlsx ×2)
      · /en/ledger/evora-prr-universidade-contratado · 1 destinos repetidos (ex.: https://web.archive.org/web/20260820111244/https://dados.gov.pt/s/resources/dataset-estrutura-de-missao-prr-entidades-1/20260819-172815-0c601eed/listagem-de-entidades-prr-20260819.xlsx ×2)
      · /en/ledger/evora-prr-vencido-aprovado-2026 · 3 destinos repetidos (ex.: https://web.archive.org/web/20260820111244/https://dados.gov.pt/s/resources/dataset-estrutura-de-missao-prr-entidades-1/20260819-172815-0c601eed/listagem-de-entidades-prr-20260819.xlsx ×2)
      · /en/ledger/evora-prr-vencido-quota-2026 · 1 destinos repetidos (ex.: /en/method ×2)
      · /en/ledger/execucao-2026-07-ativos-e-passivos-da-despesa-administracao-central · 1 destinos repetidos (ex.: /en/method ×2)
      · /en/ledger/execucao-2026-07-ativos-e-passivos-da-receita-administracao-central · 1 destinos repetidos (ex.: /en/method ×2)
      · /en/ledger/execucao-2026-07-cem-euros-funcao-01 · 1 destinos repetidos (ex.: /en/method ×2)
      · /en/ledger/execucao-2026-07-cem-euros-funcao-02 · 1 destinos repetidos (ex.: /en/method ×2)
      · /en/ledger/execucao-2026-07-cem-euros-funcao-03 · 1 destinos repetidos (ex.: /en/method ×2)
      · /en/ledger/execucao-2026-07-cem-euros-funcao-04 · 1 destinos repetidos (ex.: /en/method ×2)
      · /en/ledger/execucao-2026-07-cem-euros-funcao-05 · 1 destinos repetidos (ex.: /en/method ×2)
      · /en/ledger/execucao-2026-07-cem-euros-funcao-06 · 1 destinos repetidos (ex.: /en/method ×2)
      · /en/ledger/execucao-2026-07-cem-euros-funcao-07 · 1 destinos repetidos (ex.: /en/method ×2)
      · /en/ledger/execucao-2026-07-cem-euros-funcao-08 · 1 destinos repetidos (ex.: /en/method ×2)
      · /en/ledger/execucao-2026-07-cem-euros-funcao-09 · 1 destinos repetidos (ex.: /en/method ×2)
      · /en/ledger/execucao-2026-07-cem-euros-funcao-10 · 1 destinos repetidos (ex.: /en/method ×2)
      · /en/ledger/execucao-2026-07-despesa-efetiva-administracao-central · 1 destinos repetidos (ex.: /en/method ×2)
      · /en/ledger/execucao-2026-07-despesa-funcao-01 · 1 destinos repetidos (ex.: /en/method ×2)
      · /en/ledger/execucao-2026-07-despesa-funcao-02 · 1 destinos repetidos (ex.: /en/method ×2)
      · /en/ledger/execucao-2026-07-despesa-funcao-03 · 1 destinos repetidos (ex.: /en/method ×2)
      · /en/ledger/execucao-2026-07-despesa-funcao-04 · 1 destinos repetidos (ex.: /en/method ×2)
      · /en/ledger/execucao-2026-07-despesa-funcao-05 · 1 destinos repetidos (ex.: /en/method ×2)
      · /en/ledger/execucao-2026-07-despesa-funcao-06 · 1 destinos repetidos (ex.: /en/method ×2)
      · /en/ledger/execucao-2026-07-despesa-funcao-07 · 1 destinos repetidos (ex.: /en/method ×2)
      · /en/ledger/execucao-2026-07-despesa-funcao-08 · 1 destinos repetidos (ex.: /en/method ×2)
      · /en/ledger/execucao-2026-07-despesa-funcao-09 · 1 destinos repetidos (ex.: /en/method ×2)
      · /en/ledger/execucao-2026-07-despesa-funcao-10 · 1 destinos repetidos (ex.: /en/method ×2)
      · /en/ledger/execucao-2026-07-despesa-orcamental-administracao-central · 1 destinos repetidos (ex.: /en/method ×2)
      · /en/ledger/execucao-2026-07-despesa-primaria-administracao-central · 1 destinos repetidos (ex.: /en/method ×2)
      · /en/ledger/execucao-2026-07-diferencas-consolidacao-funcional · 1 destinos repetidos (ex.: /en/method ×2)
      · /en/ledger/execucao-2026-07-receita-efetiva-administracao-central · 1 destinos repetidos (ex.: /en/method ×2)
      · /en/ledger/execucao-2026-07-receita-orcamental-administracao-central · 1 destinos repetidos (ex.: /en/method ×2)
      · /en/ledger/execucao-2026-07-saldo-global-administracao-central · 1 destinos repetidos (ex.: /en/method ×2)
      · /en/ledger/execucao-2026-07-saldo-global-administracoes-publicas-contabilidade-publica · 1 destinos repetidos (ex.: /en/method ×2)
      · /en/ledger/execucao-2026-07-saldo-primario-administracao-central · 1 destinos repetidos (ex.: /en/method ×2)
      · /en/ledger/execucao-2026-08-ativos-financeiros-liquidos-administracao-central-seguranca-social · 1 destinos repetidos (ex.: /en/method ×2)
      · /en/ledger/execucao-2026-08-despesa-efetiva-administracao-central-seguranca-social · 1 destinos repetidos (ex.: /en/method ×2)
      · /en/ledger/execucao-2026-08-despesa-efetiva-administracao-central · 1 destinos repetidos (ex.: /en/method ×2)
      · /en/ledger/execucao-2026-08-despesa-programa-001 · 1 destinos repetidos (ex.: /en/method ×2)
      · /en/ledger/execucao-2026-08-despesa-programa-002 · 1 destinos repetidos (ex.: /en/method ×2)
      · /en/ledger/execucao-2026-08-despesa-programa-003 · 1 destinos repetidos (ex.: /en/method ×2)
      · /en/ledger/execucao-2026-08-despesa-programa-004 · 1 destinos repetidos (ex.: /en/method ×2)
      · /en/ledger/execucao-2026-08-despesa-programa-005 · 1 destinos repetidos (ex.: /en/method ×2)
      · /en/ledger/execucao-2026-08-despesa-programa-006 · 1 destinos repetidos (ex.: /en/method ×2)
      · /en/ledger/execucao-2026-08-despesa-programa-007 · 1 destinos repetidos (ex.: /en/method ×2)
      · /en/ledger/execucao-2026-08-despesa-programa-008 · 1 destinos repetidos (ex.: /en/method ×2)
      · /en/ledger/execucao-2026-08-despesa-programa-009 · 1 destinos repetidos (ex.: /en/method ×2)
      · /en/ledger/execucao-2026-08-despesa-programa-010 · 1 destinos repetidos (ex.: /en/method ×2)
      · /en/ledger/execucao-2026-08-despesa-programa-011 · 1 destinos repetidos (ex.: /en/method ×2)
      · /en/ledger/execucao-2026-08-despesa-programa-012 · 1 destinos repetidos (ex.: /en/method ×2)
      · /en/ledger/execucao-2026-08-despesa-programa-013 · 1 destinos repetidos (ex.: /en/method ×2)
      · /en/ledger/execucao-2026-08-despesa-programa-014 · 1 destinos repetidos (ex.: /en/method ×2)
      · /en/ledger/execucao-2026-08-despesa-programa-015 · 1 destinos repetidos (ex.: /en/method ×2)
      · /en/ledger/execucao-2026-08-despesa-programa-016 · 1 destinos repetidos (ex.: /en/method ×2)
      · /en/ledger/execucao-2026-08-despesa-programa-017 · 1 destinos repetidos (ex.: /en/method ×2)
      · /en/ledger/execucao-2026-08-despesa-programa-018 · 1 destinos repetidos (ex.: /en/method ×2)
      · /en/ledger/execucao-2026-08-despesa-programa-019 · 1 destinos repetidos (ex.: /en/method ×2)
      · /en/ledger/execucao-2026-08-despesa-programa-020 · 1 destinos repetidos (ex.: /en/method ×2)
      · /en/ledger/execucao-2026-08-diferencas-consolidacao-programas · 1 destinos repetidos (ex.: /en/method ×2)
      · /en/ledger/execucao-2026-08-fluxos-entre-programas · 1 destinos repetidos (ex.: /en/method ×2)
      · /en/ledger/execucao-2026-08-passivos-financeiros-liquidos-administracao-central-seguranca-social · 1 destinos repetidos (ex.: /en/method ×2)
      · /en/ledger/execucao-2026-08-receita-efetiva-administracao-central-seguranca-social · 1 destinos repetidos (ex.: /en/method ×2)
      · /en/ledger/execucao-2026-08-receita-efetiva-administracao-central · 1 destinos repetidos (ex.: /en/method ×2)
      · /en/ledger/execucao-2026-08-saldo-global-administracao-central-seguranca-social · 1 destinos repetidos (ex.: /en/method ×2)
      · /en/ledger/execucao-2026-08-saldo-global-administracao-central · 1 destinos repetidos (ex.: /en/method ×2)
      · /en/ledger/execucao-2026-08-subtotal-programas · 1 destinos repetidos (ex.: /en/method ×2)
      · /en/ledger/fafe-ganho-medio-mensal-2024 · 1 destinos repetidos (ex.: https://www.ine.pt/bddXplorer/htdocs/minfo.jsp?var_cd=0012656&lingua=PT ×3)
      · /en/ledger/fafe-indice-de-divida-2024 · 1 destinos repetidos (ex.: /en/method ×2)
      · /en/ledger/faro-ganho-medio-mensal-2024 · 1 destinos repetidos (ex.: https://www.ine.pt/bddXplorer/htdocs/minfo.jsp?var_cd=0012656&lingua=PT ×3)
      · /en/ledger/faro-indice-de-divida-2024 · 1 destinos repetidos (ex.: /en/method ×2)
      · /en/ledger/felgueiras-ganho-medio-mensal-2024 · 1 destinos repetidos (ex.: https://www.ine.pt/bddXplorer/htdocs/minfo.jsp?var_cd=0012656&lingua=PT ×3)
      · /en/ledger/felgueiras-indice-de-divida-2024 · 1 destinos repetidos (ex.: /en/method ×2)
      · /en/ledger/ferreira-do-alentejo-ganho-medio-mensal-2024 · 1 destinos repetidos (ex.: https://www.ine.pt/bddXplorer/htdocs/minfo.jsp?var_cd=0012656&lingua=PT ×3)
      · /en/ledger/ferreira-do-alentejo-indice-de-divida-2024 · 1 destinos repetidos (ex.: /en/method ×2)
      · /en/ledger/ferreira-do-zezere-ganho-medio-mensal-2024 · 1 destinos repetidos (ex.: https://www.ine.pt/bddXplorer/htdocs/minfo.jsp?var_cd=0012656&lingua=PT ×3)
      · /en/ledger/ferreira-do-zezere-indice-de-divida-2024 · 1 destinos repetidos (ex.: /en/method ×2)
      · /en/ledger/figueira-da-foz-ganho-medio-mensal-2024 · 1 destinos repetidos (ex.: https://www.ine.pt/bddXplorer/htdocs/minfo.jsp?var_cd=0012656&lingua=PT ×3)
      · /en/ledger/figueira-da-foz-indice-de-divida-2024 · 1 destinos repetidos (ex.: /en/method ×2)
      · /en/ledger/figueira-de-castelo-rodrigo-ganho-medio-mensal-2024 · 1 destinos repetidos (ex.: https://www.ine.pt/bddXplorer/htdocs/minfo.jsp?var_cd=0012656&lingua=PT ×3)
      · /en/ledger/figueira-de-castelo-rodrigo-indice-de-divida-2024 · 1 destinos repetidos (ex.: /en/method ×2)
      · /en/ledger/figueiro-dos-vinhos-ganho-medio-mensal-2024 · 1 destinos repetidos (ex.: https://www.ine.pt/bddXplorer/htdocs/minfo.jsp?var_cd=0012656&lingua=PT ×3)
      · /en/ledger/figueiro-dos-vinhos-indice-de-divida-2024 · 1 destinos repetidos (ex.: /en/method ×2)
      · /en/ledger/fluxo-de-credito-as-empresas-2024 · 1 destinos repetidos (ex.: https://ec.europa.eu/eurostat/databrowser/view/tipspc30/default/table?lang=en ×3)
      · /en/ledger/fluxo-de-credito-as-empresas-2025 · 1 destinos repetidos (ex.: https://ec.europa.eu/eurostat/databrowser/view/tipspc30/default/table?lang=en ×3)
      · /en/ledger/fluxo-de-credito-as-familias-2024 · 1 destinos repetidos (ex.: https://ec.europa.eu/eurostat/databrowser/view/tipspc40/default/table?lang=en ×3)
      · /en/ledger/fluxo-de-credito-as-familias-2025-ue · 1 destinos repetidos (ex.: https://ec.europa.eu/eurostat/databrowser/view/tipspc40/default/table?lang=en ×3)
      · /en/ledger/fluxo-de-credito-as-familias-2025 · 1 destinos repetidos (ex.: https://ec.europa.eu/eurostat/databrowser/view/tipspc40/default/table?lang=en ×3)
      · /en/ledger/formacao-bruta-de-capital-fixo-2024 · 1 destinos repetidos (ex.: https://ec.europa.eu/eurostat/databrowser/view/tipsna20/default/table?lang=en ×3)
      · /en/ledger/formacao-bruta-de-capital-fixo-2025-ue · 1 destinos repetidos (ex.: https://ec.europa.eu/eurostat/databrowser/view/tipsna20/default/table?lang=en ×3)
      · /en/ledger/formacao-bruta-de-capital-fixo-2025 · 1 destinos repetidos (ex.: https://ec.europa.eu/eurostat/databrowser/view/tipsna20/default/table?lang=en ×3)
      · /en/ledger/fornos-de-algodres-ganho-medio-mensal-2024 · 1 destinos repetidos (ex.: https://www.ine.pt/bddXplorer/htdocs/minfo.jsp?var_cd=0012656&lingua=PT ×3)
      · /en/ledger/fornos-de-algodres-indice-de-divida-2024 · 1 destinos repetidos (ex.: /en/method ×2)
      · /en/ledger/freixo-de-espada-a-cinta-ganho-medio-mensal-2024 · 1 destinos repetidos (ex.: https://www.ine.pt/bddXplorer/htdocs/minfo.jsp?var_cd=0012656&lingua=PT ×3)
      · /en/ledger/freixo-de-espada-a-cinta-indice-de-divida-2024 · 1 destinos repetidos (ex.: /en/method ×2)
      · /en/ledger/fronteira-ganho-medio-mensal-2024 · 1 destinos repetidos (ex.: https://www.ine.pt/bddXplorer/htdocs/minfo.jsp?var_cd=0012656&lingua=PT ×3)
      · /en/ledger/fronteira-indice-de-divida-2024 · 1 destinos repetidos (ex.: /en/method ×2)
      · /en/ledger/funchal-ganho-medio-mensal-2024 · 1 destinos repetidos (ex.: https://www.ine.pt/bddXplorer/htdocs/minfo.jsp?var_cd=0012656&lingua=PT ×3)
      · /en/ledger/funchal-indice-de-divida-2024 · 1 destinos repetidos (ex.: /en/method ×2)
      · /en/ledger/fundao-ganho-medio-mensal-2024 · 1 destinos repetidos (ex.: https://www.ine.pt/bddXplorer/htdocs/minfo.jsp?var_cd=0012656&lingua=PT ×3)
      · /en/ledger/fundao-indice-de-divida-2024 · 1 destinos repetidos (ex.: /en/method ×2)
      · /en/ledger/ganho-medio-mensal-2024 · 1 destinos repetidos (ex.: https://www.ine.pt/bddXplorer/htdocs/minfo.jsp?var_cd=0012656&lingua=PT ×4)
      · /en/ledger/gaviao-ganho-medio-mensal-2024 · 1 destinos repetidos (ex.: https://www.ine.pt/bddXplorer/htdocs/minfo.jsp?var_cd=0012656&lingua=PT ×3)
      · /en/ledger/gaviao-indice-de-divida-2024 · 1 destinos repetidos (ex.: /en/method ×2)
      · /en/ledger/gois-ganho-medio-mensal-2024 · 1 destinos repetidos (ex.: https://www.ine.pt/bddXplorer/htdocs/minfo.jsp?var_cd=0012656&lingua=PT ×3)
      · /en/ledger/gois-indice-de-divida-2024 · 1 destinos repetidos (ex.: /en/method ×2)
      · /en/ledger/golega-ganho-medio-mensal-2024 · 1 destinos repetidos (ex.: https://www.ine.pt/bddXplorer/htdocs/minfo.jsp?var_cd=0012656&lingua=PT ×3)
      · /en/ledger/golega-indice-de-divida-2024 · 1 destinos repetidos (ex.: /en/method ×2)
      · /en/ledger/gondomar-ganho-medio-mensal-2024 · 1 destinos repetidos (ex.: https://www.ine.pt/bddXplorer/htdocs/minfo.jsp?var_cd=0012656&lingua=PT ×3)
      · /en/ledger/gondomar-indice-de-divida-2024 · 1 destinos repetidos (ex.: /en/method ×2)
      · /en/ledger/gouveia-ganho-medio-mensal-2024 · 1 destinos repetidos (ex.: https://www.ine.pt/bddXplorer/htdocs/minfo.jsp?var_cd=0012656&lingua=PT ×3)
      · /en/ledger/gouveia-indice-de-divida-2024 · 1 destinos repetidos (ex.: /en/method ×2)
      · /en/ledger/grandola-ganho-medio-mensal-2024 · 1 destinos repetidos (ex.: https://www.ine.pt/bddXplorer/htdocs/minfo.jsp?var_cd=0012656&lingua=PT ×3)
      · /en/ledger/grandola-indice-de-divida-2024 · 1 destinos repetidos (ex.: /en/method ×2)
      · /en/ledger/guarda-ganho-medio-mensal-2024 · 1 destinos repetidos (ex.: https://www.ine.pt/bddXplorer/htdocs/minfo.jsp?var_cd=0012656&lingua=PT ×3)
      · /en/ledger/guarda-indice-de-divida-2024 · 1 destinos repetidos (ex.: /en/method ×2)
      · /en/ledger/guimaraes-ganho-medio-mensal-2024 · 1 destinos repetidos (ex.: https://www.ine.pt/bddXplorer/htdocs/minfo.jsp?var_cd=0012656&lingua=PT ×3)
      · /en/ledger/guimaraes-indice-de-divida-2024 · 1 destinos repetidos (ex.: /en/method ×2)
      · /en/ledger/horta-ganho-medio-mensal-2024 · 1 destinos repetidos (ex.: https://www.ine.pt/bddXplorer/htdocs/minfo.jsp?var_cd=0012656&lingua=PT ×3)
      · /en/ledger/horta-indice-de-divida-2024 · 1 destinos repetidos (ex.: /en/method ×2)
      · /en/ledger/idanha-a-nova-ganho-medio-mensal-2024 · 1 destinos repetidos (ex.: https://www.ine.pt/bddXplorer/htdocs/minfo.jsp?var_cd=0012656&lingua=PT ×3)
      · /en/ledger/idanha-a-nova-indice-de-divida-2024 · 1 destinos repetidos (ex.: /en/method ×2)
      · /en/ledger/ihpc-variacao-homologa-periodo-anterior · 2 destinos repetidos (ex.: https://ec.europa.eu/eurostat/databrowser/view/prc_hicp_minr/default/table?lang=en ×3)
      · /en/ledger/ihpc-variacao-homologa-ue · 2 destinos repetidos (ex.: https://ec.europa.eu/eurostat/databrowser/view/prc_hicp_minr/default/table?lang=en ×3)
      · /en/ledger/ihpc-variacao-homologa · 2 destinos repetidos (ex.: https://ec.europa.eu/eurostat/databrowser/view/prc_hicp_minr/default/table?lang=en ×3)
      · /en/ledger/ilhavo-ganho-medio-mensal-2024 · 1 destinos repetidos (ex.: https://www.ine.pt/bddXplorer/htdocs/minfo.jsp?var_cd=0012656&lingua=PT ×3)
      · /en/ledger/ilhavo-indice-de-divida-2024 · 1 destinos repetidos (ex.: /en/method ×2)
      · /en/ledger/independencia-da-justica-2024 · 1 destinos repetidos (ex.: https://ec.europa.eu/eurostat/databrowser/view/sdg_16_40/default/table?lang=en ×3)
      · /en/ledger/independencia-da-justica-2025-ue · 1 destinos repetidos (ex.: https://ec.europa.eu/eurostat/databrowser/view/sdg_16_40/default/table?lang=en ×3)
      · /en/ledger/independencia-da-justica-2025 · 1 destinos repetidos (ex.: https://ec.europa.eu/eurostat/databrowser/view/sdg_16_40/default/table?lang=en ×3)
      · /en/ledger · 3 destinos repetidos (ex.: /en/ledger ×4)
      · /en/ledger/indice-de-percepcao-da-corrupcao-2024 · 1 destinos repetidos (ex.: https://ec.europa.eu/eurostat/databrowser/view/sdg_16_50/default/table?lang=en ×3)
      · /en/ledger/indice-de-percepcao-da-corrupcao-2025-ue · 1 destinos repetidos (ex.: https://ec.europa.eu/eurostat/databrowser/view/sdg_16_50/default/table?lang=en ×3)
      · /en/ledger/indice-de-percepcao-da-corrupcao-2025 · 1 destinos repetidos (ex.: https://ec.europa.eu/eurostat/databrowser/view/sdg_16_50/default/table?lang=en ×3)
      · /en/ledger/ipc-alimentacao-variacao-homologa-periodo-anterior · 2 destinos repetidos (ex.: https://www.ine.pt/bddXplorer/htdocs/minfo.jsp?var_cd=0014663&lingua=PT ×3)
      · /en/ledger/ipc-alimentacao-variacao-homologa · 2 destinos repetidos (ex.: https://www.ine.pt/bddXplorer/htdocs/minfo.jsp?var_cd=0014663&lingua=PT ×4)
      · /en/ledger/ipc-combustiveis-variacao-homologa-periodo-anterior · 2 destinos repetidos (ex.: https://www.ine.pt/bddXplorer/htdocs/minfo.jsp?var_cd=0014647&lingua=PT ×3)
      · /en/ledger/ipc-combustiveis-variacao-homologa · 2 destinos repetidos (ex.: https://www.ine.pt/bddXplorer/htdocs/minfo.jsp?var_cd=0014647&lingua=PT ×4)
      · /en/ledger/ipc-energia-em-casa-variacao-homologa-periodo-anterior · 2 destinos repetidos (ex.: https://www.ine.pt/bddXplorer/htdocs/minfo.jsp?var_cd=0014647&lingua=PT ×3)
      · /en/ledger/ipc-energia-em-casa-variacao-homologa · 2 destinos repetidos (ex.: https://www.ine.pt/bddXplorer/htdocs/minfo.jsp?var_cd=0014647&lingua=PT ×4)
      · /en/ledger/ipc-rendas-variacao-homologa-periodo-anterior · 2 destinos repetidos (ex.: https://www.ine.pt/bddXplorer/htdocs/minfo.jsp?var_cd=0014647&lingua=PT ×3)
      · /en/ledger/ipc-rendas-variacao-homologa · 2 destinos repetidos (ex.: https://www.ine.pt/bddXplorer/htdocs/minfo.jsp?var_cd=0014647&lingua=PT ×4)
      · /en/ledger/ipc-sem-habitacao-variacao-media-12-meses-periodo-anterior · 2 destinos repetidos (ex.: https://www.ine.pt/bddXplorer/htdocs/minfo.jsp?var_cd=0014666&lingua=PT ×3)
      · /en/ledger/ipc-sem-habitacao-variacao-media-12-meses · 2 destinos repetidos (ex.: https://www.ine.pt/bddXplorer/htdocs/minfo.jsp?var_cd=0014666&lingua=PT ×4)
      · /en/ledger/ipc-variacao-homologa-periodo-anterior · 2 destinos repetidos (ex.: https://www.ine.pt/bddXplorer/htdocs/minfo.jsp?var_cd=0014663&lingua=PT ×3)
      · /en/ledger/ipc-variacao-homologa · 2 destinos repetidos (ex.: https://www.ine.pt/bddXplorer/htdocs/minfo.jsp?var_cd=0014663&lingua=PT ×4)
      · /en/ledger/ipc-variacao-media-12-meses-periodo-anterior · 2 destinos repetidos (ex.: https://www.ine.pt/bddXplorer/htdocs/minfo.jsp?var_cd=0014666&lingua=PT ×3)
      · /en/ledger/ipc-variacao-media-12-meses · 2 destinos repetidos (ex.: https://www.ine.pt/bddXplorer/htdocs/minfo.jsp?var_cd=0014666&lingua=PT ×4)
      · /en/ledger/jovens-nem-2024 · 1 destinos repetidos (ex.: https://ec.europa.eu/eurostat/databrowser/view/tipslm90/default/table?lang=en ×3)
      · /en/ledger/jovens-nem-2025-ue · 1 destinos repetidos (ex.: https://ec.europa.eu/eurostat/databrowser/view/tipslm90/default/table?lang=en ×3)
      · /en/ledger/jovens-nem-2025 · 1 destinos repetidos (ex.: https://ec.europa.eu/eurostat/databrowser/view/tipslm90/default/table?lang=en ×3)
      · /en/ledger/lagoa-faro-ganho-medio-mensal-2024 · 1 destinos repetidos (ex.: https://www.ine.pt/bddXplorer/htdocs/minfo.jsp?var_cd=0012656&lingua=PT ×3)
      · /en/ledger/lagoa-faro-indice-de-divida-2024 · 1 destinos repetidos (ex.: /en/method ×2)
      · /en/ledger/lagoa-ilha-de-sao-miguel-ganho-medio-mensal-2024 · 1 destinos repetidos (ex.: https://www.ine.pt/bddXplorer/htdocs/minfo.jsp?var_cd=0012656&lingua=PT ×3)
      · /en/ledger/lagoa-ilha-de-sao-miguel-indice-de-divida-2024 · 1 destinos repetidos (ex.: /en/method ×2)
      · /en/ledger/lagos-ganho-medio-mensal-2024 · 1 destinos repetidos (ex.: https://www.ine.pt/bddXplorer/htdocs/minfo.jsp?var_cd=0012656&lingua=PT ×3)
      · /en/ledger/lagos-indice-de-divida-2024 · 1 destinos repetidos (ex.: /en/method ×2)
      · /en/ledger/lajes-das-flores-ganho-medio-mensal-2024 · 1 destinos repetidos (ex.: https://www.ine.pt/bddXplorer/htdocs/minfo.jsp?var_cd=0012656&lingua=PT ×3)
      · /en/ledger/lajes-das-flores-indice-de-divida-2024 · 1 destinos repetidos (ex.: /en/method ×2)
      · /en/ledger/lajes-do-pico-ganho-medio-mensal-2024 · 1 destinos repetidos (ex.: https://www.ine.pt/bddXplorer/htdocs/minfo.jsp?var_cd=0012656&lingua=PT ×3)
      · /en/ledger/lajes-do-pico-indice-de-divida-2024 · 1 destinos repetidos (ex.: /en/method ×2)
      · /en/ledger/lamego-ganho-medio-mensal-2024 · 1 destinos repetidos (ex.: https://www.ine.pt/bddXplorer/htdocs/minfo.jsp?var_cd=0012656&lingua=PT ×3)
      · /en/ledger/lamego-indice-de-divida-2024 · 1 destinos repetidos (ex.: /en/method ×2)
      · /en/ledger/leiria-ganho-medio-mensal-2024 · 1 destinos repetidos (ex.: https://www.ine.pt/bddXplorer/htdocs/minfo.jsp?var_cd=0012656&lingua=PT ×3)
      · /en/ledger/leiria-indice-de-divida-2024 · 1 destinos repetidos (ex.: /en/method ×2)
      · /en/ledger/licencas-de-construcao-2024 · 1 destinos repetidos (ex.: https://ec.europa.eu/eurostat/databrowser/view/tipsho50/default/table?lang=en ×3)
      · /en/ledger/licencas-de-construcao-2025-ue · 1 destinos repetidos (ex.: https://ec.europa.eu/eurostat/databrowser/view/tipsho50/default/table?lang=en ×3)
      · /en/ledger/licencas-de-construcao-2025 · 1 destinos repetidos (ex.: https://ec.europa.eu/eurostat/databrowser/view/tipsho50/default/table?lang=en ×3)
      · /en/ledger/linha-de-risco-de-pobreza-2024 · 2 destinos repetidos (ex.: https://ec.europa.eu/eurostat/databrowser/view/ilc_li01/default/table?lang=en ×3)
      · /en/ledger/linha-de-risco-de-pobreza-2025 · 2 destinos repetidos (ex.: https://ec.europa.eu/eurostat/databrowser/view/ilc_li01/default/table?lang=en ×3)
      · /en/ledger/lisboa-ganho-medio-mensal-2024 · 1 destinos repetidos (ex.: https://www.ine.pt/bddXplorer/htdocs/minfo.jsp?var_cd=0012656&lingua=PT ×3)
      · /en/ledger/lisboa-indice-de-divida-2024 · 1 destinos repetidos (ex.: /en/method ×2)
      · /en/ledger/loule-ganho-medio-mensal-2024 · 1 destinos repetidos (ex.: https://www.ine.pt/bddXplorer/htdocs/minfo.jsp?var_cd=0012656&lingua=PT ×3)
      · /en/ledger/loule-indice-de-divida-2024 · 1 destinos repetidos (ex.: /en/method ×2)
      · /en/ledger/loures-ganho-medio-mensal-2024 · 1 destinos repetidos (ex.: https://www.ine.pt/bddXplorer/htdocs/minfo.jsp?var_cd=0012656&lingua=PT ×3)
      · /en/ledger/loures-indice-de-divida-2024 · 1 destinos repetidos (ex.: /en/method ×2)
      · /en/ledger/lourinha-ganho-medio-mensal-2024 · 1 destinos repetidos (ex.: https://www.ine.pt/bddXplorer/htdocs/minfo.jsp?var_cd=0012656&lingua=PT ×3)
      · /en/ledger/lourinha-indice-de-divida-2024 · 1 destinos repetidos (ex.: /en/method ×2)
      · /en/ledger/lousa-ganho-medio-mensal-2024 · 1 destinos repetidos (ex.: https://www.ine.pt/bddXplorer/htdocs/minfo.jsp?var_cd=0012656&lingua=PT ×3)
      · /en/ledger/lousa-indice-de-divida-2024 · 1 destinos repetidos (ex.: /en/method ×2)
      · /en/ledger/lousada-ganho-medio-mensal-2024 · 1 destinos repetidos (ex.: https://www.ine.pt/bddXplorer/htdocs/minfo.jsp?var_cd=0012656&lingua=PT ×3)
      · /en/ledger/lousada-indice-de-divida-2024 · 1 destinos repetidos (ex.: /en/method ×2)
      · /en/ledger/macao-ganho-medio-mensal-2024 · 1 destinos repetidos (ex.: https://www.ine.pt/bddXplorer/htdocs/minfo.jsp?var_cd=0012656&lingua=PT ×3)
      · /en/ledger/macao-indice-de-divida-2024 · 1 destinos repetidos (ex.: /en/method ×2)
      · /en/ledger/macedo-de-cavaleiros-ganho-medio-mensal-2024 · 1 destinos repetidos (ex.: https://www.ine.pt/bddXplorer/htdocs/minfo.jsp?var_cd=0012656&lingua=PT ×3)
      · /en/ledger/macedo-de-cavaleiros-indice-de-divida-2024 · 1 destinos repetidos (ex.: /en/method ×2)
      · /en/ledger/machico-ganho-medio-mensal-2024 · 1 destinos repetidos (ex.: https://www.ine.pt/bddXplorer/htdocs/minfo.jsp?var_cd=0012656&lingua=PT ×3)
      · /en/ledger/machico-indice-de-divida-2024 · 1 destinos repetidos (ex.: /en/method ×2)
      · /en/ledger/madalena-ganho-medio-mensal-2024 · 1 destinos repetidos (ex.: https://www.ine.pt/bddXplorer/htdocs/minfo.jsp?var_cd=0012656&lingua=PT ×3)
      · /en/ledger/madalena-indice-de-divida-2024 · 1 destinos repetidos (ex.: /en/method ×2)
      · /en/ledger/mafra-ganho-medio-mensal-2024 · 1 destinos repetidos (ex.: https://www.ine.pt/bddXplorer/htdocs/minfo.jsp?var_cd=0012656&lingua=PT ×3)
      · /en/ledger/mafra-indice-de-divida-2024 · 1 destinos repetidos (ex.: /en/method ×2)
      · /en/ledger/maia-ganho-medio-mensal-2024 · 1 destinos repetidos (ex.: https://www.ine.pt/bddXplorer/htdocs/minfo.jsp?var_cd=0012656&lingua=PT ×3)
      · /en/ledger/maia-indice-de-divida-2024 · 1 destinos repetidos (ex.: /en/method ×2)
      · /en/ledger/mangualde-ganho-medio-mensal-2024 · 1 destinos repetidos (ex.: https://www.ine.pt/bddXplorer/htdocs/minfo.jsp?var_cd=0012656&lingua=PT ×3)
      · /en/ledger/mangualde-indice-de-divida-2024 · 1 destinos repetidos (ex.: /en/method ×2)
      · /en/ledger/manteigas-ganho-medio-mensal-2024 · 1 destinos repetidos (ex.: https://www.ine.pt/bddXplorer/htdocs/minfo.jsp?var_cd=0012656&lingua=PT ×3)
      · /en/ledger/manteigas-indice-de-divida-2024 · 1 destinos repetidos (ex.: /en/method ×2)
      · /en/ledger/marco-de-canaveses-ganho-medio-mensal-2024 · 1 destinos repetidos (ex.: https://www.ine.pt/bddXplorer/htdocs/minfo.jsp?var_cd=0012656&lingua=PT ×3)
      · /en/ledger/marco-de-canaveses-indice-de-divida-2024 · 1 destinos repetidos (ex.: /en/method ×2)
      · /en/ledger/marinha-grande-ganho-medio-mensal-2024 · 1 destinos repetidos (ex.: https://www.ine.pt/bddXplorer/htdocs/minfo.jsp?var_cd=0012656&lingua=PT ×3)
      · /en/ledger/marinha-grande-indice-de-divida-2024 · 1 destinos repetidos (ex.: /en/method ×2)
      · /en/ledger/marvao-ganho-medio-mensal-2024 · 1 destinos repetidos (ex.: https://www.ine.pt/bddXplorer/htdocs/minfo.jsp?var_cd=0012656&lingua=PT ×3)
      · /en/ledger/marvao-indice-de-divida-2024 · 1 destinos repetidos (ex.: /en/method ×2)
      · /en/ledger/matosinhos-ganho-medio-mensal-2024 · 1 destinos repetidos (ex.: https://www.ine.pt/bddXplorer/htdocs/minfo.jsp?var_cd=0012656&lingua=PT ×3)
      · /en/ledger/matosinhos-indice-de-divida-2024 · 1 destinos repetidos (ex.: /en/method ×2)
      · /en/ledger/mealhada-ganho-medio-mensal-2024 · 1 destinos repetidos (ex.: https://www.ine.pt/bddXplorer/htdocs/minfo.jsp?var_cd=0012656&lingua=PT ×3)
      · /en/ledger/mealhada-indice-de-divida-2024 · 1 destinos repetidos (ex.: /en/method ×2)
      · /en/ledger/meda-ganho-medio-mensal-2024 · 1 destinos repetidos (ex.: https://www.ine.pt/bddXplorer/htdocs/minfo.jsp?var_cd=0012656&lingua=PT ×3)
      · /en/ledger/meda-indice-de-divida-2024 · 1 destinos repetidos (ex.: /en/method ×2)
      · /en/ledger/melgaco-ganho-medio-mensal-2024 · 1 destinos repetidos (ex.: https://www.ine.pt/bddXplorer/htdocs/minfo.jsp?var_cd=0012656&lingua=PT ×3)
      · /en/ledger/melgaco-indice-de-divida-2024 · 1 destinos repetidos (ex.: /en/method ×2)
      · /en/ledger/mertola-ganho-medio-mensal-2024 · 1 destinos repetidos (ex.: https://www.ine.pt/bddXplorer/htdocs/minfo.jsp?var_cd=0012656&lingua=PT ×3)
      · /en/ledger/mertola-indice-de-divida-2024 · 1 destinos repetidos (ex.: /en/method ×2)
      · /en/ledger/mesao-frio-ganho-medio-mensal-2024 · 1 destinos repetidos (ex.: https://www.ine.pt/bddXplorer/htdocs/minfo.jsp?var_cd=0012656&lingua=PT ×3)
      · /en/ledger/mesao-frio-indice-de-divida-2024 · 1 destinos repetidos (ex.: /en/method ×2)
      · /en/ledger/mira-ganho-medio-mensal-2024 · 1 destinos repetidos (ex.: https://www.ine.pt/bddXplorer/htdocs/minfo.jsp?var_cd=0012656&lingua=PT ×3)
      · /en/ledger/mira-indice-de-divida-2024 · 1 destinos repetidos (ex.: /en/method ×2)
      · /en/ledger/miranda-do-corvo-ganho-medio-mensal-2024 · 1 destinos repetidos (ex.: https://www.ine.pt/bddXplorer/htdocs/minfo.jsp?var_cd=0012656&lingua=PT ×3)
      · /en/ledger/miranda-do-corvo-indice-de-divida-2024 · 1 destinos repetidos (ex.: /en/method ×2)
      · /en/ledger/miranda-do-douro-ganho-medio-mensal-2024 · 1 destinos repetidos (ex.: https://www.ine.pt/bddXplorer/htdocs/minfo.jsp?var_cd=0012656&lingua=PT ×3)
      · /en/ledger/miranda-do-douro-indice-de-divida-2024 · 1 destinos repetidos (ex.: /en/method ×2)
      · /en/ledger/mirandela-ganho-medio-mensal-2024 · 1 destinos repetidos (ex.: https://www.ine.pt/bddXplorer/htdocs/minfo.jsp?var_cd=0012656&lingua=PT ×3)
      · /en/ledger/mirandela-indice-de-divida-2024 · 1 destinos repetidos (ex.: /en/method ×2)
      · /en/ledger/mogadouro-ganho-medio-mensal-2024 · 1 destinos repetidos (ex.: https://www.ine.pt/bddXplorer/htdocs/minfo.jsp?var_cd=0012656&lingua=PT ×3)
      · /en/ledger/mogadouro-indice-de-divida-2024 · 1 destinos repetidos (ex.: /en/method ×2)
      · /en/ledger/moimenta-da-beira-ganho-medio-mensal-2024 · 1 destinos repetidos (ex.: https://www.ine.pt/bddXplorer/htdocs/minfo.jsp?var_cd=0012656&lingua=PT ×3)
      · /en/ledger/moimenta-da-beira-indice-de-divida-2024 · 1 destinos repetidos (ex.: /en/method ×2)
      · /en/ledger/moita-ganho-medio-mensal-2024 · 1 destinos repetidos (ex.: https://www.ine.pt/bddXplorer/htdocs/minfo.jsp?var_cd=0012656&lingua=PT ×3)
      · /en/ledger/moita-indice-de-divida-2024 · 1 destinos repetidos (ex.: /en/method ×2)
      · /en/ledger/moncao-ganho-medio-mensal-2024 · 1 destinos repetidos (ex.: https://www.ine.pt/bddXplorer/htdocs/minfo.jsp?var_cd=0012656&lingua=PT ×3)
      · /en/ledger/moncao-indice-de-divida-2024 · 1 destinos repetidos (ex.: /en/method ×2)
      · /en/ledger/monchique-ganho-medio-mensal-2024 · 1 destinos repetidos (ex.: https://www.ine.pt/bddXplorer/htdocs/minfo.jsp?var_cd=0012656&lingua=PT ×3)
      · /en/ledger/monchique-indice-de-divida-2024 · 1 destinos repetidos (ex.: /en/method ×2)
      · /en/ledger/mondim-de-basto-ganho-medio-mensal-2024 · 1 destinos repetidos (ex.: https://www.ine.pt/bddXplorer/htdocs/minfo.jsp?var_cd=0012656&lingua=PT ×3)
      · /en/ledger/mondim-de-basto-indice-de-divida-2024 · 1 destinos repetidos (ex.: /en/method ×2)
      · /en/ledger/monforte-ganho-medio-mensal-2024 · 1 destinos repetidos (ex.: https://www.ine.pt/bddXplorer/htdocs/minfo.jsp?var_cd=0012656&lingua=PT ×3)
      · /en/ledger/monforte-indice-de-divida-2024 · 1 destinos repetidos (ex.: /en/method ×2)
      · /en/ledger/montalegre-ganho-medio-mensal-2024 · 1 destinos repetidos (ex.: https://www.ine.pt/bddXplorer/htdocs/minfo.jsp?var_cd=0012656&lingua=PT ×3)
      · /en/ledger/montalegre-indice-de-divida-2024 · 1 destinos repetidos (ex.: /en/method ×2)
      · /en/ledger/montemor-o-novo-ganho-medio-mensal-2024 · 1 destinos repetidos (ex.: https://www.ine.pt/bddXplorer/htdocs/minfo.jsp?var_cd=0012656&lingua=PT ×3)
      · /en/ledger/montemor-o-novo-indice-de-divida-2024 · 1 destinos repetidos (ex.: /en/method ×2)
      · /en/ledger/montemor-o-velho-ganho-medio-mensal-2024 · 1 destinos repetidos (ex.: https://www.ine.pt/bddXplorer/htdocs/minfo.jsp?var_cd=0012656&lingua=PT ×3)
      · /en/ledger/montemor-o-velho-indice-de-divida-2024 · 1 destinos repetidos (ex.: /en/method ×2)
      · /en/ledger/montijo-ganho-medio-mensal-2024 · 1 destinos repetidos (ex.: https://www.ine.pt/bddXplorer/htdocs/minfo.jsp?var_cd=0012656&lingua=PT ×3)
      · /en/ledger/montijo-indice-de-divida-2024 · 1 destinos repetidos (ex.: /en/method ×2)
      · /en/ledger/mora-ganho-medio-mensal-2024 · 1 destinos repetidos (ex.: https://www.ine.pt/bddXplorer/htdocs/minfo.jsp?var_cd=0012656&lingua=PT ×3)
      · /en/ledger/mora-indice-de-divida-2024 · 1 destinos repetidos (ex.: /en/method ×2)
      · /en/ledger/mortagua-ganho-medio-mensal-2024 · 1 destinos repetidos (ex.: https://www.ine.pt/bddXplorer/htdocs/minfo.jsp?var_cd=0012656&lingua=PT ×3)
      · /en/ledger/mortagua-indice-de-divida-2024 · 1 destinos repetidos (ex.: /en/method ×2)
      · /en/ledger/moura-ganho-medio-mensal-2024 · 1 destinos repetidos (ex.: https://www.ine.pt/bddXplorer/htdocs/minfo.jsp?var_cd=0012656&lingua=PT ×3)
      · /en/ledger/moura-indice-de-divida-2024 · 1 destinos repetidos (ex.: /en/method ×2)
      · /en/ledger/mourao-ganho-medio-mensal-2024 · 1 destinos repetidos (ex.: https://www.ine.pt/bddXplorer/htdocs/minfo.jsp?var_cd=0012656&lingua=PT ×3)
      · /en/ledger/mourao-indice-de-divida-2024 · 1 destinos repetidos (ex.: /en/method ×2)
      · /en/ledger/municipalities · 309 destinos repetidos (ex.: /en/ledger/municipalities ×2)
      · /en/ledger/municipios-acores-caop-2025 · 1 destinos repetidos (ex.: https://geo2.dgterritorio.gov.pt/caop/CAOP_RAA_2025-gpkg.zip ×2)
      · /en/ledger/municipios-com-estudo-aprofundado · 1 destinos repetidos (ex.: /en/method ×2)
      · /en/ledger/municipios-continente-caop-2025 · 1 destinos repetidos (ex.: https://geo2.dgterritorio.gov.pt/caop/CAOP_Continente_2025-gpkg.zip ×2)
      · /en/ledger/municipios-madeira-caop-2025 · 1 destinos repetidos (ex.: https://geo2.dgterritorio.gov.pt/caop/CAOP_RAM_2025-gpkg.zip ×2)
      · /en/ledger/municipios-sem-estudo-aprofundado · 1 destinos repetidos (ex.: /en/method ×2)
      · /en/ledger/murca-ganho-medio-mensal-2024 · 1 destinos repetidos (ex.: https://www.ine.pt/bddXplorer/htdocs/minfo.jsp?var_cd=0012656&lingua=PT ×3)
      · /en/ledger/murca-indice-de-divida-2024 · 1 destinos repetidos (ex.: /en/method ×2)
      · /en/ledger/murtosa-ganho-medio-mensal-2024 · 1 destinos repetidos (ex.: https://www.ine.pt/bddXplorer/htdocs/minfo.jsp?var_cd=0012656&lingua=PT ×3)
      · /en/ledger/murtosa-indice-de-divida-2024 · 1 destinos repetidos (ex.: /en/method ×2)
      · /en/ledger/nazare-ganho-medio-mensal-2024 · 1 destinos repetidos (ex.: https://www.ine.pt/bddXplorer/htdocs/minfo.jsp?var_cd=0012656&lingua=PT ×3)
      · /en/ledger/nazare-indice-de-divida-2024 · 1 destinos repetidos (ex.: /en/method ×2)
      · /en/ledger/necessidades-medicas-nao-satisfeitas-2024 · 1 destinos repetidos (ex.: https://ec.europa.eu/eurostat/databrowser/view/tespm110/default/table?lang=en ×3)
      · /en/ledger/necessidades-medicas-nao-satisfeitas-2025-ue · 1 destinos repetidos (ex.: https://ec.europa.eu/eurostat/databrowser/view/tespm110/default/table?lang=en ×3)
      · /en/ledger/necessidades-medicas-nao-satisfeitas-2025 · 1 destinos repetidos (ex.: https://ec.europa.eu/eurostat/databrowser/view/tespm110/default/table?lang=en ×3)
      · /en/ledger/nelas-ganho-medio-mensal-2024 · 1 destinos repetidos (ex.: https://www.ine.pt/bddXplorer/htdocs/minfo.jsp?var_cd=0012656&lingua=PT ×3)
      · /en/ledger/nelas-indice-de-divida-2024 · 1 destinos repetidos (ex.: /en/method ×2)
      · /en/ledger/nisa-ganho-medio-mensal-2024 · 1 destinos repetidos (ex.: https://www.ine.pt/bddXplorer/htdocs/minfo.jsp?var_cd=0012656&lingua=PT ×3)
      · /en/ledger/nisa-indice-de-divida-2024 · 1 destinos repetidos (ex.: /en/method ×2)
      · /en/ledger/nordeste-ganho-medio-mensal-2024 · 1 destinos repetidos (ex.: https://www.ine.pt/bddXplorer/htdocs/minfo.jsp?var_cd=0012656&lingua=PT ×3)
      · /en/ledger/nordeste-indice-de-divida-2024 · 1 destinos repetidos (ex.: /en/method ×2)
      · /en/ledger/obidos-ganho-medio-mensal-2024 · 1 destinos repetidos (ex.: https://www.ine.pt/bddXplorer/htdocs/minfo.jsp?var_cd=0012656&lingua=PT ×3)
      · /en/ledger/obidos-indice-de-divida-2024 · 1 destinos repetidos (ex.: /en/method ×2)
      · /en/ledger/odemira-ganho-medio-mensal-2024 · 1 destinos repetidos (ex.: https://www.ine.pt/bddXplorer/htdocs/minfo.jsp?var_cd=0012656&lingua=PT ×3)
      · /en/ledger/odemira-indice-de-divida-2024 · 1 destinos repetidos (ex.: /en/method ×2)
      · /en/ledger/odivelas-ganho-medio-mensal-2024 · 1 destinos repetidos (ex.: https://www.ine.pt/bddXplorer/htdocs/minfo.jsp?var_cd=0012656&lingua=PT ×3)
      · /en/ledger/odivelas-indice-de-divida-2024 · 1 destinos repetidos (ex.: /en/method ×2)
      · /en/ledger/oe-2026-ativos-e-passivos-da-despesa-administracao-central · 1 destinos repetidos (ex.: /en/method ×2)
      · /en/ledger/oe-2026-ativos-e-passivos-da-receita-administracao-central · 1 destinos repetidos (ex.: /en/method ×2)
      · /en/ledger/oe-2026-ativos-financeiros-liquidos-administracao-central-seguranca-social · 1 destinos repetidos (ex.: /en/method ×2)
      · /en/ledger/oe-2026-cem-euros-funcao-01 · 1 destinos repetidos (ex.: /en/method ×2)
      · /en/ledger/oe-2026-cem-euros-funcao-02 · 1 destinos repetidos (ex.: /en/method ×2)
      · /en/ledger/oe-2026-cem-euros-funcao-03 · 1 destinos repetidos (ex.: /en/method ×2)
      · /en/ledger/oe-2026-cem-euros-funcao-04 · 1 destinos repetidos (ex.: /en/method ×2)
      · /en/ledger/oe-2026-cem-euros-funcao-05 · 1 destinos repetidos (ex.: /en/method ×2)
      · /en/ledger/oe-2026-cem-euros-funcao-06 · 1 destinos repetidos (ex.: /en/method ×2)
      · /en/ledger/oe-2026-cem-euros-funcao-07 · 1 destinos repetidos (ex.: /en/method ×2)
      · /en/ledger/oe-2026-cem-euros-funcao-08 · 1 destinos repetidos (ex.: /en/method ×2)
      · /en/ledger/oe-2026-cem-euros-funcao-09 · 1 destinos repetidos (ex.: /en/method ×2)
      · /en/ledger/oe-2026-cem-euros-funcao-10 · 1 destinos repetidos (ex.: /en/method ×2)
      · /en/ledger/oe-2026-cem-euros-ministerio-administracao-interna · 1 destinos repetidos (ex.: /en/method ×2)
      · /en/ledger/oe-2026-cem-euros-ministerio-agricultura-e-mar · 1 destinos repetidos (ex.: /en/method ×2)
      · /en/ledger/oe-2026-cem-euros-ministerio-ambiente-e-energia · 1 destinos repetidos (ex.: /en/method ×2)
      · /en/ledger/oe-2026-cem-euros-ministerio-cultura-juventude-e-desporto · 1 destinos repetidos (ex.: /en/method ×2)
      · /en/ledger/oe-2026-cem-euros-ministerio-defesa-nacional · 1 destinos repetidos (ex.: /en/method ×2)
      · /en/ledger/oe-2026-cem-euros-ministerio-economia-e-coesao-territorial · 1 destinos repetidos (ex.: /en/method ×2)
      · /en/ledger/oe-2026-cem-euros-ministerio-educacao-ciencia-e-inovacao · 1 destinos repetidos (ex.: /en/method ×2)
      · /en/ledger/oe-2026-cem-euros-ministerio-encargos-gerais-do-estado · 1 destinos repetidos (ex.: /en/method ×2)
      · /en/ledger/oe-2026-cem-euros-ministerio-financas · 1 destinos repetidos (ex.: /en/method ×2)
      · /en/ledger/oe-2026-cem-euros-ministerio-infraestruturas-e-habitacao · 1 destinos repetidos (ex.: /en/method ×2)
      · /en/ledger/oe-2026-cem-euros-ministerio-justica · 1 destinos repetidos (ex.: /en/method ×2)
      · /en/ledger/oe-2026-cem-euros-ministerio-negocios-estrangeiros · 1 destinos repetidos (ex.: /en/method ×2)
      · /en/ledger/oe-2026-cem-euros-ministerio-presidencia-do-conselho-de-ministros · 1 destinos repetidos (ex.: /en/method ×2)
      · /en/ledger/oe-2026-cem-euros-ministerio-reforma-do-estado · 1 destinos repetidos (ex.: /en/method ×2)
      · /en/ledger/oe-2026-cem-euros-ministerio-saude · 1 destinos repetidos (ex.: /en/method ×2)
      · /en/ledger/oe-2026-cem-euros-ministerio-trabalho-solidariedade-e-seguranca-social · 1 destinos repetidos (ex.: /en/method ×2)
      · /en/ledger/oe-2026-despesa-bruta-administracao-central · 1 destinos repetidos (ex.: /en/method ×2)
      · /en/ledger/oe-2026-despesa-consolidada-administracao-central · 1 destinos repetidos (ex.: /en/method ×2)
      · /en/ledger/oe-2026-despesa-consolidada-seguranca-social · 1 destinos repetidos (ex.: /en/method ×2)
      · /en/ledger/oe-2026-despesa-efetiva-administracao-central-seguranca-social · 1 destinos repetidos (ex.: /en/method ×2)
      · /en/ledger/oe-2026-despesa-efetiva-administracao-central · 1 destinos repetidos (ex.: /en/method ×2)
      · /en/ledger/oe-2026-despesa-funcao-01 · 1 destinos repetidos (ex.: /en/method ×2)
      · /en/ledger/oe-2026-despesa-funcao-02 · 1 destinos repetidos (ex.: /en/method ×2)
      · /en/ledger/oe-2026-despesa-funcao-03 · 1 destinos repetidos (ex.: /en/method ×2)
      · /en/ledger/oe-2026-despesa-funcao-04 · 1 destinos repetidos (ex.: /en/method ×2)
      · /en/ledger/oe-2026-despesa-funcao-05 · 1 destinos repetidos (ex.: /en/method ×2)
      · /en/ledger/oe-2026-despesa-funcao-06 · 1 destinos repetidos (ex.: /en/method ×2)
      · /en/ledger/oe-2026-despesa-funcao-07 · 1 destinos repetidos (ex.: /en/method ×2)
      · /en/ledger/oe-2026-despesa-funcao-08 · 1 destinos repetidos (ex.: /en/method ×2)
      · /en/ledger/oe-2026-despesa-funcao-09 · 1 destinos repetidos (ex.: /en/method ×2)
      · /en/ledger/oe-2026-despesa-funcao-10 · 1 destinos repetidos (ex.: /en/method ×2)
      · /en/ledger/oe-2026-despesa-ministerio-administracao-interna · 1 destinos repetidos (ex.: /en/method ×2)
      · /en/ledger/oe-2026-despesa-ministerio-agricultura-e-mar · 1 destinos repetidos (ex.: /en/method ×2)
      · /en/ledger/oe-2026-despesa-ministerio-ambiente-e-energia · 1 destinos repetidos (ex.: /en/method ×2)
      · /en/ledger/oe-2026-despesa-ministerio-cultura-juventude-e-desporto · 1 destinos repetidos (ex.: /en/method ×2)
      · /en/ledger/oe-2026-despesa-ministerio-defesa-nacional · 1 destinos repetidos (ex.: /en/method ×2)
      · /en/ledger/oe-2026-despesa-ministerio-economia-e-coesao-territorial · 1 destinos repetidos (ex.: /en/method ×2)
      · /en/ledger/oe-2026-despesa-ministerio-educacao-ciencia-e-inovacao · 1 destinos repetidos (ex.: /en/method ×2)
      · /en/ledger/oe-2026-despesa-ministerio-encargos-gerais-do-estado · 1 destinos repetidos (ex.: /en/method ×2)
      · /en/ledger/oe-2026-despesa-ministerio-financas · 1 destinos repetidos (ex.: /en/method ×2)
      · /en/ledger/oe-2026-despesa-ministerio-infraestruturas-e-habitacao · 1 destinos repetidos (ex.: /en/method ×2)
      · /en/ledger/oe-2026-despesa-ministerio-justica · 1 destinos repetidos (ex.: /en/method ×2)
      · /en/ledger/oe-2026-despesa-ministerio-negocios-estrangeiros · 1 destinos repetidos (ex.: /en/method ×2)
      · /en/ledger/oe-2026-despesa-ministerio-presidencia-do-conselho-de-ministros · 1 destinos repetidos (ex.: /en/method ×2)
      · /en/ledger/oe-2026-despesa-ministerio-reforma-do-estado · 1 destinos repetidos (ex.: /en/method ×2)
      · /en/ledger/oe-2026-despesa-ministerio-saude · 1 destinos repetidos (ex.: /en/method ×2)
      · /en/ledger/oe-2026-despesa-ministerio-trabalho-solidariedade-e-seguranca-social · 1 destinos repetidos (ex.: /en/method ×2)
      · /en/ledger/oe-2026-despesa-orcamental-administracao-central · 1 destinos repetidos (ex.: /en/method ×2)
      · /en/ledger/oe-2026-despesa-primaria-administracao-central · 1 destinos repetidos (ex.: /en/method ×2)
      · /en/ledger/oe-2026-despesa-programa-001 · 1 destinos repetidos (ex.: /en/method ×2)
      · /en/ledger/oe-2026-despesa-programa-002 · 1 destinos repetidos (ex.: /en/method ×2)
      · /en/ledger/oe-2026-despesa-programa-003 · 1 destinos repetidos (ex.: /en/method ×2)
      · /en/ledger/oe-2026-despesa-programa-004 · 1 destinos repetidos (ex.: /en/method ×2)
      · /en/ledger/oe-2026-despesa-programa-005 · 1 destinos repetidos (ex.: /en/method ×2)
      · /en/ledger/oe-2026-despesa-programa-006 · 1 destinos repetidos (ex.: /en/method ×2)
      · /en/ledger/oe-2026-despesa-programa-007 · 1 destinos repetidos (ex.: /en/method ×2)
      · /en/ledger/oe-2026-despesa-programa-008 · 1 destinos repetidos (ex.: /en/method ×2)
      · /en/ledger/oe-2026-despesa-programa-009 · 1 destinos repetidos (ex.: /en/method ×2)
      · /en/ledger/oe-2026-despesa-programa-010 · 1 destinos repetidos (ex.: /en/method ×2)
      · /en/ledger/oe-2026-despesa-programa-011 · 1 destinos repetidos (ex.: /en/method ×2)
      · /en/ledger/oe-2026-despesa-programa-012 · 1 destinos repetidos (ex.: /en/method ×2)
      · /en/ledger/oe-2026-despesa-programa-013 · 1 destinos repetidos (ex.: /en/method ×2)
      · /en/ledger/oe-2026-despesa-programa-014 · 1 destinos repetidos (ex.: /en/method ×2)
      · /en/ledger/oe-2026-despesa-programa-015 · 1 destinos repetidos (ex.: /en/method ×2)
      · /en/ledger/oe-2026-despesa-programa-016 · 1 destinos repetidos (ex.: /en/method ×2)
      · /en/ledger/oe-2026-despesa-programa-017 · 1 destinos repetidos (ex.: /en/method ×2)
      · /en/ledger/oe-2026-despesa-programa-018 · 1 destinos repetidos (ex.: /en/method ×2)
      · /en/ledger/oe-2026-despesa-programa-019 · 1 destinos repetidos (ex.: /en/method ×2)
      · /en/ledger/oe-2026-despesa-programa-020 · 1 destinos repetidos (ex.: /en/method ×2)
      · /en/ledger/oe-2026-despesa-total · 1 destinos repetidos (ex.: /en/method ×2)
      · /en/ledger/oe-2026-diferencas-consolidacao-funcional · 1 destinos repetidos (ex.: /en/method ×2)
      · /en/ledger/oe-2026-passivos-financeiros-liquidos-administracao-central-seguranca-social · 1 destinos repetidos (ex.: /en/method ×2)
      · /en/ledger/oe-2026-receita-bruta-administracao-central · 1 destinos repetidos (ex.: /en/method ×2)
      · /en/ledger/oe-2026-receita-consolidada-administracao-central · 1 destinos repetidos (ex.: /en/method ×2)
      · /en/ledger/oe-2026-receita-consolidada-seguranca-social · 1 destinos repetidos (ex.: /en/method ×2)
      · /en/ledger/oe-2026-receita-efetiva-administracao-central-seguranca-social · 1 destinos repetidos (ex.: /en/method ×2)
      · /en/ledger/oe-2026-receita-efetiva-administracao-central · 1 destinos repetidos (ex.: /en/method ×2)
      · /en/ledger/oe-2026-receita-orcamental-administracao-central · 1 destinos repetidos (ex.: /en/method ×2)
      · /en/ledger/oe-2026-saldo-global-administracao-central-seguranca-social · 1 destinos repetidos (ex.: /en/method ×2)
      · /en/ledger/oe-2026-saldo-global-administracao-central · 1 destinos repetidos (ex.: /en/method ×2)
      · /en/ledger/oe-2026-saldo-primario-administracao-central · 1 destinos repetidos (ex.: /en/method ×2)
      · /en/ledger/oeiras-ganho-medio-mensal-2024 · 1 destinos repetidos (ex.: https://www.ine.pt/bddXplorer/htdocs/minfo.jsp?var_cd=0012656&lingua=PT ×3)
      · /en/ledger/oeiras-indice-de-divida-2024 · 1 destinos repetidos (ex.: /en/method ×2)
      · /en/ledger/oleiros-ganho-medio-mensal-2024 · 1 destinos repetidos (ex.: https://www.ine.pt/bddXplorer/htdocs/minfo.jsp?var_cd=0012656&lingua=PT ×3)
      · /en/ledger/oleiros-indice-de-divida-2024 · 1 destinos repetidos (ex.: /en/method ×2)
      · /en/ledger/olhao-ganho-medio-mensal-2024 · 1 destinos repetidos (ex.: https://www.ine.pt/bddXplorer/htdocs/minfo.jsp?var_cd=0012656&lingua=PT ×3)
      · /en/ledger/olhao-indice-de-divida-2024 · 1 destinos repetidos (ex.: /en/method ×2)
      · /en/ledger/oliveira-de-azemeis-ganho-medio-mensal-2024 · 1 destinos repetidos (ex.: https://www.ine.pt/bddXplorer/htdocs/minfo.jsp?var_cd=0012656&lingua=PT ×3)
      · /en/ledger/oliveira-de-azemeis-indice-de-divida-2024 · 1 destinos repetidos (ex.: /en/method ×2)
      · /en/ledger/oliveira-de-frades-ganho-medio-mensal-2024 · 1 destinos repetidos (ex.: https://www.ine.pt/bddXplorer/htdocs/minfo.jsp?var_cd=0012656&lingua=PT ×3)
      · /en/ledger/oliveira-de-frades-indice-de-divida-2024 · 1 destinos repetidos (ex.: /en/method ×2)
      · /en/ledger/oliveira-do-bairro-ganho-medio-mensal-2024 · 1 destinos repetidos (ex.: https://www.ine.pt/bddXplorer/htdocs/minfo.jsp?var_cd=0012656&lingua=PT ×3)
      · /en/ledger/oliveira-do-bairro-indice-de-divida-2024 · 1 destinos repetidos (ex.: /en/method ×2)
      · /en/ledger/oliveira-do-hospital-ganho-medio-mensal-2024 · 1 destinos repetidos (ex.: https://www.ine.pt/bddXplorer/htdocs/minfo.jsp?var_cd=0012656&lingua=PT ×3)
      · /en/ledger/oliveira-do-hospital-indice-de-divida-2024 · 1 destinos repetidos (ex.: /en/method ×2)
      · /en/ledger/ourem-ganho-medio-mensal-2024 · 1 destinos repetidos (ex.: https://www.ine.pt/bddXplorer/htdocs/minfo.jsp?var_cd=0012656&lingua=PT ×3)
      · /en/ledger/ourem-indice-de-divida-2024 · 1 destinos repetidos (ex.: /en/method ×2)
      · /en/ledger/ourique-ganho-medio-mensal-2024 · 1 destinos repetidos (ex.: https://www.ine.pt/bddXplorer/htdocs/minfo.jsp?var_cd=0012656&lingua=PT ×3)
      · /en/ledger/ourique-indice-de-divida-2024 · 1 destinos repetidos (ex.: /en/method ×2)
      · /en/ledger/ovar-ganho-medio-mensal-2024 · 1 destinos repetidos (ex.: https://www.ine.pt/bddXplorer/htdocs/minfo.jsp?var_cd=0012656&lingua=PT ×3)
      · /en/ledger/ovar-indice-de-divida-2024 · 1 destinos repetidos (ex.: /en/method ×2)
      · /en/ledger/pacos-de-ferreira-ganho-medio-mensal-2024 · 1 destinos repetidos (ex.: https://www.ine.pt/bddXplorer/htdocs/minfo.jsp?var_cd=0012656&lingua=PT ×3)
      · /en/ledger/pacos-de-ferreira-indice-de-divida-2024 · 1 destinos repetidos (ex.: /en/method ×2)
      · /en/ledger/palmela-ganho-medio-mensal-2024 · 1 destinos repetidos (ex.: https://www.ine.pt/bddXplorer/htdocs/minfo.jsp?var_cd=0012656&lingua=PT ×3)
      · /en/ledger/palmela-indice-de-divida-2024 · 1 destinos repetidos (ex.: /en/method ×2)
      · /en/ledger/pampilhosa-da-serra-ganho-medio-mensal-2024 · 1 destinos repetidos (ex.: https://www.ine.pt/bddXplorer/htdocs/minfo.jsp?var_cd=0012656&lingua=PT ×3)
      · /en/ledger/pampilhosa-da-serra-indice-de-divida-2024 · 1 destinos repetidos (ex.: /en/method ×2)
      · /en/ledger/paredes-de-coura-ganho-medio-mensal-2024 · 1 destinos repetidos (ex.: https://www.ine.pt/bddXplorer/htdocs/minfo.jsp?var_cd=0012656&lingua=PT ×3)
      · /en/ledger/paredes-de-coura-indice-de-divida-2024 · 1 destinos repetidos (ex.: /en/method ×2)
      · /en/ledger/paredes-ganho-medio-mensal-2024 · 1 destinos repetidos (ex.: https://www.ine.pt/bddXplorer/htdocs/minfo.jsp?var_cd=0012656&lingua=PT ×3)
      · /en/ledger/paredes-indice-de-divida-2024 · 1 destinos repetidos (ex.: /en/method ×2)
      · /en/ledger/pedrogao-grande-ganho-medio-mensal-2024 · 1 destinos repetidos (ex.: https://www.ine.pt/bddXplorer/htdocs/minfo.jsp?var_cd=0012656&lingua=PT ×3)
      · /en/ledger/pedrogao-grande-indice-de-divida-2024 · 1 destinos repetidos (ex.: /en/method ×2)
      · /en/ledger/penacova-ganho-medio-mensal-2024 · 1 destinos repetidos (ex.: https://www.ine.pt/bddXplorer/htdocs/minfo.jsp?var_cd=0012656&lingua=PT ×3)
      · /en/ledger/penacova-indice-de-divida-2024 · 1 destinos repetidos (ex.: /en/method ×2)
      · /en/ledger/penafiel-ganho-medio-mensal-2024 · 1 destinos repetidos (ex.: https://www.ine.pt/bddXplorer/htdocs/minfo.jsp?var_cd=0012656&lingua=PT ×3)
      · /en/ledger/penafiel-indice-de-divida-2024 · 1 destinos repetidos (ex.: /en/method ×2)
      · /en/ledger/penalva-do-castelo-ganho-medio-mensal-2024 · 1 destinos repetidos (ex.: https://www.ine.pt/bddXplorer/htdocs/minfo.jsp?var_cd=0012656&lingua=PT ×3)
      · /en/ledger/penalva-do-castelo-indice-de-divida-2024 · 1 destinos repetidos (ex.: /en/method ×2)
      · /en/ledger/penamacor-ganho-medio-mensal-2024 · 1 destinos repetidos (ex.: https://www.ine.pt/bddXplorer/htdocs/minfo.jsp?var_cd=0012656&lingua=PT ×3)
      · /en/ledger/penamacor-indice-de-divida-2024 · 1 destinos repetidos (ex.: /en/method ×2)
      · /en/ledger/penedono-ganho-medio-mensal-2024 · 1 destinos repetidos (ex.: https://www.ine.pt/bddXplorer/htdocs/minfo.jsp?var_cd=0012656&lingua=PT ×3)
      · /en/ledger/penedono-indice-de-divida-2024 · 1 destinos repetidos (ex.: /en/method ×2)
      · /en/ledger/penela-ganho-medio-mensal-2024 · 1 destinos repetidos (ex.: https://www.ine.pt/bddXplorer/htdocs/minfo.jsp?var_cd=0012656&lingua=PT ×3)
      · /en/ledger/penela-indice-de-divida-2024 · 1 destinos repetidos (ex.: /en/method ×2)
      · /en/ledger/peniche-ganho-medio-mensal-2024 · 1 destinos repetidos (ex.: https://www.ine.pt/bddXplorer/htdocs/minfo.jsp?var_cd=0012656&lingua=PT ×3)
      · /en/ledger/peniche-indice-de-divida-2024 · 1 destinos repetidos (ex.: /en/method ×2)
      · /en/ledger/pensao-media-anual-2024 · 2 destinos repetidos (ex.: https://www.ine.pt/bddXplorer/htdocs/minfo.jsp?var_cd=0014532&lingua=PT ×3)
      · /en/ledger/pensao-media-anual-2025 · 2 destinos repetidos (ex.: https://www.ine.pt/bddXplorer/htdocs/minfo.jsp?var_cd=0014532&lingua=PT ×4)
      · /en/ledger/peso-da-regua-ganho-medio-mensal-2024 · 1 destinos repetidos (ex.: https://www.ine.pt/bddXplorer/htdocs/minfo.jsp?var_cd=0012656&lingua=PT ×3)
      · /en/ledger/peso-da-regua-indice-de-divida-2024 · 1 destinos repetidos (ex.: /en/method ×2)
      · /en/ledger/pib-pc-acores-2024 · 1 destinos repetidos (ex.: https://ec.europa.eu/eurostat/databrowser/view/nama_10r_2gdp/default/table?lang=en ×3)
      · /en/ledger/pib-pc-alentejo-2000 · 1 destinos repetidos (ex.: https://ec.europa.eu/eurostat/databrowser/view/nama_10r_2gdp/default/table?lang=en ×3)
      · /en/ledger/pib-pc-alentejo-2024 · 1 destinos repetidos (ex.: https://ec.europa.eu/eurostat/databrowser/view/nama_10r_2gdp/default/table?lang=en ×3)
      · /en/ledger/pib-pc-algarve-2024 · 1 destinos repetidos (ex.: https://ec.europa.eu/eurostat/databrowser/view/nama_10r_2gdp/default/table?lang=en ×3)
      · /en/ledger/pib-pc-centro-2024 · 1 destinos repetidos (ex.: https://ec.europa.eu/eurostat/databrowser/view/nama_10r_2gdp/default/table?lang=en ×3)
      · /en/ledger/pib-pc-grande-lisboa-2024 · 1 destinos repetidos (ex.: https://ec.europa.eu/eurostat/databrowser/view/nama_10r_2gdp/default/table?lang=en ×3)
      · /en/ledger/pib-pc-madeira-2024 · 1 destinos repetidos (ex.: https://ec.europa.eu/eurostat/databrowser/view/nama_10r_2gdp/default/table?lang=en ×3)
      · /en/ledger/pib-pc-norte-2024 · 1 destinos repetidos (ex.: https://ec.europa.eu/eurostat/databrowser/view/nama_10r_2gdp/default/table?lang=en ×3)
      · /en/ledger/pib-pc-oeste-e-vale-do-tejo-2024 · 1 destinos repetidos (ex.: https://ec.europa.eu/eurostat/databrowser/view/nama_10r_2gdp/default/table?lang=en ×3)
      · /en/ledger/pib-pc-peninsula-de-setubal-2024 · 1 destinos repetidos (ex.: https://ec.europa.eu/eurostat/databrowser/view/nama_10r_2gdp/default/table?lang=en ×3)
      · /en/ledger/pib-pc-portugal-2024 · 1 destinos repetidos (ex.: https://ec.europa.eu/eurostat/databrowser/view/nama_10r_2gdp/default/table?lang=en ×3)
      · /en/ledger/pib-real-per-capita-2024 · 1 destinos repetidos (ex.: https://ec.europa.eu/eurostat/databrowser/view/tipsna40/default/table?lang=en ×3)
      · /en/ledger/pib-real-per-capita-2025-ue · 1 destinos repetidos (ex.: https://ec.europa.eu/eurostat/databrowser/view/tipsna40/default/table?lang=en ×3)
      · /en/ledger/pib-real-per-capita-2025 · 1 destinos repetidos (ex.: https://ec.europa.eu/eurostat/databrowser/view/tipsna40/default/table?lang=en ×3)
      · /en/ledger/pinhel-ganho-medio-mensal-2024 · 1 destinos repetidos (ex.: https://www.ine.pt/bddXplorer/htdocs/minfo.jsp?var_cd=0012656&lingua=PT ×3)
      · /en/ledger/pinhel-indice-de-divida-2024 · 1 destinos repetidos (ex.: /en/method ×2)
      · /en/ledger/pombal-ganho-medio-mensal-2024 · 1 destinos repetidos (ex.: https://www.ine.pt/bddXplorer/htdocs/minfo.jsp?var_cd=0012656&lingua=PT ×3)
      · /en/ledger/pombal-indice-de-divida-2024 · 1 destinos repetidos (ex.: /en/method ×2)
      · /en/ledger/ponta-delgada-ganho-medio-mensal-2024 · 1 destinos repetidos (ex.: https://www.ine.pt/bddXplorer/htdocs/minfo.jsp?var_cd=0012656&lingua=PT ×3)
      · /en/ledger/ponta-delgada-indice-de-divida-2024 · 1 destinos repetidos (ex.: /en/method ×2)
      · /en/ledger/ponta-do-sol-ganho-medio-mensal-2024 · 1 destinos repetidos (ex.: https://www.ine.pt/bddXplorer/htdocs/minfo.jsp?var_cd=0012656&lingua=PT ×3)
      · /en/ledger/ponta-do-sol-indice-de-divida-2024 · 1 destinos repetidos (ex.: /en/method ×2)
      · /en/ledger/ponte-da-barca-ganho-medio-mensal-2024 · 1 destinos repetidos (ex.: https://www.ine.pt/bddXplorer/htdocs/minfo.jsp?var_cd=0012656&lingua=PT ×3)
      · /en/ledger/ponte-da-barca-indice-de-divida-2024 · 1 destinos repetidos (ex.: /en/method ×2)
      · /en/ledger/ponte-de-lima-ganho-medio-mensal-2024 · 1 destinos repetidos (ex.: https://www.ine.pt/bddXplorer/htdocs/minfo.jsp?var_cd=0012656&lingua=PT ×3)
      · /en/ledger/ponte-de-lima-indice-de-divida-2024 · 1 destinos repetidos (ex.: /en/method ×2)
      · /en/ledger/ponte-de-sor-ganho-medio-mensal-2024 · 1 destinos repetidos (ex.: https://www.ine.pt/bddXplorer/htdocs/minfo.jsp?var_cd=0012656&lingua=PT ×3)
      · /en/ledger/ponte-de-sor-indice-de-divida-2024 · 1 destinos repetidos (ex.: /en/method ×2)
      · /en/ledger/portalegre-ganho-medio-mensal-2024 · 1 destinos repetidos (ex.: https://www.ine.pt/bddXplorer/htdocs/minfo.jsp?var_cd=0012656&lingua=PT ×3)
      · /en/ledger/portalegre-indice-de-divida-2024 · 1 destinos repetidos (ex.: /en/method ×2)
      · /en/ledger/portel-ganho-medio-mensal-2024 · 1 destinos repetidos (ex.: https://www.ine.pt/bddXplorer/htdocs/minfo.jsp?var_cd=0012656&lingua=PT ×3)
      · /en/ledger/portel-indice-de-divida-2024 · 1 destinos repetidos (ex.: /en/method ×2)
      · /en/ledger/portimao-ganho-medio-mensal-2024 · 1 destinos repetidos (ex.: https://www.ine.pt/bddXplorer/htdocs/minfo.jsp?var_cd=0012656&lingua=PT ×3)
      · /en/ledger/portimao-indice-de-divida-2024 · 1 destinos repetidos (ex.: /en/method ×2)
      · /en/ledger/porto-de-mos-ganho-medio-mensal-2024 · 1 destinos repetidos (ex.: https://www.ine.pt/bddXplorer/htdocs/minfo.jsp?var_cd=0012656&lingua=PT ×3)
      · /en/ledger/porto-de-mos-indice-de-divida-2024 · 1 destinos repetidos (ex.: /en/method ×2)
      · /en/ledger/porto-ganho-medio-mensal-2024 · 1 destinos repetidos (ex.: https://www.ine.pt/bddXplorer/htdocs/minfo.jsp?var_cd=0012656&lingua=PT ×3)
      · /en/ledger/porto-indice-de-divida-2024 · 1 destinos repetidos (ex.: /en/method ×2)
      · /en/ledger/porto-moniz-ganho-medio-mensal-2024 · 1 destinos repetidos (ex.: https://www.ine.pt/bddXplorer/htdocs/minfo.jsp?var_cd=0012656&lingua=PT ×3)
      · /en/ledger/porto-moniz-indice-de-divida-2024 · 1 destinos repetidos (ex.: /en/method ×2)
      · /en/ledger/porto-santo-ganho-medio-mensal-2024 · 1 destinos repetidos (ex.: https://www.ine.pt/bddXplorer/htdocs/minfo.jsp?var_cd=0012656&lingua=PT ×3)
      · /en/ledger/porto-santo-indice-de-divida-2024 · 1 destinos repetidos (ex.: /en/method ×2)
      · /en/ledger/posicao-de-investimento-internacional-2024 · 1 destinos repetidos (ex.: https://ec.europa.eu/eurostat/databrowser/view/tipsii10/default/table?lang=en ×3)
      · /en/ledger/posicao-de-investimento-internacional-2025 · 1 destinos repetidos (ex.: https://ec.europa.eu/eurostat/databrowser/view/tipsii10/default/table?lang=en ×3)
      · /en/ledger/povoa-de-lanhoso-ganho-medio-mensal-2024 · 1 destinos repetidos (ex.: https://www.ine.pt/bddXplorer/htdocs/minfo.jsp?var_cd=0012656&lingua=PT ×3)
      · /en/ledger/povoa-de-lanhoso-indice-de-divida-2024 · 1 destinos repetidos (ex.: /en/method ×2)
      · /en/ledger/povoa-de-varzim-ganho-medio-mensal-2024 · 1 destinos repetidos (ex.: https://www.ine.pt/bddXplorer/htdocs/minfo.jsp?var_cd=0012656&lingua=PT ×3)
      · /en/ledger/povoa-de-varzim-indice-de-divida-2024 · 1 destinos repetidos (ex.: /en/method ×2)
      · /en/ledger/povoacao-ganho-medio-mensal-2024 · 1 destinos repetidos (ex.: https://www.ine.pt/bddXplorer/htdocs/minfo.jsp?var_cd=0012656&lingua=PT ×3)
      · /en/ledger/povoacao-indice-de-divida-2024 · 1 destinos repetidos (ex.: /en/method ×2)
      · /en/ledger/praia-da-vitoria-ganho-medio-mensal-2024 · 1 destinos repetidos (ex.: https://www.ine.pt/bddXplorer/htdocs/minfo.jsp?var_cd=0012656&lingua=PT ×3)
      · /en/ledger/praia-da-vitoria-indice-de-divida-2024 · 1 destinos repetidos (ex.: /en/method ×2)
      · /en/ledger/precos-da-habitacao-2024 · 1 destinos repetidos (ex.: https://ec.europa.eu/eurostat/databrowser/view/tipsho20/default/table?lang=en ×3)
      · /en/ledger/precos-da-habitacao-2025-ue · 1 destinos repetidos (ex.: https://ec.europa.eu/eurostat/databrowser/view/tipsho20/default/table?lang=en ×3)
      · /en/ledger/precos-da-habitacao-2025 · 1 destinos repetidos (ex.: https://ec.europa.eu/eurostat/databrowser/view/tipsho20/default/table?lang=en ×3)
      · /en/ledger/proenca-a-nova-ganho-medio-mensal-2024 · 1 destinos repetidos (ex.: https://www.ine.pt/bddXplorer/htdocs/minfo.jsp?var_cd=0012656&lingua=PT ×3)
      · /en/ledger/proenca-a-nova-indice-de-divida-2024 · 1 destinos repetidos (ex.: /en/method ×2)
      · /en/ledger/racio-s80-s20-2024 · 1 destinos repetidos (ex.: https://ec.europa.eu/eurostat/databrowser/view/tessi180/default/table?lang=en ×3)
      · /en/ledger/racio-s80-s20-2025-ue · 1 destinos repetidos (ex.: https://ec.europa.eu/eurostat/databrowser/view/tessi180/default/table?lang=en ×3)
      · /en/ledger/racio-s80-s20-2025 · 1 destinos repetidos (ex.: https://ec.europa.eu/eurostat/databrowser/view/tessi180/default/table?lang=en ×3)
      · /en/ledger/redondo-ganho-medio-mensal-2024 · 1 destinos repetidos (ex.: https://www.ine.pt/bddXplorer/htdocs/minfo.jsp?var_cd=0012656&lingua=PT ×3)
      · /en/ledger/redondo-indice-de-divida-2024 · 1 destinos repetidos (ex.: /en/method ×2)
      · /en/ledger/reguengos-de-monsaraz-ganho-medio-mensal-2024 · 1 destinos repetidos (ex.: https://www.ine.pt/bddXplorer/htdocs/minfo.jsp?var_cd=0012656&lingua=PT ×3)
      · /en/ledger/reguengos-de-monsaraz-indice-de-divida-2024 · 1 destinos repetidos (ex.: /en/method ×2)
      · /en/ledger/remuneracao-bruta-mensal-media-periodo-anterior · 2 destinos repetidos (ex.: https://www.ine.pt/bddXplorer/htdocs/minfo.jsp?var_cd=0014751&lingua=PT ×3)
      · /en/ledger/remuneracao-bruta-mensal-media · 2 destinos repetidos (ex.: https://www.ine.pt/bddXplorer/htdocs/minfo.jsp?var_cd=0014751&lingua=PT ×3)
      · /en/ledger/resende-ganho-medio-mensal-2024 · 1 destinos repetidos (ex.: https://www.ine.pt/bddXplorer/htdocs/minfo.jsp?var_cd=0012656&lingua=PT ×3)
      · /en/ledger/resende-indice-de-divida-2024 · 1 destinos repetidos (ex.: /en/method ×2)
      · /en/ledger/retribuicao-minima-mensal-doze-meses-2026 · 1 destinos repetidos (ex.: https://ec.europa.eu/eurostat/databrowser/view/earn_mw_cur/default/table?lang=en ×3)
      · /en/ledger/ribeira-brava-ganho-medio-mensal-2024 · 1 destinos repetidos (ex.: https://www.ine.pt/bddXplorer/htdocs/minfo.jsp?var_cd=0012656&lingua=PT ×3)
      · /en/ledger/ribeira-brava-indice-de-divida-2024 · 1 destinos repetidos (ex.: /en/method ×2)
      · /en/ledger/ribeira-de-pena-ganho-medio-mensal-2024 · 1 destinos repetidos (ex.: https://www.ine.pt/bddXplorer/htdocs/minfo.jsp?var_cd=0012656&lingua=PT ×3)
      · /en/ledger/ribeira-de-pena-indice-de-divida-2024 · 1 destinos repetidos (ex.: /en/method ×2)
      · /en/ledger/ribeira-grande-ganho-medio-mensal-2024 · 1 destinos repetidos (ex.: https://www.ine.pt/bddXplorer/htdocs/minfo.jsp?var_cd=0012656&lingua=PT ×3)
      · /en/ledger/ribeira-grande-indice-de-divida-2024 · 1 destinos repetidos (ex.: /en/method ×2)
      · /en/ledger/rio-maior-ganho-medio-mensal-2024 · 1 destinos repetidos (ex.: https://www.ine.pt/bddXplorer/htdocs/minfo.jsp?var_cd=0012656&lingua=PT ×3)
      · /en/ledger/rio-maior-indice-de-divida-2024 · 1 destinos repetidos (ex.: /en/method ×2)
      · /en/ledger/risco-de-pobreza-ou-exclusao-2024 · 1 destinos repetidos (ex.: https://ec.europa.eu/eurostat/databrowser/view/tipslc10/default/table?lang=en ×3)
      · /en/ledger/risco-de-pobreza-ou-exclusao-2025-ue · 1 destinos repetidos (ex.: https://ec.europa.eu/eurostat/databrowser/view/tipslc10/default/table?lang=en ×3)
      · /en/ledger/risco-de-pobreza-ou-exclusao-2025 · 1 destinos repetidos (ex.: https://ec.europa.eu/eurostat/databrowser/view/tipslc10/default/table?lang=en ×3)
      · /en/ledger/sabrosa-ganho-medio-mensal-2024 · 1 destinos repetidos (ex.: https://www.ine.pt/bddXplorer/htdocs/minfo.jsp?var_cd=0012656&lingua=PT ×3)
      · /en/ledger/sabrosa-indice-de-divida-2024 · 1 destinos repetidos (ex.: /en/method ×2)
      · /en/ledger/sabugal-ganho-medio-mensal-2024 · 1 destinos repetidos (ex.: https://www.ine.pt/bddXplorer/htdocs/minfo.jsp?var_cd=0012656&lingua=PT ×3)
      · /en/ledger/sabugal-indice-de-divida-2024 · 1 destinos repetidos (ex.: /en/method ×2)
      · /en/ledger/saldo-da-balanca-corrente-2024 · 1 destinos repetidos (ex.: https://ec.europa.eu/eurostat/databrowser/view/tipsbp10/default/table?lang=en ×3)
      · /en/ledger/saldo-da-balanca-corrente-2025 · 1 destinos repetidos (ex.: https://ec.europa.eu/eurostat/databrowser/view/tipsbp10/default/table?lang=en ×3)
      · /en/ledger/saldo-das-administracoes-publicas-2024 · 2 destinos repetidos (ex.: https://ec.europa.eu/eurostat/databrowser/view/gov_10dd_edpt1/default/table?lang=en ×3)
      · /en/ledger/saldo-das-administracoes-publicas-2025-notificacao-ine-2026-09 · 1 destinos repetidos (ex.: /en/method ×2)
      · /en/ledger/saldo-das-administracoes-publicas-2025 · 1 destinos repetidos (ex.: https://ec.europa.eu/eurostat/databrowser/view/gov_10dd_edpt1/default/table?lang=en ×3)
      · /en/ledger/saldo-natural-portugal-2025 · 2 destinos repetidos (ex.: /en/to-verify ×6)
      · /en/ledger/salvaterra-de-magos-ganho-medio-mensal-2024 · 1 destinos repetidos (ex.: https://www.ine.pt/bddXplorer/htdocs/minfo.jsp?var_cd=0012656&lingua=PT ×3)
      · /en/ledger/salvaterra-de-magos-indice-de-divida-2024 · 1 destinos repetidos (ex.: /en/method ×2)
      · /en/ledger/santa-comba-dao-ganho-medio-mensal-2024 · 1 destinos repetidos (ex.: https://www.ine.pt/bddXplorer/htdocs/minfo.jsp?var_cd=0012656&lingua=PT ×3)
      · /en/ledger/santa-comba-dao-indice-de-divida-2024 · 1 destinos repetidos (ex.: /en/method ×2)
      · /en/ledger/santa-cruz-da-graciosa-ganho-medio-mensal-2024 · 1 destinos repetidos (ex.: https://www.ine.pt/bddXplorer/htdocs/minfo.jsp?var_cd=0012656&lingua=PT ×3)
      · /en/ledger/santa-cruz-da-graciosa-indice-de-divida-2024 · 1 destinos repetidos (ex.: /en/method ×2)
      · /en/ledger/santa-cruz-das-flores-ganho-medio-mensal-2024 · 1 destinos repetidos (ex.: https://www.ine.pt/bddXplorer/htdocs/minfo.jsp?var_cd=0012656&lingua=PT ×3)
      · /en/ledger/santa-cruz-das-flores-indice-de-divida-2024 · 1 destinos repetidos (ex.: /en/method ×2)
      · /en/ledger/santa-cruz-ganho-medio-mensal-2024 · 1 destinos repetidos (ex.: https://www.ine.pt/bddXplorer/htdocs/minfo.jsp?var_cd=0012656&lingua=PT ×3)
      · /en/ledger/santa-cruz-indice-de-divida-2024 · 1 destinos repetidos (ex.: /en/method ×2)
      · /en/ledger/santa-maria-da-feira-ganho-medio-mensal-2024 · 1 destinos repetidos (ex.: https://www.ine.pt/bddXplorer/htdocs/minfo.jsp?var_cd=0012656&lingua=PT ×3)
      · /en/ledger/santa-maria-da-feira-indice-de-divida-2024 · 1 destinos repetidos (ex.: /en/method ×2)
      · /en/ledger/santa-marta-de-penaguiao-ganho-medio-mensal-2024 · 1 destinos repetidos (ex.: https://www.ine.pt/bddXplorer/htdocs/minfo.jsp?var_cd=0012656&lingua=PT ×3)
      · /en/ledger/santa-marta-de-penaguiao-indice-de-divida-2024 · 1 destinos repetidos (ex.: /en/method ×2)
      · /en/ledger/santana-ganho-medio-mensal-2024 · 1 destinos repetidos (ex.: https://www.ine.pt/bddXplorer/htdocs/minfo.jsp?var_cd=0012656&lingua=PT ×3)
      · /en/ledger/santana-indice-de-divida-2024 · 1 destinos repetidos (ex.: /en/method ×2)
      · /en/ledger/santarem-ganho-medio-mensal-2024 · 1 destinos repetidos (ex.: https://www.ine.pt/bddXplorer/htdocs/minfo.jsp?var_cd=0012656&lingua=PT ×3)
      · /en/ledger/santarem-indice-de-divida-2024 · 1 destinos repetidos (ex.: /en/method ×2)
      · /en/ledger/santiago-do-cacem-ganho-medio-mensal-2024 · 1 destinos repetidos (ex.: https://www.ine.pt/bddXplorer/htdocs/minfo.jsp?var_cd=0012656&lingua=PT ×3)
      · /en/ledger/santiago-do-cacem-indice-de-divida-2024 · 1 destinos repetidos (ex.: /en/method ×2)
      · /en/ledger/santo-tirso-ganho-medio-mensal-2024 · 1 destinos repetidos (ex.: https://www.ine.pt/bddXplorer/htdocs/minfo.jsp?var_cd=0012656&lingua=PT ×3)
      · /en/ledger/santo-tirso-indice-de-divida-2024 · 1 destinos repetidos (ex.: /en/method ×2)
      · /en/ledger/sao-bras-de-alportel-ganho-medio-mensal-2024 · 1 destinos repetidos (ex.: https://www.ine.pt/bddXplorer/htdocs/minfo.jsp?var_cd=0012656&lingua=PT ×3)
      · /en/ledger/sao-bras-de-alportel-indice-de-divida-2024 · 1 destinos repetidos (ex.: /en/method ×2)
      · /en/ledger/sao-joao-da-madeira-ganho-medio-mensal-2024 · 1 destinos repetidos (ex.: https://www.ine.pt/bddXplorer/htdocs/minfo.jsp?var_cd=0012656&lingua=PT ×3)
      · /en/ledger/sao-joao-da-madeira-indice-de-divida-2024 · 1 destinos repetidos (ex.: /en/method ×2)
      · /en/ledger/sao-joao-da-pesqueira-ganho-medio-mensal-2024 · 1 destinos repetidos (ex.: https://www.ine.pt/bddXplorer/htdocs/minfo.jsp?var_cd=0012656&lingua=PT ×3)
      · /en/ledger/sao-joao-da-pesqueira-indice-de-divida-2024 · 1 destinos repetidos (ex.: /en/method ×2)
      · /en/ledger/sao-pedro-do-sul-ganho-medio-mensal-2024 · 1 destinos repetidos (ex.: https://www.ine.pt/bddXplorer/htdocs/minfo.jsp?var_cd=0012656&lingua=PT ×3)
      · /en/ledger/sao-pedro-do-sul-indice-de-divida-2024 · 1 destinos repetidos (ex.: /en/method ×2)
      · /en/ledger/sao-roque-do-pico-ganho-medio-mensal-2024 · 1 destinos repetidos (ex.: https://www.ine.pt/bddXplorer/htdocs/minfo.jsp?var_cd=0012656&lingua=PT ×3)
      · /en/ledger/sao-roque-do-pico-indice-de-divida-2024 · 1 destinos repetidos (ex.: /en/method ×2)
      · /en/ledger/sao-vicente-ganho-medio-mensal-2024 · 1 destinos repetidos (ex.: https://www.ine.pt/bddXplorer/htdocs/minfo.jsp?var_cd=0012656&lingua=PT ×3)
      · /en/ledger/sao-vicente-indice-de-divida-2024 · 1 destinos repetidos (ex.: /en/method ×2)
      · /en/ledger/sardoal-ganho-medio-mensal-2024 · 1 destinos repetidos (ex.: https://www.ine.pt/bddXplorer/htdocs/minfo.jsp?var_cd=0012656&lingua=PT ×3)
      · /en/ledger/sardoal-indice-de-divida-2024 · 1 destinos repetidos (ex.: /en/method ×2)
      · /en/ledger/satao-ganho-medio-mensal-2024 · 1 destinos repetidos (ex.: https://www.ine.pt/bddXplorer/htdocs/minfo.jsp?var_cd=0012656&lingua=PT ×3)
      · /en/ledger/satao-indice-de-divida-2024 · 1 destinos repetidos (ex.: /en/method ×2)
      · /en/ledger/seia-ganho-medio-mensal-2024 · 1 destinos repetidos (ex.: https://www.ine.pt/bddXplorer/htdocs/minfo.jsp?var_cd=0012656&lingua=PT ×3)
      · /en/ledger/seia-indice-de-divida-2024 · 1 destinos repetidos (ex.: /en/method ×2)
      · /en/ledger/seixal-ganho-medio-mensal-2024 · 1 destinos repetidos (ex.: https://www.ine.pt/bddXplorer/htdocs/minfo.jsp?var_cd=0012656&lingua=PT ×3)
      · /en/ledger/seixal-indice-de-divida-2024 · 1 destinos repetidos (ex.: /en/method ×2)
      · /en/ledger/sernancelhe-ganho-medio-mensal-2024 · 1 destinos repetidos (ex.: https://www.ine.pt/bddXplorer/htdocs/minfo.jsp?var_cd=0012656&lingua=PT ×3)
      · /en/ledger/sernancelhe-indice-de-divida-2024 · 1 destinos repetidos (ex.: /en/method ×2)
      · /en/ledger/serpa-ganho-medio-mensal-2024 · 1 destinos repetidos (ex.: https://www.ine.pt/bddXplorer/htdocs/minfo.jsp?var_cd=0012656&lingua=PT ×3)
      · /en/ledger/serpa-indice-de-divida-2024 · 1 destinos repetidos (ex.: /en/method ×2)
      · /en/ledger/serta-ganho-medio-mensal-2024 · 1 destinos repetidos (ex.: https://www.ine.pt/bddXplorer/htdocs/minfo.jsp?var_cd=0012656&lingua=PT ×3)
      · /en/ledger/serta-indice-de-divida-2024 · 1 destinos repetidos (ex.: /en/method ×2)
      · /en/ledger/sesimbra-ganho-medio-mensal-2024 · 1 destinos repetidos (ex.: https://www.ine.pt/bddXplorer/htdocs/minfo.jsp?var_cd=0012656&lingua=PT ×3)
      · /en/ledger/sesimbra-indice-de-divida-2024 · 1 destinos repetidos (ex.: /en/method ×2)
      · /en/ledger/setubal-ganho-medio-mensal-2024 · 1 destinos repetidos (ex.: https://www.ine.pt/bddXplorer/htdocs/minfo.jsp?var_cd=0012656&lingua=PT ×3)
      · /en/ledger/setubal-indice-de-divida-2024 · 1 destinos repetidos (ex.: /en/method ×2)
      · /en/ledger/sever-do-vouga-ganho-medio-mensal-2024 · 1 destinos repetidos (ex.: https://www.ine.pt/bddXplorer/htdocs/minfo.jsp?var_cd=0012656&lingua=PT ×3)
      · /en/ledger/sever-do-vouga-indice-de-divida-2024 · 1 destinos repetidos (ex.: /en/method ×2)
      · /en/ledger/silves-ganho-medio-mensal-2024 · 1 destinos repetidos (ex.: https://www.ine.pt/bddXplorer/htdocs/minfo.jsp?var_cd=0012656&lingua=PT ×3)
      · /en/ledger/silves-indice-de-divida-2024 · 1 destinos repetidos (ex.: /en/method ×2)
      · /en/ledger/sines-ganho-medio-mensal-2024 · 1 destinos repetidos (ex.: https://www.ine.pt/bddXplorer/htdocs/minfo.jsp?var_cd=0012656&lingua=PT ×3)
      · /en/ledger/sines-indice-de-divida-2024 · 1 destinos repetidos (ex.: /en/method ×2)
      · /en/ledger/sintra-ganho-medio-mensal-2024 · 1 destinos repetidos (ex.: https://www.ine.pt/bddXplorer/htdocs/minfo.jsp?var_cd=0012656&lingua=PT ×3)
      · /en/ledger/sintra-indice-de-divida-2024 · 1 destinos repetidos (ex.: /en/method ×2)
      · /en/ledger/sobral-de-monte-agraco-ganho-medio-mensal-2024 · 1 destinos repetidos (ex.: https://www.ine.pt/bddXplorer/htdocs/minfo.jsp?var_cd=0012656&lingua=PT ×3)
      · /en/ledger/sobral-de-monte-agraco-indice-de-divida-2024 · 1 destinos repetidos (ex.: /en/method ×2)
      · /en/ledger/sobrecarga-do-custo-da-habitacao-2024 · 1 destinos repetidos (ex.: https://ec.europa.eu/eurostat/databrowser/view/tespm140/default/table?lang=en ×3)
      · /en/ledger/sobrecarga-do-custo-da-habitacao-2025-ue · 1 destinos repetidos (ex.: https://ec.europa.eu/eurostat/databrowser/view/tespm140/default/table?lang=en ×3)
      · /en/ledger/sobrecarga-do-custo-da-habitacao-2025 · 1 destinos repetidos (ex.: https://ec.europa.eu/eurostat/databrowser/view/tespm140/default/table?lang=en ×3)
      · /en/ledger/sobrecarga-do-custo-da-habitacao-inquilinos-mercado-2024 · 2 destinos repetidos (ex.: https://ec.europa.eu/eurostat/databrowser/view/tessi164/default/table?lang=en ×3)
      · /en/ledger/sobrecarga-do-custo-da-habitacao-inquilinos-mercado-2025-ue · 2 destinos repetidos (ex.: https://ec.europa.eu/eurostat/databrowser/view/tessi164/default/table?lang=en ×3)
      · /en/ledger/sobrecarga-do-custo-da-habitacao-inquilinos-mercado-2025 · 2 destinos repetidos (ex.: https://ec.europa.eu/eurostat/databrowser/view/tessi164/default/table?lang=en ×3)
      · /en/ledger/soure-ganho-medio-mensal-2024 · 1 destinos repetidos (ex.: https://www.ine.pt/bddXplorer/htdocs/minfo.jsp?var_cd=0012656&lingua=PT ×3)
      · /en/ledger/soure-indice-de-divida-2024 · 1 destinos repetidos (ex.: /en/method ×2)
      · /en/ledger/sousel-ganho-medio-mensal-2024 · 1 destinos repetidos (ex.: https://www.ine.pt/bddXplorer/htdocs/minfo.jsp?var_cd=0012656&lingua=PT ×3)
      · /en/ledger/sousel-indice-de-divida-2024 · 1 destinos repetidos (ex.: /en/method ×2)
      · /en/ledger/tabua-ganho-medio-mensal-2024 · 1 destinos repetidos (ex.: https://www.ine.pt/bddXplorer/htdocs/minfo.jsp?var_cd=0012656&lingua=PT ×3)
      · /en/ledger/tabua-indice-de-divida-2024 · 1 destinos repetidos (ex.: /en/method ×2)
      · /en/ledger/tabuaco-ganho-medio-mensal-2024 · 1 destinos repetidos (ex.: https://www.ine.pt/bddXplorer/htdocs/minfo.jsp?var_cd=0012656&lingua=PT ×3)
      · /en/ledger/tabuaco-indice-de-divida-2024 · 1 destinos repetidos (ex.: /en/method ×2)
      · /en/ledger/tarouca-ganho-medio-mensal-2024 · 1 destinos repetidos (ex.: https://www.ine.pt/bddXplorer/htdocs/minfo.jsp?var_cd=0012656&lingua=PT ×3)
      · /en/ledger/tarouca-indice-de-divida-2024 · 1 destinos repetidos (ex.: /en/method ×2)
      · /en/ledger/tavira-ganho-medio-mensal-2024 · 1 destinos repetidos (ex.: https://www.ine.pt/bddXplorer/htdocs/minfo.jsp?var_cd=0012656&lingua=PT ×3)
      · /en/ledger/tavira-indice-de-divida-2024 · 1 destinos repetidos (ex.: /en/method ×2)
      · /en/ledger/taxa-de-actividade-2024 · 1 destinos repetidos (ex.: https://ec.europa.eu/eurostat/databrowser/view/tipslm60/default/table?lang=en ×3)
      · /en/ledger/taxa-de-actividade-2025-ue · 1 destinos repetidos (ex.: https://ec.europa.eu/eurostat/databrowser/view/tipslm60/default/table?lang=en ×3)
      · /en/ledger/taxa-de-actividade-2025 · 1 destinos repetidos (ex.: https://ec.europa.eu/eurostat/databrowser/view/tipslm60/default/table?lang=en ×3)
      · /en/ledger/taxa-de-cambio-efectiva-real-2024 · 1 destinos repetidos (ex.: https://ec.europa.eu/eurostat/databrowser/view/tipser10/default/table?lang=en ×3)
      · /en/ledger/taxa-de-cambio-efectiva-real-2025-ue · 1 destinos repetidos (ex.: https://ec.europa.eu/eurostat/databrowser/view/tipser10/default/table?lang=en ×3)
      · /en/ledger/taxa-de-cambio-efectiva-real-2025 · 1 destinos repetidos (ex.: https://ec.europa.eu/eurostat/databrowser/view/tipser10/default/table?lang=en ×3)
      · /en/ledger/taxa-de-desemprego-2024 · 1 destinos repetidos (ex.: https://ec.europa.eu/eurostat/databrowser/view/une_rt_a/default/table?lang=en ×3)
      · /en/ledger/taxa-de-desemprego-2025-ue · 1 destinos repetidos (ex.: https://ec.europa.eu/eurostat/databrowser/view/une_rt_a/default/table?lang=en ×3)
      · /en/ledger/taxa-de-desemprego-2025 · 1 destinos repetidos (ex.: https://ec.europa.eu/eurostat/databrowser/view/une_rt_a/default/table?lang=en ×3)
      · /en/ledger/taxa-de-desemprego-mip-2024 · 1 destinos repetidos (ex.: https://ec.europa.eu/eurostat/databrowser/view/tipsun20/default/table?lang=en ×3)
      · /en/ledger/taxa-de-desemprego-mip-2025-ue · 1 destinos repetidos (ex.: https://ec.europa.eu/eurostat/databrowser/view/tipsun20/default/table?lang=en ×3)
      · /en/ledger/taxa-de-desemprego-mip-2025 · 1 destinos repetidos (ex.: https://ec.europa.eu/eurostat/databrowser/view/tipsun20/default/table?lang=en ×3)
      · /en/ledger/taxa-de-emprego-2024 · 1 destinos repetidos (ex.: https://ec.europa.eu/eurostat/databrowser/view/lfsi_emp_a/default/table?lang=en ×3)
      · /en/ledger/taxa-de-emprego-2025-ue · 1 destinos repetidos (ex.: https://ec.europa.eu/eurostat/databrowser/view/lfsi_emp_a/default/table?lang=en ×3)
      · /en/ledger/taxa-de-emprego-2025 · 1 destinos repetidos (ex.: https://ec.europa.eu/eurostat/databrowser/view/lfsi_emp_a/default/table?lang=en ×3)
      · /en/ledger/terras-de-bouro-ganho-medio-mensal-2024 · 1 destinos repetidos (ex.: https://www.ine.pt/bddXplorer/htdocs/minfo.jsp?var_cd=0012656&lingua=PT ×3)
      · /en/ledger/terras-de-bouro-indice-de-divida-2024 · 1 destinos repetidos (ex.: /en/method ×2)
      · /en/ledger/tomar-ganho-medio-mensal-2024 · 1 destinos repetidos (ex.: https://www.ine.pt/bddXplorer/htdocs/minfo.jsp?var_cd=0012656&lingua=PT ×3)
      · /en/ledger/tomar-indice-de-divida-2024 · 1 destinos repetidos (ex.: /en/method ×2)
      · /en/ledger/tondela-ganho-medio-mensal-2024 · 1 destinos repetidos (ex.: https://www.ine.pt/bddXplorer/htdocs/minfo.jsp?var_cd=0012656&lingua=PT ×3)
      · /en/ledger/tondela-indice-de-divida-2024 · 1 destinos repetidos (ex.: /en/method ×2)
      · /en/ledger/torre-de-moncorvo-ganho-medio-mensal-2024 · 1 destinos repetidos (ex.: https://www.ine.pt/bddXplorer/htdocs/minfo.jsp?var_cd=0012656&lingua=PT ×3)
      · /en/ledger/torre-de-moncorvo-indice-de-divida-2024 · 1 destinos repetidos (ex.: /en/method ×2)
      · /en/ledger/torres-novas-ganho-medio-mensal-2024 · 1 destinos repetidos (ex.: https://www.ine.pt/bddXplorer/htdocs/minfo.jsp?var_cd=0012656&lingua=PT ×3)
      · /en/ledger/torres-novas-indice-de-divida-2024 · 1 destinos repetidos (ex.: /en/method ×2)
      · /en/ledger/torres-vedras-ganho-medio-mensal-2024 · 1 destinos repetidos (ex.: https://www.ine.pt/bddXplorer/htdocs/minfo.jsp?var_cd=0012656&lingua=PT ×3)
      · /en/ledger/torres-vedras-indice-de-divida-2024 · 1 destinos repetidos (ex.: /en/method ×2)
      · /en/ledger/trancoso-ganho-medio-mensal-2024 · 1 destinos repetidos (ex.: https://www.ine.pt/bddXplorer/htdocs/minfo.jsp?var_cd=0012656&lingua=PT ×3)
      · /en/ledger/trancoso-indice-de-divida-2024 · 1 destinos repetidos (ex.: /en/method ×2)
      · /en/ledger/trofa-ganho-medio-mensal-2024 · 1 destinos repetidos (ex.: https://www.ine.pt/bddXplorer/htdocs/minfo.jsp?var_cd=0012656&lingua=PT ×3)
      · /en/ledger/trofa-indice-de-divida-2024 · 1 destinos repetidos (ex.: /en/method ×2)
      · /en/ledger/vagos-ganho-medio-mensal-2024 · 1 destinos repetidos (ex.: https://www.ine.pt/bddXplorer/htdocs/minfo.jsp?var_cd=0012656&lingua=PT ×3)
      · /en/ledger/vagos-indice-de-divida-2024 · 1 destinos repetidos (ex.: /en/method ×2)
      · /en/ledger/vale-de-cambra-ganho-medio-mensal-2024 · 1 destinos repetidos (ex.: https://www.ine.pt/bddXplorer/htdocs/minfo.jsp?var_cd=0012656&lingua=PT ×3)
      · /en/ledger/vale-de-cambra-indice-de-divida-2024 · 1 destinos repetidos (ex.: /en/method ×2)
      · /en/ledger/valenca-ganho-medio-mensal-2024 · 1 destinos repetidos (ex.: https://www.ine.pt/bddXplorer/htdocs/minfo.jsp?var_cd=0012656&lingua=PT ×3)
      · /en/ledger/valenca-indice-de-divida-2024 · 1 destinos repetidos (ex.: /en/method ×2)
      · /en/ledger/valongo-ganho-medio-mensal-2024 · 1 destinos repetidos (ex.: https://www.ine.pt/bddXplorer/htdocs/minfo.jsp?var_cd=0012656&lingua=PT ×3)
      · /en/ledger/valongo-indice-de-divida-2024 · 1 destinos repetidos (ex.: /en/method ×2)
      · /en/ledger/valpacos-ganho-medio-mensal-2024 · 1 destinos repetidos (ex.: https://www.ine.pt/bddXplorer/htdocs/minfo.jsp?var_cd=0012656&lingua=PT ×3)
      · /en/ledger/valpacos-indice-de-divida-2024 · 1 destinos repetidos (ex.: /en/method ×2)
      · /en/ledger/velas-ganho-medio-mensal-2024 · 1 destinos repetidos (ex.: https://www.ine.pt/bddXplorer/htdocs/minfo.jsp?var_cd=0012656&lingua=PT ×3)
      · /en/ledger/velas-indice-de-divida-2024 · 1 destinos repetidos (ex.: /en/method ×2)
      · /en/ledger/vendas-novas-ganho-medio-mensal-2024 · 1 destinos repetidos (ex.: https://www.ine.pt/bddXplorer/htdocs/minfo.jsp?var_cd=0012656&lingua=PT ×3)
      · /en/ledger/vendas-novas-indice-de-divida-2024 · 1 destinos repetidos (ex.: /en/method ×2)
      · /en/ledger/viana-do-alentejo-ganho-medio-mensal-2024 · 1 destinos repetidos (ex.: https://www.ine.pt/bddXplorer/htdocs/minfo.jsp?var_cd=0012656&lingua=PT ×3)
      · /en/ledger/viana-do-alentejo-indice-de-divida-2024 · 1 destinos repetidos (ex.: /en/method ×2)
      · /en/ledger/viana-do-castelo-ganho-medio-mensal-2024 · 1 destinos repetidos (ex.: https://www.ine.pt/bddXplorer/htdocs/minfo.jsp?var_cd=0012656&lingua=PT ×3)
      · /en/ledger/viana-do-castelo-indice-de-divida-2024 · 1 destinos repetidos (ex.: /en/method ×2)
      · /en/ledger/vidigueira-ganho-medio-mensal-2024 · 1 destinos repetidos (ex.: https://www.ine.pt/bddXplorer/htdocs/minfo.jsp?var_cd=0012656&lingua=PT ×3)
      · /en/ledger/vidigueira-indice-de-divida-2024 · 1 destinos repetidos (ex.: /en/method ×2)
      · /en/ledger/vieira-do-minho-ganho-medio-mensal-2024 · 1 destinos repetidos (ex.: https://www.ine.pt/bddXplorer/htdocs/minfo.jsp?var_cd=0012656&lingua=PT ×3)
      · /en/ledger/vieira-do-minho-indice-de-divida-2024 · 1 destinos repetidos (ex.: /en/method ×2)
      · /en/ledger/vila-de-rei-ganho-medio-mensal-2024 · 1 destinos repetidos (ex.: https://www.ine.pt/bddXplorer/htdocs/minfo.jsp?var_cd=0012656&lingua=PT ×3)
      · /en/ledger/vila-de-rei-indice-de-divida-2024 · 1 destinos repetidos (ex.: /en/method ×2)
      · /en/ledger/vila-do-bispo-ganho-medio-mensal-2024 · 1 destinos repetidos (ex.: https://www.ine.pt/bddXplorer/htdocs/minfo.jsp?var_cd=0012656&lingua=PT ×3)
      · /en/ledger/vila-do-bispo-indice-de-divida-2024 · 1 destinos repetidos (ex.: /en/method ×2)
      · /en/ledger/vila-do-conde-ganho-medio-mensal-2024 · 1 destinos repetidos (ex.: https://www.ine.pt/bddXplorer/htdocs/minfo.jsp?var_cd=0012656&lingua=PT ×3)
      · /en/ledger/vila-do-conde-indice-de-divida-2024 · 1 destinos repetidos (ex.: /en/method ×2)
      · /en/ledger/vila-do-porto-ganho-medio-mensal-2024 · 1 destinos repetidos (ex.: https://www.ine.pt/bddXplorer/htdocs/minfo.jsp?var_cd=0012656&lingua=PT ×3)
      · /en/ledger/vila-do-porto-indice-de-divida-2024 · 1 destinos repetidos (ex.: /en/method ×2)
      · /en/ledger/vila-flor-ganho-medio-mensal-2024 · 1 destinos repetidos (ex.: https://www.ine.pt/bddXplorer/htdocs/minfo.jsp?var_cd=0012656&lingua=PT ×3)
      · /en/ledger/vila-flor-indice-de-divida-2024 · 1 destinos repetidos (ex.: /en/method ×2)
      · /en/ledger/vila-franca-de-xira-ganho-medio-mensal-2024 · 1 destinos repetidos (ex.: https://www.ine.pt/bddXplorer/htdocs/minfo.jsp?var_cd=0012656&lingua=PT ×3)
      · /en/ledger/vila-franca-de-xira-indice-de-divida-2024 · 1 destinos repetidos (ex.: /en/method ×2)
      · /en/ledger/vila-franca-do-campo-ganho-medio-mensal-2024 · 1 destinos repetidos (ex.: https://www.ine.pt/bddXplorer/htdocs/minfo.jsp?var_cd=0012656&lingua=PT ×3)
      · /en/ledger/vila-franca-do-campo-indice-de-divida-2024 · 1 destinos repetidos (ex.: /en/method ×2)
      · /en/ledger/vila-nova-da-barquinha-ganho-medio-mensal-2024 · 1 destinos repetidos (ex.: https://www.ine.pt/bddXplorer/htdocs/minfo.jsp?var_cd=0012656&lingua=PT ×3)
      · /en/ledger/vila-nova-da-barquinha-indice-de-divida-2024 · 1 destinos repetidos (ex.: /en/method ×2)
      · /en/ledger/vila-nova-de-cerveira-ganho-medio-mensal-2024 · 1 destinos repetidos (ex.: https://www.ine.pt/bddXplorer/htdocs/minfo.jsp?var_cd=0012656&lingua=PT ×3)
      · /en/ledger/vila-nova-de-cerveira-indice-de-divida-2024 · 1 destinos repetidos (ex.: /en/method ×2)
      · /en/ledger/vila-nova-de-famalicao-ganho-medio-mensal-2024 · 1 destinos repetidos (ex.: https://www.ine.pt/bddXplorer/htdocs/minfo.jsp?var_cd=0012656&lingua=PT ×3)
      · /en/ledger/vila-nova-de-famalicao-indice-de-divida-2024 · 1 destinos repetidos (ex.: /en/method ×2)
      · /en/ledger/vila-nova-de-foz-coa-ganho-medio-mensal-2024 · 1 destinos repetidos (ex.: https://www.ine.pt/bddXplorer/htdocs/minfo.jsp?var_cd=0012656&lingua=PT ×3)
      · /en/ledger/vila-nova-de-foz-coa-indice-de-divida-2024 · 1 destinos repetidos (ex.: /en/method ×2)
      · /en/ledger/vila-nova-de-gaia-ganho-medio-mensal-2024 · 1 destinos repetidos (ex.: https://www.ine.pt/bddXplorer/htdocs/minfo.jsp?var_cd=0012656&lingua=PT ×3)
      · /en/ledger/vila-nova-de-gaia-indice-de-divida-2024 · 1 destinos repetidos (ex.: /en/method ×2)
      · /en/ledger/vila-nova-de-paiva-ganho-medio-mensal-2024 · 1 destinos repetidos (ex.: https://www.ine.pt/bddXplorer/htdocs/minfo.jsp?var_cd=0012656&lingua=PT ×3)
      · /en/ledger/vila-nova-de-paiva-indice-de-divida-2024 · 1 destinos repetidos (ex.: /en/method ×2)
      · /en/ledger/vila-nova-de-poiares-ganho-medio-mensal-2024 · 1 destinos repetidos (ex.: https://www.ine.pt/bddXplorer/htdocs/minfo.jsp?var_cd=0012656&lingua=PT ×3)
      · /en/ledger/vila-nova-de-poiares-indice-de-divida-2024 · 1 destinos repetidos (ex.: /en/method ×2)
      · /en/ledger/vila-pouca-de-aguiar-ganho-medio-mensal-2024 · 1 destinos repetidos (ex.: https://www.ine.pt/bddXplorer/htdocs/minfo.jsp?var_cd=0012656&lingua=PT ×3)
      · /en/ledger/vila-pouca-de-aguiar-indice-de-divida-2024 · 1 destinos repetidos (ex.: /en/method ×2)
      · /en/ledger/vila-real-de-santo-antonio-ganho-medio-mensal-2024 · 1 destinos repetidos (ex.: https://www.ine.pt/bddXplorer/htdocs/minfo.jsp?var_cd=0012656&lingua=PT ×3)
      · /en/ledger/vila-real-de-santo-antonio-indice-de-divida-2024 · 1 destinos repetidos (ex.: /en/method ×2)
      · /en/ledger/vila-real-ganho-medio-mensal-2024 · 1 destinos repetidos (ex.: https://www.ine.pt/bddXplorer/htdocs/minfo.jsp?var_cd=0012656&lingua=PT ×3)
      · /en/ledger/vila-real-indice-de-divida-2024 · 1 destinos repetidos (ex.: /en/method ×2)
      · /en/ledger/vila-velha-de-rodao-ganho-medio-mensal-2024 · 1 destinos repetidos (ex.: https://www.ine.pt/bddXplorer/htdocs/minfo.jsp?var_cd=0012656&lingua=PT ×3)
      · /en/ledger/vila-velha-de-rodao-indice-de-divida-2024 · 1 destinos repetidos (ex.: /en/method ×2)
      · /en/ledger/vila-verde-ganho-medio-mensal-2024 · 1 destinos repetidos (ex.: https://www.ine.pt/bddXplorer/htdocs/minfo.jsp?var_cd=0012656&lingua=PT ×3)
      · /en/ledger/vila-verde-indice-de-divida-2024 · 1 destinos repetidos (ex.: /en/method ×2)
      · /en/ledger/vila-vicosa-ganho-medio-mensal-2024 · 1 destinos repetidos (ex.: https://www.ine.pt/bddXplorer/htdocs/minfo.jsp?var_cd=0012656&lingua=PT ×3)
      · /en/ledger/vila-vicosa-indice-de-divida-2024 · 1 destinos repetidos (ex.: /en/method ×2)
      · /en/ledger/vimioso-ganho-medio-mensal-2024 · 1 destinos repetidos (ex.: https://www.ine.pt/bddXplorer/htdocs/minfo.jsp?var_cd=0012656&lingua=PT ×3)
      · /en/ledger/vimioso-indice-de-divida-2024 · 1 destinos repetidos (ex.: /en/method ×2)
      · /en/ledger/vinhais-ganho-medio-mensal-2024 · 1 destinos repetidos (ex.: https://www.ine.pt/bddXplorer/htdocs/minfo.jsp?var_cd=0012656&lingua=PT ×3)
      · /en/ledger/vinhais-indice-de-divida-2024 · 1 destinos repetidos (ex.: /en/method ×2)
      · /en/ledger/viseu-ganho-medio-mensal-2024 · 1 destinos repetidos (ex.: https://www.ine.pt/bddXplorer/htdocs/minfo.jsp?var_cd=0012656&lingua=PT ×3)
      · /en/ledger/viseu-indice-de-divida-2024 · 1 destinos repetidos (ex.: /en/method ×2)
      · /en/ledger/vizela-ganho-medio-mensal-2024 · 1 destinos repetidos (ex.: https://www.ine.pt/bddXplorer/htdocs/minfo.jsp?var_cd=0012656&lingua=PT ×3)
      · /en/ledger/vizela-indice-de-divida-2024 · 1 destinos repetidos (ex.: /en/method ×2)
      · /en/ledger/vouzela-ganho-medio-mensal-2024 · 1 destinos repetidos (ex.: https://www.ine.pt/bddXplorer/htdocs/minfo.jsp?var_cd=0012656&lingua=PT ×3)
      · /en/ledger/vouzela-indice-de-divida-2024 · 1 destinos repetidos (ex.: /en/method ×2)
      · /en/method · 7 destinos repetidos (ex.: /en/ledger ×31)
      · /en/municipalities/abrantes · 3 destinos repetidos (ex.: /en/ledger/abrantes-indice-de-divida-2024 ×2)
      · /en/municipalities/agueda · 3 destinos repetidos (ex.: /en/ledger/agueda-indice-de-divida-2024 ×2)
      · /en/municipalities/aguiar-da-beira · 3 destinos repetidos (ex.: /en/ledger/aguiar-da-beira-indice-de-divida-2024 ×2)
      · /en/municipalities/alandroal · 3 destinos repetidos (ex.: /en/ledger/alandroal-indice-de-divida-2024 ×2)
      · /en/municipalities/albergaria-a-velha · 3 destinos repetidos (ex.: /en/ledger/albergaria-a-velha-indice-de-divida-2024 ×2)
      · /en/municipalities/albufeira · 3 destinos repetidos (ex.: /en/ledger/albufeira-indice-de-divida-2024 ×2)
      · /en/municipalities/alcacer-do-sal · 3 destinos repetidos (ex.: /en/ledger/alcacer-do-sal-indice-de-divida-2024 ×2)
      · /en/municipalities/alcanena · 3 destinos repetidos (ex.: /en/ledger/alcanena-indice-de-divida-2024 ×2)
      · /en/municipalities/alcobaca · 3 destinos repetidos (ex.: /en/ledger/alcobaca-indice-de-divida-2024 ×2)
      · /en/municipalities/alcochete · 3 destinos repetidos (ex.: /en/ledger/alcochete-indice-de-divida-2024 ×2)
      · /en/municipalities/alcoutim · 3 destinos repetidos (ex.: /en/ledger/alcoutim-indice-de-divida-2024 ×2)
      · /en/municipalities/alenquer · 3 destinos repetidos (ex.: /en/ledger/alenquer-indice-de-divida-2024 ×2)
      · /en/municipalities/alfandega-da-fe · 3 destinos repetidos (ex.: /en/ledger/alfandega-da-fe-indice-de-divida-2024 ×2)
      · /en/municipalities/alijo · 3 destinos repetidos (ex.: /en/ledger/alijo-indice-de-divida-2024 ×2)
      · /en/municipalities/aljezur · 3 destinos repetidos (ex.: /en/ledger/aljezur-indice-de-divida-2024 ×2)
      · /en/municipalities/aljustrel · 3 destinos repetidos (ex.: /en/ledger/aljustrel-indice-de-divida-2024 ×2)
      · /en/municipalities/almada · 3 destinos repetidos (ex.: /en/ledger/almada-indice-de-divida-2024 ×2)
      · /en/municipalities/almeida · 3 destinos repetidos (ex.: /en/ledger/almeida-indice-de-divida-2024 ×2)
      · /en/municipalities/almeirim · 3 destinos repetidos (ex.: /en/ledger/almeirim-indice-de-divida-2024 ×2)
      · /en/municipalities/almodovar · 3 destinos repetidos (ex.: /en/ledger/almodovar-indice-de-divida-2024 ×2)
      · /en/municipalities/alpiarca · 3 destinos repetidos (ex.: /en/ledger/alpiarca-indice-de-divida-2024 ×2)
      · /en/municipalities/alter-do-chao · 3 destinos repetidos (ex.: /en/ledger/alter-do-chao-indice-de-divida-2024 ×2)
      · /en/municipalities/alvaiazere · 3 destinos repetidos (ex.: /en/ledger/alvaiazere-indice-de-divida-2024 ×2)
      · /en/municipalities/alvito · 3 destinos repetidos (ex.: /en/ledger/alvito-indice-de-divida-2024 ×2)
      · /en/municipalities/amadora · 3 destinos repetidos (ex.: /en/ledger/amadora-indice-de-divida-2024 ×2)
      · /en/municipalities/amarante · 3 destinos repetidos (ex.: /en/ledger/amarante-indice-de-divida-2024 ×2)
      · /en/municipalities/amares · 3 destinos repetidos (ex.: /en/ledger/amares-indice-de-divida-2024 ×2)
      · /en/municipalities/anadia · 3 destinos repetidos (ex.: /en/ledger/anadia-indice-de-divida-2024 ×2)
      · /en/municipalities/angra-do-heroismo · 3 destinos repetidos (ex.: /en/ledger/angra-do-heroismo-indice-de-divida-2024 ×2)
      · /en/municipalities/ansiao · 3 destinos repetidos (ex.: /en/ledger/ansiao-indice-de-divida-2024 ×2)
      · /en/municipalities/arcos-de-valdevez · 3 destinos repetidos (ex.: /en/ledger/arcos-de-valdevez-indice-de-divida-2024 ×2)
      · /en/municipalities/arganil · 3 destinos repetidos (ex.: /en/ledger/arganil-indice-de-divida-2024 ×2)
      · /en/municipalities/armamar · 3 destinos repetidos (ex.: /en/ledger/armamar-indice-de-divida-2024 ×2)
      · /en/municipalities/arouca · 3 destinos repetidos (ex.: /en/ledger/arouca-indice-de-divida-2024 ×2)
      · /en/municipalities/arraiolos · 3 destinos repetidos (ex.: /en/ledger/arraiolos-indice-de-divida-2024 ×2)
      · /en/municipalities/arronches · 3 destinos repetidos (ex.: /en/ledger/arronches-indice-de-divida-2024 ×2)
      · /en/municipalities/arruda-dos-vinhos · 3 destinos repetidos (ex.: /en/ledger/arruda-dos-vinhos-indice-de-divida-2024 ×2)
      · /en/municipalities/aveiro · 3 destinos repetidos (ex.: /en/ledger/aveiro-indice-de-divida-2024 ×2)
      · /en/municipalities/avis · 3 destinos repetidos (ex.: /en/ledger/avis-indice-de-divida-2024 ×2)
      · /en/municipalities/azambuja · 3 destinos repetidos (ex.: /en/ledger/azambuja-indice-de-divida-2024 ×2)
      · /en/municipalities/baiao · 3 destinos repetidos (ex.: /en/ledger/baiao-indice-de-divida-2024 ×2)
      · /en/municipalities/barcelos · 3 destinos repetidos (ex.: /en/ledger/barcelos-indice-de-divida-2024 ×2)
      · /en/municipalities/barrancos · 3 destinos repetidos (ex.: /en/ledger/barrancos-indice-de-divida-2024 ×2)
      · /en/municipalities/barreiro · 3 destinos repetidos (ex.: /en/ledger/barreiro-indice-de-divida-2024 ×2)
      · /en/municipalities/batalha · 3 destinos repetidos (ex.: /en/ledger/batalha-indice-de-divida-2024 ×2)
      · /en/municipalities/beja · 3 destinos repetidos (ex.: /en/ledger/beja-indice-de-divida-2024 ×2)
      · /en/municipalities/belmonte · 3 destinos repetidos (ex.: /en/ledger/belmonte-indice-de-divida-2024 ×2)
      · /en/municipalities/benavente · 3 destinos repetidos (ex.: /en/ledger/benavente-indice-de-divida-2024 ×2)
      · /en/municipalities/bombarral · 3 destinos repetidos (ex.: /en/ledger/bombarral-indice-de-divida-2024 ×2)
      · /en/municipalities/borba · 3 destinos repetidos (ex.: /en/ledger/borba-indice-de-divida-2024 ×2)
      · /en/municipalities/boticas · 3 destinos repetidos (ex.: /en/ledger/boticas-indice-de-divida-2024 ×2)
      · /en/municipalities/braga · 3 destinos repetidos (ex.: /en/ledger/braga-indice-de-divida-2024 ×2)
      · /en/municipalities/braganca · 3 destinos repetidos (ex.: /en/ledger/braganca-indice-de-divida-2024 ×2)
      · /en/municipalities/cabeceiras-de-basto · 3 destinos repetidos (ex.: /en/ledger/cabeceiras-de-basto-indice-de-divida-2024 ×2)
      · /en/municipalities/cadaval · 3 destinos repetidos (ex.: /en/ledger/cadaval-indice-de-divida-2024 ×2)
      · /en/municipalities/caldas-da-rainha · 3 destinos repetidos (ex.: /en/ledger/caldas-da-rainha-indice-de-divida-2024 ×2)
      · /en/municipalities/calheta-de-sao-jorge · 3 destinos repetidos (ex.: /en/ledger/calheta-de-sao-jorge-indice-de-divida-2024 ×2)
      · /en/municipalities/calheta · 3 destinos repetidos (ex.: /en/ledger/calheta-indice-de-divida-2024 ×2)
      · /en/municipalities/camara-de-lobos · 3 destinos repetidos (ex.: /en/ledger/camara-de-lobos-indice-de-divida-2024 ×2)
      · /en/municipalities/caminha · 3 destinos repetidos (ex.: /en/ledger/caminha-indice-de-divida-2024 ×2)
      · /en/municipalities/campo-maior · 3 destinos repetidos (ex.: /en/ledger/campo-maior-indice-de-divida-2024 ×2)
      · /en/municipalities/cantanhede · 3 destinos repetidos (ex.: /en/ledger/cantanhede-indice-de-divida-2024 ×2)
      · /en/municipalities/carrazeda-de-ansiaes · 3 destinos repetidos (ex.: /en/ledger/carrazeda-de-ansiaes-indice-de-divida-2024 ×2)
      · /en/municipalities/carregal-do-sal · 3 destinos repetidos (ex.: /en/ledger/carregal-do-sal-indice-de-divida-2024 ×2)
      · /en/municipalities/cartaxo · 3 destinos repetidos (ex.: /en/ledger/cartaxo-indice-de-divida-2024 ×2)
      · /en/municipalities/cascais · 3 destinos repetidos (ex.: /en/ledger/cascais-indice-de-divida-2024 ×2)
      · /en/municipalities/castanheira-de-pera · 3 destinos repetidos (ex.: /en/ledger/castanheira-de-pera-indice-de-divida-2024 ×2)
      · /en/municipalities/castelo-branco · 3 destinos repetidos (ex.: /en/ledger/castelo-branco-indice-de-divida-2024 ×2)
      · /en/municipalities/castelo-de-paiva · 3 destinos repetidos (ex.: /en/ledger/castelo-de-paiva-indice-de-divida-2024 ×2)
      · /en/municipalities/castelo-de-vide · 3 destinos repetidos (ex.: /en/ledger/castelo-de-vide-indice-de-divida-2024 ×2)
      · /en/municipalities/castro-daire · 3 destinos repetidos (ex.: /en/ledger/castro-daire-indice-de-divida-2024 ×2)
      · /en/municipalities/castro-marim · 3 destinos repetidos (ex.: /en/ledger/castro-marim-indice-de-divida-2024 ×2)
      · /en/municipalities/castro-verde · 3 destinos repetidos (ex.: /en/ledger/castro-verde-indice-de-divida-2024 ×2)
      · /en/municipalities/celorico-da-beira · 3 destinos repetidos (ex.: /en/ledger/celorico-da-beira-indice-de-divida-2024 ×2)
      · /en/municipalities/celorico-de-basto · 3 destinos repetidos (ex.: /en/ledger/celorico-de-basto-indice-de-divida-2024 ×2)
      · /en/municipalities/chamusca · 3 destinos repetidos (ex.: /en/ledger/chamusca-indice-de-divida-2024 ×2)
      · /en/municipalities/chaves · 3 destinos repetidos (ex.: /en/ledger/chaves-indice-de-divida-2024 ×2)
      · /en/municipalities/cinfaes · 3 destinos repetidos (ex.: /en/ledger/cinfaes-indice-de-divida-2024 ×2)
      · /en/municipalities/coimbra · 3 destinos repetidos (ex.: /en/ledger/coimbra-indice-de-divida-2024 ×2)
      · /en/municipalities/condeixa-a-nova · 3 destinos repetidos (ex.: /en/ledger/condeixa-a-nova-indice-de-divida-2024 ×2)
      · /en/municipalities/constancia · 3 destinos repetidos (ex.: /en/ledger/constancia-indice-de-divida-2024 ×2)
      · /en/municipalities/coruche · 3 destinos repetidos (ex.: /en/ledger/coruche-indice-de-divida-2024 ×2)
      · /en/municipalities/corvo · 3 destinos repetidos (ex.: /en/ledger/corvo-indice-de-divida-2024 ×2)
      · /en/municipalities/covilha · 3 destinos repetidos (ex.: /en/ledger/covilha-indice-de-divida-2024 ×2)
      · /en/municipalities/crato · 3 destinos repetidos (ex.: /en/ledger/crato-indice-de-divida-2024 ×2)
      · /en/municipalities/cuba · 3 destinos repetidos (ex.: /en/ledger/cuba-indice-de-divida-2024 ×2)
      · /en/municipalities/elvas · 3 destinos repetidos (ex.: /en/ledger/elvas-indice-de-divida-2024 ×2)
      · /en/municipalities/entroncamento · 3 destinos repetidos (ex.: /en/ledger/entroncamento-indice-de-divida-2024 ×2)
      · /en/municipalities/espinho · 3 destinos repetidos (ex.: /en/ledger/espinho-indice-de-divida-2024 ×2)
      · /en/municipalities/esposende · 3 destinos repetidos (ex.: /en/ledger/esposende-indice-de-divida-2024 ×2)
      · /en/municipalities/estarreja · 3 destinos repetidos (ex.: /en/ledger/estarreja-indice-de-divida-2024 ×2)
      · /en/municipalities/estremoz · 3 destinos repetidos (ex.: /en/ledger/estremoz-indice-de-divida-2024 ×2)
      · /en/municipalities/evora · 22 destinos repetidos (ex.: /en/ledger/evora-indice-de-divida-2014 ×5)
      · /en/municipalities/fafe · 3 destinos repetidos (ex.: /en/ledger/fafe-indice-de-divida-2024 ×2)
      · /en/municipalities/faro · 3 destinos repetidos (ex.: /en/ledger/faro-indice-de-divida-2024 ×2)
      · /en/municipalities/felgueiras · 3 destinos repetidos (ex.: /en/ledger/felgueiras-indice-de-divida-2024 ×2)
      · /en/municipalities/ferreira-do-alentejo · 3 destinos repetidos (ex.: /en/ledger/ferreira-do-alentejo-indice-de-divida-2024 ×2)
      · /en/municipalities/ferreira-do-zezere · 3 destinos repetidos (ex.: /en/ledger/ferreira-do-zezere-indice-de-divida-2024 ×2)
      · /en/municipalities/figueira-da-foz · 3 destinos repetidos (ex.: /en/ledger/figueira-da-foz-indice-de-divida-2024 ×2)
      · /en/municipalities/figueira-de-castelo-rodrigo · 3 destinos repetidos (ex.: /en/ledger/figueira-de-castelo-rodrigo-indice-de-divida-2024 ×2)
      · /en/municipalities/figueiro-dos-vinhos · 3 destinos repetidos (ex.: /en/ledger/figueiro-dos-vinhos-indice-de-divida-2024 ×2)
      · /en/municipalities/fornos-de-algodres · 3 destinos repetidos (ex.: /en/ledger/fornos-de-algodres-indice-de-divida-2024 ×2)
      · /en/municipalities/freixo-de-espada-a-cinta · 3 destinos repetidos (ex.: /en/ledger/freixo-de-espada-a-cinta-indice-de-divida-2024 ×2)
      · /en/municipalities/fronteira · 3 destinos repetidos (ex.: /en/ledger/fronteira-indice-de-divida-2024 ×2)
      · /en/municipalities/funchal · 3 destinos repetidos (ex.: /en/ledger/funchal-indice-de-divida-2024 ×2)
      · /en/municipalities/fundao · 3 destinos repetidos (ex.: /en/ledger/fundao-indice-de-divida-2024 ×2)
      · /en/municipalities/gaviao · 3 destinos repetidos (ex.: /en/ledger/gaviao-indice-de-divida-2024 ×2)
      · /en/municipalities/gois · 3 destinos repetidos (ex.: /en/ledger/gois-indice-de-divida-2024 ×2)
      · /en/municipalities/golega · 3 destinos repetidos (ex.: /en/ledger/golega-indice-de-divida-2024 ×2)
      · /en/municipalities/gondomar · 3 destinos repetidos (ex.: /en/ledger/gondomar-indice-de-divida-2024 ×2)
      · /en/municipalities/gouveia · 3 destinos repetidos (ex.: /en/ledger/gouveia-indice-de-divida-2024 ×2)
      · /en/municipalities/grandola · 3 destinos repetidos (ex.: /en/ledger/grandola-indice-de-divida-2024 ×2)
      · /en/municipalities/guarda · 3 destinos repetidos (ex.: /en/ledger/guarda-indice-de-divida-2024 ×2)
      · /en/municipalities/guimaraes · 3 destinos repetidos (ex.: /en/ledger/guimaraes-indice-de-divida-2024 ×2)
      · /en/municipalities/horta · 3 destinos repetidos (ex.: /en/ledger/horta-indice-de-divida-2024 ×2)
      · /en/municipalities/idanha-a-nova · 3 destinos repetidos (ex.: /en/ledger/idanha-a-nova-indice-de-divida-2024 ×2)
      · /en/municipalities/ilhavo · 3 destinos repetidos (ex.: /en/ledger/ilhavo-indice-de-divida-2024 ×2)
      · /en/municipalities/lagoa-faro · 3 destinos repetidos (ex.: /en/ledger/lagoa-faro-indice-de-divida-2024 ×2)
      · /en/municipalities/lagoa-ilha-de-sao-miguel · 3 destinos repetidos (ex.: /en/ledger/lagoa-ilha-de-sao-miguel-indice-de-divida-2024 ×2)
      · /en/municipalities/lagos · 3 destinos repetidos (ex.: /en/ledger/lagos-indice-de-divida-2024 ×2)
      · /en/municipalities/lajes-das-flores · 3 destinos repetidos (ex.: /en/ledger/lajes-das-flores-indice-de-divida-2024 ×2)
      · /en/municipalities/lajes-do-pico · 3 destinos repetidos (ex.: /en/ledger/lajes-do-pico-indice-de-divida-2024 ×2)
      · /en/municipalities/lamego · 3 destinos repetidos (ex.: /en/ledger/lamego-indice-de-divida-2024 ×2)
      · /en/municipalities/leiria · 3 destinos repetidos (ex.: /en/ledger/leiria-indice-de-divida-2024 ×2)
      · /en/municipalities/lisboa · 3 destinos repetidos (ex.: /en/ledger/lisboa-indice-de-divida-2024 ×2)
      · /en/municipalities/loule · 3 destinos repetidos (ex.: /en/ledger/loule-indice-de-divida-2024 ×2)
      · /en/municipalities/loures · 3 destinos repetidos (ex.: /en/ledger/loures-indice-de-divida-2024 ×2)
      · /en/municipalities/lourinha · 3 destinos repetidos (ex.: /en/ledger/lourinha-indice-de-divida-2024 ×2)
      · /en/municipalities/lousa · 3 destinos repetidos (ex.: /en/ledger/lousa-indice-de-divida-2024 ×2)
      · /en/municipalities/lousada · 3 destinos repetidos (ex.: /en/ledger/lousada-indice-de-divida-2024 ×2)
      · /en/municipalities/macao · 3 destinos repetidos (ex.: /en/ledger/macao-indice-de-divida-2024 ×2)
      · /en/municipalities/macedo-de-cavaleiros · 3 destinos repetidos (ex.: /en/ledger/macedo-de-cavaleiros-indice-de-divida-2024 ×2)
      · /en/municipalities/machico · 3 destinos repetidos (ex.: /en/ledger/machico-indice-de-divida-2024 ×2)
      · /en/municipalities/madalena · 3 destinos repetidos (ex.: /en/ledger/madalena-indice-de-divida-2024 ×2)
      · /en/municipalities/mafra · 3 destinos repetidos (ex.: /en/ledger/mafra-indice-de-divida-2024 ×2)
      · /en/municipalities/maia · 3 destinos repetidos (ex.: /en/ledger/maia-indice-de-divida-2024 ×2)
      · /en/municipalities/mangualde · 3 destinos repetidos (ex.: /en/ledger/mangualde-indice-de-divida-2024 ×2)
      · /en/municipalities/manteigas · 3 destinos repetidos (ex.: /en/ledger/manteigas-indice-de-divida-2024 ×2)
      · /en/municipalities/marco-de-canaveses · 3 destinos repetidos (ex.: /en/ledger/marco-de-canaveses-indice-de-divida-2024 ×2)
      · /en/municipalities/marinha-grande · 3 destinos repetidos (ex.: /en/ledger/marinha-grande-indice-de-divida-2024 ×2)
      · /en/municipalities/marvao · 3 destinos repetidos (ex.: /en/ledger/marvao-indice-de-divida-2024 ×2)
      · /en/municipalities/matosinhos · 3 destinos repetidos (ex.: /en/ledger/matosinhos-indice-de-divida-2024 ×2)
      · /en/municipalities/mealhada · 3 destinos repetidos (ex.: /en/ledger/mealhada-indice-de-divida-2024 ×2)
      · /en/municipalities/meda · 3 destinos repetidos (ex.: /en/ledger/meda-indice-de-divida-2024 ×2)
      · /en/municipalities/melgaco · 3 destinos repetidos (ex.: /en/ledger/melgaco-indice-de-divida-2024 ×2)
      · /en/municipalities/mertola · 3 destinos repetidos (ex.: /en/ledger/mertola-indice-de-divida-2024 ×2)
      · /en/municipalities/mesao-frio · 3 destinos repetidos (ex.: /en/ledger/mesao-frio-indice-de-divida-2024 ×2)
      · /en/municipalities/mira · 3 destinos repetidos (ex.: /en/ledger/mira-indice-de-divida-2024 ×2)
      · /en/municipalities/miranda-do-corvo · 3 destinos repetidos (ex.: /en/ledger/miranda-do-corvo-indice-de-divida-2024 ×2)
      · /en/municipalities/miranda-do-douro · 3 destinos repetidos (ex.: /en/ledger/miranda-do-douro-indice-de-divida-2024 ×2)
      · /en/municipalities/mirandela · 3 destinos repetidos (ex.: /en/ledger/mirandela-indice-de-divida-2024 ×2)
      · /en/municipalities/mogadouro · 3 destinos repetidos (ex.: /en/ledger/mogadouro-indice-de-divida-2024 ×2)
      · /en/municipalities/moimenta-da-beira · 3 destinos repetidos (ex.: /en/ledger/moimenta-da-beira-indice-de-divida-2024 ×2)
      · /en/municipalities/moita · 3 destinos repetidos (ex.: /en/ledger/moita-indice-de-divida-2024 ×2)
      · /en/municipalities/moncao · 3 destinos repetidos (ex.: /en/ledger/moncao-indice-de-divida-2024 ×2)
      · /en/municipalities/monchique · 3 destinos repetidos (ex.: /en/ledger/monchique-indice-de-divida-2024 ×2)
      · /en/municipalities/mondim-de-basto · 3 destinos repetidos (ex.: /en/ledger/mondim-de-basto-indice-de-divida-2024 ×2)
      · /en/municipalities/monforte · 3 destinos repetidos (ex.: /en/ledger/monforte-indice-de-divida-2024 ×2)
      · /en/municipalities/montalegre · 3 destinos repetidos (ex.: /en/ledger/montalegre-indice-de-divida-2024 ×2)
      · /en/municipalities/montemor-o-novo · 3 destinos repetidos (ex.: /en/ledger/montemor-o-novo-indice-de-divida-2024 ×2)
      · /en/municipalities/montemor-o-velho · 3 destinos repetidos (ex.: /en/ledger/montemor-o-velho-indice-de-divida-2024 ×2)
      · /en/municipalities/montijo · 3 destinos repetidos (ex.: /en/ledger/montijo-indice-de-divida-2024 ×2)
      · /en/municipalities/mora · 3 destinos repetidos (ex.: /en/ledger/mora-indice-de-divida-2024 ×2)
      · /en/municipalities/mortagua · 3 destinos repetidos (ex.: /en/ledger/mortagua-indice-de-divida-2024 ×2)
      · /en/municipalities/moura · 3 destinos repetidos (ex.: /en/ledger/moura-indice-de-divida-2024 ×2)
      · /en/municipalities/mourao · 3 destinos repetidos (ex.: /en/ledger/mourao-indice-de-divida-2024 ×2)
      · /en/municipalities/murca · 3 destinos repetidos (ex.: /en/ledger/murca-indice-de-divida-2024 ×2)
      · /en/municipalities/murtosa · 3 destinos repetidos (ex.: /en/ledger/murtosa-indice-de-divida-2024 ×2)
      · /en/municipalities/nazare · 3 destinos repetidos (ex.: /en/ledger/nazare-indice-de-divida-2024 ×2)
      · /en/municipalities/nelas · 3 destinos repetidos (ex.: /en/ledger/nelas-indice-de-divida-2024 ×2)
      · /en/municipalities/nisa · 3 destinos repetidos (ex.: /en/ledger/nisa-indice-de-divida-2024 ×2)
      · /en/municipalities/nordeste · 3 destinos repetidos (ex.: /en/ledger/nordeste-indice-de-divida-2024 ×2)
      · /en/municipalities/obidos · 3 destinos repetidos (ex.: /en/ledger/obidos-indice-de-divida-2024 ×2)
      · /en/municipalities/odemira · 3 destinos repetidos (ex.: /en/ledger/odemira-indice-de-divida-2024 ×2)
      · /en/municipalities/odivelas · 3 destinos repetidos (ex.: /en/ledger/odivelas-indice-de-divida-2024 ×2)
      · /en/municipalities/oeiras · 3 destinos repetidos (ex.: /en/ledger/oeiras-indice-de-divida-2024 ×2)
      · /en/municipalities/oleiros · 3 destinos repetidos (ex.: /en/ledger/oleiros-indice-de-divida-2024 ×2)
      · /en/municipalities/olhao · 3 destinos repetidos (ex.: /en/ledger/olhao-indice-de-divida-2024 ×2)
      · /en/municipalities/oliveira-de-azemeis · 3 destinos repetidos (ex.: /en/ledger/oliveira-de-azemeis-indice-de-divida-2024 ×2)
      · /en/municipalities/oliveira-de-frades · 3 destinos repetidos (ex.: /en/ledger/oliveira-de-frades-indice-de-divida-2024 ×2)
      · /en/municipalities/oliveira-do-bairro · 3 destinos repetidos (ex.: /en/ledger/oliveira-do-bairro-indice-de-divida-2024 ×2)
      · /en/municipalities/oliveira-do-hospital · 3 destinos repetidos (ex.: /en/ledger/oliveira-do-hospital-indice-de-divida-2024 ×2)
      · /en/municipalities/ourem · 3 destinos repetidos (ex.: /en/ledger/ourem-indice-de-divida-2024 ×2)
      · /en/municipalities/ourique · 3 destinos repetidos (ex.: /en/ledger/ourique-indice-de-divida-2024 ×2)
      · /en/municipalities/ovar · 3 destinos repetidos (ex.: /en/ledger/ovar-indice-de-divida-2024 ×2)
      · /en/municipalities/pacos-de-ferreira · 3 destinos repetidos (ex.: /en/ledger/pacos-de-ferreira-indice-de-divida-2024 ×2)
      · /en/municipalities/palmela · 3 destinos repetidos (ex.: /en/ledger/palmela-indice-de-divida-2024 ×2)
      · /en/municipalities/pampilhosa-da-serra · 3 destinos repetidos (ex.: /en/ledger/pampilhosa-da-serra-indice-de-divida-2024 ×2)
      · /en/municipalities/paredes-de-coura · 3 destinos repetidos (ex.: /en/ledger/paredes-de-coura-indice-de-divida-2024 ×2)
      · /en/municipalities/paredes · 3 destinos repetidos (ex.: /en/ledger/paredes-indice-de-divida-2024 ×2)
      · /en/municipalities/pedrogao-grande · 3 destinos repetidos (ex.: /en/ledger/pedrogao-grande-indice-de-divida-2024 ×2)
      · /en/municipalities/penacova · 3 destinos repetidos (ex.: /en/ledger/penacova-indice-de-divida-2024 ×2)
      · /en/municipalities/penafiel · 3 destinos repetidos (ex.: /en/ledger/penafiel-indice-de-divida-2024 ×2)
      · /en/municipalities/penalva-do-castelo · 3 destinos repetidos (ex.: /en/ledger/penalva-do-castelo-indice-de-divida-2024 ×2)
      · /en/municipalities/penamacor · 3 destinos repetidos (ex.: /en/ledger/penamacor-indice-de-divida-2024 ×2)
      · /en/municipalities/penedono · 2 destinos repetidos (ex.: /en/ledger/penedono-poder-de-compra-2023 ×2)
      · /en/municipalities/penela · 3 destinos repetidos (ex.: /en/ledger/penela-indice-de-divida-2024 ×2)
      · /en/municipalities/peniche · 3 destinos repetidos (ex.: /en/ledger/peniche-indice-de-divida-2024 ×2)
      · /en/municipalities/peso-da-regua · 3 destinos repetidos (ex.: /en/ledger/peso-da-regua-indice-de-divida-2024 ×2)
      · /en/municipalities/pinhel · 3 destinos repetidos (ex.: /en/ledger/pinhel-indice-de-divida-2024 ×2)
      · /en/municipalities/pombal · 3 destinos repetidos (ex.: /en/ledger/pombal-indice-de-divida-2024 ×2)
      · /en/municipalities/ponta-delgada · 3 destinos repetidos (ex.: /en/ledger/ponta-delgada-indice-de-divida-2024 ×2)
      · /en/municipalities/ponta-do-sol · 3 destinos repetidos (ex.: /en/ledger/ponta-do-sol-indice-de-divida-2024 ×2)
      · /en/municipalities/ponte-da-barca · 3 destinos repetidos (ex.: /en/ledger/ponte-da-barca-indice-de-divida-2024 ×2)
      · /en/municipalities/ponte-de-lima · 3 destinos repetidos (ex.: /en/ledger/ponte-de-lima-indice-de-divida-2024 ×2)
      · /en/municipalities/ponte-de-sor · 3 destinos repetidos (ex.: /en/ledger/ponte-de-sor-indice-de-divida-2024 ×2)
      · /en/municipalities/portalegre · 3 destinos repetidos (ex.: /en/ledger/portalegre-indice-de-divida-2024 ×2)
      · /en/municipalities/portel · 3 destinos repetidos (ex.: /en/ledger/portel-indice-de-divida-2024 ×2)
      · /en/municipalities/portimao · 3 destinos repetidos (ex.: /en/ledger/portimao-indice-de-divida-2024 ×2)
      · /en/municipalities/porto-de-mos · 3 destinos repetidos (ex.: /en/ledger/porto-de-mos-indice-de-divida-2024 ×2)
      · /en/municipalities/porto-moniz · 3 destinos repetidos (ex.: /en/ledger/porto-moniz-indice-de-divida-2024 ×2)
      · /en/municipalities/porto-santo · 3 destinos repetidos (ex.: /en/ledger/porto-santo-indice-de-divida-2024 ×2)
      · /en/municipalities/porto · 3 destinos repetidos (ex.: /en/ledger/porto-indice-de-divida-2024 ×2)
      · /en/municipalities/povoa-de-lanhoso · 3 destinos repetidos (ex.: /en/ledger/povoa-de-lanhoso-indice-de-divida-2024 ×2)
      · /en/municipalities/povoa-de-varzim · 3 destinos repetidos (ex.: /en/ledger/povoa-de-varzim-indice-de-divida-2024 ×2)
      · /en/municipalities/povoacao · 3 destinos repetidos (ex.: /en/ledger/povoacao-indice-de-divida-2024 ×2)
      · /en/municipalities/praia-da-vitoria · 3 destinos repetidos (ex.: /en/ledger/praia-da-vitoria-indice-de-divida-2024 ×2)
      · /en/municipalities/proenca-a-nova · 3 destinos repetidos (ex.: /en/ledger/proenca-a-nova-indice-de-divida-2024 ×2)
      · /en/municipalities/redondo · 3 destinos repetidos (ex.: /en/ledger/redondo-indice-de-divida-2024 ×2)
      · /en/municipalities/reguengos-de-monsaraz · 3 destinos repetidos (ex.: /en/ledger/reguengos-de-monsaraz-indice-de-divida-2024 ×2)
      · /en/municipalities/resende · 3 destinos repetidos (ex.: /en/ledger/resende-indice-de-divida-2024 ×2)
      · /en/municipalities/ribeira-brava · 3 destinos repetidos (ex.: /en/ledger/ribeira-brava-indice-de-divida-2024 ×2)
      · /en/municipalities/ribeira-de-pena · 3 destinos repetidos (ex.: /en/ledger/ribeira-de-pena-indice-de-divida-2024 ×2)
      · /en/municipalities/ribeira-grande · 3 destinos repetidos (ex.: /en/ledger/ribeira-grande-indice-de-divida-2024 ×2)
      · /en/municipalities/rio-maior · 3 destinos repetidos (ex.: /en/ledger/rio-maior-indice-de-divida-2024 ×2)
      · /en/municipalities/sabrosa · 3 destinos repetidos (ex.: /en/ledger/sabrosa-indice-de-divida-2024 ×2)
      · /en/municipalities/sabugal · 3 destinos repetidos (ex.: /en/ledger/sabugal-indice-de-divida-2024 ×2)
      · /en/municipalities/salvaterra-de-magos · 3 destinos repetidos (ex.: /en/ledger/salvaterra-de-magos-indice-de-divida-2024 ×2)
      · /en/municipalities/santa-comba-dao · 3 destinos repetidos (ex.: /en/ledger/santa-comba-dao-indice-de-divida-2024 ×2)
      · /en/municipalities/santa-cruz-da-graciosa · 3 destinos repetidos (ex.: /en/ledger/santa-cruz-da-graciosa-indice-de-divida-2024 ×2)
      · /en/municipalities/santa-cruz-das-flores · 3 destinos repetidos (ex.: /en/ledger/santa-cruz-das-flores-indice-de-divida-2024 ×2)
      · /en/municipalities/santa-cruz · 3 destinos repetidos (ex.: /en/ledger/santa-cruz-indice-de-divida-2024 ×2)
      · /en/municipalities/santa-maria-da-feira · 3 destinos repetidos (ex.: /en/ledger/santa-maria-da-feira-indice-de-divida-2024 ×2)
      · /en/municipalities/santa-marta-de-penaguiao · 3 destinos repetidos (ex.: /en/ledger/santa-marta-de-penaguiao-indice-de-divida-2024 ×2)
      · /en/municipalities/santana · 3 destinos repetidos (ex.: /en/ledger/santana-indice-de-divida-2024 ×2)
      · /en/municipalities/santarem · 3 destinos repetidos (ex.: /en/ledger/santarem-indice-de-divida-2024 ×2)
      · /en/municipalities/santiago-do-cacem · 3 destinos repetidos (ex.: /en/ledger/santiago-do-cacem-indice-de-divida-2024 ×2)
      · /en/municipalities/santo-tirso · 3 destinos repetidos (ex.: /en/ledger/santo-tirso-indice-de-divida-2024 ×2)
      · /en/municipalities/sao-bras-de-alportel · 3 destinos repetidos (ex.: /en/ledger/sao-bras-de-alportel-indice-de-divida-2024 ×2)
      · /en/municipalities/sao-joao-da-madeira · 3 destinos repetidos (ex.: /en/ledger/sao-joao-da-madeira-indice-de-divida-2024 ×2)
      · /en/municipalities/sao-joao-da-pesqueira · 3 destinos repetidos (ex.: /en/ledger/sao-joao-da-pesqueira-indice-de-divida-2024 ×2)
      · /en/municipalities/sao-pedro-do-sul · 3 destinos repetidos (ex.: /en/ledger/sao-pedro-do-sul-indice-de-divida-2024 ×2)
      · /en/municipalities/sao-roque-do-pico · 3 destinos repetidos (ex.: /en/ledger/sao-roque-do-pico-indice-de-divida-2024 ×2)
      · /en/municipalities/sao-vicente · 3 destinos repetidos (ex.: /en/ledger/sao-vicente-indice-de-divida-2024 ×2)
      · /en/municipalities/sardoal · 3 destinos repetidos (ex.: /en/ledger/sardoal-indice-de-divida-2024 ×2)
      · /en/municipalities/satao · 3 destinos repetidos (ex.: /en/ledger/satao-indice-de-divida-2024 ×2)
      · /en/municipalities/seia · 3 destinos repetidos (ex.: /en/ledger/seia-indice-de-divida-2024 ×2)
      · /en/municipalities/seixal · 3 destinos repetidos (ex.: /en/ledger/seixal-indice-de-divida-2024 ×2)
      · /en/municipalities/sernancelhe · 3 destinos repetidos (ex.: /en/ledger/sernancelhe-indice-de-divida-2024 ×2)
      · /en/municipalities/serpa · 3 destinos repetidos (ex.: /en/ledger/serpa-indice-de-divida-2024 ×2)
      · /en/municipalities/serta · 3 destinos repetidos (ex.: /en/ledger/serta-indice-de-divida-2024 ×2)
      · /en/municipalities/sesimbra · 3 destinos repetidos (ex.: /en/ledger/sesimbra-indice-de-divida-2024 ×2)
      · /en/municipalities/setubal · 3 destinos repetidos (ex.: /en/ledger/setubal-indice-de-divida-2024 ×2)
      · /en/municipalities/sever-do-vouga · 3 destinos repetidos (ex.: /en/ledger/sever-do-vouga-indice-de-divida-2024 ×2)
      · /en/municipalities/silves · 3 destinos repetidos (ex.: /en/ledger/silves-indice-de-divida-2024 ×2)
      · /en/municipalities/sines · 3 destinos repetidos (ex.: /en/ledger/sines-indice-de-divida-2024 ×2)
      · /en/municipalities/sintra · 3 destinos repetidos (ex.: /en/ledger/sintra-indice-de-divida-2024 ×2)
      · /en/municipalities/sobral-de-monte-agraco · 3 destinos repetidos (ex.: /en/ledger/sobral-de-monte-agraco-indice-de-divida-2024 ×2)
      · /en/municipalities/soure · 3 destinos repetidos (ex.: /en/ledger/soure-indice-de-divida-2024 ×2)
      · /en/municipalities/sousel · 3 destinos repetidos (ex.: /en/ledger/sousel-indice-de-divida-2024 ×2)
      · /en/municipalities/tabua · 3 destinos repetidos (ex.: /en/ledger/tabua-indice-de-divida-2024 ×2)
      · /en/municipalities/tabuaco · 3 destinos repetidos (ex.: /en/ledger/tabuaco-indice-de-divida-2024 ×2)
      · /en/municipalities/tarouca · 3 destinos repetidos (ex.: /en/ledger/tarouca-indice-de-divida-2024 ×2)
      · /en/municipalities/tavira · 3 destinos repetidos (ex.: /en/ledger/tavira-indice-de-divida-2024 ×2)
      · /en/municipalities/terras-de-bouro · 3 destinos repetidos (ex.: /en/ledger/terras-de-bouro-indice-de-divida-2024 ×2)
      · /en/municipalities/tomar · 3 destinos repetidos (ex.: /en/ledger/tomar-indice-de-divida-2024 ×2)
      · /en/municipalities/tondela · 3 destinos repetidos (ex.: /en/ledger/tondela-indice-de-divida-2024 ×2)
      · /en/municipalities/torre-de-moncorvo · 3 destinos repetidos (ex.: /en/ledger/torre-de-moncorvo-indice-de-divida-2024 ×2)
      · /en/municipalities/torres-novas · 3 destinos repetidos (ex.: /en/ledger/torres-novas-indice-de-divida-2024 ×2)
      · /en/municipalities/torres-vedras · 3 destinos repetidos (ex.: /en/ledger/torres-vedras-indice-de-divida-2024 ×2)
      · /en/municipalities/trancoso · 3 destinos repetidos (ex.: /en/ledger/trancoso-indice-de-divida-2024 ×2)
      · /en/municipalities/trofa · 3 destinos repetidos (ex.: /en/ledger/trofa-indice-de-divida-2024 ×2)
      · /en/municipalities/vagos · 3 destinos repetidos (ex.: /en/ledger/vagos-indice-de-divida-2024 ×2)
      · /en/municipalities/vale-de-cambra · 3 destinos repetidos (ex.: /en/ledger/vale-de-cambra-indice-de-divida-2024 ×2)
      · /en/municipalities/valenca · 3 destinos repetidos (ex.: /en/ledger/valenca-indice-de-divida-2024 ×2)
      · /en/municipalities/valongo · 3 destinos repetidos (ex.: /en/ledger/valongo-indice-de-divida-2024 ×2)
      · /en/municipalities/valpacos · 3 destinos repetidos (ex.: /en/ledger/valpacos-indice-de-divida-2024 ×2)
      · /en/municipalities/velas · 3 destinos repetidos (ex.: /en/ledger/velas-indice-de-divida-2024 ×2)
      · /en/municipalities/vendas-novas · 3 destinos repetidos (ex.: /en/ledger/vendas-novas-indice-de-divida-2024 ×2)
      · /en/municipalities/viana-do-alentejo · 3 destinos repetidos (ex.: /en/ledger/viana-do-alentejo-indice-de-divida-2024 ×2)
      · /en/municipalities/viana-do-castelo · 3 destinos repetidos (ex.: /en/ledger/viana-do-castelo-indice-de-divida-2024 ×2)
      · /en/municipalities/vidigueira · 3 destinos repetidos (ex.: /en/ledger/vidigueira-indice-de-divida-2024 ×2)
      · /en/municipalities/vieira-do-minho · 3 destinos repetidos (ex.: /en/ledger/vieira-do-minho-indice-de-divida-2024 ×2)
      · /en/municipalities/vila-de-rei · 3 destinos repetidos (ex.: /en/ledger/vila-de-rei-indice-de-divida-2024 ×2)
      · /en/municipalities/vila-do-bispo · 3 destinos repetidos (ex.: /en/ledger/vila-do-bispo-indice-de-divida-2024 ×2)
      · /en/municipalities/vila-do-conde · 3 destinos repetidos (ex.: /en/ledger/vila-do-conde-indice-de-divida-2024 ×2)
      · /en/municipalities/vila-do-porto · 3 destinos repetidos (ex.: /en/ledger/vila-do-porto-indice-de-divida-2024 ×2)
      · /en/municipalities/vila-flor · 3 destinos repetidos (ex.: /en/ledger/vila-flor-indice-de-divida-2024 ×2)
      · /en/municipalities/vila-franca-de-xira · 3 destinos repetidos (ex.: /en/ledger/vila-franca-de-xira-indice-de-divida-2024 ×2)
      · /en/municipalities/vila-franca-do-campo · 3 destinos repetidos (ex.: /en/ledger/vila-franca-do-campo-indice-de-divida-2024 ×2)
      · /en/municipalities/vila-nova-da-barquinha · 3 destinos repetidos (ex.: /en/ledger/vila-nova-da-barquinha-indice-de-divida-2024 ×2)
      · /en/municipalities/vila-nova-de-cerveira · 3 destinos repetidos (ex.: /en/ledger/vila-nova-de-cerveira-indice-de-divida-2024 ×2)
      · /en/municipalities/vila-nova-de-famalicao · 3 destinos repetidos (ex.: /en/ledger/vila-nova-de-famalicao-indice-de-divida-2024 ×2)
      · /en/municipalities/vila-nova-de-foz-coa · 3 destinos repetidos (ex.: /en/ledger/vila-nova-de-foz-coa-indice-de-divida-2024 ×2)
      · /en/municipalities/vila-nova-de-gaia · 3 destinos repetidos (ex.: /en/ledger/vila-nova-de-gaia-indice-de-divida-2024 ×2)
      · /en/municipalities/vila-nova-de-paiva · 3 destinos repetidos (ex.: /en/ledger/vila-nova-de-paiva-indice-de-divida-2024 ×2)
      · /en/municipalities/vila-nova-de-poiares · 3 destinos repetidos (ex.: /en/ledger/vila-nova-de-poiares-indice-de-divida-2024 ×2)
      · /en/municipalities/vila-pouca-de-aguiar · 3 destinos repetidos (ex.: /en/ledger/vila-pouca-de-aguiar-indice-de-divida-2024 ×2)
      · /en/municipalities/vila-real-de-santo-antonio · 3 destinos repetidos (ex.: /en/ledger/vila-real-de-santo-antonio-indice-de-divida-2024 ×2)
      · /en/municipalities/vila-real · 3 destinos repetidos (ex.: /en/ledger/vila-real-indice-de-divida-2024 ×2)
      · /en/municipalities/vila-velha-de-rodao · 3 destinos repetidos (ex.: /en/ledger/vila-velha-de-rodao-indice-de-divida-2024 ×2)
      · /en/municipalities/vila-verde · 3 destinos repetidos (ex.: /en/ledger/vila-verde-indice-de-divida-2024 ×2)
      · /en/municipalities/vila-vicosa · 3 destinos repetidos (ex.: /en/ledger/vila-vicosa-indice-de-divida-2024 ×2)
      · /en/municipalities/vimioso · 3 destinos repetidos (ex.: /en/ledger/vimioso-indice-de-divida-2024 ×2)
      · /en/municipalities/vinhais · 3 destinos repetidos (ex.: /en/ledger/vinhais-indice-de-divida-2024 ×2)
      · /en/municipalities/viseu · 3 destinos repetidos (ex.: /en/ledger/viseu-indice-de-divida-2024 ×2)
      · /en/municipalities/vizela · 3 destinos repetidos (ex.: /en/ledger/vizela-indice-de-divida-2024 ×2)
      · /en/municipalities/vouzela · 3 destinos repetidos (ex.: /en/ledger/vouzela-indice-de-divida-2024 ×2)
      · /en/places · 340 destinos repetidos (ex.: /en/municipalities/agueda ×3)
      · /en/regions/acores · 2 destinos repetidos (ex.: /en/ledger/distancia-acores-ue27-2024 ×2)
      · /en/regions/alentejo · 3 destinos repetidos (ex.: /en/ledger/distancia-alentejo-ue27-2024 ×2)
      · /en/regions/algarve · 2 destinos repetidos (ex.: /en/ledger/distancia-algarve-ue27-2024 ×2)
      · /en/regions/centro · 2 destinos repetidos (ex.: /en/ledger/distancia-centro-ue27-2024 ×2)
      · /en/regions/grande-lisboa · 2 destinos repetidos (ex.: /en/ledger/distancia-grande-lisboa-ue27-2024 ×2)
      · /en/regions/madeira · 2 destinos repetidos (ex.: /en/ledger/distancia-madeira-ue27-2024 ×2)
      · /en/regions/norte · 2 destinos repetidos (ex.: /en/ledger/distancia-norte-ue27-2024 ×2)
      · /en/regions/oeste-e-vale-do-tejo · 2 destinos repetidos (ex.: /en/ledger/distancia-oeste-e-vale-do-tejo-ue27-2024 ×2)
      · /en/regions/peninsula-de-setubal · 3 destinos repetidos (ex.: /en/ledger/distancia-peninsula-de-setubal-ue27-2024 ×2)
      · /en/studies/agua-nao-faturada/document · 1 destinos repetidos (ex.: /en/studies/agua-nao-faturada ×2)
      · /en/studies/alentejo-algarve/document · 1 destinos repetidos (ex.: /en/studies/alentejo-algarve ×2)
      · /en/studies/evora-2027-capital-europeia-da-cultura/document · 3 destinos repetidos (ex.: /en/studies/evora-2027-capital-europeia-da-cultura ×2)
      · /en/studies/evora-2027-prometido-painel-dinheiro/document · 1 destinos repetidos (ex.: /en/studies/evora-2027-prometido-painel-dinheiro ×2)
      · /en/studies/evora-contas-da-camara-2010-2025/document · 2 destinos repetidos (ex.: /en/studies/evora-contas-da-camara-2010-2025 ×2)
      · /en/studies/evora-economia-e-dinheiro-publico-de-fora-da-camara/document · 2 destinos repetidos (ex.: /en/studies/evora-economia-e-dinheiro-publico-de-fora-da-camara ×2)
      · /en/studies/evora-orcamentado-pago-devido-2025/document · 1 destinos repetidos (ex.: /en/studies/evora-orcamentado-pago-devido-2025 ×2)
      · /en/studies/evora-prometido-pago-auditado-2026/document · 3 destinos repetidos (ex.: /en/studies/evora-prometido-pago-auditado-2026 ×2)
      · /en/studies/onde-esta-a-agua/document · 1 destinos repetidos (ex.: /en/studies/onde-esta-a-agua ×2)
      · /en/studies/which-door-is-yours/document · 1 destinos repetidos (ex.: /en/studies/which-door-is-yours ×2)
      · /estudos/agua-nao-faturada/documento · 1 destinos repetidos (ex.: /estudos/agua-nao-faturada ×2)
      · /estudos/avaliacao-economica-regional-de-portugal-2026/documento · 1 destinos repetidos (ex.: /estudos/avaliacao-economica-regional-de-portugal-2026 ×2)
      · /estudos/evolucao-de-portugal-desde-1981/documento · 1 destinos repetidos (ex.: /estudos/evolucao-de-portugal-desde-1981 ×2)
      · /estudos/evora-2027-capital-europeia-da-cultura/documento · 3 destinos repetidos (ex.: /estudos/evora-2027-capital-europeia-da-cultura ×2)
      · /estudos/evora-2027-prometido-painel-dinheiro/documento · 1 destinos repetidos (ex.: /estudos/evora-2027-prometido-painel-dinheiro ×2)
      · /estudos/evora-contas-da-camara-2010-2025/documento · 2 destinos repetidos (ex.: /estudos/evora-contas-da-camara-2010-2025 ×2)
      · /estudos/evora-economia-e-dinheiro-publico-de-fora-da-camara/documento · 2 destinos repetidos (ex.: /estudos/evora-economia-e-dinheiro-publico-de-fora-da-camara ×2)
      · /estudos/evora-economia-investidores-portas-abertas-2026/documento · 1 destinos repetidos (ex.: /estudos/evora-economia-investidores-portas-abertas-2026 ×2)
      · /estudos/evora-orcamentado-pago-devido-2025/documento · 1 destinos repetidos (ex.: /estudos/evora-orcamentado-pago-devido-2025 ×2)
      · /estudos/evora-os-pelouros-quem-os-teve-o-que-fizeram/documento · 1 destinos repetidos (ex.: /estudos/evora-os-pelouros-quem-os-teve-o-que-fizeram ×2)
      · /estudos/evora-prometido-pago-auditado-2026/documento · 3 destinos repetidos (ex.: /estudos/evora-prometido-pago-auditado-2026 ×2)
      · /estudos/evora-quem-governou-a-camara-2009-2025/documento · 2 destinos repetidos (ex.: /estudos/evora-quem-governou-a-camara-2009-2025 ×2)
      · /estudos/evora-quinze-anos-cinco-mandatos/documento · 1 destinos repetidos (ex.: /estudos/evora-quinze-anos-cinco-mandatos ×2)
      · /estudos/penalizacoes-por-reforma-antecipada-2026/documento · 1 destinos repetidos (ex.: /estudos/penalizacoes-por-reforma-antecipada-2026 ×2)
      · / · 17 destinos repetidos (ex.: /livro-razao/ipc-combustiveis-variacao-homologa ×2)
      · /livro-razao/abandono-escolar-precoce-2024 · 1 destinos repetidos (ex.: https://ec.europa.eu/eurostat/databrowser/view/edat_lfse_14/default/table?lang=en ×3)
      · /livro-razao/abandono-escolar-precoce-2025-ue · 1 destinos repetidos (ex.: https://ec.europa.eu/eurostat/databrowser/view/edat_lfse_14/default/table?lang=en ×3)
      · /livro-razao/abandono-escolar-precoce-2025 · 1 destinos repetidos (ex.: https://ec.europa.eu/eurostat/databrowser/view/edat_lfse_14/default/table?lang=en ×3)
      · /livro-razao/abrantes-ganho-medio-mensal-2024 · 1 destinos repetidos (ex.: https://www.ine.pt/bddXplorer/htdocs/minfo.jsp?var_cd=0012656&lingua=PT ×3)
      · /livro-razao/abrantes-indice-de-divida-2024 · 1 destinos repetidos (ex.: /metodo ×2)
      · /livro-razao/agua-nao-faturada-portugal-2024 · 2 destinos repetidos (ex.: /a-verificar ×3)
      · /livro-razao/agueda-ganho-medio-mensal-2024 · 1 destinos repetidos (ex.: https://www.ine.pt/bddXplorer/htdocs/minfo.jsp?var_cd=0012656&lingua=PT ×3)
      · /livro-razao/agueda-indice-de-divida-2024 · 1 destinos repetidos (ex.: /metodo ×2)
      · /livro-razao/aguiar-da-beira-ganho-medio-mensal-2024 · 1 destinos repetidos (ex.: https://www.ine.pt/bddXplorer/htdocs/minfo.jsp?var_cd=0012656&lingua=PT ×3)
      · /livro-razao/aguiar-da-beira-indice-de-divida-2024 · 1 destinos repetidos (ex.: /metodo ×2)
      · /livro-razao/alandroal-ganho-medio-mensal-2024 · 1 destinos repetidos (ex.: https://www.ine.pt/bddXplorer/htdocs/minfo.jsp?var_cd=0012656&lingua=PT ×3)
      · /livro-razao/alandroal-indice-de-divida-2024 · 1 destinos repetidos (ex.: /metodo ×2)
      · /livro-razao/albergaria-a-velha-ganho-medio-mensal-2024 · 1 destinos repetidos (ex.: https://www.ine.pt/bddXplorer/htdocs/minfo.jsp?var_cd=0012656&lingua=PT ×3)
      · /livro-razao/albergaria-a-velha-indice-de-divida-2024 · 1 destinos repetidos (ex.: /metodo ×2)
      · /livro-razao/albufeira-ganho-medio-mensal-2024 · 1 destinos repetidos (ex.: https://www.ine.pt/bddXplorer/htdocs/minfo.jsp?var_cd=0012656&lingua=PT ×3)
      · /livro-razao/albufeira-indice-de-divida-2024 · 1 destinos repetidos (ex.: /metodo ×2)
      · /livro-razao/alcacer-do-sal-ganho-medio-mensal-2024 · 1 destinos repetidos (ex.: https://www.ine.pt/bddXplorer/htdocs/minfo.jsp?var_cd=0012656&lingua=PT ×3)
      · /livro-razao/alcacer-do-sal-indice-de-divida-2024 · 1 destinos repetidos (ex.: /metodo ×2)
      · /livro-razao/alcanena-ganho-medio-mensal-2024 · 1 destinos repetidos (ex.: https://www.ine.pt/bddXplorer/htdocs/minfo.jsp?var_cd=0012656&lingua=PT ×3)
      · /livro-razao/alcanena-indice-de-divida-2024 · 1 destinos repetidos (ex.: /metodo ×2)
      · /livro-razao/alcobaca-ganho-medio-mensal-2024 · 1 destinos repetidos (ex.: https://www.ine.pt/bddXplorer/htdocs/minfo.jsp?var_cd=0012656&lingua=PT ×3)
      · /livro-razao/alcobaca-indice-de-divida-2024 · 1 destinos repetidos (ex.: /metodo ×2)
      · /livro-razao/alcochete-ganho-medio-mensal-2024 · 1 destinos repetidos (ex.: https://www.ine.pt/bddXplorer/htdocs/minfo.jsp?var_cd=0012656&lingua=PT ×3)
      · /livro-razao/alcochete-indice-de-divida-2024 · 1 destinos repetidos (ex.: /metodo ×2)
      · /livro-razao/alcoutim-ganho-medio-mensal-2024 · 1 destinos repetidos (ex.: https://www.ine.pt/bddXplorer/htdocs/minfo.jsp?var_cd=0012656&lingua=PT ×3)
      · /livro-razao/alcoutim-indice-de-divida-2024 · 1 destinos repetidos (ex.: /metodo ×2)
      · /livro-razao/alenquer-ganho-medio-mensal-2024 · 1 destinos repetidos (ex.: https://www.ine.pt/bddXplorer/htdocs/minfo.jsp?var_cd=0012656&lingua=PT ×3)
      · /livro-razao/alenquer-indice-de-divida-2024 · 1 destinos repetidos (ex.: /metodo ×2)
      · /livro-razao/alfandega-da-fe-ganho-medio-mensal-2024 · 1 destinos repetidos (ex.: https://www.ine.pt/bddXplorer/htdocs/minfo.jsp?var_cd=0012656&lingua=PT ×3)
      · /livro-razao/alfandega-da-fe-indice-de-divida-2024 · 1 destinos repetidos (ex.: /metodo ×2)
      · /livro-razao/alijo-ganho-medio-mensal-2024 · 1 destinos repetidos (ex.: https://www.ine.pt/bddXplorer/htdocs/minfo.jsp?var_cd=0012656&lingua=PT ×3)
      · /livro-razao/alijo-indice-de-divida-2024 · 1 destinos repetidos (ex.: /metodo ×2)
      · /livro-razao/aljezur-ganho-medio-mensal-2024 · 1 destinos repetidos (ex.: https://www.ine.pt/bddXplorer/htdocs/minfo.jsp?var_cd=0012656&lingua=PT ×3)
      · /livro-razao/aljezur-indice-de-divida-2024 · 1 destinos repetidos (ex.: /metodo ×2)
      · /livro-razao/aljustrel-ganho-medio-mensal-2024 · 1 destinos repetidos (ex.: https://www.ine.pt/bddXplorer/htdocs/minfo.jsp?var_cd=0012656&lingua=PT ×3)
      · /livro-razao/aljustrel-indice-de-divida-2024 · 1 destinos repetidos (ex.: /metodo ×2)
      · /livro-razao/almada-ganho-medio-mensal-2024 · 1 destinos repetidos (ex.: https://www.ine.pt/bddXplorer/htdocs/minfo.jsp?var_cd=0012656&lingua=PT ×3)
      · /livro-razao/almada-indice-de-divida-2024 · 1 destinos repetidos (ex.: /metodo ×2)
      · /livro-razao/almeida-ganho-medio-mensal-2024 · 1 destinos repetidos (ex.: https://www.ine.pt/bddXplorer/htdocs/minfo.jsp?var_cd=0012656&lingua=PT ×3)
      · /livro-razao/almeida-indice-de-divida-2024 · 1 destinos repetidos (ex.: /metodo ×2)
      · /livro-razao/almeirim-ganho-medio-mensal-2024 · 1 destinos repetidos (ex.: https://www.ine.pt/bddXplorer/htdocs/minfo.jsp?var_cd=0012656&lingua=PT ×3)
      · /livro-razao/almeirim-indice-de-divida-2024 · 1 destinos repetidos (ex.: /metodo ×2)
      · /livro-razao/almodovar-ganho-medio-mensal-2024 · 1 destinos repetidos (ex.: https://www.ine.pt/bddXplorer/htdocs/minfo.jsp?var_cd=0012656&lingua=PT ×3)
      · /livro-razao/almodovar-indice-de-divida-2024 · 1 destinos repetidos (ex.: /metodo ×2)
      · /livro-razao/alpiarca-ganho-medio-mensal-2024 · 1 destinos repetidos (ex.: https://www.ine.pt/bddXplorer/htdocs/minfo.jsp?var_cd=0012656&lingua=PT ×3)
      · /livro-razao/alpiarca-indice-de-divida-2024 · 1 destinos repetidos (ex.: /metodo ×2)
      · /livro-razao/alter-do-chao-ganho-medio-mensal-2024 · 1 destinos repetidos (ex.: https://www.ine.pt/bddXplorer/htdocs/minfo.jsp?var_cd=0012656&lingua=PT ×3)
      · /livro-razao/alter-do-chao-indice-de-divida-2024 · 1 destinos repetidos (ex.: /metodo ×2)
      · /livro-razao/alvaiazere-ganho-medio-mensal-2024 · 1 destinos repetidos (ex.: https://www.ine.pt/bddXplorer/htdocs/minfo.jsp?var_cd=0012656&lingua=PT ×3)
      · /livro-razao/alvaiazere-indice-de-divida-2024 · 1 destinos repetidos (ex.: /metodo ×2)
      · /livro-razao/alvito-ganho-medio-mensal-2024 · 1 destinos repetidos (ex.: https://www.ine.pt/bddXplorer/htdocs/minfo.jsp?var_cd=0012656&lingua=PT ×3)
      · /livro-razao/alvito-indice-de-divida-2024 · 1 destinos repetidos (ex.: /metodo ×2)
      · /livro-razao/amadora-ganho-medio-mensal-2024 · 1 destinos repetidos (ex.: https://www.ine.pt/bddXplorer/htdocs/minfo.jsp?var_cd=0012656&lingua=PT ×3)
      · /livro-razao/amadora-indice-de-divida-2024 · 1 destinos repetidos (ex.: /metodo ×2)
      · /livro-razao/amarante-ganho-medio-mensal-2024 · 1 destinos repetidos (ex.: https://www.ine.pt/bddXplorer/htdocs/minfo.jsp?var_cd=0012656&lingua=PT ×3)
      · /livro-razao/amarante-indice-de-divida-2024 · 1 destinos repetidos (ex.: /metodo ×2)
      · /livro-razao/amares-ganho-medio-mensal-2024 · 1 destinos repetidos (ex.: https://www.ine.pt/bddXplorer/htdocs/minfo.jsp?var_cd=0012656&lingua=PT ×3)
      · /livro-razao/amares-indice-de-divida-2024 · 1 destinos repetidos (ex.: /metodo ×2)
      · /livro-razao/anadia-ganho-medio-mensal-2024 · 1 destinos repetidos (ex.: https://www.ine.pt/bddXplorer/htdocs/minfo.jsp?var_cd=0012656&lingua=PT ×3)
      · /livro-razao/anadia-indice-de-divida-2024 · 1 destinos repetidos (ex.: /metodo ×2)
      · /livro-razao/angra-do-heroismo-ganho-medio-mensal-2024 · 1 destinos repetidos (ex.: https://www.ine.pt/bddXplorer/htdocs/minfo.jsp?var_cd=0012656&lingua=PT ×3)
      · /livro-razao/angra-do-heroismo-indice-de-divida-2024 · 1 destinos repetidos (ex.: /metodo ×2)
      · /livro-razao/ansiao-ganho-medio-mensal-2024 · 1 destinos repetidos (ex.: https://www.ine.pt/bddXplorer/htdocs/minfo.jsp?var_cd=0012656&lingua=PT ×3)
      · /livro-razao/ansiao-indice-de-divida-2024 · 1 destinos repetidos (ex.: /metodo ×2)
      · /livro-razao/arcos-de-valdevez-ganho-medio-mensal-2024 · 1 destinos repetidos (ex.: https://www.ine.pt/bddXplorer/htdocs/minfo.jsp?var_cd=0012656&lingua=PT ×3)
      · /livro-razao/arcos-de-valdevez-indice-de-divida-2024 · 1 destinos repetidos (ex.: /metodo ×2)
      · /livro-razao/arganil-ganho-medio-mensal-2024 · 1 destinos repetidos (ex.: https://www.ine.pt/bddXplorer/htdocs/minfo.jsp?var_cd=0012656&lingua=PT ×3)
      · /livro-razao/arganil-indice-de-divida-2024 · 1 destinos repetidos (ex.: /metodo ×2)
      · /livro-razao/armamar-ganho-medio-mensal-2024 · 1 destinos repetidos (ex.: https://www.ine.pt/bddXplorer/htdocs/minfo.jsp?var_cd=0012656&lingua=PT ×3)
      · /livro-razao/armamar-indice-de-divida-2024 · 1 destinos repetidos (ex.: /metodo ×2)
      · /livro-razao/arouca-ganho-medio-mensal-2024 · 1 destinos repetidos (ex.: https://www.ine.pt/bddXplorer/htdocs/minfo.jsp?var_cd=0012656&lingua=PT ×3)
      · /livro-razao/arouca-indice-de-divida-2024 · 1 destinos repetidos (ex.: /metodo ×2)
      · /livro-razao/arraiolos-ganho-medio-mensal-2024 · 1 destinos repetidos (ex.: https://www.ine.pt/bddXplorer/htdocs/minfo.jsp?var_cd=0012656&lingua=PT ×3)
      · /livro-razao/arraiolos-indice-de-divida-2024 · 1 destinos repetidos (ex.: /metodo ×2)
      · /livro-razao/arronches-ganho-medio-mensal-2024 · 1 destinos repetidos (ex.: https://www.ine.pt/bddXplorer/htdocs/minfo.jsp?var_cd=0012656&lingua=PT ×3)
      · /livro-razao/arronches-indice-de-divida-2024 · 1 destinos repetidos (ex.: /metodo ×2)
      · /livro-razao/arruda-dos-vinhos-ganho-medio-mensal-2024 · 1 destinos repetidos (ex.: https://www.ine.pt/bddXplorer/htdocs/minfo.jsp?var_cd=0012656&lingua=PT ×3)
      · /livro-razao/arruda-dos-vinhos-indice-de-divida-2024 · 1 destinos repetidos (ex.: /metodo ×2)
      · /livro-razao/aveiro-ganho-medio-mensal-2024 · 1 destinos repetidos (ex.: https://www.ine.pt/bddXplorer/htdocs/minfo.jsp?var_cd=0012656&lingua=PT ×3)
      · /livro-razao/aveiro-indice-de-divida-2024 · 1 destinos repetidos (ex.: /metodo ×2)
      · /livro-razao/avis-ganho-medio-mensal-2024 · 1 destinos repetidos (ex.: https://www.ine.pt/bddXplorer/htdocs/minfo.jsp?var_cd=0012656&lingua=PT ×3)
      · /livro-razao/avis-indice-de-divida-2024 · 1 destinos repetidos (ex.: /metodo ×2)
      · /livro-razao/avisos-pt2030-abertos · 2 destinos repetidos (ex.: /a-verificar ×7)
      · /livro-razao/avisos-pt2030-pessoas-singulares · 2 destinos repetidos (ex.: /a-verificar ×7)
      · /livro-razao/azambuja-ganho-medio-mensal-2024 · 1 destinos repetidos (ex.: https://www.ine.pt/bddXplorer/htdocs/minfo.jsp?var_cd=0012656&lingua=PT ×3)
      · /livro-razao/azambuja-indice-de-divida-2024 · 1 destinos repetidos (ex.: /metodo ×2)
      · /livro-razao/baiao-ganho-medio-mensal-2024 · 1 destinos repetidos (ex.: https://www.ine.pt/bddXplorer/htdocs/minfo.jsp?var_cd=0012656&lingua=PT ×3)
      · /livro-razao/baiao-indice-de-divida-2024 · 1 destinos repetidos (ex.: /metodo ×2)
      · /livro-razao/barcelos-ganho-medio-mensal-2024 · 1 destinos repetidos (ex.: https://www.ine.pt/bddXplorer/htdocs/minfo.jsp?var_cd=0012656&lingua=PT ×3)
      · /livro-razao/barcelos-indice-de-divida-2024 · 1 destinos repetidos (ex.: /metodo ×2)
      · /livro-razao/barrancos-ganho-medio-mensal-2024 · 1 destinos repetidos (ex.: https://www.ine.pt/bddXplorer/htdocs/minfo.jsp?var_cd=0012656&lingua=PT ×3)
      · /livro-razao/barrancos-indice-de-divida-2024 · 1 destinos repetidos (ex.: /metodo ×2)
      · /livro-razao/barreiro-ganho-medio-mensal-2024 · 1 destinos repetidos (ex.: https://www.ine.pt/bddXplorer/htdocs/minfo.jsp?var_cd=0012656&lingua=PT ×3)
      · /livro-razao/barreiro-indice-de-divida-2024 · 1 destinos repetidos (ex.: /metodo ×2)
      · /livro-razao/batalha-ganho-medio-mensal-2024 · 1 destinos repetidos (ex.: https://www.ine.pt/bddXplorer/htdocs/minfo.jsp?var_cd=0012656&lingua=PT ×3)
      · /livro-razao/batalha-indice-de-divida-2024 · 1 destinos repetidos (ex.: /metodo ×2)
      · /livro-razao/beja-ganho-medio-mensal-2024 · 1 destinos repetidos (ex.: https://www.ine.pt/bddXplorer/htdocs/minfo.jsp?var_cd=0012656&lingua=PT ×3)
      · /livro-razao/beja-indice-de-divida-2024 · 1 destinos repetidos (ex.: /metodo ×2)
      · /livro-razao/belmonte-ganho-medio-mensal-2024 · 1 destinos repetidos (ex.: https://www.ine.pt/bddXplorer/htdocs/minfo.jsp?var_cd=0012656&lingua=PT ×3)
      · /livro-razao/belmonte-indice-de-divida-2024 · 1 destinos repetidos (ex.: /metodo ×2)
      · /livro-razao/benavente-ganho-medio-mensal-2024 · 1 destinos repetidos (ex.: https://www.ine.pt/bddXplorer/htdocs/minfo.jsp?var_cd=0012656&lingua=PT ×3)
      · /livro-razao/benavente-indice-de-divida-2024 · 1 destinos repetidos (ex.: /metodo ×2)
      · /livro-razao/beneficiarios-do-rsi-por-mil-2023 · 2 destinos repetidos (ex.: https://www.ine.pt/bddXplorer/htdocs/minfo.jsp?var_cd=0013420&lingua=PT ×3)
      · /livro-razao/beneficiarios-do-rsi-por-mil-2024 · 2 destinos repetidos (ex.: https://www.ine.pt/bddXplorer/htdocs/minfo.jsp?var_cd=0013420&lingua=PT ×4)
      · /livro-razao/bombarral-ganho-medio-mensal-2024 · 1 destinos repetidos (ex.: https://www.ine.pt/bddXplorer/htdocs/minfo.jsp?var_cd=0012656&lingua=PT ×3)
      · /livro-razao/bombarral-indice-de-divida-2024 · 1 destinos repetidos (ex.: /metodo ×2)
      · /livro-razao/borba-ganho-medio-mensal-2024 · 1 destinos repetidos (ex.: https://www.ine.pt/bddXplorer/htdocs/minfo.jsp?var_cd=0012656&lingua=PT ×3)
      · /livro-razao/borba-indice-de-divida-2024 · 1 destinos repetidos (ex.: /metodo ×2)
      · /livro-razao/boticas-ganho-medio-mensal-2024 · 1 destinos repetidos (ex.: https://www.ine.pt/bddXplorer/htdocs/minfo.jsp?var_cd=0012656&lingua=PT ×3)
      · /livro-razao/boticas-indice-de-divida-2024 · 1 destinos repetidos (ex.: /metodo ×2)
      · /livro-razao/braga-ganho-medio-mensal-2024 · 1 destinos repetidos (ex.: https://www.ine.pt/bddXplorer/htdocs/minfo.jsp?var_cd=0012656&lingua=PT ×3)
      · /livro-razao/braga-indice-de-divida-2024 · 1 destinos repetidos (ex.: /metodo ×2)
      · /livro-razao/braganca-ganho-medio-mensal-2024 · 1 destinos repetidos (ex.: https://www.ine.pt/bddXplorer/htdocs/minfo.jsp?var_cd=0012656&lingua=PT ×3)
      · /livro-razao/braganca-indice-de-divida-2024 · 1 destinos repetidos (ex.: /metodo ×2)
      · /livro-razao/cabeceiras-de-basto-ganho-medio-mensal-2024 · 1 destinos repetidos (ex.: https://www.ine.pt/bddXplorer/htdocs/minfo.jsp?var_cd=0012656&lingua=PT ×3)
      · /livro-razao/cabeceiras-de-basto-indice-de-divida-2024 · 1 destinos repetidos (ex.: /metodo ×2)
      · /livro-razao/cadaval-ganho-medio-mensal-2024 · 1 destinos repetidos (ex.: https://www.ine.pt/bddXplorer/htdocs/minfo.jsp?var_cd=0012656&lingua=PT ×3)
      · /livro-razao/cadaval-indice-de-divida-2024 · 1 destinos repetidos (ex.: /metodo ×2)
      · /livro-razao/caldas-da-rainha-ganho-medio-mensal-2024 · 1 destinos repetidos (ex.: https://www.ine.pt/bddXplorer/htdocs/minfo.jsp?var_cd=0012656&lingua=PT ×3)
      · /livro-razao/caldas-da-rainha-indice-de-divida-2024 · 1 destinos repetidos (ex.: /metodo ×2)
      · /livro-razao/calheta-de-sao-jorge-ganho-medio-mensal-2024 · 1 destinos repetidos (ex.: https://www.ine.pt/bddXplorer/htdocs/minfo.jsp?var_cd=0012656&lingua=PT ×3)
      · /livro-razao/calheta-de-sao-jorge-indice-de-divida-2024 · 1 destinos repetidos (ex.: /metodo ×2)
      · /livro-razao/calheta-ganho-medio-mensal-2024 · 1 destinos repetidos (ex.: https://www.ine.pt/bddXplorer/htdocs/minfo.jsp?var_cd=0012656&lingua=PT ×3)
      · /livro-razao/calheta-indice-de-divida-2024 · 1 destinos repetidos (ex.: /metodo ×2)
      · /livro-razao/camara-de-lobos-ganho-medio-mensal-2024 · 1 destinos repetidos (ex.: https://www.ine.pt/bddXplorer/htdocs/minfo.jsp?var_cd=0012656&lingua=PT ×3)
      · /livro-razao/camara-de-lobos-indice-de-divida-2024 · 1 destinos repetidos (ex.: /metodo ×2)
      · /livro-razao/caminha-ganho-medio-mensal-2024 · 1 destinos repetidos (ex.: https://www.ine.pt/bddXplorer/htdocs/minfo.jsp?var_cd=0012656&lingua=PT ×3)
      · /livro-razao/caminha-indice-de-divida-2024 · 1 destinos repetidos (ex.: /metodo ×2)
      · /livro-razao/campo-maior-ganho-medio-mensal-2024 · 1 destinos repetidos (ex.: https://www.ine.pt/bddXplorer/htdocs/minfo.jsp?var_cd=0012656&lingua=PT ×3)
      · /livro-razao/campo-maior-indice-de-divida-2024 · 1 destinos repetidos (ex.: /metodo ×2)
      · /livro-razao/cantanhede-ganho-medio-mensal-2024 · 1 destinos repetidos (ex.: https://www.ine.pt/bddXplorer/htdocs/minfo.jsp?var_cd=0012656&lingua=PT ×3)
      · /livro-razao/cantanhede-indice-de-divida-2024 · 1 destinos repetidos (ex.: /metodo ×2)
      · /livro-razao/carrazeda-de-ansiaes-ganho-medio-mensal-2024 · 1 destinos repetidos (ex.: https://www.ine.pt/bddXplorer/htdocs/minfo.jsp?var_cd=0012656&lingua=PT ×3)
      · /livro-razao/carrazeda-de-ansiaes-indice-de-divida-2024 · 1 destinos repetidos (ex.: /metodo ×2)
      · /livro-razao/carregal-do-sal-ganho-medio-mensal-2024 · 1 destinos repetidos (ex.: https://www.ine.pt/bddXplorer/htdocs/minfo.jsp?var_cd=0012656&lingua=PT ×3)
      · /livro-razao/carregal-do-sal-indice-de-divida-2024 · 1 destinos repetidos (ex.: /metodo ×2)
      · /livro-razao/cartaxo-ganho-medio-mensal-2024 · 1 destinos repetidos (ex.: https://www.ine.pt/bddXplorer/htdocs/minfo.jsp?var_cd=0012656&lingua=PT ×3)
      · /livro-razao/cartaxo-indice-de-divida-2024 · 1 destinos repetidos (ex.: /metodo ×2)
      · /livro-razao/cascais-ganho-medio-mensal-2024 · 1 destinos repetidos (ex.: https://www.ine.pt/bddXplorer/htdocs/minfo.jsp?var_cd=0012656&lingua=PT ×3)
      · /livro-razao/cascais-indice-de-divida-2024 · 1 destinos repetidos (ex.: /metodo ×2)
      · /livro-razao/castanheira-de-pera-ganho-medio-mensal-2024 · 1 destinos repetidos (ex.: https://www.ine.pt/bddXplorer/htdocs/minfo.jsp?var_cd=0012656&lingua=PT ×3)
      · /livro-razao/castanheira-de-pera-indice-de-divida-2024 · 1 destinos repetidos (ex.: /metodo ×2)
      · /livro-razao/castelo-branco-ganho-medio-mensal-2024 · 1 destinos repetidos (ex.: https://www.ine.pt/bddXplorer/htdocs/minfo.jsp?var_cd=0012656&lingua=PT ×3)
      · /livro-razao/castelo-branco-indice-de-divida-2024 · 1 destinos repetidos (ex.: /metodo ×2)
      · /livro-razao/castelo-de-paiva-ganho-medio-mensal-2024 · 1 destinos repetidos (ex.: https://www.ine.pt/bddXplorer/htdocs/minfo.jsp?var_cd=0012656&lingua=PT ×3)
      · /livro-razao/castelo-de-paiva-indice-de-divida-2024 · 1 destinos repetidos (ex.: /metodo ×2)
      · /livro-razao/castelo-de-vide-ganho-medio-mensal-2024 · 1 destinos repetidos (ex.: https://www.ine.pt/bddXplorer/htdocs/minfo.jsp?var_cd=0012656&lingua=PT ×3)
      · /livro-razao/castelo-de-vide-indice-de-divida-2024 · 1 destinos repetidos (ex.: /metodo ×2)
      · /livro-razao/castro-daire-ganho-medio-mensal-2024 · 1 destinos repetidos (ex.: https://www.ine.pt/bddXplorer/htdocs/minfo.jsp?var_cd=0012656&lingua=PT ×3)
      · /livro-razao/castro-daire-indice-de-divida-2024 · 1 destinos repetidos (ex.: /metodo ×2)
      · /livro-razao/castro-marim-ganho-medio-mensal-2024 · 1 destinos repetidos (ex.: https://www.ine.pt/bddXplorer/htdocs/minfo.jsp?var_cd=0012656&lingua=PT ×3)
      · /livro-razao/castro-marim-indice-de-divida-2024 · 1 destinos repetidos (ex.: /metodo ×2)
      · /livro-razao/castro-verde-ganho-medio-mensal-2024 · 1 destinos repetidos (ex.: https://www.ine.pt/bddXplorer/htdocs/minfo.jsp?var_cd=0012656&lingua=PT ×3)
      · /livro-razao/castro-verde-indice-de-divida-2024 · 1 destinos repetidos (ex.: /metodo ×2)
      · /livro-razao/celorico-da-beira-ganho-medio-mensal-2024 · 1 destinos repetidos (ex.: https://www.ine.pt/bddXplorer/htdocs/minfo.jsp?var_cd=0012656&lingua=PT ×3)
      · /livro-razao/celorico-da-beira-indice-de-divida-2024 · 1 destinos repetidos (ex.: /metodo ×2)
      · /livro-razao/celorico-de-basto-ganho-medio-mensal-2024 · 1 destinos repetidos (ex.: https://www.ine.pt/bddXplorer/htdocs/minfo.jsp?var_cd=0012656&lingua=PT ×3)
      · /livro-razao/celorico-de-basto-indice-de-divida-2024 · 1 destinos repetidos (ex.: /metodo ×2)
      · /livro-razao/chamusca-ganho-medio-mensal-2024 · 1 destinos repetidos (ex.: https://www.ine.pt/bddXplorer/htdocs/minfo.jsp?var_cd=0012656&lingua=PT ×3)
      · /livro-razao/chamusca-indice-de-divida-2024 · 1 destinos repetidos (ex.: /metodo ×2)
      · /livro-razao/chaves-ganho-medio-mensal-2024 · 1 destinos repetidos (ex.: https://www.ine.pt/bddXplorer/htdocs/minfo.jsp?var_cd=0012656&lingua=PT ×3)
      · /livro-razao/chaves-indice-de-divida-2024 · 1 destinos repetidos (ex.: /metodo ×2)
      · /livro-razao/ciclo-substituicao-condutas · 2 destinos repetidos (ex.: /a-verificar ×8)
      · /livro-razao/cinfaes-ganho-medio-mensal-2024 · 1 destinos repetidos (ex.: https://www.ine.pt/bddXplorer/htdocs/minfo.jsp?var_cd=0012656&lingua=PT ×3)
      · /livro-razao/cinfaes-indice-de-divida-2024 · 1 destinos repetidos (ex.: /metodo ×2)
      · /livro-razao/coimbra-ganho-medio-mensal-2024 · 1 destinos repetidos (ex.: https://www.ine.pt/bddXplorer/htdocs/minfo.jsp?var_cd=0012656&lingua=PT ×3)
      · /livro-razao/coimbra-indice-de-divida-2024 · 1 destinos repetidos (ex.: /metodo ×2)
      · /livro-razao/competencias-digitais-2023 · 1 destinos repetidos (ex.: https://ec.europa.eu/eurostat/databrowser/view/tepsr_sp410/default/table?lang=en ×3)
      · /livro-razao/competencias-digitais-2025-ue · 1 destinos repetidos (ex.: https://ec.europa.eu/eurostat/databrowser/view/tepsr_sp410/default/table?lang=en ×3)
      · /livro-razao/competencias-digitais-2025 · 1 destinos repetidos (ex.: https://ec.europa.eu/eurostat/databrowser/view/tepsr_sp410/default/table?lang=en ×3)
      · /livro-razao/concelhos · 309 destinos repetidos (ex.: /livro-razao/concelhos ×2)
      · /livro-razao/condeixa-a-nova-ganho-medio-mensal-2024 · 1 destinos repetidos (ex.: https://www.ine.pt/bddXplorer/htdocs/minfo.jsp?var_cd=0012656&lingua=PT ×3)
      · /livro-razao/condeixa-a-nova-indice-de-divida-2024 · 1 destinos repetidos (ex.: /metodo ×2)
      · /livro-razao/constancia-ganho-medio-mensal-2024 · 1 destinos repetidos (ex.: https://www.ine.pt/bddXplorer/htdocs/minfo.jsp?var_cd=0012656&lingua=PT ×3)
      · /livro-razao/constancia-indice-de-divida-2024 · 1 destinos repetidos (ex.: /metodo ×2)
      · /livro-razao/correcoes-publicadas · 1 destinos repetidos (ex.: /metodo ×2)
      · /livro-razao/coruche-ganho-medio-mensal-2024 · 1 destinos repetidos (ex.: https://www.ine.pt/bddXplorer/htdocs/minfo.jsp?var_cd=0012656&lingua=PT ×3)
      · /livro-razao/coruche-indice-de-divida-2024 · 1 destinos repetidos (ex.: /metodo ×2)
      · /livro-razao/corvo-ganho-medio-mensal-2024 · 1 destinos repetidos (ex.: https://www.ine.pt/bddXplorer/htdocs/minfo.jsp?var_cd=0012656&lingua=PT ×3)
      · /livro-razao/corvo-indice-de-divida-2024 · 1 destinos repetidos (ex.: /metodo ×2)
      · /livro-razao/covilha-ganho-medio-mensal-2024 · 1 destinos repetidos (ex.: https://www.ine.pt/bddXplorer/htdocs/minfo.jsp?var_cd=0012656&lingua=PT ×3)
      · /livro-razao/covilha-indice-de-divida-2024 · 1 destinos repetidos (ex.: /metodo ×2)
      · /livro-razao/crato-ganho-medio-mensal-2024 · 1 destinos repetidos (ex.: https://www.ine.pt/bddXplorer/htdocs/minfo.jsp?var_cd=0012656&lingua=PT ×3)
      · /livro-razao/crato-indice-de-divida-2024 · 1 destinos repetidos (ex.: /metodo ×2)
      · /livro-razao/credito-malparado-2024 · 1 destinos repetidos (ex.: https://ec.europa.eu/eurostat/databrowser/view/tipsbd10/default/table?lang=en ×3)
      · /livro-razao/credito-malparado-2025 · 1 destinos repetidos (ex.: https://ec.europa.eu/eurostat/databrowser/view/tipsbd10/default/table?lang=en ×3)
      · /livro-razao/crescimento-da-despesa-liquida-2024 · 1 destinos repetidos (ex.: /metodo ×2)
      · /livro-razao/criancas-em-creche-2024 · 1 destinos repetidos (ex.: https://ec.europa.eu/eurostat/databrowser/view/tepsr_sp210/default/table?lang=en ×3)
      · /livro-razao/criancas-em-creche-2025-ue · 1 destinos repetidos (ex.: https://ec.europa.eu/eurostat/databrowser/view/tepsr_sp210/default/table?lang=en ×3)
      · /livro-razao/criancas-em-creche-2025 · 1 destinos repetidos (ex.: https://ec.europa.eu/eurostat/databrowser/view/tepsr_sp210/default/table?lang=en ×3)
      · /livro-razao/cuba-ganho-medio-mensal-2024 · 1 destinos repetidos (ex.: https://www.ine.pt/bddXplorer/htdocs/minfo.jsp?var_cd=0012656&lingua=PT ×3)
      · /livro-razao/cuba-indice-de-divida-2024 · 1 destinos repetidos (ex.: /metodo ×2)
      · /livro-razao/custo-unitario-do-trabalho-2024 · 1 destinos repetidos (ex.: https://ec.europa.eu/eurostat/databrowser/view/tipslm10/default/table?lang=en ×3)
      · /livro-razao/custo-unitario-do-trabalho-2025-ue · 1 destinos repetidos (ex.: https://ec.europa.eu/eurostat/databrowser/view/tipslm10/default/table?lang=en ×3)
      · /livro-razao/custo-unitario-do-trabalho-2025 · 1 destinos repetidos (ex.: https://ec.europa.eu/eurostat/databrowser/view/tipslm10/default/table?lang=en ×3)
      · /livro-razao/desempenho-das-exportacoes-2024 · 1 destinos repetidos (ex.: https://ec.europa.eu/eurostat/databrowser/view/tipsbp60/default/table?lang=en ×3)
      · /livro-razao/desempenho-das-exportacoes-2025 · 1 destinos repetidos (ex.: https://ec.europa.eu/eurostat/databrowser/view/tipsbp60/default/table?lang=en ×3)
      · /livro-razao/desemprego-de-longa-duracao-2024 · 1 destinos repetidos (ex.: https://ec.europa.eu/eurostat/databrowser/view/tesem130/default/table?lang=en ×3)
      · /livro-razao/desemprego-de-longa-duracao-2025-ue · 1 destinos repetidos (ex.: https://ec.europa.eu/eurostat/databrowser/view/tesem130/default/table?lang=en ×3)
      · /livro-razao/desemprego-de-longa-duracao-2025 · 1 destinos repetidos (ex.: https://ec.europa.eu/eurostat/databrowser/view/tesem130/default/table?lang=en ×3)
      · /livro-razao/despesa-em-id-2023 · 1 destinos repetidos (ex.: https://ec.europa.eu/eurostat/databrowser/view/tipsst10/default/table?lang=en ×3)
      · /livro-razao/despesa-em-id-2024-ue · 1 destinos repetidos (ex.: https://ec.europa.eu/eurostat/databrowser/view/tipsst10/default/table?lang=en ×3)
      · /livro-razao/despesa-em-id-2024 · 1 destinos repetidos (ex.: https://ec.europa.eu/eurostat/databrowser/view/tipsst10/default/table?lang=en ×3)
      · /livro-razao/despesa-por-funcao-2024-gf01-es · 1 destinos repetidos (ex.: /metodo ×2)
      · /livro-razao/despesa-por-funcao-2024-gf01-pt · 1 destinos repetidos (ex.: /metodo ×2)
      · /livro-razao/despesa-por-funcao-2024-gf01-ue · 1 destinos repetidos (ex.: /metodo ×2)
      · /livro-razao/despesa-por-funcao-2024-gf02-es · 1 destinos repetidos (ex.: /metodo ×2)
      · /livro-razao/despesa-por-funcao-2024-gf02-pt · 1 destinos repetidos (ex.: /metodo ×2)
      · /livro-razao/despesa-por-funcao-2024-gf02-ue · 1 destinos repetidos (ex.: /metodo ×2)
      · /livro-razao/despesa-por-funcao-2024-gf03-es · 1 destinos repetidos (ex.: /metodo ×2)
      · /livro-razao/despesa-por-funcao-2024-gf03-pt · 1 destinos repetidos (ex.: /metodo ×2)
      · /livro-razao/despesa-por-funcao-2024-gf03-ue · 1 destinos repetidos (ex.: /metodo ×2)
      · /livro-razao/despesa-por-funcao-2024-gf04-es · 1 destinos repetidos (ex.: /metodo ×2)
      · /livro-razao/despesa-por-funcao-2024-gf04-pt · 1 destinos repetidos (ex.: /metodo ×2)
      · /livro-razao/despesa-por-funcao-2024-gf04-ue · 1 destinos repetidos (ex.: /metodo ×2)
      · /livro-razao/despesa-por-funcao-2024-gf05-es · 1 destinos repetidos (ex.: /metodo ×2)
      · /livro-razao/despesa-por-funcao-2024-gf05-pt · 1 destinos repetidos (ex.: /metodo ×2)
      · /livro-razao/despesa-por-funcao-2024-gf05-ue · 1 destinos repetidos (ex.: /metodo ×2)
      · /livro-razao/despesa-por-funcao-2024-gf06-es · 1 destinos repetidos (ex.: /metodo ×2)
      · /livro-razao/despesa-por-funcao-2024-gf06-pt · 1 destinos repetidos (ex.: /metodo ×2)
      · /livro-razao/despesa-por-funcao-2024-gf06-ue · 1 destinos repetidos (ex.: /metodo ×2)
      · /livro-razao/despesa-por-funcao-2024-gf07-es · 1 destinos repetidos (ex.: /metodo ×2)
      · /livro-razao/despesa-por-funcao-2024-gf07-pt · 1 destinos repetidos (ex.: /metodo ×2)
      · /livro-razao/despesa-por-funcao-2024-gf07-ue · 1 destinos repetidos (ex.: /metodo ×2)
      · /livro-razao/despesa-por-funcao-2024-gf08-es · 1 destinos repetidos (ex.: /metodo ×2)
      · /livro-razao/despesa-por-funcao-2024-gf08-pt · 1 destinos repetidos (ex.: /metodo ×2)
      · /livro-razao/despesa-por-funcao-2024-gf08-ue · 1 destinos repetidos (ex.: /metodo ×2)
      · /livro-razao/despesa-por-funcao-2024-gf09-es · 1 destinos repetidos (ex.: /metodo ×2)
      · /livro-razao/despesa-por-funcao-2024-gf09-pt · 1 destinos repetidos (ex.: /metodo ×2)
      · /livro-razao/despesa-por-funcao-2024-gf09-ue · 1 destinos repetidos (ex.: /metodo ×2)
      · /livro-razao/despesa-por-funcao-2024-gf10-es · 1 destinos repetidos (ex.: /metodo ×2)
      · /livro-razao/despesa-por-funcao-2024-gf10-pt · 1 destinos repetidos (ex.: /metodo ×2)
      · /livro-razao/despesa-por-funcao-2024-gf10-ue · 1 destinos repetidos (ex.: /metodo ×2)
      · /livro-razao/disparidade-de-emprego-entre-sexos-2024 · 1 destinos repetidos (ex.: https://ec.europa.eu/eurostat/databrowser/view/tesem060/default/table?lang=en ×3)
      · /livro-razao/disparidade-de-emprego-entre-sexos-2025-ue · 1 destinos repetidos (ex.: https://ec.europa.eu/eurostat/databrowser/view/tesem060/default/table?lang=en ×3)
      · /livro-razao/disparidade-de-emprego-entre-sexos-2025 · 1 destinos repetidos (ex.: https://ec.europa.eu/eurostat/databrowser/view/tesem060/default/table?lang=en ×3)
      · /livro-razao/disparidade-salarial-entre-sexos-2023 · 2 destinos repetidos (ex.: https://ec.europa.eu/eurostat/databrowser/view/earn_gr_gpgr2/default/table?lang=en ×3)
      · /livro-razao/disparidade-salarial-entre-sexos-2024 · 1 destinos repetidos (ex.: https://ec.europa.eu/eurostat/databrowser/view/earn_gr_gpgr2/default/table?lang=en ×3)
      · /livro-razao/distancia-acores-ue27-2024 · 1 destinos repetidos (ex.: /metodo ×2)
      · /livro-razao/distancia-alentejo-ue27-2000 · 1 destinos repetidos (ex.: /metodo ×2)
      · /livro-razao/distancia-alentejo-ue27-2024 · 1 destinos repetidos (ex.: /metodo ×2)
      · /livro-razao/distancia-algarve-ue27-2024 · 1 destinos repetidos (ex.: /metodo ×2)
      · /livro-razao/distancia-centro-ue27-2024 · 1 destinos repetidos (ex.: /metodo ×2)
      · /livro-razao/distancia-grande-lisboa-ue27-2024 · 1 destinos repetidos (ex.: /metodo ×2)
      · /livro-razao/distancia-madeira-ue27-2024 · 1 destinos repetidos (ex.: /metodo ×2)
      · /livro-razao/distancia-norte-ue27-2024 · 1 destinos repetidos (ex.: /metodo ×2)
      · /livro-razao/distancia-oeste-e-vale-do-tejo-ue27-2024 · 1 destinos repetidos (ex.: /metodo ×2)
      · /livro-razao/distancia-peninsula-de-setubal-ue27-2024 · 1 destinos repetidos (ex.: /metodo ×2)
      · /livro-razao/distancia-portugal-ue27-2024 · 1 destinos repetidos (ex.: /metodo ×2)
      · /livro-razao/distancia-setubal-grande-lisboa-2024 · 1 destinos repetidos (ex.: /metodo ×2)
      · /livro-razao/divida-das-empresas-2024 · 1 destinos repetidos (ex.: https://ec.europa.eu/eurostat/databrowser/view/tipspd30/default/table?lang=en ×3)
      · /livro-razao/divida-das-empresas-2025-ue · 1 destinos repetidos (ex.: https://ec.europa.eu/eurostat/databrowser/view/tipspd30/default/table?lang=en ×3)
      · /livro-razao/divida-das-empresas-2025 · 1 destinos repetidos (ex.: https://ec.europa.eu/eurostat/databrowser/view/tipspd30/default/table?lang=en ×3)
      · /livro-razao/divida-das-familias-2024 · 1 destinos repetidos (ex.: https://ec.europa.eu/eurostat/databrowser/view/tipspd22/default/table?lang=en ×3)
      · /livro-razao/divida-das-familias-2025-ue · 1 destinos repetidos (ex.: https://ec.europa.eu/eurostat/databrowser/view/tipspd22/default/table?lang=en ×3)
      · /livro-razao/divida-das-familias-2025 · 1 destinos repetidos (ex.: https://ec.europa.eu/eurostat/databrowser/view/tipspd22/default/table?lang=en ×3)
      · /livro-razao/divida-publica-2024-notificacao-ine-2026-09 · 1 destinos repetidos (ex.: /metodo ×2)
      · /livro-razao/divida-publica-2024 · 1 destinos repetidos (ex.: https://ec.europa.eu/eurostat/databrowser/view/tipsgo10/default/table?lang=en ×3)
      · /livro-razao/divida-publica-2025-notificacao-ine-2026-09 · 1 destinos repetidos (ex.: /metodo ×2)
      · /livro-razao/divida-publica-2025-ue · 1 destinos repetidos (ex.: https://ec.europa.eu/eurostat/databrowser/view/tipsgo10/default/table?lang=en ×3)
      · /livro-razao/divida-publica-2025 · 1 destinos repetidos (ex.: https://ec.europa.eu/eurostat/databrowser/view/tipsgo10/default/table?lang=en ×3)
      · /livro-razao/edicoes-publicadas · 1 destinos repetidos (ex.: /metodo ×2)
      · /livro-razao/elvas-ganho-medio-mensal-2024 · 1 destinos repetidos (ex.: https://www.ine.pt/bddXplorer/htdocs/minfo.jsp?var_cd=0012656&lingua=PT ×3)
      · /livro-razao/elvas-indice-de-divida-2024 · 1 destinos repetidos (ex.: /metodo ×2)
      · /livro-razao/entroncamento-ganho-medio-mensal-2024 · 1 destinos repetidos (ex.: https://www.ine.pt/bddXplorer/htdocs/minfo.jsp?var_cd=0012656&lingua=PT ×3)
      · /livro-razao/entroncamento-indice-de-divida-2024 · 1 destinos repetidos (ex.: /metodo ×2)
      · /livro-razao/espinho-ganho-medio-mensal-2024 · 1 destinos repetidos (ex.: https://www.ine.pt/bddXplorer/htdocs/minfo.jsp?var_cd=0012656&lingua=PT ×3)
      · /livro-razao/espinho-indice-de-divida-2024 · 1 destinos repetidos (ex.: /metodo ×2)
      · /livro-razao/esposende-ganho-medio-mensal-2024 · 1 destinos repetidos (ex.: https://www.ine.pt/bddXplorer/htdocs/minfo.jsp?var_cd=0012656&lingua=PT ×3)
      · /livro-razao/esposende-indice-de-divida-2024 · 1 destinos repetidos (ex.: /metodo ×2)
      · /livro-razao/estarreja-ganho-medio-mensal-2024 · 1 destinos repetidos (ex.: https://www.ine.pt/bddXplorer/htdocs/minfo.jsp?var_cd=0012656&lingua=PT ×3)
      · /livro-razao/estarreja-indice-de-divida-2024 · 1 destinos repetidos (ex.: /metodo ×2)
      · /livro-razao/estremoz-ganho-medio-mensal-2024 · 1 destinos repetidos (ex.: https://www.ine.pt/bddXplorer/htdocs/minfo.jsp?var_cd=0012656&lingua=PT ×3)
      · /livro-razao/estremoz-indice-de-divida-2024 · 1 destinos repetidos (ex.: /metodo ×2)
      · /livro-razao/estudos-evora-publicados · 1 destinos repetidos (ex.: /metodo ×2)
      · /livro-razao/estudos-publicados · 1 destinos repetidos (ex.: /metodo ×2)
      · /livro-razao/evora-camara-mandatos-cdu-2013 · 1 destinos repetidos (ex.: https://www.eleicoes.mai.gov.pt/autarquicas2013/territorio-nacional.html?territoryKey=LOCAL-070500 ×3)
      · /livro-razao/evora-camara-mandatos-cdu-2017 · 1 destinos repetidos (ex.: https://www.eleicoes.mai.gov.pt/autarquicas2017/territorio-nacional.html?territoryKey=LOCAL-070500 ×3)
      · /livro-razao/evora-camara-mandatos-ps-2009 · 1 destinos repetidos (ex.: https://www.eleicoes.mai.gov.pt/autarquicas2009/territorio-nacional.html?territoryKey=LOCAL-070500 ×3)
      · /livro-razao/evora-divergencia-municipio-dgal-2024 · 1 destinos repetidos (ex.: /metodo ×2)
      · /livro-razao/evora-divida-total-2025 · 1 destinos repetidos (ex.: https://www.cm-evora.pt/wp-content/uploads/2026/05/PRESTACAO_CONTAS_2025.pdf ×2)
      · /livro-razao/evora-execucao-da-receita-2025 · 1 destinos repetidos (ex.: https://www.cm-evora.pt/wp-content/uploads/2026/05/PRESTACAO_CONTAS_2025.pdf ×2)
      · /livro-razao/evora-ganho-medio-mensal-2024 · 1 destinos repetidos (ex.: https://www.ine.pt/bddXplorer/htdocs/minfo.jsp?var_cd=0012656&lingua=PT ×3)
      · /livro-razao/evora-indice-de-divida-2014 · 1 destinos repetidos (ex.: /metodo ×2)
      · /livro-razao/evora-indice-de-divida-2017 · 1 destinos repetidos (ex.: /metodo ×2)
      · /livro-razao/evora-indice-de-divida-2021 · 1 destinos repetidos (ex.: /metodo ×2)
      · /livro-razao/evora-indice-de-divida-2024 · 1 destinos repetidos (ex.: /metodo ×2)
      · /livro-razao/evora-limite-divida-2025 · 1 destinos repetidos (ex.: https://www.cm-evora.pt/wp-content/uploads/2026/05/PRESTACAO_CONTAS_2025.pdf ×2)
      · /livro-razao/evora-pagamentos-em-atraso-2025 · 1 destinos repetidos (ex.: https://www.cm-evora.pt/wp-content/uploads/2026/05/PRESTACAO_CONTAS_2025.pdf ×2)
      · /livro-razao/evora-pelouros-2021-total · 1 destinos repetidos (ex.: /metodo ×2)
      · /livro-razao/evora-pelouros-2025-total · 1 destinos repetidos (ex.: /metodo ×2)
      · /livro-razao/evora-prazo-medio-de-pagamento-2023 · 1 destinos repetidos (ex.: https://www.cm-evora.pt/wp-content/uploads/2026/05/PRESTACAO_CONTAS_2025.pdf ×2)
      · /livro-razao/evora-prazo-medio-de-pagamento-2025 · 1 destinos repetidos (ex.: https://www.cm-evora.pt/wp-content/uploads/2026/05/PRESTACAO_CONTAS_2025.pdf ×2)
      · /livro-razao/evora-prr-aprovado-2026 · 2 destinos repetidos (ex.: https://web.archive.org/web/20260820111244/https://dados.gov.pt/s/resources/dataset-estrutura-de-missao-prr-entidades-1/20260819-172815-0c601eed/listagem-de-entidades-prr-20260819.xlsx ×2)
      · /livro-razao/evora-prr-execucao-2026 · 1 destinos repetidos (ex.: /metodo ×2)
      · /livro-razao/evora-prr-municipio-contratado · 1 destinos repetidos (ex.: https://web.archive.org/web/20260820111244/https://dados.gov.pt/s/resources/dataset-estrutura-de-missao-prr-entidades-1/20260819-172815-0c601eed/listagem-de-entidades-prr-20260819.xlsx ×2)
      · /livro-razao/evora-prr-pago-2026 · 2 destinos repetidos (ex.: https://web.archive.org/web/20260820111244/https://dados.gov.pt/s/resources/dataset-estrutura-de-missao-prr-entidades-1/20260819-172815-0c601eed/listagem-de-entidades-prr-20260819.xlsx ×2)
      · /livro-razao/evora-prr-universidade-contratado · 1 destinos repetidos (ex.: https://web.archive.org/web/20260820111244/https://dados.gov.pt/s/resources/dataset-estrutura-de-missao-prr-entidades-1/20260819-172815-0c601eed/listagem-de-entidades-prr-20260819.xlsx ×2)
      · /livro-razao/evora-prr-vencido-aprovado-2026 · 3 destinos repetidos (ex.: https://web.archive.org/web/20260820111244/https://dados.gov.pt/s/resources/dataset-estrutura-de-missao-prr-entidades-1/20260819-172815-0c601eed/listagem-de-entidades-prr-20260819.xlsx ×2)
      · /livro-razao/evora-prr-vencido-quota-2026 · 1 destinos repetidos (ex.: /metodo ×2)
      · /livro-razao/execucao-2026-07-ativos-e-passivos-da-despesa-administracao-central · 1 destinos repetidos (ex.: /metodo ×2)
      · /livro-razao/execucao-2026-07-ativos-e-passivos-da-receita-administracao-central · 1 destinos repetidos (ex.: /metodo ×2)
      · /livro-razao/execucao-2026-07-cem-euros-funcao-01 · 1 destinos repetidos (ex.: /metodo ×2)
      · /livro-razao/execucao-2026-07-cem-euros-funcao-02 · 1 destinos repetidos (ex.: /metodo ×2)
      · /livro-razao/execucao-2026-07-cem-euros-funcao-03 · 1 destinos repetidos (ex.: /metodo ×2)
      · /livro-razao/execucao-2026-07-cem-euros-funcao-04 · 1 destinos repetidos (ex.: /metodo ×2)
      · /livro-razao/execucao-2026-07-cem-euros-funcao-05 · 1 destinos repetidos (ex.: /metodo ×2)
      · /livro-razao/execucao-2026-07-cem-euros-funcao-06 · 1 destinos repetidos (ex.: /metodo ×2)
      · /livro-razao/execucao-2026-07-cem-euros-funcao-07 · 1 destinos repetidos (ex.: /metodo ×2)
      · /livro-razao/execucao-2026-07-cem-euros-funcao-08 · 1 destinos repetidos (ex.: /metodo ×2)
      · /livro-razao/execucao-2026-07-cem-euros-funcao-09 · 1 destinos repetidos (ex.: /metodo ×2)
      · /livro-razao/execucao-2026-07-cem-euros-funcao-10 · 1 destinos repetidos (ex.: /metodo ×2)
      · /livro-razao/execucao-2026-07-despesa-efetiva-administracao-central · 1 destinos repetidos (ex.: /metodo ×2)
      · /livro-razao/execucao-2026-07-despesa-funcao-01 · 1 destinos repetidos (ex.: /metodo ×2)
      · /livro-razao/execucao-2026-07-despesa-funcao-02 · 1 destinos repetidos (ex.: /metodo ×2)
      · /livro-razao/execucao-2026-07-despesa-funcao-03 · 1 destinos repetidos (ex.: /metodo ×2)
      · /livro-razao/execucao-2026-07-despesa-funcao-04 · 1 destinos repetidos (ex.: /metodo ×2)
      · /livro-razao/execucao-2026-07-despesa-funcao-05 · 1 destinos repetidos (ex.: /metodo ×2)
      · /livro-razao/execucao-2026-07-despesa-funcao-06 · 1 destinos repetidos (ex.: /metodo ×2)
      · /livro-razao/execucao-2026-07-despesa-funcao-07 · 1 destinos repetidos (ex.: /metodo ×2)
      · /livro-razao/execucao-2026-07-despesa-funcao-08 · 1 destinos repetidos (ex.: /metodo ×2)
      · /livro-razao/execucao-2026-07-despesa-funcao-09 · 1 destinos repetidos (ex.: /metodo ×2)
      · /livro-razao/execucao-2026-07-despesa-funcao-10 · 1 destinos repetidos (ex.: /metodo ×2)
      · /livro-razao/execucao-2026-07-despesa-orcamental-administracao-central · 1 destinos repetidos (ex.: /metodo ×2)
      · /livro-razao/execucao-2026-07-despesa-primaria-administracao-central · 1 destinos repetidos (ex.: /metodo ×2)
      · /livro-razao/execucao-2026-07-diferencas-consolidacao-funcional · 1 destinos repetidos (ex.: /metodo ×2)
      · /livro-razao/execucao-2026-07-receita-efetiva-administracao-central · 1 destinos repetidos (ex.: /metodo ×2)
      · /livro-razao/execucao-2026-07-receita-orcamental-administracao-central · 1 destinos repetidos (ex.: /metodo ×2)
      · /livro-razao/execucao-2026-07-saldo-global-administracao-central · 1 destinos repetidos (ex.: /metodo ×2)
      · /livro-razao/execucao-2026-07-saldo-global-administracoes-publicas-contabilidade-publica · 1 destinos repetidos (ex.: /metodo ×2)
      · /livro-razao/execucao-2026-07-saldo-primario-administracao-central · 1 destinos repetidos (ex.: /metodo ×2)
      · /livro-razao/execucao-2026-08-ativos-financeiros-liquidos-administracao-central-seguranca-social · 1 destinos repetidos (ex.: /metodo ×2)
      · /livro-razao/execucao-2026-08-despesa-efetiva-administracao-central-seguranca-social · 1 destinos repetidos (ex.: /metodo ×2)
      · /livro-razao/execucao-2026-08-despesa-efetiva-administracao-central · 1 destinos repetidos (ex.: /metodo ×2)
      · /livro-razao/execucao-2026-08-despesa-programa-001 · 1 destinos repetidos (ex.: /metodo ×2)
      · /livro-razao/execucao-2026-08-despesa-programa-002 · 1 destinos repetidos (ex.: /metodo ×2)
      · /livro-razao/execucao-2026-08-despesa-programa-003 · 1 destinos repetidos (ex.: /metodo ×2)
      · /livro-razao/execucao-2026-08-despesa-programa-004 · 1 destinos repetidos (ex.: /metodo ×2)
      · /livro-razao/execucao-2026-08-despesa-programa-005 · 1 destinos repetidos (ex.: /metodo ×2)
      · /livro-razao/execucao-2026-08-despesa-programa-006 · 1 destinos repetidos (ex.: /metodo ×2)
      · /livro-razao/execucao-2026-08-despesa-programa-007 · 1 destinos repetidos (ex.: /metodo ×2)
      · /livro-razao/execucao-2026-08-despesa-programa-008 · 1 destinos repetidos (ex.: /metodo ×2)
      · /livro-razao/execucao-2026-08-despesa-programa-009 · 1 destinos repetidos (ex.: /metodo ×2)
      · /livro-razao/execucao-2026-08-despesa-programa-010 · 1 destinos repetidos (ex.: /metodo ×2)
      · /livro-razao/execucao-2026-08-despesa-programa-011 · 1 destinos repetidos (ex.: /metodo ×2)
      · /livro-razao/execucao-2026-08-despesa-programa-012 · 1 destinos repetidos (ex.: /metodo ×2)
      · /livro-razao/execucao-2026-08-despesa-programa-013 · 1 destinos repetidos (ex.: /metodo ×2)
      · /livro-razao/execucao-2026-08-despesa-programa-014 · 1 destinos repetidos (ex.: /metodo ×2)
      · /livro-razao/execucao-2026-08-despesa-programa-015 · 1 destinos repetidos (ex.: /metodo ×2)
      · /livro-razao/execucao-2026-08-despesa-programa-016 · 1 destinos repetidos (ex.: /metodo ×2)
      · /livro-razao/execucao-2026-08-despesa-programa-017 · 1 destinos repetidos (ex.: /metodo ×2)
      · /livro-razao/execucao-2026-08-despesa-programa-018 · 1 destinos repetidos (ex.: /metodo ×2)
      · /livro-razao/execucao-2026-08-despesa-programa-019 · 1 destinos repetidos (ex.: /metodo ×2)
      · /livro-razao/execucao-2026-08-despesa-programa-020 · 1 destinos repetidos (ex.: /metodo ×2)
      · /livro-razao/execucao-2026-08-diferencas-consolidacao-programas · 1 destinos repetidos (ex.: /metodo ×2)
      · /livro-razao/execucao-2026-08-fluxos-entre-programas · 1 destinos repetidos (ex.: /metodo ×2)
      · /livro-razao/execucao-2026-08-passivos-financeiros-liquidos-administracao-central-seguranca-social · 1 destinos repetidos (ex.: /metodo ×2)
      · /livro-razao/execucao-2026-08-receita-efetiva-administracao-central-seguranca-social · 1 destinos repetidos (ex.: /metodo ×2)
      · /livro-razao/execucao-2026-08-receita-efetiva-administracao-central · 1 destinos repetidos (ex.: /metodo ×2)
      · /livro-razao/execucao-2026-08-saldo-global-administracao-central-seguranca-social · 1 destinos repetidos (ex.: /metodo ×2)
      · /livro-razao/execucao-2026-08-saldo-global-administracao-central · 1 destinos repetidos (ex.: /metodo ×2)
      · /livro-razao/execucao-2026-08-subtotal-programas · 1 destinos repetidos (ex.: /metodo ×2)
      · /livro-razao/fafe-ganho-medio-mensal-2024 · 1 destinos repetidos (ex.: https://www.ine.pt/bddXplorer/htdocs/minfo.jsp?var_cd=0012656&lingua=PT ×3)
      · /livro-razao/fafe-indice-de-divida-2024 · 1 destinos repetidos (ex.: /metodo ×2)
      · /livro-razao/faro-ganho-medio-mensal-2024 · 1 destinos repetidos (ex.: https://www.ine.pt/bddXplorer/htdocs/minfo.jsp?var_cd=0012656&lingua=PT ×3)
      · /livro-razao/faro-indice-de-divida-2024 · 1 destinos repetidos (ex.: /metodo ×2)
      · /livro-razao/felgueiras-ganho-medio-mensal-2024 · 1 destinos repetidos (ex.: https://www.ine.pt/bddXplorer/htdocs/minfo.jsp?var_cd=0012656&lingua=PT ×3)
      · /livro-razao/felgueiras-indice-de-divida-2024 · 1 destinos repetidos (ex.: /metodo ×2)
      · /livro-razao/ferreira-do-alentejo-ganho-medio-mensal-2024 · 1 destinos repetidos (ex.: https://www.ine.pt/bddXplorer/htdocs/minfo.jsp?var_cd=0012656&lingua=PT ×3)
      · /livro-razao/ferreira-do-alentejo-indice-de-divida-2024 · 1 destinos repetidos (ex.: /metodo ×2)
      · /livro-razao/ferreira-do-zezere-ganho-medio-mensal-2024 · 1 destinos repetidos (ex.: https://www.ine.pt/bddXplorer/htdocs/minfo.jsp?var_cd=0012656&lingua=PT ×3)
      · /livro-razao/ferreira-do-zezere-indice-de-divida-2024 · 1 destinos repetidos (ex.: /metodo ×2)
      · /livro-razao/figueira-da-foz-ganho-medio-mensal-2024 · 1 destinos repetidos (ex.: https://www.ine.pt/bddXplorer/htdocs/minfo.jsp?var_cd=0012656&lingua=PT ×3)
      · /livro-razao/figueira-da-foz-indice-de-divida-2024 · 1 destinos repetidos (ex.: /metodo ×2)
      · /livro-razao/figueira-de-castelo-rodrigo-ganho-medio-mensal-2024 · 1 destinos repetidos (ex.: https://www.ine.pt/bddXplorer/htdocs/minfo.jsp?var_cd=0012656&lingua=PT ×3)
      · /livro-razao/figueira-de-castelo-rodrigo-indice-de-divida-2024 · 1 destinos repetidos (ex.: /metodo ×2)
      · /livro-razao/figueiro-dos-vinhos-ganho-medio-mensal-2024 · 1 destinos repetidos (ex.: https://www.ine.pt/bddXplorer/htdocs/minfo.jsp?var_cd=0012656&lingua=PT ×3)
      · /livro-razao/figueiro-dos-vinhos-indice-de-divida-2024 · 1 destinos repetidos (ex.: /metodo ×2)
      · /livro-razao/fluxo-de-credito-as-empresas-2024 · 1 destinos repetidos (ex.: https://ec.europa.eu/eurostat/databrowser/view/tipspc30/default/table?lang=en ×3)
      · /livro-razao/fluxo-de-credito-as-empresas-2025 · 1 destinos repetidos (ex.: https://ec.europa.eu/eurostat/databrowser/view/tipspc30/default/table?lang=en ×3)
      · /livro-razao/fluxo-de-credito-as-familias-2024 · 1 destinos repetidos (ex.: https://ec.europa.eu/eurostat/databrowser/view/tipspc40/default/table?lang=en ×3)
      · /livro-razao/fluxo-de-credito-as-familias-2025-ue · 1 destinos repetidos (ex.: https://ec.europa.eu/eurostat/databrowser/view/tipspc40/default/table?lang=en ×3)
      · /livro-razao/fluxo-de-credito-as-familias-2025 · 1 destinos repetidos (ex.: https://ec.europa.eu/eurostat/databrowser/view/tipspc40/default/table?lang=en ×3)
      · /livro-razao/formacao-bruta-de-capital-fixo-2024 · 1 destinos repetidos (ex.: https://ec.europa.eu/eurostat/databrowser/view/tipsna20/default/table?lang=en ×3)
      · /livro-razao/formacao-bruta-de-capital-fixo-2025-ue · 1 destinos repetidos (ex.: https://ec.europa.eu/eurostat/databrowser/view/tipsna20/default/table?lang=en ×3)
      · /livro-razao/formacao-bruta-de-capital-fixo-2025 · 1 destinos repetidos (ex.: https://ec.europa.eu/eurostat/databrowser/view/tipsna20/default/table?lang=en ×3)
      · /livro-razao/fornos-de-algodres-ganho-medio-mensal-2024 · 1 destinos repetidos (ex.: https://www.ine.pt/bddXplorer/htdocs/minfo.jsp?var_cd=0012656&lingua=PT ×3)
      · /livro-razao/fornos-de-algodres-indice-de-divida-2024 · 1 destinos repetidos (ex.: /metodo ×2)
      · /livro-razao/freixo-de-espada-a-cinta-ganho-medio-mensal-2024 · 1 destinos repetidos (ex.: https://www.ine.pt/bddXplorer/htdocs/minfo.jsp?var_cd=0012656&lingua=PT ×3)
      · /livro-razao/freixo-de-espada-a-cinta-indice-de-divida-2024 · 1 destinos repetidos (ex.: /metodo ×2)
      · /livro-razao/fronteira-ganho-medio-mensal-2024 · 1 destinos repetidos (ex.: https://www.ine.pt/bddXplorer/htdocs/minfo.jsp?var_cd=0012656&lingua=PT ×3)
      · /livro-razao/fronteira-indice-de-divida-2024 · 1 destinos repetidos (ex.: /metodo ×2)
      · /livro-razao/funchal-ganho-medio-mensal-2024 · 1 destinos repetidos (ex.: https://www.ine.pt/bddXplorer/htdocs/minfo.jsp?var_cd=0012656&lingua=PT ×3)
      · /livro-razao/funchal-indice-de-divida-2024 · 1 destinos repetidos (ex.: /metodo ×2)
      · /livro-razao/fundao-ganho-medio-mensal-2024 · 1 destinos repetidos (ex.: https://www.ine.pt/bddXplorer/htdocs/minfo.jsp?var_cd=0012656&lingua=PT ×3)
      · /livro-razao/fundao-indice-de-divida-2024 · 1 destinos repetidos (ex.: /metodo ×2)
      · /livro-razao/ganho-medio-mensal-2024 · 1 destinos repetidos (ex.: https://www.ine.pt/bddXplorer/htdocs/minfo.jsp?var_cd=0012656&lingua=PT ×4)
      · /livro-razao/gaviao-ganho-medio-mensal-2024 · 1 destinos repetidos (ex.: https://www.ine.pt/bddXplorer/htdocs/minfo.jsp?var_cd=0012656&lingua=PT ×3)
      · /livro-razao/gaviao-indice-de-divida-2024 · 1 destinos repetidos (ex.: /metodo ×2)
      · /livro-razao/gois-ganho-medio-mensal-2024 · 1 destinos repetidos (ex.: https://www.ine.pt/bddXplorer/htdocs/minfo.jsp?var_cd=0012656&lingua=PT ×3)
      · /livro-razao/gois-indice-de-divida-2024 · 1 destinos repetidos (ex.: /metodo ×2)
      · /livro-razao/golega-ganho-medio-mensal-2024 · 1 destinos repetidos (ex.: https://www.ine.pt/bddXplorer/htdocs/minfo.jsp?var_cd=0012656&lingua=PT ×3)
      · /livro-razao/golega-indice-de-divida-2024 · 1 destinos repetidos (ex.: /metodo ×2)
      · /livro-razao/gondomar-ganho-medio-mensal-2024 · 1 destinos repetidos (ex.: https://www.ine.pt/bddXplorer/htdocs/minfo.jsp?var_cd=0012656&lingua=PT ×3)
      · /livro-razao/gondomar-indice-de-divida-2024 · 1 destinos repetidos (ex.: /metodo ×2)
      · /livro-razao/gouveia-ganho-medio-mensal-2024 · 1 destinos repetidos (ex.: https://www.ine.pt/bddXplorer/htdocs/minfo.jsp?var_cd=0012656&lingua=PT ×3)
      · /livro-razao/gouveia-indice-de-divida-2024 · 1 destinos repetidos (ex.: /metodo ×2)
      · /livro-razao/grandola-ganho-medio-mensal-2024 · 1 destinos repetidos (ex.: https://www.ine.pt/bddXplorer/htdocs/minfo.jsp?var_cd=0012656&lingua=PT ×3)
      · /livro-razao/grandola-indice-de-divida-2024 · 1 destinos repetidos (ex.: /metodo ×2)
      · /livro-razao/guarda-ganho-medio-mensal-2024 · 1 destinos repetidos (ex.: https://www.ine.pt/bddXplorer/htdocs/minfo.jsp?var_cd=0012656&lingua=PT ×3)
      · /livro-razao/guarda-indice-de-divida-2024 · 1 destinos repetidos (ex.: /metodo ×2)
      · /livro-razao/guimaraes-ganho-medio-mensal-2024 · 1 destinos repetidos (ex.: https://www.ine.pt/bddXplorer/htdocs/minfo.jsp?var_cd=0012656&lingua=PT ×3)
      · /livro-razao/guimaraes-indice-de-divida-2024 · 1 destinos repetidos (ex.: /metodo ×2)
      · /livro-razao/horta-ganho-medio-mensal-2024 · 1 destinos repetidos (ex.: https://www.ine.pt/bddXplorer/htdocs/minfo.jsp?var_cd=0012656&lingua=PT ×3)
      · /livro-razao/horta-indice-de-divida-2024 · 1 destinos repetidos (ex.: /metodo ×2)
      · /livro-razao/idanha-a-nova-ganho-medio-mensal-2024 · 1 destinos repetidos (ex.: https://www.ine.pt/bddXplorer/htdocs/minfo.jsp?var_cd=0012656&lingua=PT ×3)
      · /livro-razao/idanha-a-nova-indice-de-divida-2024 · 1 destinos repetidos (ex.: /metodo ×2)
      · /livro-razao/ihpc-variacao-homologa-periodo-anterior · 2 destinos repetidos (ex.: https://ec.europa.eu/eurostat/databrowser/view/prc_hicp_minr/default/table?lang=en ×3)
      · /livro-razao/ihpc-variacao-homologa-ue · 2 destinos repetidos (ex.: https://ec.europa.eu/eurostat/databrowser/view/prc_hicp_minr/default/table?lang=en ×3)
      · /livro-razao/ihpc-variacao-homologa · 2 destinos repetidos (ex.: https://ec.europa.eu/eurostat/databrowser/view/prc_hicp_minr/default/table?lang=en ×3)
      · /livro-razao/ilhavo-ganho-medio-mensal-2024 · 1 destinos repetidos (ex.: https://www.ine.pt/bddXplorer/htdocs/minfo.jsp?var_cd=0012656&lingua=PT ×3)
      · /livro-razao/ilhavo-indice-de-divida-2024 · 1 destinos repetidos (ex.: /metodo ×2)
      · /livro-razao/independencia-da-justica-2024 · 1 destinos repetidos (ex.: https://ec.europa.eu/eurostat/databrowser/view/sdg_16_40/default/table?lang=en ×3)
      · /livro-razao/independencia-da-justica-2025-ue · 1 destinos repetidos (ex.: https://ec.europa.eu/eurostat/databrowser/view/sdg_16_40/default/table?lang=en ×3)
      · /livro-razao/independencia-da-justica-2025 · 1 destinos repetidos (ex.: https://ec.europa.eu/eurostat/databrowser/view/sdg_16_40/default/table?lang=en ×3)
      · /livro-razao · 3 destinos repetidos (ex.: /livro-razao ×4)
      · /livro-razao/indice-de-percepcao-da-corrupcao-2024 · 1 destinos repetidos (ex.: https://ec.europa.eu/eurostat/databrowser/view/sdg_16_50/default/table?lang=en ×3)
      · /livro-razao/indice-de-percepcao-da-corrupcao-2025-ue · 1 destinos repetidos (ex.: https://ec.europa.eu/eurostat/databrowser/view/sdg_16_50/default/table?lang=en ×3)
      · /livro-razao/indice-de-percepcao-da-corrupcao-2025 · 1 destinos repetidos (ex.: https://ec.europa.eu/eurostat/databrowser/view/sdg_16_50/default/table?lang=en ×3)
      · /livro-razao/ipc-alimentacao-variacao-homologa-periodo-anterior · 2 destinos repetidos (ex.: https://www.ine.pt/bddXplorer/htdocs/minfo.jsp?var_cd=0014663&lingua=PT ×3)
      · /livro-razao/ipc-alimentacao-variacao-homologa · 2 destinos repetidos (ex.: https://www.ine.pt/bddXplorer/htdocs/minfo.jsp?var_cd=0014663&lingua=PT ×4)
      · /livro-razao/ipc-combustiveis-variacao-homologa-periodo-anterior · 2 destinos repetidos (ex.: https://www.ine.pt/bddXplorer/htdocs/minfo.jsp?var_cd=0014647&lingua=PT ×3)
      · /livro-razao/ipc-combustiveis-variacao-homologa · 2 destinos repetidos (ex.: https://www.ine.pt/bddXplorer/htdocs/minfo.jsp?var_cd=0014647&lingua=PT ×4)
      · /livro-razao/ipc-energia-em-casa-variacao-homologa-periodo-anterior · 2 destinos repetidos (ex.: https://www.ine.pt/bddXplorer/htdocs/minfo.jsp?var_cd=0014647&lingua=PT ×3)
      · /livro-razao/ipc-energia-em-casa-variacao-homologa · 2 destinos repetidos (ex.: https://www.ine.pt/bddXplorer/htdocs/minfo.jsp?var_cd=0014647&lingua=PT ×4)
      · /livro-razao/ipc-rendas-variacao-homologa-periodo-anterior · 2 destinos repetidos (ex.: https://www.ine.pt/bddXplorer/htdocs/minfo.jsp?var_cd=0014647&lingua=PT ×3)
      · /livro-razao/ipc-rendas-variacao-homologa · 2 destinos repetidos (ex.: https://www.ine.pt/bddXplorer/htdocs/minfo.jsp?var_cd=0014647&lingua=PT ×4)
      · /livro-razao/ipc-sem-habitacao-variacao-media-12-meses-periodo-anterior · 2 destinos repetidos (ex.: https://www.ine.pt/bddXplorer/htdocs/minfo.jsp?var_cd=0014666&lingua=PT ×3)
      · /livro-razao/ipc-sem-habitacao-variacao-media-12-meses · 2 destinos repetidos (ex.: https://www.ine.pt/bddXplorer/htdocs/minfo.jsp?var_cd=0014666&lingua=PT ×4)
      · /livro-razao/ipc-variacao-homologa-periodo-anterior · 2 destinos repetidos (ex.: https://www.ine.pt/bddXplorer/htdocs/minfo.jsp?var_cd=0014663&lingua=PT ×3)
      · /livro-razao/ipc-variacao-homologa · 2 destinos repetidos (ex.: https://www.ine.pt/bddXplorer/htdocs/minfo.jsp?var_cd=0014663&lingua=PT ×4)
      · /livro-razao/ipc-variacao-media-12-meses-periodo-anterior · 2 destinos repetidos (ex.: https://www.ine.pt/bddXplorer/htdocs/minfo.jsp?var_cd=0014666&lingua=PT ×3)
      · /livro-razao/ipc-variacao-media-12-meses · 2 destinos repetidos (ex.: https://www.ine.pt/bddXplorer/htdocs/minfo.jsp?var_cd=0014666&lingua=PT ×4)
      · /livro-razao/jovens-nem-2024 · 1 destinos repetidos (ex.: https://ec.europa.eu/eurostat/databrowser/view/tipslm90/default/table?lang=en ×3)
      · /livro-razao/jovens-nem-2025-ue · 1 destinos repetidos (ex.: https://ec.europa.eu/eurostat/databrowser/view/tipslm90/default/table?lang=en ×3)
      · /livro-razao/jovens-nem-2025 · 1 destinos repetidos (ex.: https://ec.europa.eu/eurostat/databrowser/view/tipslm90/default/table?lang=en ×3)
      · /livro-razao/lagoa-faro-ganho-medio-mensal-2024 · 1 destinos repetidos (ex.: https://www.ine.pt/bddXplorer/htdocs/minfo.jsp?var_cd=0012656&lingua=PT ×3)
      · /livro-razao/lagoa-faro-indice-de-divida-2024 · 1 destinos repetidos (ex.: /metodo ×2)
      · /livro-razao/lagoa-ilha-de-sao-miguel-ganho-medio-mensal-2024 · 1 destinos repetidos (ex.: https://www.ine.pt/bddXplorer/htdocs/minfo.jsp?var_cd=0012656&lingua=PT ×3)
      · /livro-razao/lagoa-ilha-de-sao-miguel-indice-de-divida-2024 · 1 destinos repetidos (ex.: /metodo ×2)
      · /livro-razao/lagos-ganho-medio-mensal-2024 · 1 destinos repetidos (ex.: https://www.ine.pt/bddXplorer/htdocs/minfo.jsp?var_cd=0012656&lingua=PT ×3)
      · /livro-razao/lagos-indice-de-divida-2024 · 1 destinos repetidos (ex.: /metodo ×2)
      · /livro-razao/lajes-das-flores-ganho-medio-mensal-2024 · 1 destinos repetidos (ex.: https://www.ine.pt/bddXplorer/htdocs/minfo.jsp?var_cd=0012656&lingua=PT ×3)
      · /livro-razao/lajes-das-flores-indice-de-divida-2024 · 1 destinos repetidos (ex.: /metodo ×2)
      · /livro-razao/lajes-do-pico-ganho-medio-mensal-2024 · 1 destinos repetidos (ex.: https://www.ine.pt/bddXplorer/htdocs/minfo.jsp?var_cd=0012656&lingua=PT ×3)
      · /livro-razao/lajes-do-pico-indice-de-divida-2024 · 1 destinos repetidos (ex.: /metodo ×2)
      · /livro-razao/lamego-ganho-medio-mensal-2024 · 1 destinos repetidos (ex.: https://www.ine.pt/bddXplorer/htdocs/minfo.jsp?var_cd=0012656&lingua=PT ×3)
      · /livro-razao/lamego-indice-de-divida-2024 · 1 destinos repetidos (ex.: /metodo ×2)
      · /livro-razao/leiria-ganho-medio-mensal-2024 · 1 destinos repetidos (ex.: https://www.ine.pt/bddXplorer/htdocs/minfo.jsp?var_cd=0012656&lingua=PT ×3)
      · /livro-razao/leiria-indice-de-divida-2024 · 1 destinos repetidos (ex.: /metodo ×2)
      · /livro-razao/licencas-de-construcao-2024 · 1 destinos repetidos (ex.: https://ec.europa.eu/eurostat/databrowser/view/tipsho50/default/table?lang=en ×3)
      · /livro-razao/licencas-de-construcao-2025-ue · 1 destinos repetidos (ex.: https://ec.europa.eu/eurostat/databrowser/view/tipsho50/default/table?lang=en ×3)
      · /livro-razao/licencas-de-construcao-2025 · 1 destinos repetidos (ex.: https://ec.europa.eu/eurostat/databrowser/view/tipsho50/default/table?lang=en ×3)
      · /livro-razao/linha-de-risco-de-pobreza-2024 · 2 destinos repetidos (ex.: https://ec.europa.eu/eurostat/databrowser/view/ilc_li01/default/table?lang=en ×3)
      · /livro-razao/linha-de-risco-de-pobreza-2025 · 2 destinos repetidos (ex.: https://ec.europa.eu/eurostat/databrowser/view/ilc_li01/default/table?lang=en ×3)
      · /livro-razao/lisboa-ganho-medio-mensal-2024 · 1 destinos repetidos (ex.: https://www.ine.pt/bddXplorer/htdocs/minfo.jsp?var_cd=0012656&lingua=PT ×3)
      · /livro-razao/lisboa-indice-de-divida-2024 · 1 destinos repetidos (ex.: /metodo ×2)
      · /livro-razao/loule-ganho-medio-mensal-2024 · 1 destinos repetidos (ex.: https://www.ine.pt/bddXplorer/htdocs/minfo.jsp?var_cd=0012656&lingua=PT ×3)
      · /livro-razao/loule-indice-de-divida-2024 · 1 destinos repetidos (ex.: /metodo ×2)
      · /livro-razao/loures-ganho-medio-mensal-2024 · 1 destinos repetidos (ex.: https://www.ine.pt/bddXplorer/htdocs/minfo.jsp?var_cd=0012656&lingua=PT ×3)
      · /livro-razao/loures-indice-de-divida-2024 · 1 destinos repetidos (ex.: /metodo ×2)
      · /livro-razao/lourinha-ganho-medio-mensal-2024 · 1 destinos repetidos (ex.: https://www.ine.pt/bddXplorer/htdocs/minfo.jsp?var_cd=0012656&lingua=PT ×3)
      · /livro-razao/lourinha-indice-de-divida-2024 · 1 destinos repetidos (ex.: /metodo ×2)
      · /livro-razao/lousa-ganho-medio-mensal-2024 · 1 destinos repetidos (ex.: https://www.ine.pt/bddXplorer/htdocs/minfo.jsp?var_cd=0012656&lingua=PT ×3)
      · /livro-razao/lousa-indice-de-divida-2024 · 1 destinos repetidos (ex.: /metodo ×2)
      · /livro-razao/lousada-ganho-medio-mensal-2024 · 1 destinos repetidos (ex.: https://www.ine.pt/bddXplorer/htdocs/minfo.jsp?var_cd=0012656&lingua=PT ×3)
      · /livro-razao/lousada-indice-de-divida-2024 · 1 destinos repetidos (ex.: /metodo ×2)
      · /livro-razao/macao-ganho-medio-mensal-2024 · 1 destinos repetidos (ex.: https://www.ine.pt/bddXplorer/htdocs/minfo.jsp?var_cd=0012656&lingua=PT ×3)
      · /livro-razao/macao-indice-de-divida-2024 · 1 destinos repetidos (ex.: /metodo ×2)
      · /livro-razao/macedo-de-cavaleiros-ganho-medio-mensal-2024 · 1 destinos repetidos (ex.: https://www.ine.pt/bddXplorer/htdocs/minfo.jsp?var_cd=0012656&lingua=PT ×3)
      · /livro-razao/macedo-de-cavaleiros-indice-de-divida-2024 · 1 destinos repetidos (ex.: /metodo ×2)
      · /livro-razao/machico-ganho-medio-mensal-2024 · 1 destinos repetidos (ex.: https://www.ine.pt/bddXplorer/htdocs/minfo.jsp?var_cd=0012656&lingua=PT ×3)
      · /livro-razao/machico-indice-de-divida-2024 · 1 destinos repetidos (ex.: /metodo ×2)
      · /livro-razao/madalena-ganho-medio-mensal-2024 · 1 destinos repetidos (ex.: https://www.ine.pt/bddXplorer/htdocs/minfo.jsp?var_cd=0012656&lingua=PT ×3)
      · /livro-razao/madalena-indice-de-divida-2024 · 1 destinos repetidos (ex.: /metodo ×2)
      · /livro-razao/mafra-ganho-medio-mensal-2024 · 1 destinos repetidos (ex.: https://www.ine.pt/bddXplorer/htdocs/minfo.jsp?var_cd=0012656&lingua=PT ×3)
      · /livro-razao/mafra-indice-de-divida-2024 · 1 destinos repetidos (ex.: /metodo ×2)
      · /livro-razao/maia-ganho-medio-mensal-2024 · 1 destinos repetidos (ex.: https://www.ine.pt/bddXplorer/htdocs/minfo.jsp?var_cd=0012656&lingua=PT ×3)
      · /livro-razao/maia-indice-de-divida-2024 · 1 destinos repetidos (ex.: /metodo ×2)
      · /livro-razao/mangualde-ganho-medio-mensal-2024 · 1 destinos repetidos (ex.: https://www.ine.pt/bddXplorer/htdocs/minfo.jsp?var_cd=0012656&lingua=PT ×3)
      · /livro-razao/mangualde-indice-de-divida-2024 · 1 destinos repetidos (ex.: /metodo ×2)
      · /livro-razao/manteigas-ganho-medio-mensal-2024 · 1 destinos repetidos (ex.: https://www.ine.pt/bddXplorer/htdocs/minfo.jsp?var_cd=0012656&lingua=PT ×3)
      · /livro-razao/manteigas-indice-de-divida-2024 · 1 destinos repetidos (ex.: /metodo ×2)
      · /livro-razao/marco-de-canaveses-ganho-medio-mensal-2024 · 1 destinos repetidos (ex.: https://www.ine.pt/bddXplorer/htdocs/minfo.jsp?var_cd=0012656&lingua=PT ×3)
      · /livro-razao/marco-de-canaveses-indice-de-divida-2024 · 1 destinos repetidos (ex.: /metodo ×2)
      · /livro-razao/marinha-grande-ganho-medio-mensal-2024 · 1 destinos repetidos (ex.: https://www.ine.pt/bddXplorer/htdocs/minfo.jsp?var_cd=0012656&lingua=PT ×3)
      · /livro-razao/marinha-grande-indice-de-divida-2024 · 1 destinos repetidos (ex.: /metodo ×2)
      · /livro-razao/marvao-ganho-medio-mensal-2024 · 1 destinos repetidos (ex.: https://www.ine.pt/bddXplorer/htdocs/minfo.jsp?var_cd=0012656&lingua=PT ×3)
      · /livro-razao/marvao-indice-de-divida-2024 · 1 destinos repetidos (ex.: /metodo ×2)
      · /livro-razao/matosinhos-ganho-medio-mensal-2024 · 1 destinos repetidos (ex.: https://www.ine.pt/bddXplorer/htdocs/minfo.jsp?var_cd=0012656&lingua=PT ×3)
      · /livro-razao/matosinhos-indice-de-divida-2024 · 1 destinos repetidos (ex.: /metodo ×2)
      · /livro-razao/mealhada-ganho-medio-mensal-2024 · 1 destinos repetidos (ex.: https://www.ine.pt/bddXplorer/htdocs/minfo.jsp?var_cd=0012656&lingua=PT ×3)
      · /livro-razao/mealhada-indice-de-divida-2024 · 1 destinos repetidos (ex.: /metodo ×2)
      · /livro-razao/meda-ganho-medio-mensal-2024 · 1 destinos repetidos (ex.: https://www.ine.pt/bddXplorer/htdocs/minfo.jsp?var_cd=0012656&lingua=PT ×3)
      · /livro-razao/meda-indice-de-divida-2024 · 1 destinos repetidos (ex.: /metodo ×2)
      · /livro-razao/melgaco-ganho-medio-mensal-2024 · 1 destinos repetidos (ex.: https://www.ine.pt/bddXplorer/htdocs/minfo.jsp?var_cd=0012656&lingua=PT ×3)
      · /livro-razao/melgaco-indice-de-divida-2024 · 1 destinos repetidos (ex.: /metodo ×2)
      · /livro-razao/mertola-ganho-medio-mensal-2024 · 1 destinos repetidos (ex.: https://www.ine.pt/bddXplorer/htdocs/minfo.jsp?var_cd=0012656&lingua=PT ×3)
      · /livro-razao/mertola-indice-de-divida-2024 · 1 destinos repetidos (ex.: /metodo ×2)
      · /livro-razao/mesao-frio-ganho-medio-mensal-2024 · 1 destinos repetidos (ex.: https://www.ine.pt/bddXplorer/htdocs/minfo.jsp?var_cd=0012656&lingua=PT ×3)
      · /livro-razao/mesao-frio-indice-de-divida-2024 · 1 destinos repetidos (ex.: /metodo ×2)
      · /livro-razao/mira-ganho-medio-mensal-2024 · 1 destinos repetidos (ex.: https://www.ine.pt/bddXplorer/htdocs/minfo.jsp?var_cd=0012656&lingua=PT ×3)
      · /livro-razao/mira-indice-de-divida-2024 · 1 destinos repetidos (ex.: /metodo ×2)
      · /livro-razao/miranda-do-corvo-ganho-medio-mensal-2024 · 1 destinos repetidos (ex.: https://www.ine.pt/bddXplorer/htdocs/minfo.jsp?var_cd=0012656&lingua=PT ×3)
      · /livro-razao/miranda-do-corvo-indice-de-divida-2024 · 1 destinos repetidos (ex.: /metodo ×2)
      · /livro-razao/miranda-do-douro-ganho-medio-mensal-2024 · 1 destinos repetidos (ex.: https://www.ine.pt/bddXplorer/htdocs/minfo.jsp?var_cd=0012656&lingua=PT ×3)
      · /livro-razao/miranda-do-douro-indice-de-divida-2024 · 1 destinos repetidos (ex.: /metodo ×2)
      · /livro-razao/mirandela-ganho-medio-mensal-2024 · 1 destinos repetidos (ex.: https://www.ine.pt/bddXplorer/htdocs/minfo.jsp?var_cd=0012656&lingua=PT ×3)
      · /livro-razao/mirandela-indice-de-divida-2024 · 1 destinos repetidos (ex.: /metodo ×2)
      · /livro-razao/mogadouro-ganho-medio-mensal-2024 · 1 destinos repetidos (ex.: https://www.ine.pt/bddXplorer/htdocs/minfo.jsp?var_cd=0012656&lingua=PT ×3)
      · /livro-razao/mogadouro-indice-de-divida-2024 · 1 destinos repetidos (ex.: /metodo ×2)
      · /livro-razao/moimenta-da-beira-ganho-medio-mensal-2024 · 1 destinos repetidos (ex.: https://www.ine.pt/bddXplorer/htdocs/minfo.jsp?var_cd=0012656&lingua=PT ×3)
      · /livro-razao/moimenta-da-beira-indice-de-divida-2024 · 1 destinos repetidos (ex.: /metodo ×2)
      · /livro-razao/moita-ganho-medio-mensal-2024 · 1 destinos repetidos (ex.: https://www.ine.pt/bddXplorer/htdocs/minfo.jsp?var_cd=0012656&lingua=PT ×3)
      · /livro-razao/moita-indice-de-divida-2024 · 1 destinos repetidos (ex.: /metodo ×2)
      · /livro-razao/moncao-ganho-medio-mensal-2024 · 1 destinos repetidos (ex.: https://www.ine.pt/bddXplorer/htdocs/minfo.jsp?var_cd=0012656&lingua=PT ×3)
      · /livro-razao/moncao-indice-de-divida-2024 · 1 destinos repetidos (ex.: /metodo ×2)
      · /livro-razao/monchique-ganho-medio-mensal-2024 · 1 destinos repetidos (ex.: https://www.ine.pt/bddXplorer/htdocs/minfo.jsp?var_cd=0012656&lingua=PT ×3)
      · /livro-razao/monchique-indice-de-divida-2024 · 1 destinos repetidos (ex.: /metodo ×2)
      · /livro-razao/mondim-de-basto-ganho-medio-mensal-2024 · 1 destinos repetidos (ex.: https://www.ine.pt/bddXplorer/htdocs/minfo.jsp?var_cd=0012656&lingua=PT ×3)
      · /livro-razao/mondim-de-basto-indice-de-divida-2024 · 1 destinos repetidos (ex.: /metodo ×2)
      · /livro-razao/monforte-ganho-medio-mensal-2024 · 1 destinos repetidos (ex.: https://www.ine.pt/bddXplorer/htdocs/minfo.jsp?var_cd=0012656&lingua=PT ×3)
      · /livro-razao/monforte-indice-de-divida-2024 · 1 destinos repetidos (ex.: /metodo ×2)
      · /livro-razao/montalegre-ganho-medio-mensal-2024 · 1 destinos repetidos (ex.: https://www.ine.pt/bddXplorer/htdocs/minfo.jsp?var_cd=0012656&lingua=PT ×3)
      · /livro-razao/montalegre-indice-de-divida-2024 · 1 destinos repetidos (ex.: /metodo ×2)
      · /livro-razao/montemor-o-novo-ganho-medio-mensal-2024 · 1 destinos repetidos (ex.: https://www.ine.pt/bddXplorer/htdocs/minfo.jsp?var_cd=0012656&lingua=PT ×3)
      · /livro-razao/montemor-o-novo-indice-de-divida-2024 · 1 destinos repetidos (ex.: /metodo ×2)
      · /livro-razao/montemor-o-velho-ganho-medio-mensal-2024 · 1 destinos repetidos (ex.: https://www.ine.pt/bddXplorer/htdocs/minfo.jsp?var_cd=0012656&lingua=PT ×3)
      · /livro-razao/montemor-o-velho-indice-de-divida-2024 · 1 destinos repetidos (ex.: /metodo ×2)
      · /livro-razao/montijo-ganho-medio-mensal-2024 · 1 destinos repetidos (ex.: https://www.ine.pt/bddXplorer/htdocs/minfo.jsp?var_cd=0012656&lingua=PT ×3)
      · /livro-razao/montijo-indice-de-divida-2024 · 1 destinos repetidos (ex.: /metodo ×2)
      · /livro-razao/mora-ganho-medio-mensal-2024 · 1 destinos repetidos (ex.: https://www.ine.pt/bddXplorer/htdocs/minfo.jsp?var_cd=0012656&lingua=PT ×3)
      · /livro-razao/mora-indice-de-divida-2024 · 1 destinos repetidos (ex.: /metodo ×2)
      · /livro-razao/mortagua-ganho-medio-mensal-2024 · 1 destinos repetidos (ex.: https://www.ine.pt/bddXplorer/htdocs/minfo.jsp?var_cd=0012656&lingua=PT ×3)
      · /livro-razao/mortagua-indice-de-divida-2024 · 1 destinos repetidos (ex.: /metodo ×2)
      · /livro-razao/moura-ganho-medio-mensal-2024 · 1 destinos repetidos (ex.: https://www.ine.pt/bddXplorer/htdocs/minfo.jsp?var_cd=0012656&lingua=PT ×3)
      · /livro-razao/moura-indice-de-divida-2024 · 1 destinos repetidos (ex.: /metodo ×2)
      · /livro-razao/mourao-ganho-medio-mensal-2024 · 1 destinos repetidos (ex.: https://www.ine.pt/bddXplorer/htdocs/minfo.jsp?var_cd=0012656&lingua=PT ×3)
      · /livro-razao/mourao-indice-de-divida-2024 · 1 destinos repetidos (ex.: /metodo ×2)
      · /livro-razao/municipios-acores-caop-2025 · 1 destinos repetidos (ex.: https://geo2.dgterritorio.gov.pt/caop/CAOP_RAA_2025-gpkg.zip ×2)
      · /livro-razao/municipios-com-estudo-aprofundado · 1 destinos repetidos (ex.: /metodo ×2)
      · /livro-razao/municipios-continente-caop-2025 · 1 destinos repetidos (ex.: https://geo2.dgterritorio.gov.pt/caop/CAOP_Continente_2025-gpkg.zip ×2)
      · /livro-razao/municipios-madeira-caop-2025 · 1 destinos repetidos (ex.: https://geo2.dgterritorio.gov.pt/caop/CAOP_RAM_2025-gpkg.zip ×2)
      · /livro-razao/municipios-sem-estudo-aprofundado · 1 destinos repetidos (ex.: /metodo ×2)
      · /livro-razao/murca-ganho-medio-mensal-2024 · 1 destinos repetidos (ex.: https://www.ine.pt/bddXplorer/htdocs/minfo.jsp?var_cd=0012656&lingua=PT ×3)
      · /livro-razao/murca-indice-de-divida-2024 · 1 destinos repetidos (ex.: /metodo ×2)
      · /livro-razao/murtosa-ganho-medio-mensal-2024 · 1 destinos repetidos (ex.: https://www.ine.pt/bddXplorer/htdocs/minfo.jsp?var_cd=0012656&lingua=PT ×3)
      · /livro-razao/murtosa-indice-de-divida-2024 · 1 destinos repetidos (ex.: /metodo ×2)
      · /livro-razao/nazare-ganho-medio-mensal-2024 · 1 destinos repetidos (ex.: https://www.ine.pt/bddXplorer/htdocs/minfo.jsp?var_cd=0012656&lingua=PT ×3)
      · /livro-razao/nazare-indice-de-divida-2024 · 1 destinos repetidos (ex.: /metodo ×2)
      · /livro-razao/necessidades-medicas-nao-satisfeitas-2024 · 1 destinos repetidos (ex.: https://ec.europa.eu/eurostat/databrowser/view/tespm110/default/table?lang=en ×3)
      · /livro-razao/necessidades-medicas-nao-satisfeitas-2025-ue · 1 destinos repetidos (ex.: https://ec.europa.eu/eurostat/databrowser/view/tespm110/default/table?lang=en ×3)
      · /livro-razao/necessidades-medicas-nao-satisfeitas-2025 · 1 destinos repetidos (ex.: https://ec.europa.eu/eurostat/databrowser/view/tespm110/default/table?lang=en ×3)
      · /livro-razao/nelas-ganho-medio-mensal-2024 · 1 destinos repetidos (ex.: https://www.ine.pt/bddXplorer/htdocs/minfo.jsp?var_cd=0012656&lingua=PT ×3)
      · /livro-razao/nelas-indice-de-divida-2024 · 1 destinos repetidos (ex.: /metodo ×2)
      · /livro-razao/nisa-ganho-medio-mensal-2024 · 1 destinos repetidos (ex.: https://www.ine.pt/bddXplorer/htdocs/minfo.jsp?var_cd=0012656&lingua=PT ×3)
      · /livro-razao/nisa-indice-de-divida-2024 · 1 destinos repetidos (ex.: /metodo ×2)
      · /livro-razao/nordeste-ganho-medio-mensal-2024 · 1 destinos repetidos (ex.: https://www.ine.pt/bddXplorer/htdocs/minfo.jsp?var_cd=0012656&lingua=PT ×3)
      · /livro-razao/nordeste-indice-de-divida-2024 · 1 destinos repetidos (ex.: /metodo ×2)
      · /livro-razao/obidos-ganho-medio-mensal-2024 · 1 destinos repetidos (ex.: https://www.ine.pt/bddXplorer/htdocs/minfo.jsp?var_cd=0012656&lingua=PT ×3)
      · /livro-razao/obidos-indice-de-divida-2024 · 1 destinos repetidos (ex.: /metodo ×2)
      · /livro-razao/odemira-ganho-medio-mensal-2024 · 1 destinos repetidos (ex.: https://www.ine.pt/bddXplorer/htdocs/minfo.jsp?var_cd=0012656&lingua=PT ×3)
      · /livro-razao/odemira-indice-de-divida-2024 · 1 destinos repetidos (ex.: /metodo ×2)
      · /livro-razao/odivelas-ganho-medio-mensal-2024 · 1 destinos repetidos (ex.: https://www.ine.pt/bddXplorer/htdocs/minfo.jsp?var_cd=0012656&lingua=PT ×3)
      · /livro-razao/odivelas-indice-de-divida-2024 · 1 destinos repetidos (ex.: /metodo ×2)
      · /livro-razao/oe-2026-ativos-e-passivos-da-despesa-administracao-central · 1 destinos repetidos (ex.: /metodo ×2)
      · /livro-razao/oe-2026-ativos-e-passivos-da-receita-administracao-central · 1 destinos repetidos (ex.: /metodo ×2)
      · /livro-razao/oe-2026-ativos-financeiros-liquidos-administracao-central-seguranca-social · 1 destinos repetidos (ex.: /metodo ×2)
      · /livro-razao/oe-2026-cem-euros-funcao-01 · 1 destinos repetidos (ex.: /metodo ×2)
      · /livro-razao/oe-2026-cem-euros-funcao-02 · 1 destinos repetidos (ex.: /metodo ×2)
      · /livro-razao/oe-2026-cem-euros-funcao-03 · 1 destinos repetidos (ex.: /metodo ×2)
      · /livro-razao/oe-2026-cem-euros-funcao-04 · 1 destinos repetidos (ex.: /metodo ×2)
      · /livro-razao/oe-2026-cem-euros-funcao-05 · 1 destinos repetidos (ex.: /metodo ×2)
      · /livro-razao/oe-2026-cem-euros-funcao-06 · 1 destinos repetidos (ex.: /metodo ×2)
      · /livro-razao/oe-2026-cem-euros-funcao-07 · 1 destinos repetidos (ex.: /metodo ×2)
      · /livro-razao/oe-2026-cem-euros-funcao-08 · 1 destinos repetidos (ex.: /metodo ×2)
      · /livro-razao/oe-2026-cem-euros-funcao-09 · 1 destinos repetidos (ex.: /metodo ×2)
      · /livro-razao/oe-2026-cem-euros-funcao-10 · 1 destinos repetidos (ex.: /metodo ×2)
      · /livro-razao/oe-2026-cem-euros-ministerio-administracao-interna · 1 destinos repetidos (ex.: /metodo ×2)
      · /livro-razao/oe-2026-cem-euros-ministerio-agricultura-e-mar · 1 destinos repetidos (ex.: /metodo ×2)
      · /livro-razao/oe-2026-cem-euros-ministerio-ambiente-e-energia · 1 destinos repetidos (ex.: /metodo ×2)
      · /livro-razao/oe-2026-cem-euros-ministerio-cultura-juventude-e-desporto · 1 destinos repetidos (ex.: /metodo ×2)
      · /livro-razao/oe-2026-cem-euros-ministerio-defesa-nacional · 1 destinos repetidos (ex.: /metodo ×2)
      · /livro-razao/oe-2026-cem-euros-ministerio-economia-e-coesao-territorial · 1 destinos repetidos (ex.: /metodo ×2)
      · /livro-razao/oe-2026-cem-euros-ministerio-educacao-ciencia-e-inovacao · 1 destinos repetidos (ex.: /metodo ×2)
      · /livro-razao/oe-2026-cem-euros-ministerio-encargos-gerais-do-estado · 1 destinos repetidos (ex.: /metodo ×2)
      · /livro-razao/oe-2026-cem-euros-ministerio-financas · 1 destinos repetidos (ex.: /metodo ×2)
      · /livro-razao/oe-2026-cem-euros-ministerio-infraestruturas-e-habitacao · 1 destinos repetidos (ex.: /metodo ×2)
      · /livro-razao/oe-2026-cem-euros-ministerio-justica · 1 destinos repetidos (ex.: /metodo ×2)
      · /livro-razao/oe-2026-cem-euros-ministerio-negocios-estrangeiros · 1 destinos repetidos (ex.: /metodo ×2)
      · /livro-razao/oe-2026-cem-euros-ministerio-presidencia-do-conselho-de-ministros · 1 destinos repetidos (ex.: /metodo ×2)
      · /livro-razao/oe-2026-cem-euros-ministerio-reforma-do-estado · 1 destinos repetidos (ex.: /metodo ×2)
      · /livro-razao/oe-2026-cem-euros-ministerio-saude · 1 destinos repetidos (ex.: /metodo ×2)
      · /livro-razao/oe-2026-cem-euros-ministerio-trabalho-solidariedade-e-seguranca-social · 1 destinos repetidos (ex.: /metodo ×2)
      · /livro-razao/oe-2026-despesa-bruta-administracao-central · 1 destinos repetidos (ex.: /metodo ×2)
      · /livro-razao/oe-2026-despesa-consolidada-administracao-central · 1 destinos repetidos (ex.: /metodo ×2)
      · /livro-razao/oe-2026-despesa-consolidada-seguranca-social · 1 destinos repetidos (ex.: /metodo ×2)
      · /livro-razao/oe-2026-despesa-efetiva-administracao-central-seguranca-social · 1 destinos repetidos (ex.: /metodo ×2)
      · /livro-razao/oe-2026-despesa-efetiva-administracao-central · 1 destinos repetidos (ex.: /metodo ×2)
      · /livro-razao/oe-2026-despesa-funcao-01 · 1 destinos repetidos (ex.: /metodo ×2)
      · /livro-razao/oe-2026-despesa-funcao-02 · 1 destinos repetidos (ex.: /metodo ×2)
      · /livro-razao/oe-2026-despesa-funcao-03 · 1 destinos repetidos (ex.: /metodo ×2)
      · /livro-razao/oe-2026-despesa-funcao-04 · 1 destinos repetidos (ex.: /metodo ×2)
      · /livro-razao/oe-2026-despesa-funcao-05 · 1 destinos repetidos (ex.: /metodo ×2)
      · /livro-razao/oe-2026-despesa-funcao-06 · 1 destinos repetidos (ex.: /metodo ×2)
      · /livro-razao/oe-2026-despesa-funcao-07 · 1 destinos repetidos (ex.: /metodo ×2)
      · /livro-razao/oe-2026-despesa-funcao-08 · 1 destinos repetidos (ex.: /metodo ×2)
      · /livro-razao/oe-2026-despesa-funcao-09 · 1 destinos repetidos (ex.: /metodo ×2)
      · /livro-razao/oe-2026-despesa-funcao-10 · 1 destinos repetidos (ex.: /metodo ×2)
      · /livro-razao/oe-2026-despesa-ministerio-administracao-interna · 1 destinos repetidos (ex.: /metodo ×2)
      · /livro-razao/oe-2026-despesa-ministerio-agricultura-e-mar · 1 destinos repetidos (ex.: /metodo ×2)
      · /livro-razao/oe-2026-despesa-ministerio-ambiente-e-energia · 1 destinos repetidos (ex.: /metodo ×2)
      · /livro-razao/oe-2026-despesa-ministerio-cultura-juventude-e-desporto · 1 destinos repetidos (ex.: /metodo ×2)
      · /livro-razao/oe-2026-despesa-ministerio-defesa-nacional · 1 destinos repetidos (ex.: /metodo ×2)
      · /livro-razao/oe-2026-despesa-ministerio-economia-e-coesao-territorial · 1 destinos repetidos (ex.: /metodo ×2)
      · /livro-razao/oe-2026-despesa-ministerio-educacao-ciencia-e-inovacao · 1 destinos repetidos (ex.: /metodo ×2)
      · /livro-razao/oe-2026-despesa-ministerio-encargos-gerais-do-estado · 1 destinos repetidos (ex.: /metodo ×2)
      · /livro-razao/oe-2026-despesa-ministerio-financas · 1 destinos repetidos (ex.: /metodo ×2)
      · /livro-razao/oe-2026-despesa-ministerio-infraestruturas-e-habitacao · 1 destinos repetidos (ex.: /metodo ×2)
      · /livro-razao/oe-2026-despesa-ministerio-justica · 1 destinos repetidos (ex.: /metodo ×2)
      · /livro-razao/oe-2026-despesa-ministerio-negocios-estrangeiros · 1 destinos repetidos (ex.: /metodo ×2)
      · /livro-razao/oe-2026-despesa-ministerio-presidencia-do-conselho-de-ministros · 1 destinos repetidos (ex.: /metodo ×2)
      · /livro-razao/oe-2026-despesa-ministerio-reforma-do-estado · 1 destinos repetidos (ex.: /metodo ×2)
      · /livro-razao/oe-2026-despesa-ministerio-saude · 1 destinos repetidos (ex.: /metodo ×2)
      · /livro-razao/oe-2026-despesa-ministerio-trabalho-solidariedade-e-seguranca-social · 1 destinos repetidos (ex.: /metodo ×2)
      · /livro-razao/oe-2026-despesa-orcamental-administracao-central · 1 destinos repetidos (ex.: /metodo ×2)
      · /livro-razao/oe-2026-despesa-primaria-administracao-central · 1 destinos repetidos (ex.: /metodo ×2)
      · /livro-razao/oe-2026-despesa-programa-001 · 1 destinos repetidos (ex.: /metodo ×2)
      · /livro-razao/oe-2026-despesa-programa-002 · 1 destinos repetidos (ex.: /metodo ×2)
      · /livro-razao/oe-2026-despesa-programa-003 · 1 destinos repetidos (ex.: /metodo ×2)
      · /livro-razao/oe-2026-despesa-programa-004 · 1 destinos repetidos (ex.: /metodo ×2)
      · /livro-razao/oe-2026-despesa-programa-005 · 1 destinos repetidos (ex.: /metodo ×2)
      · /livro-razao/oe-2026-despesa-programa-006 · 1 destinos repetidos (ex.: /metodo ×2)
      · /livro-razao/oe-2026-despesa-programa-007 · 1 destinos repetidos (ex.: /metodo ×2)
      · /livro-razao/oe-2026-despesa-programa-008 · 1 destinos repetidos (ex.: /metodo ×2)
      · /livro-razao/oe-2026-despesa-programa-009 · 1 destinos repetidos (ex.: /metodo ×2)
      · /livro-razao/oe-2026-despesa-programa-010 · 1 destinos repetidos (ex.: /metodo ×2)
      · /livro-razao/oe-2026-despesa-programa-011 · 1 destinos repetidos (ex.: /metodo ×2)
      · /livro-razao/oe-2026-despesa-programa-012 · 1 destinos repetidos (ex.: /metodo ×2)
      · /livro-razao/oe-2026-despesa-programa-013 · 1 destinos repetidos (ex.: /metodo ×2)
      · /livro-razao/oe-2026-despesa-programa-014 · 1 destinos repetidos (ex.: /metodo ×2)
      · /livro-razao/oe-2026-despesa-programa-015 · 1 destinos repetidos (ex.: /metodo ×2)
      · /livro-razao/oe-2026-despesa-programa-016 · 1 destinos repetidos (ex.: /metodo ×2)
      · /livro-razao/oe-2026-despesa-programa-017 · 1 destinos repetidos (ex.: /metodo ×2)
      · /livro-razao/oe-2026-despesa-programa-018 · 1 destinos repetidos (ex.: /metodo ×2)
      · /livro-razao/oe-2026-despesa-programa-019 · 1 destinos repetidos (ex.: /metodo ×2)
      · /livro-razao/oe-2026-despesa-programa-020 · 1 destinos repetidos (ex.: /metodo ×2)
      · /livro-razao/oe-2026-despesa-total · 1 destinos repetidos (ex.: /metodo ×2)
      · /livro-razao/oe-2026-diferencas-consolidacao-funcional · 1 destinos repetidos (ex.: /metodo ×2)
      · /livro-razao/oe-2026-passivos-financeiros-liquidos-administracao-central-seguranca-social · 1 destinos repetidos (ex.: /metodo ×2)
      · /livro-razao/oe-2026-receita-bruta-administracao-central · 1 destinos repetidos (ex.: /metodo ×2)
      · /livro-razao/oe-2026-receita-consolidada-administracao-central · 1 destinos repetidos (ex.: /metodo ×2)
      · /livro-razao/oe-2026-receita-consolidada-seguranca-social · 1 destinos repetidos (ex.: /metodo ×2)
      · /livro-razao/oe-2026-receita-efetiva-administracao-central-seguranca-social · 1 destinos repetidos (ex.: /metodo ×2)
      · /livro-razao/oe-2026-receita-efetiva-administracao-central · 1 destinos repetidos (ex.: /metodo ×2)
      · /livro-razao/oe-2026-receita-orcamental-administracao-central · 1 destinos repetidos (ex.: /metodo ×2)
      · /livro-razao/oe-2026-saldo-global-administracao-central-seguranca-social · 1 destinos repetidos (ex.: /metodo ×2)
      · /livro-razao/oe-2026-saldo-global-administracao-central · 1 destinos repetidos (ex.: /metodo ×2)
      · /livro-razao/oe-2026-saldo-primario-administracao-central · 1 destinos repetidos (ex.: /metodo ×2)
      · /livro-razao/oeiras-ganho-medio-mensal-2024 · 1 destinos repetidos (ex.: https://www.ine.pt/bddXplorer/htdocs/minfo.jsp?var_cd=0012656&lingua=PT ×3)
      · /livro-razao/oeiras-indice-de-divida-2024 · 1 destinos repetidos (ex.: /metodo ×2)
      · /livro-razao/oleiros-ganho-medio-mensal-2024 · 1 destinos repetidos (ex.: https://www.ine.pt/bddXplorer/htdocs/minfo.jsp?var_cd=0012656&lingua=PT ×3)
      · /livro-razao/oleiros-indice-de-divida-2024 · 1 destinos repetidos (ex.: /metodo ×2)
      · /livro-razao/olhao-ganho-medio-mensal-2024 · 1 destinos repetidos (ex.: https://www.ine.pt/bddXplorer/htdocs/minfo.jsp?var_cd=0012656&lingua=PT ×3)
      · /livro-razao/olhao-indice-de-divida-2024 · 1 destinos repetidos (ex.: /metodo ×2)
      · /livro-razao/oliveira-de-azemeis-ganho-medio-mensal-2024 · 1 destinos repetidos (ex.: https://www.ine.pt/bddXplorer/htdocs/minfo.jsp?var_cd=0012656&lingua=PT ×3)
      · /livro-razao/oliveira-de-azemeis-indice-de-divida-2024 · 1 destinos repetidos (ex.: /metodo ×2)
      · /livro-razao/oliveira-de-frades-ganho-medio-mensal-2024 · 1 destinos repetidos (ex.: https://www.ine.pt/bddXplorer/htdocs/minfo.jsp?var_cd=0012656&lingua=PT ×3)
      · /livro-razao/oliveira-de-frades-indice-de-divida-2024 · 1 destinos repetidos (ex.: /metodo ×2)
      · /livro-razao/oliveira-do-bairro-ganho-medio-mensal-2024 · 1 destinos repetidos (ex.: https://www.ine.pt/bddXplorer/htdocs/minfo.jsp?var_cd=0012656&lingua=PT ×3)
      · /livro-razao/oliveira-do-bairro-indice-de-divida-2024 · 1 destinos repetidos (ex.: /metodo ×2)
      · /livro-razao/oliveira-do-hospital-ganho-medio-mensal-2024 · 1 destinos repetidos (ex.: https://www.ine.pt/bddXplorer/htdocs/minfo.jsp?var_cd=0012656&lingua=PT ×3)
      · /livro-razao/oliveira-do-hospital-indice-de-divida-2024 · 1 destinos repetidos (ex.: /metodo ×2)
      · /livro-razao/ourem-ganho-medio-mensal-2024 · 1 destinos repetidos (ex.: https://www.ine.pt/bddXplorer/htdocs/minfo.jsp?var_cd=0012656&lingua=PT ×3)
      · /livro-razao/ourem-indice-de-divida-2024 · 1 destinos repetidos (ex.: /metodo ×2)
      · /livro-razao/ourique-ganho-medio-mensal-2024 · 1 destinos repetidos (ex.: https://www.ine.pt/bddXplorer/htdocs/minfo.jsp?var_cd=0012656&lingua=PT ×3)
      · /livro-razao/ourique-indice-de-divida-2024 · 1 destinos repetidos (ex.: /metodo ×2)
      · /livro-razao/ovar-ganho-medio-mensal-2024 · 1 destinos repetidos (ex.: https://www.ine.pt/bddXplorer/htdocs/minfo.jsp?var_cd=0012656&lingua=PT ×3)
      · /livro-razao/ovar-indice-de-divida-2024 · 1 destinos repetidos (ex.: /metodo ×2)
      · /livro-razao/pacos-de-ferreira-ganho-medio-mensal-2024 · 1 destinos repetidos (ex.: https://www.ine.pt/bddXplorer/htdocs/minfo.jsp?var_cd=0012656&lingua=PT ×3)
      · /livro-razao/pacos-de-ferreira-indice-de-divida-2024 · 1 destinos repetidos (ex.: /metodo ×2)
      · /livro-razao/palmela-ganho-medio-mensal-2024 · 1 destinos repetidos (ex.: https://www.ine.pt/bddXplorer/htdocs/minfo.jsp?var_cd=0012656&lingua=PT ×3)
      · /livro-razao/palmela-indice-de-divida-2024 · 1 destinos repetidos (ex.: /metodo ×2)
      · /livro-razao/pampilhosa-da-serra-ganho-medio-mensal-2024 · 1 destinos repetidos (ex.: https://www.ine.pt/bddXplorer/htdocs/minfo.jsp?var_cd=0012656&lingua=PT ×3)
      · /livro-razao/pampilhosa-da-serra-indice-de-divida-2024 · 1 destinos repetidos (ex.: /metodo ×2)
      · /livro-razao/paredes-de-coura-ganho-medio-mensal-2024 · 1 destinos repetidos (ex.: https://www.ine.pt/bddXplorer/htdocs/minfo.jsp?var_cd=0012656&lingua=PT ×3)
      · /livro-razao/paredes-de-coura-indice-de-divida-2024 · 1 destinos repetidos (ex.: /metodo ×2)
      · /livro-razao/paredes-ganho-medio-mensal-2024 · 1 destinos repetidos (ex.: https://www.ine.pt/bddXplorer/htdocs/minfo.jsp?var_cd=0012656&lingua=PT ×3)
      · /livro-razao/paredes-indice-de-divida-2024 · 1 destinos repetidos (ex.: /metodo ×2)
      · /livro-razao/pedrogao-grande-ganho-medio-mensal-2024 · 1 destinos repetidos (ex.: https://www.ine.pt/bddXplorer/htdocs/minfo.jsp?var_cd=0012656&lingua=PT ×3)
      · /livro-razao/pedrogao-grande-indice-de-divida-2024 · 1 destinos repetidos (ex.: /metodo ×2)
      · /livro-razao/penacova-ganho-medio-mensal-2024 · 1 destinos repetidos (ex.: https://www.ine.pt/bddXplorer/htdocs/minfo.jsp?var_cd=0012656&lingua=PT ×3)
      · /livro-razao/penacova-indice-de-divida-2024 · 1 destinos repetidos (ex.: /metodo ×2)
      · /livro-razao/penafiel-ganho-medio-mensal-2024 · 1 destinos repetidos (ex.: https://www.ine.pt/bddXplorer/htdocs/minfo.jsp?var_cd=0012656&lingua=PT ×3)
      · /livro-razao/penafiel-indice-de-divida-2024 · 1 destinos repetidos (ex.: /metodo ×2)
      · /livro-razao/penalva-do-castelo-ganho-medio-mensal-2024 · 1 destinos repetidos (ex.: https://www.ine.pt/bddXplorer/htdocs/minfo.jsp?var_cd=0012656&lingua=PT ×3)
      · /livro-razao/penalva-do-castelo-indice-de-divida-2024 · 1 destinos repetidos (ex.: /metodo ×2)
      · /livro-razao/penamacor-ganho-medio-mensal-2024 · 1 destinos repetidos (ex.: https://www.ine.pt/bddXplorer/htdocs/minfo.jsp?var_cd=0012656&lingua=PT ×3)
      · /livro-razao/penamacor-indice-de-divida-2024 · 1 destinos repetidos (ex.: /metodo ×2)
      · /livro-razao/penedono-ganho-medio-mensal-2024 · 1 destinos repetidos (ex.: https://www.ine.pt/bddXplorer/htdocs/minfo.jsp?var_cd=0012656&lingua=PT ×3)
      · /livro-razao/penedono-indice-de-divida-2024 · 1 destinos repetidos (ex.: /metodo ×2)
      · /livro-razao/penela-ganho-medio-mensal-2024 · 1 destinos repetidos (ex.: https://www.ine.pt/bddXplorer/htdocs/minfo.jsp?var_cd=0012656&lingua=PT ×3)
      · /livro-razao/penela-indice-de-divida-2024 · 1 destinos repetidos (ex.: /metodo ×2)
      · /livro-razao/peniche-ganho-medio-mensal-2024 · 1 destinos repetidos (ex.: https://www.ine.pt/bddXplorer/htdocs/minfo.jsp?var_cd=0012656&lingua=PT ×3)
      · /livro-razao/peniche-indice-de-divida-2024 · 1 destinos repetidos (ex.: /metodo ×2)
      · /livro-razao/pensao-media-anual-2024 · 2 destinos repetidos (ex.: https://www.ine.pt/bddXplorer/htdocs/minfo.jsp?var_cd=0014532&lingua=PT ×3)
      · /livro-razao/pensao-media-anual-2025 · 2 destinos repetidos (ex.: https://www.ine.pt/bddXplorer/htdocs/minfo.jsp?var_cd=0014532&lingua=PT ×4)
      · /livro-razao/peso-da-regua-ganho-medio-mensal-2024 · 1 destinos repetidos (ex.: https://www.ine.pt/bddXplorer/htdocs/minfo.jsp?var_cd=0012656&lingua=PT ×3)
      · /livro-razao/peso-da-regua-indice-de-divida-2024 · 1 destinos repetidos (ex.: /metodo ×2)
      · /livro-razao/pib-pc-acores-2024 · 1 destinos repetidos (ex.: https://ec.europa.eu/eurostat/databrowser/view/nama_10r_2gdp/default/table?lang=en ×3)
      · /livro-razao/pib-pc-alentejo-2000 · 1 destinos repetidos (ex.: https://ec.europa.eu/eurostat/databrowser/view/nama_10r_2gdp/default/table?lang=en ×3)
      · /livro-razao/pib-pc-alentejo-2024 · 1 destinos repetidos (ex.: https://ec.europa.eu/eurostat/databrowser/view/nama_10r_2gdp/default/table?lang=en ×3)
      · /livro-razao/pib-pc-algarve-2024 · 1 destinos repetidos (ex.: https://ec.europa.eu/eurostat/databrowser/view/nama_10r_2gdp/default/table?lang=en ×3)
      · /livro-razao/pib-pc-centro-2024 · 1 destinos repetidos (ex.: https://ec.europa.eu/eurostat/databrowser/view/nama_10r_2gdp/default/table?lang=en ×3)
      · /livro-razao/pib-pc-grande-lisboa-2024 · 1 destinos repetidos (ex.: https://ec.europa.eu/eurostat/databrowser/view/nama_10r_2gdp/default/table?lang=en ×3)
      · /livro-razao/pib-pc-madeira-2024 · 1 destinos repetidos (ex.: https://ec.europa.eu/eurostat/databrowser/view/nama_10r_2gdp/default/table?lang=en ×3)
      · /livro-razao/pib-pc-norte-2024 · 1 destinos repetidos (ex.: https://ec.europa.eu/eurostat/databrowser/view/nama_10r_2gdp/default/table?lang=en ×3)
      · /livro-razao/pib-pc-oeste-e-vale-do-tejo-2024 · 1 destinos repetidos (ex.: https://ec.europa.eu/eurostat/databrowser/view/nama_10r_2gdp/default/table?lang=en ×3)
      · /livro-razao/pib-pc-peninsula-de-setubal-2024 · 1 destinos repetidos (ex.: https://ec.europa.eu/eurostat/databrowser/view/nama_10r_2gdp/default/table?lang=en ×3)
      · /livro-razao/pib-pc-portugal-2024 · 1 destinos repetidos (ex.: https://ec.europa.eu/eurostat/databrowser/view/nama_10r_2gdp/default/table?lang=en ×3)
      · /livro-razao/pib-real-per-capita-2024 · 1 destinos repetidos (ex.: https://ec.europa.eu/eurostat/databrowser/view/tipsna40/default/table?lang=en ×3)
      · /livro-razao/pib-real-per-capita-2025-ue · 1 destinos repetidos (ex.: https://ec.europa.eu/eurostat/databrowser/view/tipsna40/default/table?lang=en ×3)
      · /livro-razao/pib-real-per-capita-2025 · 1 destinos repetidos (ex.: https://ec.europa.eu/eurostat/databrowser/view/tipsna40/default/table?lang=en ×3)
      · /livro-razao/pinhel-ganho-medio-mensal-2024 · 1 destinos repetidos (ex.: https://www.ine.pt/bddXplorer/htdocs/minfo.jsp?var_cd=0012656&lingua=PT ×3)
      · /livro-razao/pinhel-indice-de-divida-2024 · 1 destinos repetidos (ex.: /metodo ×2)
      · /livro-razao/pombal-ganho-medio-mensal-2024 · 1 destinos repetidos (ex.: https://www.ine.pt/bddXplorer/htdocs/minfo.jsp?var_cd=0012656&lingua=PT ×3)
      · /livro-razao/pombal-indice-de-divida-2024 · 1 destinos repetidos (ex.: /metodo ×2)
      · /livro-razao/ponta-delgada-ganho-medio-mensal-2024 · 1 destinos repetidos (ex.: https://www.ine.pt/bddXplorer/htdocs/minfo.jsp?var_cd=0012656&lingua=PT ×3)
      · /livro-razao/ponta-delgada-indice-de-divida-2024 · 1 destinos repetidos (ex.: /metodo ×2)
      · /livro-razao/ponta-do-sol-ganho-medio-mensal-2024 · 1 destinos repetidos (ex.: https://www.ine.pt/bddXplorer/htdocs/minfo.jsp?var_cd=0012656&lingua=PT ×3)
      · /livro-razao/ponta-do-sol-indice-de-divida-2024 · 1 destinos repetidos (ex.: /metodo ×2)
      · /livro-razao/ponte-da-barca-ganho-medio-mensal-2024 · 1 destinos repetidos (ex.: https://www.ine.pt/bddXplorer/htdocs/minfo.jsp?var_cd=0012656&lingua=PT ×3)
      · /livro-razao/ponte-da-barca-indice-de-divida-2024 · 1 destinos repetidos (ex.: /metodo ×2)
      · /livro-razao/ponte-de-lima-ganho-medio-mensal-2024 · 1 destinos repetidos (ex.: https://www.ine.pt/bddXplorer/htdocs/minfo.jsp?var_cd=0012656&lingua=PT ×3)
      · /livro-razao/ponte-de-lima-indice-de-divida-2024 · 1 destinos repetidos (ex.: /metodo ×2)
      · /livro-razao/ponte-de-sor-ganho-medio-mensal-2024 · 1 destinos repetidos (ex.: https://www.ine.pt/bddXplorer/htdocs/minfo.jsp?var_cd=0012656&lingua=PT ×3)
      · /livro-razao/ponte-de-sor-indice-de-divida-2024 · 1 destinos repetidos (ex.: /metodo ×2)
      · /livro-razao/portalegre-ganho-medio-mensal-2024 · 1 destinos repetidos (ex.: https://www.ine.pt/bddXplorer/htdocs/minfo.jsp?var_cd=0012656&lingua=PT ×3)
      · /livro-razao/portalegre-indice-de-divida-2024 · 1 destinos repetidos (ex.: /metodo ×2)
      · /livro-razao/portel-ganho-medio-mensal-2024 · 1 destinos repetidos (ex.: https://www.ine.pt/bddXplorer/htdocs/minfo.jsp?var_cd=0012656&lingua=PT ×3)
      · /livro-razao/portel-indice-de-divida-2024 · 1 destinos repetidos (ex.: /metodo ×2)
      · /livro-razao/portimao-ganho-medio-mensal-2024 · 1 destinos repetidos (ex.: https://www.ine.pt/bddXplorer/htdocs/minfo.jsp?var_cd=0012656&lingua=PT ×3)
      · /livro-razao/portimao-indice-de-divida-2024 · 1 destinos repetidos (ex.: /metodo ×2)
      · /livro-razao/porto-de-mos-ganho-medio-mensal-2024 · 1 destinos repetidos (ex.: https://www.ine.pt/bddXplorer/htdocs/minfo.jsp?var_cd=0012656&lingua=PT ×3)
      · /livro-razao/porto-de-mos-indice-de-divida-2024 · 1 destinos repetidos (ex.: /metodo ×2)
      · /livro-razao/porto-ganho-medio-mensal-2024 · 1 destinos repetidos (ex.: https://www.ine.pt/bddXplorer/htdocs/minfo.jsp?var_cd=0012656&lingua=PT ×3)
      · /livro-razao/porto-indice-de-divida-2024 · 1 destinos repetidos (ex.: /metodo ×2)
      · /livro-razao/porto-moniz-ganho-medio-mensal-2024 · 1 destinos repetidos (ex.: https://www.ine.pt/bddXplorer/htdocs/minfo.jsp?var_cd=0012656&lingua=PT ×3)
      · /livro-razao/porto-moniz-indice-de-divida-2024 · 1 destinos repetidos (ex.: /metodo ×2)
      · /livro-razao/porto-santo-ganho-medio-mensal-2024 · 1 destinos repetidos (ex.: https://www.ine.pt/bddXplorer/htdocs/minfo.jsp?var_cd=0012656&lingua=PT ×3)
      · /livro-razao/porto-santo-indice-de-divida-2024 · 1 destinos repetidos (ex.: /metodo ×2)
      · /livro-razao/posicao-de-investimento-internacional-2024 · 1 destinos repetidos (ex.: https://ec.europa.eu/eurostat/databrowser/view/tipsii10/default/table?lang=en ×3)
      · /livro-razao/posicao-de-investimento-internacional-2025 · 1 destinos repetidos (ex.: https://ec.europa.eu/eurostat/databrowser/view/tipsii10/default/table?lang=en ×3)
      · /livro-razao/povoa-de-lanhoso-ganho-medio-mensal-2024 · 1 destinos repetidos (ex.: https://www.ine.pt/bddXplorer/htdocs/minfo.jsp?var_cd=0012656&lingua=PT ×3)
      · /livro-razao/povoa-de-lanhoso-indice-de-divida-2024 · 1 destinos repetidos (ex.: /metodo ×2)
      · /livro-razao/povoa-de-varzim-ganho-medio-mensal-2024 · 1 destinos repetidos (ex.: https://www.ine.pt/bddXplorer/htdocs/minfo.jsp?var_cd=0012656&lingua=PT ×3)
      · /livro-razao/povoa-de-varzim-indice-de-divida-2024 · 1 destinos repetidos (ex.: /metodo ×2)
      · /livro-razao/povoacao-ganho-medio-mensal-2024 · 1 destinos repetidos (ex.: https://www.ine.pt/bddXplorer/htdocs/minfo.jsp?var_cd=0012656&lingua=PT ×3)
      · /livro-razao/povoacao-indice-de-divida-2024 · 1 destinos repetidos (ex.: /metodo ×2)
      · /livro-razao/praia-da-vitoria-ganho-medio-mensal-2024 · 1 destinos repetidos (ex.: https://www.ine.pt/bddXplorer/htdocs/minfo.jsp?var_cd=0012656&lingua=PT ×3)
      · /livro-razao/praia-da-vitoria-indice-de-divida-2024 · 1 destinos repetidos (ex.: /metodo ×2)
      · /livro-razao/precos-da-habitacao-2024 · 1 destinos repetidos (ex.: https://ec.europa.eu/eurostat/databrowser/view/tipsho20/default/table?lang=en ×3)
      · /livro-razao/precos-da-habitacao-2025-ue · 1 destinos repetidos (ex.: https://ec.europa.eu/eurostat/databrowser/view/tipsho20/default/table?lang=en ×3)
      · /livro-razao/precos-da-habitacao-2025 · 1 destinos repetidos (ex.: https://ec.europa.eu/eurostat/databrowser/view/tipsho20/default/table?lang=en ×3)
      · /livro-razao/proenca-a-nova-ganho-medio-mensal-2024 · 1 destinos repetidos (ex.: https://www.ine.pt/bddXplorer/htdocs/minfo.jsp?var_cd=0012656&lingua=PT ×3)
      · /livro-razao/proenca-a-nova-indice-de-divida-2024 · 1 destinos repetidos (ex.: /metodo ×2)
      · /livro-razao/racio-s80-s20-2024 · 1 destinos repetidos (ex.: https://ec.europa.eu/eurostat/databrowser/view/tessi180/default/table?lang=en ×3)
      · /livro-razao/racio-s80-s20-2025-ue · 1 destinos repetidos (ex.: https://ec.europa.eu/eurostat/databrowser/view/tessi180/default/table?lang=en ×3)
      · /livro-razao/racio-s80-s20-2025 · 1 destinos repetidos (ex.: https://ec.europa.eu/eurostat/databrowser/view/tessi180/default/table?lang=en ×3)
      · /livro-razao/redondo-ganho-medio-mensal-2024 · 1 destinos repetidos (ex.: https://www.ine.pt/bddXplorer/htdocs/minfo.jsp?var_cd=0012656&lingua=PT ×3)
      · /livro-razao/redondo-indice-de-divida-2024 · 1 destinos repetidos (ex.: /metodo ×2)
      · /livro-razao/reguengos-de-monsaraz-ganho-medio-mensal-2024 · 1 destinos repetidos (ex.: https://www.ine.pt/bddXplorer/htdocs/minfo.jsp?var_cd=0012656&lingua=PT ×3)
      · /livro-razao/reguengos-de-monsaraz-indice-de-divida-2024 · 1 destinos repetidos (ex.: /metodo ×2)
      · /livro-razao/remuneracao-bruta-mensal-media-periodo-anterior · 2 destinos repetidos (ex.: https://www.ine.pt/bddXplorer/htdocs/minfo.jsp?var_cd=0014751&lingua=PT ×3)
      · /livro-razao/remuneracao-bruta-mensal-media · 2 destinos repetidos (ex.: https://www.ine.pt/bddXplorer/htdocs/minfo.jsp?var_cd=0014751&lingua=PT ×3)
      · /livro-razao/resende-ganho-medio-mensal-2024 · 1 destinos repetidos (ex.: https://www.ine.pt/bddXplorer/htdocs/minfo.jsp?var_cd=0012656&lingua=PT ×3)
      · /livro-razao/resende-indice-de-divida-2024 · 1 destinos repetidos (ex.: /metodo ×2)
      · /livro-razao/retribuicao-minima-mensal-doze-meses-2026 · 1 destinos repetidos (ex.: https://ec.europa.eu/eurostat/databrowser/view/earn_mw_cur/default/table?lang=en ×3)
      · /livro-razao/ribeira-brava-ganho-medio-mensal-2024 · 1 destinos repetidos (ex.: https://www.ine.pt/bddXplorer/htdocs/minfo.jsp?var_cd=0012656&lingua=PT ×3)
      · /livro-razao/ribeira-brava-indice-de-divida-2024 · 1 destinos repetidos (ex.: /metodo ×2)
      · /livro-razao/ribeira-de-pena-ganho-medio-mensal-2024 · 1 destinos repetidos (ex.: https://www.ine.pt/bddXplorer/htdocs/minfo.jsp?var_cd=0012656&lingua=PT ×3)
      · /livro-razao/ribeira-de-pena-indice-de-divida-2024 · 1 destinos repetidos (ex.: /metodo ×2)
      · /livro-razao/ribeira-grande-ganho-medio-mensal-2024 · 1 destinos repetidos (ex.: https://www.ine.pt/bddXplorer/htdocs/minfo.jsp?var_cd=0012656&lingua=PT ×3)
      · /livro-razao/ribeira-grande-indice-de-divida-2024 · 1 destinos repetidos (ex.: /metodo ×2)
      · /livro-razao/rio-maior-ganho-medio-mensal-2024 · 1 destinos repetidos (ex.: https://www.ine.pt/bddXplorer/htdocs/minfo.jsp?var_cd=0012656&lingua=PT ×3)
      · /livro-razao/rio-maior-indice-de-divida-2024 · 1 destinos repetidos (ex.: /metodo ×2)
      · /livro-razao/risco-de-pobreza-ou-exclusao-2024 · 1 destinos repetidos (ex.: https://ec.europa.eu/eurostat/databrowser/view/tipslc10/default/table?lang=en ×3)
      · /livro-razao/risco-de-pobreza-ou-exclusao-2025-ue · 1 destinos repetidos (ex.: https://ec.europa.eu/eurostat/databrowser/view/tipslc10/default/table?lang=en ×3)
      · /livro-razao/risco-de-pobreza-ou-exclusao-2025 · 1 destinos repetidos (ex.: https://ec.europa.eu/eurostat/databrowser/view/tipslc10/default/table?lang=en ×3)
      · /livro-razao/sabrosa-ganho-medio-mensal-2024 · 1 destinos repetidos (ex.: https://www.ine.pt/bddXplorer/htdocs/minfo.jsp?var_cd=0012656&lingua=PT ×3)
      · /livro-razao/sabrosa-indice-de-divida-2024 · 1 destinos repetidos (ex.: /metodo ×2)
      · /livro-razao/sabugal-ganho-medio-mensal-2024 · 1 destinos repetidos (ex.: https://www.ine.pt/bddXplorer/htdocs/minfo.jsp?var_cd=0012656&lingua=PT ×3)
      · /livro-razao/sabugal-indice-de-divida-2024 · 1 destinos repetidos (ex.: /metodo ×2)
      · /livro-razao/saldo-da-balanca-corrente-2024 · 1 destinos repetidos (ex.: https://ec.europa.eu/eurostat/databrowser/view/tipsbp10/default/table?lang=en ×3)
      · /livro-razao/saldo-da-balanca-corrente-2025 · 1 destinos repetidos (ex.: https://ec.europa.eu/eurostat/databrowser/view/tipsbp10/default/table?lang=en ×3)
      · /livro-razao/saldo-das-administracoes-publicas-2024 · 2 destinos repetidos (ex.: https://ec.europa.eu/eurostat/databrowser/view/gov_10dd_edpt1/default/table?lang=en ×3)
      · /livro-razao/saldo-das-administracoes-publicas-2025-notificacao-ine-2026-09 · 1 destinos repetidos (ex.: /metodo ×2)
      · /livro-razao/saldo-das-administracoes-publicas-2025 · 1 destinos repetidos (ex.: https://ec.europa.eu/eurostat/databrowser/view/gov_10dd_edpt1/default/table?lang=en ×3)
      · /livro-razao/saldo-natural-portugal-2025 · 2 destinos repetidos (ex.: /a-verificar ×6)
      · /livro-razao/salvaterra-de-magos-ganho-medio-mensal-2024 · 1 destinos repetidos (ex.: https://www.ine.pt/bddXplorer/htdocs/minfo.jsp?var_cd=0012656&lingua=PT ×3)
      · /livro-razao/salvaterra-de-magos-indice-de-divida-2024 · 1 destinos repetidos (ex.: /metodo ×2)
      · /livro-razao/santa-comba-dao-ganho-medio-mensal-2024 · 1 destinos repetidos (ex.: https://www.ine.pt/bddXplorer/htdocs/minfo.jsp?var_cd=0012656&lingua=PT ×3)
      · /livro-razao/santa-comba-dao-indice-de-divida-2024 · 1 destinos repetidos (ex.: /metodo ×2)
      · /livro-razao/santa-cruz-da-graciosa-ganho-medio-mensal-2024 · 1 destinos repetidos (ex.: https://www.ine.pt/bddXplorer/htdocs/minfo.jsp?var_cd=0012656&lingua=PT ×3)
      · /livro-razao/santa-cruz-da-graciosa-indice-de-divida-2024 · 1 destinos repetidos (ex.: /metodo ×2)
      · /livro-razao/santa-cruz-das-flores-ganho-medio-mensal-2024 · 1 destinos repetidos (ex.: https://www.ine.pt/bddXplorer/htdocs/minfo.jsp?var_cd=0012656&lingua=PT ×3)
      · /livro-razao/santa-cruz-das-flores-indice-de-divida-2024 · 1 destinos repetidos (ex.: /metodo ×2)
      · /livro-razao/santa-cruz-ganho-medio-mensal-2024 · 1 destinos repetidos (ex.: https://www.ine.pt/bddXplorer/htdocs/minfo.jsp?var_cd=0012656&lingua=PT ×3)
      · /livro-razao/santa-cruz-indice-de-divida-2024 · 1 destinos repetidos (ex.: /metodo ×2)
      · /livro-razao/santa-maria-da-feira-ganho-medio-mensal-2024 · 1 destinos repetidos (ex.: https://www.ine.pt/bddXplorer/htdocs/minfo.jsp?var_cd=0012656&lingua=PT ×3)
      · /livro-razao/santa-maria-da-feira-indice-de-divida-2024 · 1 destinos repetidos (ex.: /metodo ×2)
      · /livro-razao/santa-marta-de-penaguiao-ganho-medio-mensal-2024 · 1 destinos repetidos (ex.: https://www.ine.pt/bddXplorer/htdocs/minfo.jsp?var_cd=0012656&lingua=PT ×3)
      · /livro-razao/santa-marta-de-penaguiao-indice-de-divida-2024 · 1 destinos repetidos (ex.: /metodo ×2)
      · /livro-razao/santana-ganho-medio-mensal-2024 · 1 destinos repetidos (ex.: https://www.ine.pt/bddXplorer/htdocs/minfo.jsp?var_cd=0012656&lingua=PT ×3)
      · /livro-razao/santana-indice-de-divida-2024 · 1 destinos repetidos (ex.: /metodo ×2)
      · /livro-razao/santarem-ganho-medio-mensal-2024 · 1 destinos repetidos (ex.: https://www.ine.pt/bddXplorer/htdocs/minfo.jsp?var_cd=0012656&lingua=PT ×3)
      · /livro-razao/santarem-indice-de-divida-2024 · 1 destinos repetidos (ex.: /metodo ×2)
      · /livro-razao/santiago-do-cacem-ganho-medio-mensal-2024 · 1 destinos repetidos (ex.: https://www.ine.pt/bddXplorer/htdocs/minfo.jsp?var_cd=0012656&lingua=PT ×3)
      · /livro-razao/santiago-do-cacem-indice-de-divida-2024 · 1 destinos repetidos (ex.: /metodo ×2)
      · /livro-razao/santo-tirso-ganho-medio-mensal-2024 · 1 destinos repetidos (ex.: https://www.ine.pt/bddXplorer/htdocs/minfo.jsp?var_cd=0012656&lingua=PT ×3)
      · /livro-razao/santo-tirso-indice-de-divida-2024 · 1 destinos repetidos (ex.: /metodo ×2)
      · /livro-razao/sao-bras-de-alportel-ganho-medio-mensal-2024 · 1 destinos repetidos (ex.: https://www.ine.pt/bddXplorer/htdocs/minfo.jsp?var_cd=0012656&lingua=PT ×3)
      · /livro-razao/sao-bras-de-alportel-indice-de-divida-2024 · 1 destinos repetidos (ex.: /metodo ×2)
      · /livro-razao/sao-joao-da-madeira-ganho-medio-mensal-2024 · 1 destinos repetidos (ex.: https://www.ine.pt/bddXplorer/htdocs/minfo.jsp?var_cd=0012656&lingua=PT ×3)
      · /livro-razao/sao-joao-da-madeira-indice-de-divida-2024 · 1 destinos repetidos (ex.: /metodo ×2)
      · /livro-razao/sao-joao-da-pesqueira-ganho-medio-mensal-2024 · 1 destinos repetidos (ex.: https://www.ine.pt/bddXplorer/htdocs/minfo.jsp?var_cd=0012656&lingua=PT ×3)
      · /livro-razao/sao-joao-da-pesqueira-indice-de-divida-2024 · 1 destinos repetidos (ex.: /metodo ×2)
      · /livro-razao/sao-pedro-do-sul-ganho-medio-mensal-2024 · 1 destinos repetidos (ex.: https://www.ine.pt/bddXplorer/htdocs/minfo.jsp?var_cd=0012656&lingua=PT ×3)
      · /livro-razao/sao-pedro-do-sul-indice-de-divida-2024 · 1 destinos repetidos (ex.: /metodo ×2)
      · /livro-razao/sao-roque-do-pico-ganho-medio-mensal-2024 · 1 destinos repetidos (ex.: https://www.ine.pt/bddXplorer/htdocs/minfo.jsp?var_cd=0012656&lingua=PT ×3)
      · /livro-razao/sao-roque-do-pico-indice-de-divida-2024 · 1 destinos repetidos (ex.: /metodo ×2)
      · /livro-razao/sao-vicente-ganho-medio-mensal-2024 · 1 destinos repetidos (ex.: https://www.ine.pt/bddXplorer/htdocs/minfo.jsp?var_cd=0012656&lingua=PT ×3)
      · /livro-razao/sao-vicente-indice-de-divida-2024 · 1 destinos repetidos (ex.: /metodo ×2)
      · /livro-razao/sardoal-ganho-medio-mensal-2024 · 1 destinos repetidos (ex.: https://www.ine.pt/bddXplorer/htdocs/minfo.jsp?var_cd=0012656&lingua=PT ×3)
      · /livro-razao/sardoal-indice-de-divida-2024 · 1 destinos repetidos (ex.: /metodo ×2)
      · /livro-razao/satao-ganho-medio-mensal-2024 · 1 destinos repetidos (ex.: https://www.ine.pt/bddXplorer/htdocs/minfo.jsp?var_cd=0012656&lingua=PT ×3)
      · /livro-razao/satao-indice-de-divida-2024 · 1 destinos repetidos (ex.: /metodo ×2)
      · /livro-razao/seia-ganho-medio-mensal-2024 · 1 destinos repetidos (ex.: https://www.ine.pt/bddXplorer/htdocs/minfo.jsp?var_cd=0012656&lingua=PT ×3)
      · /livro-razao/seia-indice-de-divida-2024 · 1 destinos repetidos (ex.: /metodo ×2)
      · /livro-razao/seixal-ganho-medio-mensal-2024 · 1 destinos repetidos (ex.: https://www.ine.pt/bddXplorer/htdocs/minfo.jsp?var_cd=0012656&lingua=PT ×3)
      · /livro-razao/seixal-indice-de-divida-2024 · 1 destinos repetidos (ex.: /metodo ×2)
      · /livro-razao/sernancelhe-ganho-medio-mensal-2024 · 1 destinos repetidos (ex.: https://www.ine.pt/bddXplorer/htdocs/minfo.jsp?var_cd=0012656&lingua=PT ×3)
      · /livro-razao/sernancelhe-indice-de-divida-2024 · 1 destinos repetidos (ex.: /metodo ×2)
      · /livro-razao/serpa-ganho-medio-mensal-2024 · 1 destinos repetidos (ex.: https://www.ine.pt/bddXplorer/htdocs/minfo.jsp?var_cd=0012656&lingua=PT ×3)
      · /livro-razao/serpa-indice-de-divida-2024 · 1 destinos repetidos (ex.: /metodo ×2)
      · /livro-razao/serta-ganho-medio-mensal-2024 · 1 destinos repetidos (ex.: https://www.ine.pt/bddXplorer/htdocs/minfo.jsp?var_cd=0012656&lingua=PT ×3)
      · /livro-razao/serta-indice-de-divida-2024 · 1 destinos repetidos (ex.: /metodo ×2)
      · /livro-razao/sesimbra-ganho-medio-mensal-2024 · 1 destinos repetidos (ex.: https://www.ine.pt/bddXplorer/htdocs/minfo.jsp?var_cd=0012656&lingua=PT ×3)
      · /livro-razao/sesimbra-indice-de-divida-2024 · 1 destinos repetidos (ex.: /metodo ×2)
      · /livro-razao/setubal-ganho-medio-mensal-2024 · 1 destinos repetidos (ex.: https://www.ine.pt/bddXplorer/htdocs/minfo.jsp?var_cd=0012656&lingua=PT ×3)
      · /livro-razao/setubal-indice-de-divida-2024 · 1 destinos repetidos (ex.: /metodo ×2)
      · /livro-razao/sever-do-vouga-ganho-medio-mensal-2024 · 1 destinos repetidos (ex.: https://www.ine.pt/bddXplorer/htdocs/minfo.jsp?var_cd=0012656&lingua=PT ×3)
      · /livro-razao/sever-do-vouga-indice-de-divida-2024 · 1 destinos repetidos (ex.: /metodo ×2)
      · /livro-razao/silves-ganho-medio-mensal-2024 · 1 destinos repetidos (ex.: https://www.ine.pt/bddXplorer/htdocs/minfo.jsp?var_cd=0012656&lingua=PT ×3)
      · /livro-razao/silves-indice-de-divida-2024 · 1 destinos repetidos (ex.: /metodo ×2)
      · /livro-razao/sines-ganho-medio-mensal-2024 · 1 destinos repetidos (ex.: https://www.ine.pt/bddXplorer/htdocs/minfo.jsp?var_cd=0012656&lingua=PT ×3)
      · /livro-razao/sines-indice-de-divida-2024 · 1 destinos repetidos (ex.: /metodo ×2)
      · /livro-razao/sintra-ganho-medio-mensal-2024 · 1 destinos repetidos (ex.: https://www.ine.pt/bddXplorer/htdocs/minfo.jsp?var_cd=0012656&lingua=PT ×3)
      · /livro-razao/sintra-indice-de-divida-2024 · 1 destinos repetidos (ex.: /metodo ×2)
      · /livro-razao/sobral-de-monte-agraco-ganho-medio-mensal-2024 · 1 destinos repetidos (ex.: https://www.ine.pt/bddXplorer/htdocs/minfo.jsp?var_cd=0012656&lingua=PT ×3)
      · /livro-razao/sobral-de-monte-agraco-indice-de-divida-2024 · 1 destinos repetidos (ex.: /metodo ×2)
      · /livro-razao/sobrecarga-do-custo-da-habitacao-2024 · 1 destinos repetidos (ex.: https://ec.europa.eu/eurostat/databrowser/view/tespm140/default/table?lang=en ×3)
      · /livro-razao/sobrecarga-do-custo-da-habitacao-2025-ue · 1 destinos repetidos (ex.: https://ec.europa.eu/eurostat/databrowser/view/tespm140/default/table?lang=en ×3)
      · /livro-razao/sobrecarga-do-custo-da-habitacao-2025 · 1 destinos repetidos (ex.: https://ec.europa.eu/eurostat/databrowser/view/tespm140/default/table?lang=en ×3)
      · /livro-razao/sobrecarga-do-custo-da-habitacao-inquilinos-mercado-2024 · 2 destinos repetidos (ex.: https://ec.europa.eu/eurostat/databrowser/view/tessi164/default/table?lang=en ×3)
      · /livro-razao/sobrecarga-do-custo-da-habitacao-inquilinos-mercado-2025-ue · 2 destinos repetidos (ex.: https://ec.europa.eu/eurostat/databrowser/view/tessi164/default/table?lang=en ×3)
      · /livro-razao/sobrecarga-do-custo-da-habitacao-inquilinos-mercado-2025 · 2 destinos repetidos (ex.: https://ec.europa.eu/eurostat/databrowser/view/tessi164/default/table?lang=en ×3)
      · /livro-razao/soure-ganho-medio-mensal-2024 · 1 destinos repetidos (ex.: https://www.ine.pt/bddXplorer/htdocs/minfo.jsp?var_cd=0012656&lingua=PT ×3)
      · /livro-razao/soure-indice-de-divida-2024 · 1 destinos repetidos (ex.: /metodo ×2)
      · /livro-razao/sousel-ganho-medio-mensal-2024 · 1 destinos repetidos (ex.: https://www.ine.pt/bddXplorer/htdocs/minfo.jsp?var_cd=0012656&lingua=PT ×3)
      · /livro-razao/sousel-indice-de-divida-2024 · 1 destinos repetidos (ex.: /metodo ×2)
      · /livro-razao/tabua-ganho-medio-mensal-2024 · 1 destinos repetidos (ex.: https://www.ine.pt/bddXplorer/htdocs/minfo.jsp?var_cd=0012656&lingua=PT ×3)
      · /livro-razao/tabua-indice-de-divida-2024 · 1 destinos repetidos (ex.: /metodo ×2)
      · /livro-razao/tabuaco-ganho-medio-mensal-2024 · 1 destinos repetidos (ex.: https://www.ine.pt/bddXplorer/htdocs/minfo.jsp?var_cd=0012656&lingua=PT ×3)
      · /livro-razao/tabuaco-indice-de-divida-2024 · 1 destinos repetidos (ex.: /metodo ×2)
      · /livro-razao/tarouca-ganho-medio-mensal-2024 · 1 destinos repetidos (ex.: https://www.ine.pt/bddXplorer/htdocs/minfo.jsp?var_cd=0012656&lingua=PT ×3)
      · /livro-razao/tarouca-indice-de-divida-2024 · 1 destinos repetidos (ex.: /metodo ×2)
      · /livro-razao/tavira-ganho-medio-mensal-2024 · 1 destinos repetidos (ex.: https://www.ine.pt/bddXplorer/htdocs/minfo.jsp?var_cd=0012656&lingua=PT ×3)
      · /livro-razao/tavira-indice-de-divida-2024 · 1 destinos repetidos (ex.: /metodo ×2)
      · /livro-razao/taxa-de-actividade-2024 · 1 destinos repetidos (ex.: https://ec.europa.eu/eurostat/databrowser/view/tipslm60/default/table?lang=en ×3)
      · /livro-razao/taxa-de-actividade-2025-ue · 1 destinos repetidos (ex.: https://ec.europa.eu/eurostat/databrowser/view/tipslm60/default/table?lang=en ×3)
      · /livro-razao/taxa-de-actividade-2025 · 1 destinos repetidos (ex.: https://ec.europa.eu/eurostat/databrowser/view/tipslm60/default/table?lang=en ×3)
      · /livro-razao/taxa-de-cambio-efectiva-real-2024 · 1 destinos repetidos (ex.: https://ec.europa.eu/eurostat/databrowser/view/tipser10/default/table?lang=en ×3)
      · /livro-razao/taxa-de-cambio-efectiva-real-2025-ue · 1 destinos repetidos (ex.: https://ec.europa.eu/eurostat/databrowser/view/tipser10/default/table?lang=en ×3)
      · /livro-razao/taxa-de-cambio-efectiva-real-2025 · 1 destinos repetidos (ex.: https://ec.europa.eu/eurostat/databrowser/view/tipser10/default/table?lang=en ×3)
      · /livro-razao/taxa-de-desemprego-2024 · 1 destinos repetidos (ex.: https://ec.europa.eu/eurostat/databrowser/view/une_rt_a/default/table?lang=en ×3)
      · /livro-razao/taxa-de-desemprego-2025-ue · 1 destinos repetidos (ex.: https://ec.europa.eu/eurostat/databrowser/view/une_rt_a/default/table?lang=en ×3)
      · /livro-razao/taxa-de-desemprego-2025 · 1 destinos repetidos (ex.: https://ec.europa.eu/eurostat/databrowser/view/une_rt_a/default/table?lang=en ×3)
      · /livro-razao/taxa-de-desemprego-mip-2024 · 1 destinos repetidos (ex.: https://ec.europa.eu/eurostat/databrowser/view/tipsun20/default/table?lang=en ×3)
      · /livro-razao/taxa-de-desemprego-mip-2025-ue · 1 destinos repetidos (ex.: https://ec.europa.eu/eurostat/databrowser/view/tipsun20/default/table?lang=en ×3)
      · /livro-razao/taxa-de-desemprego-mip-2025 · 1 destinos repetidos (ex.: https://ec.europa.eu/eurostat/databrowser/view/tipsun20/default/table?lang=en ×3)
      · /livro-razao/taxa-de-emprego-2024 · 1 destinos repetidos (ex.: https://ec.europa.eu/eurostat/databrowser/view/lfsi_emp_a/default/table?lang=en ×3)
      · /livro-razao/taxa-de-emprego-2025-ue · 1 destinos repetidos (ex.: https://ec.europa.eu/eurostat/databrowser/view/lfsi_emp_a/default/table?lang=en ×3)
      · /livro-razao/taxa-de-emprego-2025 · 1 destinos repetidos (ex.: https://ec.europa.eu/eurostat/databrowser/view/lfsi_emp_a/default/table?lang=en ×3)
      · /livro-razao/terras-de-bouro-ganho-medio-mensal-2024 · 1 destinos repetidos (ex.: https://www.ine.pt/bddXplorer/htdocs/minfo.jsp?var_cd=0012656&lingua=PT ×3)
      · /livro-razao/terras-de-bouro-indice-de-divida-2024 · 1 destinos repetidos (ex.: /metodo ×2)
      · /livro-razao/tomar-ganho-medio-mensal-2024 · 1 destinos repetidos (ex.: https://www.ine.pt/bddXplorer/htdocs/minfo.jsp?var_cd=0012656&lingua=PT ×3)
      · /livro-razao/tomar-indice-de-divida-2024 · 1 destinos repetidos (ex.: /metodo ×2)
      · /livro-razao/tondela-ganho-medio-mensal-2024 · 1 destinos repetidos (ex.: https://www.ine.pt/bddXplorer/htdocs/minfo.jsp?var_cd=0012656&lingua=PT ×3)
      · /livro-razao/tondela-indice-de-divida-2024 · 1 destinos repetidos (ex.: /metodo ×2)
      · /livro-razao/torre-de-moncorvo-ganho-medio-mensal-2024 · 1 destinos repetidos (ex.: https://www.ine.pt/bddXplorer/htdocs/minfo.jsp?var_cd=0012656&lingua=PT ×3)
      · /livro-razao/torre-de-moncorvo-indice-de-divida-2024 · 1 destinos repetidos (ex.: /metodo ×2)
      · /livro-razao/torres-novas-ganho-medio-mensal-2024 · 1 destinos repetidos (ex.: https://www.ine.pt/bddXplorer/htdocs/minfo.jsp?var_cd=0012656&lingua=PT ×3)
      · /livro-razao/torres-novas-indice-de-divida-2024 · 1 destinos repetidos (ex.: /metodo ×2)
      · /livro-razao/torres-vedras-ganho-medio-mensal-2024 · 1 destinos repetidos (ex.: https://www.ine.pt/bddXplorer/htdocs/minfo.jsp?var_cd=0012656&lingua=PT ×3)
      · /livro-razao/torres-vedras-indice-de-divida-2024 · 1 destinos repetidos (ex.: /metodo ×2)
      · /livro-razao/trancoso-ganho-medio-mensal-2024 · 1 destinos repetidos (ex.: https://www.ine.pt/bddXplorer/htdocs/minfo.jsp?var_cd=0012656&lingua=PT ×3)
      · /livro-razao/trancoso-indice-de-divida-2024 · 1 destinos repetidos (ex.: /metodo ×2)
      · /livro-razao/trofa-ganho-medio-mensal-2024 · 1 destinos repetidos (ex.: https://www.ine.pt/bddXplorer/htdocs/minfo.jsp?var_cd=0012656&lingua=PT ×3)
      · /livro-razao/trofa-indice-de-divida-2024 · 1 destinos repetidos (ex.: /metodo ×2)
      · /livro-razao/vagos-ganho-medio-mensal-2024 · 1 destinos repetidos (ex.: https://www.ine.pt/bddXplorer/htdocs/minfo.jsp?var_cd=0012656&lingua=PT ×3)
      · /livro-razao/vagos-indice-de-divida-2024 · 1 destinos repetidos (ex.: /metodo ×2)
      · /livro-razao/vale-de-cambra-ganho-medio-mensal-2024 · 1 destinos repetidos (ex.: https://www.ine.pt/bddXplorer/htdocs/minfo.jsp?var_cd=0012656&lingua=PT ×3)
      · /livro-razao/vale-de-cambra-indice-de-divida-2024 · 1 destinos repetidos (ex.: /metodo ×2)
      · /livro-razao/valenca-ganho-medio-mensal-2024 · 1 destinos repetidos (ex.: https://www.ine.pt/bddXplorer/htdocs/minfo.jsp?var_cd=0012656&lingua=PT ×3)
      · /livro-razao/valenca-indice-de-divida-2024 · 1 destinos repetidos (ex.: /metodo ×2)
      · /livro-razao/valongo-ganho-medio-mensal-2024 · 1 destinos repetidos (ex.: https://www.ine.pt/bddXplorer/htdocs/minfo.jsp?var_cd=0012656&lingua=PT ×3)
      · /livro-razao/valongo-indice-de-divida-2024 · 1 destinos repetidos (ex.: /metodo ×2)
      · /livro-razao/valpacos-ganho-medio-mensal-2024 · 1 destinos repetidos (ex.: https://www.ine.pt/bddXplorer/htdocs/minfo.jsp?var_cd=0012656&lingua=PT ×3)
      · /livro-razao/valpacos-indice-de-divida-2024 · 1 destinos repetidos (ex.: /metodo ×2)
      · /livro-razao/velas-ganho-medio-mensal-2024 · 1 destinos repetidos (ex.: https://www.ine.pt/bddXplorer/htdocs/minfo.jsp?var_cd=0012656&lingua=PT ×3)
      · /livro-razao/velas-indice-de-divida-2024 · 1 destinos repetidos (ex.: /metodo ×2)
      · /livro-razao/vendas-novas-ganho-medio-mensal-2024 · 1 destinos repetidos (ex.: https://www.ine.pt/bddXplorer/htdocs/minfo.jsp?var_cd=0012656&lingua=PT ×3)
      · /livro-razao/vendas-novas-indice-de-divida-2024 · 1 destinos repetidos (ex.: /metodo ×2)
      · /livro-razao/viana-do-alentejo-ganho-medio-mensal-2024 · 1 destinos repetidos (ex.: https://www.ine.pt/bddXplorer/htdocs/minfo.jsp?var_cd=0012656&lingua=PT ×3)
      · /livro-razao/viana-do-alentejo-indice-de-divida-2024 · 1 destinos repetidos (ex.: /metodo ×2)
      · /livro-razao/viana-do-castelo-ganho-medio-mensal-2024 · 1 destinos repetidos (ex.: https://www.ine.pt/bddXplorer/htdocs/minfo.jsp?var_cd=0012656&lingua=PT ×3)
      · /livro-razao/viana-do-castelo-indice-de-divida-2024 · 1 destinos repetidos (ex.: /metodo ×2)
      · /livro-razao/vidigueira-ganho-medio-mensal-2024 · 1 destinos repetidos (ex.: https://www.ine.pt/bddXplorer/htdocs/minfo.jsp?var_cd=0012656&lingua=PT ×3)
      · /livro-razao/vidigueira-indice-de-divida-2024 · 1 destinos repetidos (ex.: /metodo ×2)
      · /livro-razao/vieira-do-minho-ganho-medio-mensal-2024 · 1 destinos repetidos (ex.: https://www.ine.pt/bddXplorer/htdocs/minfo.jsp?var_cd=0012656&lingua=PT ×3)
      · /livro-razao/vieira-do-minho-indice-de-divida-2024 · 1 destinos repetidos (ex.: /metodo ×2)
      · /livro-razao/vila-de-rei-ganho-medio-mensal-2024 · 1 destinos repetidos (ex.: https://www.ine.pt/bddXplorer/htdocs/minfo.jsp?var_cd=0012656&lingua=PT ×3)
      · /livro-razao/vila-de-rei-indice-de-divida-2024 · 1 destinos repetidos (ex.: /metodo ×2)
      · /livro-razao/vila-do-bispo-ganho-medio-mensal-2024 · 1 destinos repetidos (ex.: https://www.ine.pt/bddXplorer/htdocs/minfo.jsp?var_cd=0012656&lingua=PT ×3)
      · /livro-razao/vila-do-bispo-indice-de-divida-2024 · 1 destinos repetidos (ex.: /metodo ×2)
      · /livro-razao/vila-do-conde-ganho-medio-mensal-2024 · 1 destinos repetidos (ex.: https://www.ine.pt/bddXplorer/htdocs/minfo.jsp?var_cd=0012656&lingua=PT ×3)
      · /livro-razao/vila-do-conde-indice-de-divida-2024 · 1 destinos repetidos (ex.: /metodo ×2)
      · /livro-razao/vila-do-porto-ganho-medio-mensal-2024 · 1 destinos repetidos (ex.: https://www.ine.pt/bddXplorer/htdocs/minfo.jsp?var_cd=0012656&lingua=PT ×3)
      · /livro-razao/vila-do-porto-indice-de-divida-2024 · 1 destinos repetidos (ex.: /metodo ×2)
      · /livro-razao/vila-flor-ganho-medio-mensal-2024 · 1 destinos repetidos (ex.: https://www.ine.pt/bddXplorer/htdocs/minfo.jsp?var_cd=0012656&lingua=PT ×3)
      · /livro-razao/vila-flor-indice-de-divida-2024 · 1 destinos repetidos (ex.: /metodo ×2)
      · /livro-razao/vila-franca-de-xira-ganho-medio-mensal-2024 · 1 destinos repetidos (ex.: https://www.ine.pt/bddXplorer/htdocs/minfo.jsp?var_cd=0012656&lingua=PT ×3)
      · /livro-razao/vila-franca-de-xira-indice-de-divida-2024 · 1 destinos repetidos (ex.: /metodo ×2)
      · /livro-razao/vila-franca-do-campo-ganho-medio-mensal-2024 · 1 destinos repetidos (ex.: https://www.ine.pt/bddXplorer/htdocs/minfo.jsp?var_cd=0012656&lingua=PT ×3)
      · /livro-razao/vila-franca-do-campo-indice-de-divida-2024 · 1 destinos repetidos (ex.: /metodo ×2)
      · /livro-razao/vila-nova-da-barquinha-ganho-medio-mensal-2024 · 1 destinos repetidos (ex.: https://www.ine.pt/bddXplorer/htdocs/minfo.jsp?var_cd=0012656&lingua=PT ×3)
      · /livro-razao/vila-nova-da-barquinha-indice-de-divida-2024 · 1 destinos repetidos (ex.: /metodo ×2)
      · /livro-razao/vila-nova-de-cerveira-ganho-medio-mensal-2024 · 1 destinos repetidos (ex.: https://www.ine.pt/bddXplorer/htdocs/minfo.jsp?var_cd=0012656&lingua=PT ×3)
      · /livro-razao/vila-nova-de-cerveira-indice-de-divida-2024 · 1 destinos repetidos (ex.: /metodo ×2)
      · /livro-razao/vila-nova-de-famalicao-ganho-medio-mensal-2024 · 1 destinos repetidos (ex.: https://www.ine.pt/bddXplorer/htdocs/minfo.jsp?var_cd=0012656&lingua=PT ×3)
      · /livro-razao/vila-nova-de-famalicao-indice-de-divida-2024 · 1 destinos repetidos (ex.: /metodo ×2)
      · /livro-razao/vila-nova-de-foz-coa-ganho-medio-mensal-2024 · 1 destinos repetidos (ex.: https://www.ine.pt/bddXplorer/htdocs/minfo.jsp?var_cd=0012656&lingua=PT ×3)
      · /livro-razao/vila-nova-de-foz-coa-indice-de-divida-2024 · 1 destinos repetidos (ex.: /metodo ×2)
      · /livro-razao/vila-nova-de-gaia-ganho-medio-mensal-2024 · 1 destinos repetidos (ex.: https://www.ine.pt/bddXplorer/htdocs/minfo.jsp?var_cd=0012656&lingua=PT ×3)
      · /livro-razao/vila-nova-de-gaia-indice-de-divida-2024 · 1 destinos repetidos (ex.: /metodo ×2)
      · /livro-razao/vila-nova-de-paiva-ganho-medio-mensal-2024 · 1 destinos repetidos (ex.: https://www.ine.pt/bddXplorer/htdocs/minfo.jsp?var_cd=0012656&lingua=PT ×3)
      · /livro-razao/vila-nova-de-paiva-indice-de-divida-2024 · 1 destinos repetidos (ex.: /metodo ×2)
      · /livro-razao/vila-nova-de-poiares-ganho-medio-mensal-2024 · 1 destinos repetidos (ex.: https://www.ine.pt/bddXplorer/htdocs/minfo.jsp?var_cd=0012656&lingua=PT ×3)
      · /livro-razao/vila-nova-de-poiares-indice-de-divida-2024 · 1 destinos repetidos (ex.: /metodo ×2)
      · /livro-razao/vila-pouca-de-aguiar-ganho-medio-mensal-2024 · 1 destinos repetidos (ex.: https://www.ine.pt/bddXplorer/htdocs/minfo.jsp?var_cd=0012656&lingua=PT ×3)
      · /livro-razao/vila-pouca-de-aguiar-indice-de-divida-2024 · 1 destinos repetidos (ex.: /metodo ×2)
      · /livro-razao/vila-real-de-santo-antonio-ganho-medio-mensal-2024 · 1 destinos repetidos (ex.: https://www.ine.pt/bddXplorer/htdocs/minfo.jsp?var_cd=0012656&lingua=PT ×3)
      · /livro-razao/vila-real-de-santo-antonio-indice-de-divida-2024 · 1 destinos repetidos (ex.: /metodo ×2)
      · /livro-razao/vila-real-ganho-medio-mensal-2024 · 1 destinos repetidos (ex.: https://www.ine.pt/bddXplorer/htdocs/minfo.jsp?var_cd=0012656&lingua=PT ×3)
      · /livro-razao/vila-real-indice-de-divida-2024 · 1 destinos repetidos (ex.: /metodo ×2)
      · /livro-razao/vila-velha-de-rodao-ganho-medio-mensal-2024 · 1 destinos repetidos (ex.: https://www.ine.pt/bddXplorer/htdocs/minfo.jsp?var_cd=0012656&lingua=PT ×3)
      · /livro-razao/vila-velha-de-rodao-indice-de-divida-2024 · 1 destinos repetidos (ex.: /metodo ×2)
      · /livro-razao/vila-verde-ganho-medio-mensal-2024 · 1 destinos repetidos (ex.: https://www.ine.pt/bddXplorer/htdocs/minfo.jsp?var_cd=0012656&lingua=PT ×3)
      · /livro-razao/vila-verde-indice-de-divida-2024 · 1 destinos repetidos (ex.: /metodo ×2)
      · /livro-razao/vila-vicosa-ganho-medio-mensal-2024 · 1 destinos repetidos (ex.: https://www.ine.pt/bddXplorer/htdocs/minfo.jsp?var_cd=0012656&lingua=PT ×3)
      · /livro-razao/vila-vicosa-indice-de-divida-2024 · 1 destinos repetidos (ex.: /metodo ×2)
      · /livro-razao/vimioso-ganho-medio-mensal-2024 · 1 destinos repetidos (ex.: https://www.ine.pt/bddXplorer/htdocs/minfo.jsp?var_cd=0012656&lingua=PT ×3)
      · /livro-razao/vimioso-indice-de-divida-2024 · 1 destinos repetidos (ex.: /metodo ×2)
      · /livro-razao/vinhais-ganho-medio-mensal-2024 · 1 destinos repetidos (ex.: https://www.ine.pt/bddXplorer/htdocs/minfo.jsp?var_cd=0012656&lingua=PT ×3)
      · /livro-razao/vinhais-indice-de-divida-2024 · 1 destinos repetidos (ex.: /metodo ×2)
      · /livro-razao/viseu-ganho-medio-mensal-2024 · 1 destinos repetidos (ex.: https://www.ine.pt/bddXplorer/htdocs/minfo.jsp?var_cd=0012656&lingua=PT ×3)
      · /livro-razao/viseu-indice-de-divida-2024 · 1 destinos repetidos (ex.: /metodo ×2)
      · /livro-razao/vizela-ganho-medio-mensal-2024 · 1 destinos repetidos (ex.: https://www.ine.pt/bddXplorer/htdocs/minfo.jsp?var_cd=0012656&lingua=PT ×3)
      · /livro-razao/vizela-indice-de-divida-2024 · 1 destinos repetidos (ex.: /metodo ×2)
      · /livro-razao/vouzela-ganho-medio-mensal-2024 · 1 destinos repetidos (ex.: https://www.ine.pt/bddXplorer/htdocs/minfo.jsp?var_cd=0012656&lingua=PT ×3)
      · /livro-razao/vouzela-indice-de-divida-2024 · 1 destinos repetidos (ex.: /metodo ×2)
      · /lugares · 340 destinos repetidos (ex.: /municipios/agueda ×3)
      · /metodo · 7 destinos repetidos (ex.: /livro-razao ×31)
      · /municipios/abrantes · 3 destinos repetidos (ex.: /livro-razao/abrantes-indice-de-divida-2024 ×2)
      · /municipios/agueda · 3 destinos repetidos (ex.: /livro-razao/agueda-indice-de-divida-2024 ×2)
      · /municipios/aguiar-da-beira · 3 destinos repetidos (ex.: /livro-razao/aguiar-da-beira-indice-de-divida-2024 ×2)
      · /municipios/alandroal · 3 destinos repetidos (ex.: /livro-razao/alandroal-indice-de-divida-2024 ×2)
      · /municipios/albergaria-a-velha · 3 destinos repetidos (ex.: /livro-razao/albergaria-a-velha-indice-de-divida-2024 ×2)
      · /municipios/albufeira · 3 destinos repetidos (ex.: /livro-razao/albufeira-indice-de-divida-2024 ×2)
      · /municipios/alcacer-do-sal · 3 destinos repetidos (ex.: /livro-razao/alcacer-do-sal-indice-de-divida-2024 ×2)
      · /municipios/alcanena · 3 destinos repetidos (ex.: /livro-razao/alcanena-indice-de-divida-2024 ×2)
      · /municipios/alcobaca · 3 destinos repetidos (ex.: /livro-razao/alcobaca-indice-de-divida-2024 ×2)
      · /municipios/alcochete · 3 destinos repetidos (ex.: /livro-razao/alcochete-indice-de-divida-2024 ×2)
      · /municipios/alcoutim · 3 destinos repetidos (ex.: /livro-razao/alcoutim-indice-de-divida-2024 ×2)
      · /municipios/alenquer · 3 destinos repetidos (ex.: /livro-razao/alenquer-indice-de-divida-2024 ×2)
      · /municipios/alfandega-da-fe · 3 destinos repetidos (ex.: /livro-razao/alfandega-da-fe-indice-de-divida-2024 ×2)
      · /municipios/alijo · 3 destinos repetidos (ex.: /livro-razao/alijo-indice-de-divida-2024 ×2)
      · /municipios/aljezur · 3 destinos repetidos (ex.: /livro-razao/aljezur-indice-de-divida-2024 ×2)
      · /municipios/aljustrel · 3 destinos repetidos (ex.: /livro-razao/aljustrel-indice-de-divida-2024 ×2)
      · /municipios/almada · 3 destinos repetidos (ex.: /livro-razao/almada-indice-de-divida-2024 ×2)
      · /municipios/almeida · 3 destinos repetidos (ex.: /livro-razao/almeida-indice-de-divida-2024 ×2)
      · /municipios/almeirim · 3 destinos repetidos (ex.: /livro-razao/almeirim-indice-de-divida-2024 ×2)
      · /municipios/almodovar · 3 destinos repetidos (ex.: /livro-razao/almodovar-indice-de-divida-2024 ×2)
      · /municipios/alpiarca · 3 destinos repetidos (ex.: /livro-razao/alpiarca-indice-de-divida-2024 ×2)
      · /municipios/alter-do-chao · 3 destinos repetidos (ex.: /livro-razao/alter-do-chao-indice-de-divida-2024 ×2)
      · /municipios/alvaiazere · 3 destinos repetidos (ex.: /livro-razao/alvaiazere-indice-de-divida-2024 ×2)
      · /municipios/alvito · 3 destinos repetidos (ex.: /livro-razao/alvito-indice-de-divida-2024 ×2)
      · /municipios/amadora · 3 destinos repetidos (ex.: /livro-razao/amadora-indice-de-divida-2024 ×2)
      · /municipios/amarante · 3 destinos repetidos (ex.: /livro-razao/amarante-indice-de-divida-2024 ×2)
      · /municipios/amares · 3 destinos repetidos (ex.: /livro-razao/amares-indice-de-divida-2024 ×2)
      · /municipios/anadia · 3 destinos repetidos (ex.: /livro-razao/anadia-indice-de-divida-2024 ×2)
      · /municipios/angra-do-heroismo · 3 destinos repetidos (ex.: /livro-razao/angra-do-heroismo-indice-de-divida-2024 ×2)
      · /municipios/ansiao · 3 destinos repetidos (ex.: /livro-razao/ansiao-indice-de-divida-2024 ×2)
      · /municipios/arcos-de-valdevez · 3 destinos repetidos (ex.: /livro-razao/arcos-de-valdevez-indice-de-divida-2024 ×2)
      · /municipios/arganil · 3 destinos repetidos (ex.: /livro-razao/arganil-indice-de-divida-2024 ×2)
      · /municipios/armamar · 3 destinos repetidos (ex.: /livro-razao/armamar-indice-de-divida-2024 ×2)
      · /municipios/arouca · 3 destinos repetidos (ex.: /livro-razao/arouca-indice-de-divida-2024 ×2)
      · /municipios/arraiolos · 3 destinos repetidos (ex.: /livro-razao/arraiolos-indice-de-divida-2024 ×2)
      · /municipios/arronches · 3 destinos repetidos (ex.: /livro-razao/arronches-indice-de-divida-2024 ×2)
      · /municipios/arruda-dos-vinhos · 3 destinos repetidos (ex.: /livro-razao/arruda-dos-vinhos-indice-de-divida-2024 ×2)
      · /municipios/aveiro · 3 destinos repetidos (ex.: /livro-razao/aveiro-indice-de-divida-2024 ×2)
      · /municipios/avis · 3 destinos repetidos (ex.: /livro-razao/avis-indice-de-divida-2024 ×2)
      · /municipios/azambuja · 3 destinos repetidos (ex.: /livro-razao/azambuja-indice-de-divida-2024 ×2)
      · /municipios/baiao · 3 destinos repetidos (ex.: /livro-razao/baiao-indice-de-divida-2024 ×2)
      · /municipios/barcelos · 3 destinos repetidos (ex.: /livro-razao/barcelos-indice-de-divida-2024 ×2)
      · /municipios/barrancos · 3 destinos repetidos (ex.: /livro-razao/barrancos-indice-de-divida-2024 ×2)
      · /municipios/barreiro · 3 destinos repetidos (ex.: /livro-razao/barreiro-indice-de-divida-2024 ×2)
      · /municipios/batalha · 3 destinos repetidos (ex.: /livro-razao/batalha-indice-de-divida-2024 ×2)
      · /municipios/beja · 3 destinos repetidos (ex.: /livro-razao/beja-indice-de-divida-2024 ×2)
      · /municipios/belmonte · 3 destinos repetidos (ex.: /livro-razao/belmonte-indice-de-divida-2024 ×2)
      · /municipios/benavente · 3 destinos repetidos (ex.: /livro-razao/benavente-indice-de-divida-2024 ×2)
      · /municipios/bombarral · 3 destinos repetidos (ex.: /livro-razao/bombarral-indice-de-divida-2024 ×2)
      · /municipios/borba · 3 destinos repetidos (ex.: /livro-razao/borba-indice-de-divida-2024 ×2)
      · /municipios/boticas · 3 destinos repetidos (ex.: /livro-razao/boticas-indice-de-divida-2024 ×2)
      · /municipios/braga · 3 destinos repetidos (ex.: /livro-razao/braga-indice-de-divida-2024 ×2)
      · /municipios/braganca · 3 destinos repetidos (ex.: /livro-razao/braganca-indice-de-divida-2024 ×2)
      · /municipios/cabeceiras-de-basto · 3 destinos repetidos (ex.: /livro-razao/cabeceiras-de-basto-indice-de-divida-2024 ×2)
      · /municipios/cadaval · 3 destinos repetidos (ex.: /livro-razao/cadaval-indice-de-divida-2024 ×2)
      · /municipios/caldas-da-rainha · 3 destinos repetidos (ex.: /livro-razao/caldas-da-rainha-indice-de-divida-2024 ×2)
      · /municipios/calheta-de-sao-jorge · 3 destinos repetidos (ex.: /livro-razao/calheta-de-sao-jorge-indice-de-divida-2024 ×2)
      · /municipios/calheta · 3 destinos repetidos (ex.: /livro-razao/calheta-indice-de-divida-2024 ×2)
      · /municipios/camara-de-lobos · 3 destinos repetidos (ex.: /livro-razao/camara-de-lobos-indice-de-divida-2024 ×2)
      · /municipios/caminha · 3 destinos repetidos (ex.: /livro-razao/caminha-indice-de-divida-2024 ×2)
      · /municipios/campo-maior · 3 destinos repetidos (ex.: /livro-razao/campo-maior-indice-de-divida-2024 ×2)
      · /municipios/cantanhede · 3 destinos repetidos (ex.: /livro-razao/cantanhede-indice-de-divida-2024 ×2)
      · /municipios/carrazeda-de-ansiaes · 3 destinos repetidos (ex.: /livro-razao/carrazeda-de-ansiaes-indice-de-divida-2024 ×2)
      · /municipios/carregal-do-sal · 3 destinos repetidos (ex.: /livro-razao/carregal-do-sal-indice-de-divida-2024 ×2)
      · /municipios/cartaxo · 3 destinos repetidos (ex.: /livro-razao/cartaxo-indice-de-divida-2024 ×2)
      · /municipios/cascais · 3 destinos repetidos (ex.: /livro-razao/cascais-indice-de-divida-2024 ×2)
      · /municipios/castanheira-de-pera · 3 destinos repetidos (ex.: /livro-razao/castanheira-de-pera-indice-de-divida-2024 ×2)
      · /municipios/castelo-branco · 3 destinos repetidos (ex.: /livro-razao/castelo-branco-indice-de-divida-2024 ×2)
      · /municipios/castelo-de-paiva · 3 destinos repetidos (ex.: /livro-razao/castelo-de-paiva-indice-de-divida-2024 ×2)
      · /municipios/castelo-de-vide · 3 destinos repetidos (ex.: /livro-razao/castelo-de-vide-indice-de-divida-2024 ×2)
      · /municipios/castro-daire · 3 destinos repetidos (ex.: /livro-razao/castro-daire-indice-de-divida-2024 ×2)
      · /municipios/castro-marim · 3 destinos repetidos (ex.: /livro-razao/castro-marim-indice-de-divida-2024 ×2)
      · /municipios/castro-verde · 3 destinos repetidos (ex.: /livro-razao/castro-verde-indice-de-divida-2024 ×2)
      · /municipios/celorico-da-beira · 3 destinos repetidos (ex.: /livro-razao/celorico-da-beira-indice-de-divida-2024 ×2)
      · /municipios/celorico-de-basto · 3 destinos repetidos (ex.: /livro-razao/celorico-de-basto-indice-de-divida-2024 ×2)
      · /municipios/chamusca · 3 destinos repetidos (ex.: /livro-razao/chamusca-indice-de-divida-2024 ×2)
      · /municipios/chaves · 3 destinos repetidos (ex.: /livro-razao/chaves-indice-de-divida-2024 ×2)
      · /municipios/cinfaes · 3 destinos repetidos (ex.: /livro-razao/cinfaes-indice-de-divida-2024 ×2)
      · /municipios/coimbra · 3 destinos repetidos (ex.: /livro-razao/coimbra-indice-de-divida-2024 ×2)
      · /municipios/condeixa-a-nova · 3 destinos repetidos (ex.: /livro-razao/condeixa-a-nova-indice-de-divida-2024 ×2)
      · /municipios/constancia · 3 destinos repetidos (ex.: /livro-razao/constancia-indice-de-divida-2024 ×2)
      · /municipios/coruche · 3 destinos repetidos (ex.: /livro-razao/coruche-indice-de-divida-2024 ×2)
      · /municipios/corvo · 3 destinos repetidos (ex.: /livro-razao/corvo-indice-de-divida-2024 ×2)
      · /municipios/covilha · 3 destinos repetidos (ex.: /livro-razao/covilha-indice-de-divida-2024 ×2)
      · /municipios/crato · 3 destinos repetidos (ex.: /livro-razao/crato-indice-de-divida-2024 ×2)
      · /municipios/cuba · 3 destinos repetidos (ex.: /livro-razao/cuba-indice-de-divida-2024 ×2)
      · /municipios/elvas · 3 destinos repetidos (ex.: /livro-razao/elvas-indice-de-divida-2024 ×2)
      · /municipios/entroncamento · 3 destinos repetidos (ex.: /livro-razao/entroncamento-indice-de-divida-2024 ×2)
      · /municipios/espinho · 3 destinos repetidos (ex.: /livro-razao/espinho-indice-de-divida-2024 ×2)
      · /municipios/esposende · 3 destinos repetidos (ex.: /livro-razao/esposende-indice-de-divida-2024 ×2)
      · /municipios/estarreja · 3 destinos repetidos (ex.: /livro-razao/estarreja-indice-de-divida-2024 ×2)
      · /municipios/estremoz · 3 destinos repetidos (ex.: /livro-razao/estremoz-indice-de-divida-2024 ×2)
      · /municipios/evora · 22 destinos repetidos (ex.: /livro-razao/evora-indice-de-divida-2014 ×5)
      · /municipios/fafe · 3 destinos repetidos (ex.: /livro-razao/fafe-indice-de-divida-2024 ×2)
      · /municipios/faro · 3 destinos repetidos (ex.: /livro-razao/faro-indice-de-divida-2024 ×2)
      · /municipios/felgueiras · 3 destinos repetidos (ex.: /livro-razao/felgueiras-indice-de-divida-2024 ×2)
      · /municipios/ferreira-do-alentejo · 3 destinos repetidos (ex.: /livro-razao/ferreira-do-alentejo-indice-de-divida-2024 ×2)
      · /municipios/ferreira-do-zezere · 3 destinos repetidos (ex.: /livro-razao/ferreira-do-zezere-indice-de-divida-2024 ×2)
      · /municipios/figueira-da-foz · 3 destinos repetidos (ex.: /livro-razao/figueira-da-foz-indice-de-divida-2024 ×2)
      · /municipios/figueira-de-castelo-rodrigo · 3 destinos repetidos (ex.: /livro-razao/figueira-de-castelo-rodrigo-indice-de-divida-2024 ×2)
      · /municipios/figueiro-dos-vinhos · 3 destinos repetidos (ex.: /livro-razao/figueiro-dos-vinhos-indice-de-divida-2024 ×2)
      · /municipios/fornos-de-algodres · 3 destinos repetidos (ex.: /livro-razao/fornos-de-algodres-indice-de-divida-2024 ×2)
      · /municipios/freixo-de-espada-a-cinta · 3 destinos repetidos (ex.: /livro-razao/freixo-de-espada-a-cinta-indice-de-divida-2024 ×2)
      · /municipios/fronteira · 3 destinos repetidos (ex.: /livro-razao/fronteira-indice-de-divida-2024 ×2)
      · /municipios/funchal · 3 destinos repetidos (ex.: /livro-razao/funchal-indice-de-divida-2024 ×2)
      · /municipios/fundao · 3 destinos repetidos (ex.: /livro-razao/fundao-indice-de-divida-2024 ×2)
      · /municipios/gaviao · 3 destinos repetidos (ex.: /livro-razao/gaviao-indice-de-divida-2024 ×2)
      · /municipios/gois · 3 destinos repetidos (ex.: /livro-razao/gois-indice-de-divida-2024 ×2)
      · /municipios/golega · 3 destinos repetidos (ex.: /livro-razao/golega-indice-de-divida-2024 ×2)
      · /municipios/gondomar · 3 destinos repetidos (ex.: /livro-razao/gondomar-indice-de-divida-2024 ×2)
      · /municipios/gouveia · 3 destinos repetidos (ex.: /livro-razao/gouveia-indice-de-divida-2024 ×2)
      · /municipios/grandola · 3 destinos repetidos (ex.: /livro-razao/grandola-indice-de-divida-2024 ×2)
      · /municipios/guarda · 3 destinos repetidos (ex.: /livro-razao/guarda-indice-de-divida-2024 ×2)
      · /municipios/guimaraes · 3 destinos repetidos (ex.: /livro-razao/guimaraes-indice-de-divida-2024 ×2)
      · /municipios/horta · 3 destinos repetidos (ex.: /livro-razao/horta-indice-de-divida-2024 ×2)
      · /municipios/idanha-a-nova · 3 destinos repetidos (ex.: /livro-razao/idanha-a-nova-indice-de-divida-2024 ×2)
      · /municipios/ilhavo · 3 destinos repetidos (ex.: /livro-razao/ilhavo-indice-de-divida-2024 ×2)
      · /municipios/lagoa-faro · 3 destinos repetidos (ex.: /livro-razao/lagoa-faro-indice-de-divida-2024 ×2)
      · /municipios/lagoa-ilha-de-sao-miguel · 3 destinos repetidos (ex.: /livro-razao/lagoa-ilha-de-sao-miguel-indice-de-divida-2024 ×2)
      · /municipios/lagos · 3 destinos repetidos (ex.: /livro-razao/lagos-indice-de-divida-2024 ×2)
      · /municipios/lajes-das-flores · 3 destinos repetidos (ex.: /livro-razao/lajes-das-flores-indice-de-divida-2024 ×2)
      · /municipios/lajes-do-pico · 3 destinos repetidos (ex.: /livro-razao/lajes-do-pico-indice-de-divida-2024 ×2)
      · /municipios/lamego · 3 destinos repetidos (ex.: /livro-razao/lamego-indice-de-divida-2024 ×2)
      · /municipios/leiria · 3 destinos repetidos (ex.: /livro-razao/leiria-indice-de-divida-2024 ×2)
      · /municipios/lisboa · 3 destinos repetidos (ex.: /livro-razao/lisboa-indice-de-divida-2024 ×2)
      · /municipios/loule · 3 destinos repetidos (ex.: /livro-razao/loule-indice-de-divida-2024 ×2)
      · /municipios/loures · 3 destinos repetidos (ex.: /livro-razao/loures-indice-de-divida-2024 ×2)
      · /municipios/lourinha · 3 destinos repetidos (ex.: /livro-razao/lourinha-indice-de-divida-2024 ×2)
      · /municipios/lousa · 3 destinos repetidos (ex.: /livro-razao/lousa-indice-de-divida-2024 ×2)
      · /municipios/lousada · 3 destinos repetidos (ex.: /livro-razao/lousada-indice-de-divida-2024 ×2)
      · /municipios/macao · 3 destinos repetidos (ex.: /livro-razao/macao-indice-de-divida-2024 ×2)
      · /municipios/macedo-de-cavaleiros · 3 destinos repetidos (ex.: /livro-razao/macedo-de-cavaleiros-indice-de-divida-2024 ×2)
      · /municipios/machico · 3 destinos repetidos (ex.: /livro-razao/machico-indice-de-divida-2024 ×2)
      · /municipios/madalena · 3 destinos repetidos (ex.: /livro-razao/madalena-indice-de-divida-2024 ×2)
      · /municipios/mafra · 3 destinos repetidos (ex.: /livro-razao/mafra-indice-de-divida-2024 ×2)
      · /municipios/maia · 3 destinos repetidos (ex.: /livro-razao/maia-indice-de-divida-2024 ×2)
      · /municipios/mangualde · 3 destinos repetidos (ex.: /livro-razao/mangualde-indice-de-divida-2024 ×2)
      · /municipios/manteigas · 3 destinos repetidos (ex.: /livro-razao/manteigas-indice-de-divida-2024 ×2)
      · /municipios/marco-de-canaveses · 3 destinos repetidos (ex.: /livro-razao/marco-de-canaveses-indice-de-divida-2024 ×2)
      · /municipios/marinha-grande · 3 destinos repetidos (ex.: /livro-razao/marinha-grande-indice-de-divida-2024 ×2)
      · /municipios/marvao · 3 destinos repetidos (ex.: /livro-razao/marvao-indice-de-divida-2024 ×2)
      · /municipios/matosinhos · 3 destinos repetidos (ex.: /livro-razao/matosinhos-indice-de-divida-2024 ×2)
      · /municipios/mealhada · 3 destinos repetidos (ex.: /livro-razao/mealhada-indice-de-divida-2024 ×2)
      · /municipios/meda · 3 destinos repetidos (ex.: /livro-razao/meda-indice-de-divida-2024 ×2)
      · /municipios/melgaco · 3 destinos repetidos (ex.: /livro-razao/melgaco-indice-de-divida-2024 ×2)
      · /municipios/mertola · 3 destinos repetidos (ex.: /livro-razao/mertola-indice-de-divida-2024 ×2)
      · /municipios/mesao-frio · 3 destinos repetidos (ex.: /livro-razao/mesao-frio-indice-de-divida-2024 ×2)
      · /municipios/mira · 3 destinos repetidos (ex.: /livro-razao/mira-indice-de-divida-2024 ×2)
      · /municipios/miranda-do-corvo · 3 destinos repetidos (ex.: /livro-razao/miranda-do-corvo-indice-de-divida-2024 ×2)
      · /municipios/miranda-do-douro · 3 destinos repetidos (ex.: /livro-razao/miranda-do-douro-indice-de-divida-2024 ×2)
      · /municipios/mirandela · 3 destinos repetidos (ex.: /livro-razao/mirandela-indice-de-divida-2024 ×2)
      · /municipios/mogadouro · 3 destinos repetidos (ex.: /livro-razao/mogadouro-indice-de-divida-2024 ×2)
      · /municipios/moimenta-da-beira · 3 destinos repetidos (ex.: /livro-razao/moimenta-da-beira-indice-de-divida-2024 ×2)
      · /municipios/moita · 3 destinos repetidos (ex.: /livro-razao/moita-indice-de-divida-2024 ×2)
      · /municipios/moncao · 3 destinos repetidos (ex.: /livro-razao/moncao-indice-de-divida-2024 ×2)
      · /municipios/monchique · 3 destinos repetidos (ex.: /livro-razao/monchique-indice-de-divida-2024 ×2)
      · /municipios/mondim-de-basto · 3 destinos repetidos (ex.: /livro-razao/mondim-de-basto-indice-de-divida-2024 ×2)
      · /municipios/monforte · 3 destinos repetidos (ex.: /livro-razao/monforte-indice-de-divida-2024 ×2)
      · /municipios/montalegre · 3 destinos repetidos (ex.: /livro-razao/montalegre-indice-de-divida-2024 ×2)
      · /municipios/montemor-o-novo · 3 destinos repetidos (ex.: /livro-razao/montemor-o-novo-indice-de-divida-2024 ×2)
      · /municipios/montemor-o-velho · 3 destinos repetidos (ex.: /livro-razao/montemor-o-velho-indice-de-divida-2024 ×2)
      · /municipios/montijo · 3 destinos repetidos (ex.: /livro-razao/montijo-indice-de-divida-2024 ×2)
      · /municipios/mora · 3 destinos repetidos (ex.: /livro-razao/mora-indice-de-divida-2024 ×2)
      · /municipios/mortagua · 3 destinos repetidos (ex.: /livro-razao/mortagua-indice-de-divida-2024 ×2)
      · /municipios/moura · 3 destinos repetidos (ex.: /livro-razao/moura-indice-de-divida-2024 ×2)
      · /municipios/mourao · 3 destinos repetidos (ex.: /livro-razao/mourao-indice-de-divida-2024 ×2)
      · /municipios/murca · 3 destinos repetidos (ex.: /livro-razao/murca-indice-de-divida-2024 ×2)
      · /municipios/murtosa · 3 destinos repetidos (ex.: /livro-razao/murtosa-indice-de-divida-2024 ×2)
      · /municipios/nazare · 3 destinos repetidos (ex.: /livro-razao/nazare-indice-de-divida-2024 ×2)
      · /municipios/nelas · 3 destinos repetidos (ex.: /livro-razao/nelas-indice-de-divida-2024 ×2)
      · /municipios/nisa · 3 destinos repetidos (ex.: /livro-razao/nisa-indice-de-divida-2024 ×2)
      · /municipios/nordeste · 3 destinos repetidos (ex.: /livro-razao/nordeste-indice-de-divida-2024 ×2)
      · /municipios/obidos · 3 destinos repetidos (ex.: /livro-razao/obidos-indice-de-divida-2024 ×2)
      · /municipios/odemira · 3 destinos repetidos (ex.: /livro-razao/odemira-indice-de-divida-2024 ×2)
      · /municipios/odivelas · 3 destinos repetidos (ex.: /livro-razao/odivelas-indice-de-divida-2024 ×2)
      · /municipios/oeiras · 3 destinos repetidos (ex.: /livro-razao/oeiras-indice-de-divida-2024 ×2)
      · /municipios/oleiros · 3 destinos repetidos (ex.: /livro-razao/oleiros-indice-de-divida-2024 ×2)
      · /municipios/olhao · 3 destinos repetidos (ex.: /livro-razao/olhao-indice-de-divida-2024 ×2)
      · /municipios/oliveira-de-azemeis · 3 destinos repetidos (ex.: /livro-razao/oliveira-de-azemeis-indice-de-divida-2024 ×2)
      · /municipios/oliveira-de-frades · 3 destinos repetidos (ex.: /livro-razao/oliveira-de-frades-indice-de-divida-2024 ×2)
      · /municipios/oliveira-do-bairro · 3 destinos repetidos (ex.: /livro-razao/oliveira-do-bairro-indice-de-divida-2024 ×2)
      · /municipios/oliveira-do-hospital · 3 destinos repetidos (ex.: /livro-razao/oliveira-do-hospital-indice-de-divida-2024 ×2)
      · /municipios/ourem · 3 destinos repetidos (ex.: /livro-razao/ourem-indice-de-divida-2024 ×2)
      · /municipios/ourique · 3 destinos repetidos (ex.: /livro-razao/ourique-indice-de-divida-2024 ×2)
      · /municipios/ovar · 3 destinos repetidos (ex.: /livro-razao/ovar-indice-de-divida-2024 ×2)
      · /municipios/pacos-de-ferreira · 3 destinos repetidos (ex.: /livro-razao/pacos-de-ferreira-indice-de-divida-2024 ×2)
      · /municipios/palmela · 3 destinos repetidos (ex.: /livro-razao/palmela-indice-de-divida-2024 ×2)
      · /municipios/pampilhosa-da-serra · 3 destinos repetidos (ex.: /livro-razao/pampilhosa-da-serra-indice-de-divida-2024 ×2)
      · /municipios/paredes-de-coura · 3 destinos repetidos (ex.: /livro-razao/paredes-de-coura-indice-de-divida-2024 ×2)
      · /municipios/paredes · 3 destinos repetidos (ex.: /livro-razao/paredes-indice-de-divida-2024 ×2)
      · /municipios/pedrogao-grande · 3 destinos repetidos (ex.: /livro-razao/pedrogao-grande-indice-de-divida-2024 ×2)
      · /municipios/penacova · 3 destinos repetidos (ex.: /livro-razao/penacova-indice-de-divida-2024 ×2)
      · /municipios/penafiel · 3 destinos repetidos (ex.: /livro-razao/penafiel-indice-de-divida-2024 ×2)
      · /municipios/penalva-do-castelo · 3 destinos repetidos (ex.: /livro-razao/penalva-do-castelo-indice-de-divida-2024 ×2)
      · /municipios/penamacor · 3 destinos repetidos (ex.: /livro-razao/penamacor-indice-de-divida-2024 ×2)
      · /municipios/penedono · 2 destinos repetidos (ex.: /livro-razao/penedono-poder-de-compra-2023 ×2)
      · /municipios/penela · 3 destinos repetidos (ex.: /livro-razao/penela-indice-de-divida-2024 ×2)
      · /municipios/peniche · 3 destinos repetidos (ex.: /livro-razao/peniche-indice-de-divida-2024 ×2)
      · /municipios/peso-da-regua · 3 destinos repetidos (ex.: /livro-razao/peso-da-regua-indice-de-divida-2024 ×2)
      · /municipios/pinhel · 3 destinos repetidos (ex.: /livro-razao/pinhel-indice-de-divida-2024 ×2)
      · /municipios/pombal · 3 destinos repetidos (ex.: /livro-razao/pombal-indice-de-divida-2024 ×2)
      · /municipios/ponta-delgada · 3 destinos repetidos (ex.: /livro-razao/ponta-delgada-indice-de-divida-2024 ×2)
      · /municipios/ponta-do-sol · 3 destinos repetidos (ex.: /livro-razao/ponta-do-sol-indice-de-divida-2024 ×2)
      · /municipios/ponte-da-barca · 3 destinos repetidos (ex.: /livro-razao/ponte-da-barca-indice-de-divida-2024 ×2)
      · /municipios/ponte-de-lima · 3 destinos repetidos (ex.: /livro-razao/ponte-de-lima-indice-de-divida-2024 ×2)
      · /municipios/ponte-de-sor · 3 destinos repetidos (ex.: /livro-razao/ponte-de-sor-indice-de-divida-2024 ×2)
      · /municipios/portalegre · 3 destinos repetidos (ex.: /livro-razao/portalegre-indice-de-divida-2024 ×2)
      · /municipios/portel · 3 destinos repetidos (ex.: /livro-razao/portel-indice-de-divida-2024 ×2)
      · /municipios/portimao · 3 destinos repetidos (ex.: /livro-razao/portimao-indice-de-divida-2024 ×2)
      · /municipios/porto-de-mos · 3 destinos repetidos (ex.: /livro-razao/porto-de-mos-indice-de-divida-2024 ×2)
      · /municipios/porto-moniz · 3 destinos repetidos (ex.: /livro-razao/porto-moniz-indice-de-divida-2024 ×2)
      · /municipios/porto-santo · 3 destinos repetidos (ex.: /livro-razao/porto-santo-indice-de-divida-2024 ×2)
      · /municipios/porto · 3 destinos repetidos (ex.: /livro-razao/porto-indice-de-divida-2024 ×2)
      · /municipios/povoa-de-lanhoso · 3 destinos repetidos (ex.: /livro-razao/povoa-de-lanhoso-indice-de-divida-2024 ×2)
      · /municipios/povoa-de-varzim · 3 destinos repetidos (ex.: /livro-razao/povoa-de-varzim-indice-de-divida-2024 ×2)
      · /municipios/povoacao · 3 destinos repetidos (ex.: /livro-razao/povoacao-indice-de-divida-2024 ×2)
      · /municipios/praia-da-vitoria · 3 destinos repetidos (ex.: /livro-razao/praia-da-vitoria-indice-de-divida-2024 ×2)
      · /municipios/proenca-a-nova · 3 destinos repetidos (ex.: /livro-razao/proenca-a-nova-indice-de-divida-2024 ×2)
      · /municipios/redondo · 3 destinos repetidos (ex.: /livro-razao/redondo-indice-de-divida-2024 ×2)
      · /municipios/reguengos-de-monsaraz · 3 destinos repetidos (ex.: /livro-razao/reguengos-de-monsaraz-indice-de-divida-2024 ×2)
      · /municipios/resende · 3 destinos repetidos (ex.: /livro-razao/resende-indice-de-divida-2024 ×2)
      · /municipios/ribeira-brava · 3 destinos repetidos (ex.: /livro-razao/ribeira-brava-indice-de-divida-2024 ×2)
      · /municipios/ribeira-de-pena · 3 destinos repetidos (ex.: /livro-razao/ribeira-de-pena-indice-de-divida-2024 ×2)
      · /municipios/ribeira-grande · 3 destinos repetidos (ex.: /livro-razao/ribeira-grande-indice-de-divida-2024 ×2)
      · /municipios/rio-maior · 3 destinos repetidos (ex.: /livro-razao/rio-maior-indice-de-divida-2024 ×2)
      · /municipios/sabrosa · 3 destinos repetidos (ex.: /livro-razao/sabrosa-indice-de-divida-2024 ×2)
      · /municipios/sabugal · 3 destinos repetidos (ex.: /livro-razao/sabugal-indice-de-divida-2024 ×2)
      · /municipios/salvaterra-de-magos · 3 destinos repetidos (ex.: /livro-razao/salvaterra-de-magos-indice-de-divida-2024 ×2)
      · /municipios/santa-comba-dao · 3 destinos repetidos (ex.: /livro-razao/santa-comba-dao-indice-de-divida-2024 ×2)
      · /municipios/santa-cruz-da-graciosa · 3 destinos repetidos (ex.: /livro-razao/santa-cruz-da-graciosa-indice-de-divida-2024 ×2)
      · /municipios/santa-cruz-das-flores · 3 destinos repetidos (ex.: /livro-razao/santa-cruz-das-flores-indice-de-divida-2024 ×2)
      · /municipios/santa-cruz · 3 destinos repetidos (ex.: /livro-razao/santa-cruz-indice-de-divida-2024 ×2)
      · /municipios/santa-maria-da-feira · 3 destinos repetidos (ex.: /livro-razao/santa-maria-da-feira-indice-de-divida-2024 ×2)
      · /municipios/santa-marta-de-penaguiao · 3 destinos repetidos (ex.: /livro-razao/santa-marta-de-penaguiao-indice-de-divida-2024 ×2)
      · /municipios/santana · 3 destinos repetidos (ex.: /livro-razao/santana-indice-de-divida-2024 ×2)
      · /municipios/santarem · 3 destinos repetidos (ex.: /livro-razao/santarem-indice-de-divida-2024 ×2)
      · /municipios/santiago-do-cacem · 3 destinos repetidos (ex.: /livro-razao/santiago-do-cacem-indice-de-divida-2024 ×2)
      · /municipios/santo-tirso · 3 destinos repetidos (ex.: /livro-razao/santo-tirso-indice-de-divida-2024 ×2)
      · /municipios/sao-bras-de-alportel · 3 destinos repetidos (ex.: /livro-razao/sao-bras-de-alportel-indice-de-divida-2024 ×2)
      · /municipios/sao-joao-da-madeira · 3 destinos repetidos (ex.: /livro-razao/sao-joao-da-madeira-indice-de-divida-2024 ×2)
      · /municipios/sao-joao-da-pesqueira · 3 destinos repetidos (ex.: /livro-razao/sao-joao-da-pesqueira-indice-de-divida-2024 ×2)
      · /municipios/sao-pedro-do-sul · 3 destinos repetidos (ex.: /livro-razao/sao-pedro-do-sul-indice-de-divida-2024 ×2)
      · /municipios/sao-roque-do-pico · 3 destinos repetidos (ex.: /livro-razao/sao-roque-do-pico-indice-de-divida-2024 ×2)
      · /municipios/sao-vicente · 3 destinos repetidos (ex.: /livro-razao/sao-vicente-indice-de-divida-2024 ×2)
      · /municipios/sardoal · 3 destinos repetidos (ex.: /livro-razao/sardoal-indice-de-divida-2024 ×2)
      · /municipios/satao · 3 destinos repetidos (ex.: /livro-razao/satao-indice-de-divida-2024 ×2)
      · /municipios/seia · 3 destinos repetidos (ex.: /livro-razao/seia-indice-de-divida-2024 ×2)
      · /municipios/seixal · 3 destinos repetidos (ex.: /livro-razao/seixal-indice-de-divida-2024 ×2)
      · /municipios/sernancelhe · 3 destinos repetidos (ex.: /livro-razao/sernancelhe-indice-de-divida-2024 ×2)
      · /municipios/serpa · 3 destinos repetidos (ex.: /livro-razao/serpa-indice-de-divida-2024 ×2)
      · /municipios/serta · 3 destinos repetidos (ex.: /livro-razao/serta-indice-de-divida-2024 ×2)
      · /municipios/sesimbra · 3 destinos repetidos (ex.: /livro-razao/sesimbra-indice-de-divida-2024 ×2)
      · /municipios/setubal · 3 destinos repetidos (ex.: /livro-razao/setubal-indice-de-divida-2024 ×2)
      · /municipios/sever-do-vouga · 3 destinos repetidos (ex.: /livro-razao/sever-do-vouga-indice-de-divida-2024 ×2)
      · /municipios/silves · 3 destinos repetidos (ex.: /livro-razao/silves-indice-de-divida-2024 ×2)
      · /municipios/sines · 3 destinos repetidos (ex.: /livro-razao/sines-indice-de-divida-2024 ×2)
      · /municipios/sintra · 3 destinos repetidos (ex.: /livro-razao/sintra-indice-de-divida-2024 ×2)
      · /municipios/sobral-de-monte-agraco · 3 destinos repetidos (ex.: /livro-razao/sobral-de-monte-agraco-indice-de-divida-2024 ×2)
      · /municipios/soure · 3 destinos repetidos (ex.: /livro-razao/soure-indice-de-divida-2024 ×2)
      · /municipios/sousel · 3 destinos repetidos (ex.: /livro-razao/sousel-indice-de-divida-2024 ×2)
      · /municipios/tabua · 3 destinos repetidos (ex.: /livro-razao/tabua-indice-de-divida-2024 ×2)
      · /municipios/tabuaco · 3 destinos repetidos (ex.: /livro-razao/tabuaco-indice-de-divida-2024 ×2)
      · /municipios/tarouca · 3 destinos repetidos (ex.: /livro-razao/tarouca-indice-de-divida-2024 ×2)
      · /municipios/tavira · 3 destinos repetidos (ex.: /livro-razao/tavira-indice-de-divida-2024 ×2)
      · /municipios/terras-de-bouro · 3 destinos repetidos (ex.: /livro-razao/terras-de-bouro-indice-de-divida-2024 ×2)
      · /municipios/tomar · 3 destinos repetidos (ex.: /livro-razao/tomar-indice-de-divida-2024 ×2)
      · /municipios/tondela · 3 destinos repetidos (ex.: /livro-razao/tondela-indice-de-divida-2024 ×2)
      · /municipios/torre-de-moncorvo · 3 destinos repetidos (ex.: /livro-razao/torre-de-moncorvo-indice-de-divida-2024 ×2)
      · /municipios/torres-novas · 3 destinos repetidos (ex.: /livro-razao/torres-novas-indice-de-divida-2024 ×2)
      · /municipios/torres-vedras · 3 destinos repetidos (ex.: /livro-razao/torres-vedras-indice-de-divida-2024 ×2)
      · /municipios/trancoso · 3 destinos repetidos (ex.: /livro-razao/trancoso-indice-de-divida-2024 ×2)
      · /municipios/trofa · 3 destinos repetidos (ex.: /livro-razao/trofa-indice-de-divida-2024 ×2)
      · /municipios/vagos · 3 destinos repetidos (ex.: /livro-razao/vagos-indice-de-divida-2024 ×2)
      · /municipios/vale-de-cambra · 3 destinos repetidos (ex.: /livro-razao/vale-de-cambra-indice-de-divida-2024 ×2)
      · /municipios/valenca · 3 destinos repetidos (ex.: /livro-razao/valenca-indice-de-divida-2024 ×2)
      · /municipios/valongo · 3 destinos repetidos (ex.: /livro-razao/valongo-indice-de-divida-2024 ×2)
      · /municipios/valpacos · 3 destinos repetidos (ex.: /livro-razao/valpacos-indice-de-divida-2024 ×2)
      · /municipios/velas · 3 destinos repetidos (ex.: /livro-razao/velas-indice-de-divida-2024 ×2)
      · /municipios/vendas-novas · 3 destinos repetidos (ex.: /livro-razao/vendas-novas-indice-de-divida-2024 ×2)
      · /municipios/viana-do-alentejo · 3 destinos repetidos (ex.: /livro-razao/viana-do-alentejo-indice-de-divida-2024 ×2)
      · /municipios/viana-do-castelo · 3 destinos repetidos (ex.: /livro-razao/viana-do-castelo-indice-de-divida-2024 ×2)
      · /municipios/vidigueira · 3 destinos repetidos (ex.: /livro-razao/vidigueira-indice-de-divida-2024 ×2)
      · /municipios/vieira-do-minho · 3 destinos repetidos (ex.: /livro-razao/vieira-do-minho-indice-de-divida-2024 ×2)
      · /municipios/vila-de-rei · 3 destinos repetidos (ex.: /livro-razao/vila-de-rei-indice-de-divida-2024 ×2)
      · /municipios/vila-do-bispo · 3 destinos repetidos (ex.: /livro-razao/vila-do-bispo-indice-de-divida-2024 ×2)
      · /municipios/vila-do-conde · 3 destinos repetidos (ex.: /livro-razao/vila-do-conde-indice-de-divida-2024 ×2)
      · /municipios/vila-do-porto · 3 destinos repetidos (ex.: /livro-razao/vila-do-porto-indice-de-divida-2024 ×2)
      · /municipios/vila-flor · 3 destinos repetidos (ex.: /livro-razao/vila-flor-indice-de-divida-2024 ×2)
      · /municipios/vila-franca-de-xira · 3 destinos repetidos (ex.: /livro-razao/vila-franca-de-xira-indice-de-divida-2024 ×2)
      · /municipios/vila-franca-do-campo · 3 destinos repetidos (ex.: /livro-razao/vila-franca-do-campo-indice-de-divida-2024 ×2)
      · /municipios/vila-nova-da-barquinha · 3 destinos repetidos (ex.: /livro-razao/vila-nova-da-barquinha-indice-de-divida-2024 ×2)
      · /municipios/vila-nova-de-cerveira · 3 destinos repetidos (ex.: /livro-razao/vila-nova-de-cerveira-indice-de-divida-2024 ×2)
      · /municipios/vila-nova-de-famalicao · 3 destinos repetidos (ex.: /livro-razao/vila-nova-de-famalicao-indice-de-divida-2024 ×2)
      · /municipios/vila-nova-de-foz-coa · 3 destinos repetidos (ex.: /livro-razao/vila-nova-de-foz-coa-indice-de-divida-2024 ×2)
      · /municipios/vila-nova-de-gaia · 3 destinos repetidos (ex.: /livro-razao/vila-nova-de-gaia-indice-de-divida-2024 ×2)
      · /municipios/vila-nova-de-paiva · 3 destinos repetidos (ex.: /livro-razao/vila-nova-de-paiva-indice-de-divida-2024 ×2)
      · /municipios/vila-nova-de-poiares · 3 destinos repetidos (ex.: /livro-razao/vila-nova-de-poiares-indice-de-divida-2024 ×2)
      · /municipios/vila-pouca-de-aguiar · 3 destinos repetidos (ex.: /livro-razao/vila-pouca-de-aguiar-indice-de-divida-2024 ×2)
      · /municipios/vila-real-de-santo-antonio · 3 destinos repetidos (ex.: /livro-razao/vila-real-de-santo-antonio-indice-de-divida-2024 ×2)
      · /municipios/vila-real · 3 destinos repetidos (ex.: /livro-razao/vila-real-indice-de-divida-2024 ×2)
      · /municipios/vila-velha-de-rodao · 3 destinos repetidos (ex.: /livro-razao/vila-velha-de-rodao-indice-de-divida-2024 ×2)
      · /municipios/vila-verde · 3 destinos repetidos (ex.: /livro-razao/vila-verde-indice-de-divida-2024 ×2)
      · /municipios/vila-vicosa · 3 destinos repetidos (ex.: /livro-razao/vila-vicosa-indice-de-divida-2024 ×2)
      · /municipios/vimioso · 3 destinos repetidos (ex.: /livro-razao/vimioso-indice-de-divida-2024 ×2)
      · /municipios/vinhais · 3 destinos repetidos (ex.: /livro-razao/vinhais-indice-de-divida-2024 ×2)
      · /municipios/viseu · 3 destinos repetidos (ex.: /livro-razao/viseu-indice-de-divida-2024 ×2)
      · /municipios/vizela · 3 destinos repetidos (ex.: /livro-razao/vizela-indice-de-divida-2024 ×2)
      · /municipios/vouzela · 3 destinos repetidos (ex.: /livro-razao/vouzela-indice-de-divida-2024 ×2)
      · /regioes/acores · 2 destinos repetidos (ex.: /livro-razao/distancia-acores-ue27-2024 ×2)
      · /regioes/alentejo · 3 destinos repetidos (ex.: /livro-razao/distancia-alentejo-ue27-2024 ×2)
      · /regioes/algarve · 2 destinos repetidos (ex.: /livro-razao/distancia-algarve-ue27-2024 ×2)
      · /regioes/centro · 2 destinos repetidos (ex.: /livro-razao/distancia-centro-ue27-2024 ×2)
      · /regioes/grande-lisboa · 2 destinos repetidos (ex.: /livro-razao/distancia-grande-lisboa-ue27-2024 ×2)
      · /regioes/madeira · 2 destinos repetidos (ex.: /livro-razao/distancia-madeira-ue27-2024 ×2)
      · /regioes/norte · 2 destinos repetidos (ex.: /livro-razao/distancia-norte-ue27-2024 ×2)
      · /regioes/oeste-e-vale-do-tejo · 2 destinos repetidos (ex.: /livro-razao/distancia-oeste-e-vale-do-tejo-ue27-2024 ×2)
      · /regioes/peninsula-de-setubal · 3 destinos repetidos (ex.: /livro-razao/distancia-peninsula-de-setubal-ue27-2024 ×2)
      · /sobre · 1 destinos repetidos (ex.: /metodo ×2)
      · /uniao-europeia · 33 destinos repetidos (ex.: /uniao-europeia ×4)
  L2 · segundas listas dos concelhos                               0  (teto 0) ok
  L2 · réguas da convergência fora de /regioes                     0  (teto 0) ok
  L2 · sinopses de estudo fora de /estudos                         0  (teto 0) ok
  L3 · palavras fora do vocabulário fechado                        0  (teto 0) ok
  L4 · frases de definição e de hierarquia em falta                0  (teto 0) ok
  L5 · páginas sem caminho no cabeçalho                            0  (teto 0) ok
  L6 · selos que não dizem o publicador                            0  (teto 0) ok
  8.5 · «limiar» sozinho                                           0  (teto 0) ok
  8.8 · «livro-razão» nos menus e nos títulos                      0  (teto 0) ok
  8.13 · valores selados na secção dos domínios de /               0  (teto 0) ok
  8.14 · «Relance» e «Leitura breve» nas páginas do leitor         0  (teto 0) ok
  8.17 · pontos dos 308 na página de um concelho                   0  (teto 0) ok
  8.17 · páginas de concelho sem o mapa da sua unidade             0  (teto 0) ok
  8.11 · leituras de aparelho no cabeçalho                         0  (teto 0) ok
  8.4 · definições de painel fora da declaração                    0  (teto 0) ok
  §7.10 · «[a verificar]» sem definição ao pé do primeiro          0  (teto 0) ok
  §7.10 · valores desenhados sem o seu texto na legenda            0  (teto 0) ok
  §7.4 e 8.6 · estudos fora da forma única                         0  (teto 0) ok
  §7.4 e 8.6, o que a régua leu: estudo 34 · texto 17 · indice 2 · edicoes 34 · linhas 22
  as exceções, e quantas vezes cada uma foi precisa:
      · «peça»     5 · a política de IA copia a POLITICA-DA-AUTONOMIA.md e fica como a fonte a escreveu
      · «trabalho»    34 · «trabalho» no sentido de emprego ou de labor, que não é o nome de um estudo
      · «indicador»     1 · «indicador» a nomear o campo que o publicador dá, e não uma medida da casa
      · «indicador»    26 · «indicador» dentro do endereço da API do INE (`json_indicador`), que é um caminho da fonte e não uma palavra da casa

check:lugar · 1 falha(s):
  ✗ L1 · páginas com dois destinos iguais fora da mobília: 2714, e o teto está em 2736. Um teto com mais de 8 de folga já não mede nada: baixa-o para 2714 com a data.
