  ✓ planta · a cadeia limpa passa, e o que o build já correu não corre outra vez
  ✓ planta · uma conferência nova só no verify corre sozinha
  ✓ planta · uma conferência tirada da escolha fecha a célula U
  ✓ planta · uma conferência vermelha fecha a corrida, e as outras acabam
  ✓ planta · uma conferência que escreve no dist/ fecha a célula D
  ✓ planta · um dist/ de outra cabeça fecha a célula C
  ✓ planta · um passo vazio na cadeia não passa despercebido à contagem
  ✓ planta · uma conferência que escreve no dist/ e repõe os bytes fecha a célula D
  ✓ planta · uma conferência que troca um ficheiro do dist/ por uma cópia com os mesmos bytes e a mesma hora de escrita fecha a célula D
  ✓ planta · uma conferência que escreve um ficheiro seguido da árvore e o repõe fecha a célula D
  ✓ planta · um cadeia.json de outra construção fecha a célula C
  ✓ planta · uma conferência que escreve na árvore corre sozinha, depois do grupo
  I194 {"planta":"uma conferência que troca um ficheiro do dist/ por uma cópia com os mesmos bytes e a mesma hora de escrita fecha a célula D","antes":{"escrito":"1791290767410000000","inode":"236312769","tamanho":"19","resumo":"adbad8d628608be43ecbe916fd8e99b732fc607603e0150316a8d17dffa57b12"},"depois":{"escrito":"1791290767410000000","inode":"236312776","tamanho":"19","resumo":"adbad8d628608be43ecbe916fd8e99b732fc607603e0150316a8d17dffa57b12"},"passos_da_troca":1,"codigo_da_troca":0,"falhas":["D: dist/x/index.html foi substituído por outro ficheiro durante as conferências (o inode mudou)"],"mordeu":true}
  as 12 plantas morderam em 0.8 s

  4 processo(s) lado a lado · cabeça 822fd960ecbe2884b22036742cb3e80dd9324231

▶ npm run check:alvos · começou aos 0.0 s
▶ npm run check:palavras · começou aos 0.0 s
▶ npm run check:moldura · começou aos 0.0 s
▶ npm run check:lugar · começou aos 0.0 s
✓ npm run check:lugar · 37.8 s · código 0
    
    > o-estado-do-pais@0.1.0 check:lugar
    > node scripts/check-lugar.mjs
    
      H2 I193: 5 controlos do endereço e da prosa no mesmo bloco
      8.4, o que a régua leu: 88 definições (esperadas 88) · 190 origens (esperadas 190)
      item 5, o que a régua leu no Método: pt «selo» ×6 · en «seal» ×6 (chão 1 por edição; a rota do Método está fora da conta da L3, pela medida P9 do brief)
      item 5, o autoteste da L3 nos rótulos das marcas: à vista 1 (esperada 1) · escondido no «.vh» 0 (esperado 0)
      RP3, o autoteste da marca das séries: «threshold» e «indicador» nos campos transcritos 0 (esperado 0) · «limiar» na prosa da casa a conta em palavras 1, o motivo de uma correção 1, o motivo inglês de uma correção 1, um invólucro sem campo 1 (esperado 1 em cada) · o seletor e a lista fechada de acordo
      §7.4 e 8.6, o que os dados dizem: estudo 34 · texto 17 · indice 2 · edicoes 34 · linhas 22
    check:lugar · 7907 páginas em dist/
      L1 · páginas com dois destinos iguais fora da mobília         2716  (teto 2716) ok
          · /agenda · 8 destinos repetidos (ex.: /agenda ×4)
          · /correcoes · 22 destinos repetidos (ex.: /livro-razao/correcoes-publicadas ×3)
          · /distritos/aveiro · 19 destinos repetidos (ex.: /municipios/agueda ×2)
          · /distritos/beja · 14 destinos repetidos (ex.: /municipios/aljustrel ×2)
          · /distritos/braga · 14 destinos repetidos (ex.: /municipios/amares ×2)
          · /distritos/braganca · 12 destinos repetidos (ex.: /municipios/alfandega-da-fe ×2)
      L2 · segundas listas dos concelhos                               0  (teto 0) ok
      L2 · réguas da convergência fora de /regioes                     0  (teto 0) ok
      L2 · sinopses de estudo fora de /estudos                         0  (teto 0) ok
      L3 · palavras fora do vocabulário fechado                        0  (teto 0) ok
      L4 · frases de definição e de hierarquia em falta                0  (teto 0) ok
      L5 · páginas sem caminho no cabeçalho                            0  (teto 0) ok
      L6 · selos que não dizem o publicador                            0  (teto 0) ok
      8.5 · «limiar» sozinho                                           0  (teto 0) ok
      8.8 · «livro-razão» nos menus e nos títulos                      0  (teto 0) ok
      8.13 · valores selados na secção dos domínios de /               0  (teto 0) ok
      8.14 · «Relance» e «Leitura breve» nas páginas do leitor         0  (teto 0) ok
      8.17 · pontos dos 308 na página de um concelho                   0  (teto 0) ok
      8.17 · páginas de concelho sem o mapa da sua unidade             0  (teto 0) ok
      8.11 · leituras de aparelho no cabeçalho                         0  (teto 0) ok
      8.4 · definições de painel fora da declaração                    0  (teto 0) ok
      §7.10 · «[a verificar]» sem definição ao pé do primeiro          0  (teto 0) ok
      §7.10 · valores desenhados sem o seu texto na legenda            0  (teto 0) ok
      §7.4 e 8.6 · estudos fora da forma única                         0  (teto 0) ok
      §7.4 e 8.6, o que a régua leu: estudo 34 · texto 17 · indice 2 · edicoes 34 · linhas 22
      as exceções, e quantas vezes cada uma foi precisa:
          · «peça»     5 · a política de IA copia a POLITICA-DA-AUTONOMIA.md e fica como a fonte a escreveu
          · «trabalho»    34 · «trabalho» no sentido de emprego ou de labor, que não é o nome de um estudo
          · «indicador»     1 · «indicador» a nomear o campo que o publicador dá, e não uma medida da casa
          · «indicador»    26 · «indicador» dentro do endereço da API do INE (`json_indicador`), que é um caminho da fonte e não uma palavra da casa
    check:lugar · verde.
    
▶ npm run check:indice · começou aos 37.8 s
✓ npm run check:indice · 21.6 s · código 0
    
    > o-estado-do-pais@0.1.0 check:indice
    > node tests/livro/indice.mjs --navegador --prova
    
      mordeu · localizador · Outra dimensão JSON-stat
      mordeu · localizador · Função fora da lista
      mordeu · localizador · Coluna numérica em vez do rótulo XLS
      mordeu · localizador · Folha XLS desconhecida
      mordeu · localizador · Campo numérico em vez do rótulo XML
      mordeu · localizador · Registo XML zero
      mordeu · localizador · Código ministerial zero
      mordeu · localizador · Total sem página
      mordeu · localizador · Página impressa trocada
      mordeu · localizador · Coluna da síntese desconhecida
      mordeu · localizador · Programa da síntese zero
      mordeu · localizador · Localizador livre
      mordeu · localizador · Rótulo de total inventado
      mordeu · localizador · Coluna do valor orçamental disfarçada de rótulo
      mordeu · nome do projeto inventado
    {"plantas_localizadores":{"formatos_anteriores":[{"formato":"IndicadorDsg","id":"abrantes-empresas-2024","aceite":true},{"formato":"label","id":"disparidade-salarial-entre-sexos-2023","aceite":true},{"formato":"p.<n>, linha <n>, campo <n>","id":"abrantes-prazo-medio-de-pagamento-2025-12","aceite":true},{"formato":"<folha>, linha <n>, coluna <n>","id":"abrantes-desemprego-registado-2025-12","aceite":true}],"plantas":[{"nome":"Outra dimensão JSON-stat","id":"despesa-por-funcao-2024-gf01-es","localizador":"dimension.geo.category.label.GF01","mordeu":true,"queixa_I1":"ledger/claims/despesa-por-funcao-2024-gf01-es.yml: traz o rótulo \"General public services\" e o localizador \"dimension.geo.category.label.GF01\", que não é nenhuma das 11 formas que esta régua conhece (dimension.cofog99.category.label.GFnn · folha OE1 e célula do rótulo · Mapa1/Registos/Registo[n]/DesignacaoPrograma; Programa=P-nnn · página e código ministerial do Mapa 4 · página, rótulo e última coluna de um total dos mapas · páginas 49 e 50, rótulo e coluna da síntese de agosto · página 72, programa ou total da síntese de agosto · IndicadorDsg · label · p.<n>, linha <n>, campo <n> · <folha>, linha <n>, coluna <n>). Um rótulo é o que a fonte imprime no sítio que o localizador nomeia, e um localizador que ninguém reconhece é uma cadeia a que ninguém pode voltar.","nome_projeto_preservado":true,"queixas_I3":[]},{"nome":"Função fora da lista","id":"despesa-por-funcao-2024-gf01-es","localizador":"dimension.cofog99.category.label.GF11","mordeu":true,"queixa_I1":"ledger/claims/despesa-por-funcao-2024-gf01-es.yml: traz o rótulo \"General public services\" e o localizador \"dimension.cofog99.category.label.GF11\", que não é nenhuma das 11 formas que esta régua conhece (dimension.cofog99.category.label.GFnn · folha OE1 e célula do rótulo · Mapa1/Registos/Registo[n]/DesignacaoPrograma; Programa=P-nnn · página e código ministerial do Mapa 4 · página, rótulo e última coluna de um total dos mapas · páginas 49 e 50, rótulo e coluna da síntese de agosto · página 72, programa ou total da síntese de agosto · IndicadorDsg · label · p.<n>, linha <n>, campo <n> · <folha>, linha <n>, coluna <n>). Um rótulo é o que a fonte imprime no sítio que o localizador nomeia, e um localizador que ninguém reconhece é uma cadeia a que ninguém pode voltar.","nome_projeto_preservado":true,"queixas_I3":[]},{"nome":"Coluna numérica em vez do rótulo XLS","id":"execucao-2026-07-ativos-e-passivos-da-despesa-administracao-central","localizador":"FUNCIONAL!E2","mordeu":true,"queixa_I1":"ledger/claims/execucao-2026-07-ativos-e-passivos-da-despesa-administracao-central.yml: traz o rótulo \"ATIVOS E PASSIVOS DA DESPESA\" e o localizador \"FUNCIONAL!E2\", que não é nenhuma das 11 formas que esta régua conhece (dimension.cofog99.category.label.GFnn · folha OE1 e célula do rótulo · Mapa1/Registos/Registo[n]/DesignacaoPrograma; Programa=P-nnn · página e código ministerial do Mapa 4 · página, rótulo e última coluna de um total dos mapas · páginas 49 e 50, rótulo e coluna da síntese de agosto · página 72, programa ou total da síntese de agosto · IndicadorDsg · label · p.<n>, linha <n>, campo <n> · <folha>, linha <n>, coluna <n>). Um rótulo é o que a fonte imprime no sítio que o localizador nomeia, e um localizador que ninguém reconhece é uma cadeia a que ninguém pode voltar.","nome_projeto_preservado":true,"queixas_I3":[]},{"nome":"Folha XLS desconhecida","id":"execucao-2026-07-ativos-e-passivos-da-despesa-administracao-central","localizador":"DESCONHECIDA!C2","mordeu":true,"queixa_I1":"ledger/claims/execucao-2026-07-ativos-e-passivos-da-despesa-administracao-central.yml: traz o rótulo \"ATIVOS E PASSIVOS DA DESPESA\" e o localizador \"DESCONHECIDA!C2\", que não é nenhuma das 11 formas que esta régua conhece (dimension.cofog99.category.label.GFnn · folha OE1 e célula do rótulo · Mapa1/Registos/Registo[n]/DesignacaoPrograma; Programa=P-nnn · página e código ministerial do Mapa 4 · página, rótulo e última coluna de um total dos mapas · páginas 49 e 50, rótulo e coluna da síntese de agosto · página 72, programa ou total da síntese de agosto · IndicadorDsg · label · p.<n>, linha <n>, campo <n> · <folha>, linha <n>, coluna <n>). Um rótulo é o que a fonte imprime no sítio que o localizador nomeia, e um localizador que ninguém reconhece é uma cadeia a que ninguém pode voltar.","nome_projeto_preservado":true,"queixas_I3":[]},{"nome":"Campo numérico em vez do rótulo XML","id":"oe-2026-despesa-programa-001","localizador":"Mapa1/Registos/Registo[1]/TotalEmEuros; Programa=P-001","mordeu":true,"queixa_I1":"ledger/claims/oe-2026-despesa-programa-001.yml: traz o rótulo \"ÓRGÃOS DE SOBERANIA\" e o localizador \"Mapa1/Registos/Registo[1]/TotalEmEuros; Programa=P-001\", que não é nenhuma das 11 formas que esta régua conhece (dimension.cofog99.category.label.GFnn · folha OE1 e célula do rótulo · Mapa1/Registos/Registo[n]/DesignacaoPrograma; Programa=P-nnn · página e código ministerial do Mapa 4 · página, rótulo e última coluna de um total dos mapas · páginas 49 e 50, rótulo e coluna da síntese de agosto · página 72, programa ou total da síntese de agosto · IndicadorDsg · label · p.<n>, linha <n>, campo <n> · <folha>, linha <n>, coluna <n>). Um rótulo é o que a fonte imprime no sítio que o localizador nomeia, e um localizador que ninguém reconhece é uma cadeia a que ninguém pode voltar.","nome_projeto_preservado":true,"queixas_I3":[]},{"nome":"Registo XML zero","id":"oe-2026-despesa-programa-001","localizador":"Mapa1/Registos/Registo[0]/DesignacaoPrograma; Programa=P-001","mordeu":true,"queixa_I1":"ledger/claims/oe-2026-despesa-programa-001.yml: traz o rótulo \"ÓRGÃOS DE SOBERANIA\" e o localizador \"Mapa1/Registos/Registo[0]/DesignacaoPrograma; Programa=P-001\", que não é nenhuma das 11 formas que esta régua conhece (dimension.cofog99.category.label.GFnn · folha OE1 e célula do rótulo · Mapa1/Registos/Registo[n]/DesignacaoPrograma; Programa=P-nnn · página e código ministerial do Mapa 4 · página, rótulo e última coluna de um total dos mapas · páginas 49 e 50, rótulo e coluna da síntese de agosto · página 72, programa ou total da síntese de agosto · IndicadorDsg · label · p.<n>, linha <n>, campo <n> · <folha>, linha <n>, coluna <n>). Um rótulo é o que a fonte imprime no sítio que o localizador nomeia, e um localizador que ninguém reconhece é uma cadeia a que ninguém pode voltar.","nome_projeto_preservado":true,"queixas_I3":[]},{"nome":"Código ministerial zero","id":"oe-2026-despesa-ministerio-administracao-interna","localizador":"p. 1, POR MINISTÉRIOS, código 00","mordeu":true,"queixa_I1":"ledger/claims/oe-2026-despesa-ministerio-administracao-interna.yml: traz o rótulo \"ADMINISTRAÇÃO INTERNA\" e o localizador \"p. 1, POR MINISTÉRIOS, código 00\", que não é nenhuma das 11 formas que esta régua conhece (dimension.cofog99.category.label.GFnn · folha OE1 e célula do rótulo · Mapa1/Registos/Registo[n]/DesignacaoPrograma; Programa=P-nnn · página e código ministerial do Mapa 4 · página, rótulo e última coluna de um total dos mapas · páginas 49 e 50, rótulo e coluna da síntese de agosto · página 72, programa ou total da síntese de agosto · IndicadorDsg · label · p.<n>, linha <n>, campo <n> · <folha>, linha <n>, coluna <n>). Um rótulo é o que a fonte imprime no sítio que o localizador nomeia, e um localizador que ninguém reconhece é uma cadeia a que ninguém pode voltar.","nome_projeto_preservado":true,"queixas_I3":[]},{"nome":"Total sem página","id":"oe-2026-despesa-bruta-administracao-central","localizador":"p. , DESPESA TOTAL, última coluna","mordeu":true,"queixa_I1":"ledger/claims/oe-2026-despesa-bruta-administracao-central.yml: traz o rótulo \"DESPESA TOTAL\" e o localizador \"p. , DESPESA TOTAL, última coluna\", que não é nenhuma das 11 formas que esta régua conhece (dimension.cofog99.category.label.GFnn · folha OE1 e célula do rótulo · Mapa1/Registos/Registo[n]/DesignacaoPrograma; Programa=P-nnn · página e código ministerial do Mapa 4 · página, rótulo e última coluna de um total dos mapas · páginas 49 e 50, rótulo e coluna da síntese de agosto · página 72, programa ou total da síntese de agosto · IndicadorDsg · label · p.<n>, linha <n>, campo <n> · <folha>, linha <n>, coluna <n>). Um rótulo é o que a fonte imprime no sítio que o localizador nomeia, e um localizador que ninguém reconhece é uma cadeia a que ninguém pode voltar.","nome_projeto_preservado":true,"queixas_I3":[]},{"nome":"Página impressa trocada","id":"execucao-2026-08-ativos-financeiros-liquidos-administracao-central-seguranca-social","localizador":"p. 49 do ficheiro, página impressa 46, Despesa efetiva, Execução Acumulada 2026","mordeu":true,"queixa_I1":"ledger/claims/execucao-2026-08-ativos-financeiros-liquidos-administracao-central-seguranca-social.yml: traz o rótulo \"Ativos financeiros líquidos de reembolso\" e o localizador \"p. 49 do ficheiro, página impressa 46, Despesa efetiva, Execução Acumulada 2026\", que não é nenhuma das 11 formas que esta régua conhece (dimension.cofog99.category.label.GFnn · folha OE1 e célula do rótulo · Mapa1/Registos/Registo[n]/DesignacaoPrograma; Programa=P-nnn · página e código ministerial do Mapa 4 · página, rótulo e última coluna de um total dos mapas · páginas 49 e 50, rótulo e coluna da síntese de agosto · página 72, programa ou total da síntese de agosto · IndicadorDsg · label · p.<n>, linha <n>, campo <n> · <folha>, linha <n>, coluna <n>). Um rótulo é o que a fonte imprime no sítio que o localizador nomeia, e um localizador que ninguém reconhece é uma cadeia a que ninguém pode voltar.","nome_projeto_preservado":true,"queixas_I3":[]},{"nome":"Coluna da síntese desconhecida","id":"execucao-2026-08-ativos-financeiros-liquidos-administracao-central-seguranca-social","localizador":"p. 49 do ficheiro, página impressa 45, Despesa efetiva, Outra coluna 2026","mordeu":true,"queixa_I1":"ledger/claims/execucao-2026-08-ativos-financeiros-liquidos-administracao-central-seguranca-social.yml: traz o rótulo \"Ativos financeiros líquidos de reembolso\" e o localizador \"p. 49 do ficheiro, página impressa 45, Despesa efetiva, Outra coluna 2026\", que não é nenhuma das 11 formas que esta régua conhece (dimension.cofog99.category.label.GFnn · folha OE1 e célula do rótulo · Mapa1/Registos/Registo[n]/DesignacaoPrograma; Programa=P-nnn · página e código ministerial do Mapa 4 · página, rótulo e última coluna de um total dos mapas · páginas 49 e 50, rótulo e coluna da síntese de agosto · página 72, programa ou total da síntese de agosto · IndicadorDsg · label · p.<n>, linha <n>, campo <n> · <folha>, linha <n>, coluna <n>). Um rótulo é o que a fonte imprime no sítio que o localizador nomeia, e um localizador que ninguém reconhece é uma cadeia a que ninguém pode voltar.","nome_projeto_preservado":true,"queixas_I3":[]},{"nome":"Programa da síntese zero","id":"execucao-2026-08-despesa-programa-001","localizador":"p. 72 do ficheiro, página impressa 68, programa 000, Execução Acumulada 2026","mordeu":true,"queixa_I1":"ledger/claims/execucao-2026-08-despesa-programa-001.yml: traz o rótulo \"Órgãos de Soberania\" e o localizador \"p. 72 do ficheiro, página impressa 68, programa 000, Execução Acumulada 2026\", que não é nenhuma das 11 formas que esta régua conhece (dimension.cofog99.category.label.GFnn · folha OE1 e célula do rótulo · Mapa1/Registos/Registo[n]/DesignacaoPrograma; Programa=P-nnn · página e código ministerial do Mapa 4 · página, rótulo e última coluna de um total dos mapas · páginas 49 e 50, rótulo e coluna da síntese de agosto · página 72, programa ou total da síntese de agosto · IndicadorDsg · label · p.<n>, linha <n>, campo <n> · <folha>, linha <n>, coluna <n>). Um rótulo é o que a fonte imprime no sítio que o localizador nomeia, e um localizador que ninguém reconhece é uma cadeia a que ninguém pode voltar.","nome_projeto_preservado":true,"queixas_I3":[]},{"nome":"Localizador livre","id":"despesa-por-funcao-2024-gf01-es","localizador":"uma cadeia sem localizador","mordeu":true,"queixa_I1":"ledger/claims/despesa-por-funcao-2024-gf01-es.yml: traz o rótulo \"General public services\" e o localizador \"uma cadeia sem localizador\", que não é nenhuma das 11 formas que esta régua conhece (dimension.cofog99.category.label.GFnn · folha OE1 e célula do rótulo · Mapa1/Registos/Registo[n]/DesignacaoPrograma; Programa=P-nnn · página e código ministerial do Mapa 4 · página, rótulo e última coluna de um total dos mapas · páginas 49 e 50, rótulo e coluna da síntese de agosto · página 72, programa ou total da síntese de agosto · IndicadorDsg · label · p.<n>, linha <n>, campo <n> · <folha>, linha <n>, coluna <n>). Um rótulo é o que a fonte imprime no sítio que o localizador nomeia, e um localizador que ninguém reconhece é uma cadeia a que ninguém pode voltar.","nome_projeto_preservado":true,"queixas_I3":[]},{"nome":"Rótulo de total inventado","id":"oe-2026-despesa-bruta-administracao-central","localizador":"p. 6, RECEITA INVENTADA, última coluna","mordeu":true,"queixa_I1":"ledger/claims/oe-2026-despesa-bruta-administracao-central.yml: traz o rótulo \"DESPESA TOTAL\" e o localizador \"p. 6, RECEITA INVENTADA, última coluna\", que não é nenhuma das 11 formas que esta régua conhece (dimension.cofog99.category.label.GFnn · folha OE1 e célula do rótulo · Mapa1/Registos/Registo[n]/DesignacaoPrograma; Programa=P-nnn · página e código ministerial do Mapa 4 · página, rótulo e última coluna de um total dos mapas · páginas 49 e 50, rótulo e coluna da síntese de agosto · página 72, programa ou total da síntese de agosto · IndicadorDsg · label · p.<n>, linha <n>, campo <n> · <folha>, linha <n>, coluna <n>). Um rótulo é o que a fonte imprime no sítio que o localizador nomeia, e um localizador que ninguém reconhece é uma cadeia a que ninguém pode voltar.","nome_projeto_preservado":true,"queixas_I3":[]},{"nome":"Coluna do valor orçamental disfarçada de rótulo","id":"oe-2026-despesa-funcao-01","localizador":"FUNCIONAL!D2","mordeu":true,"queixa_I1":"ledger/claims/oe-2026-despesa-funcao-01.yml: traz o rótulo \"SERVIÇOS GERAIS DAS ADMINISTRAÇÕES PÚBLI\" e o localizador \"FUNCIONAL!D2\", que não é nenhuma das 11 formas que esta régua conhece (dimension.cofog99.category.label.GFnn · folha OE1 e célula do rótulo · Mapa1/Registos/Registo[n]/DesignacaoPrograma; Programa=P-nnn · página e código ministerial do Mapa 4 · página, rótulo e última coluna de um total dos mapas · páginas 49 e 50, rótulo e coluna da síntese de agosto · página 72, programa ou total da síntese de agosto · IndicadorDsg · label · p.<n>, linha <n>, campo <n> · <folha>, linha <n>, coluna <n>). Um rótulo é o que a fonte imprime no sítio que o localizador nomeia, e um localizador que ninguém reconhece é uma cadeia a que ninguém pode voltar.","nome_projeto_preservado":true,"queixas_I3":[]}],"planta_nome_projeto":{"nome":"Nome do projeto inventado","id":"despesa-por-funcao-2024-gf01-es","mordeu":true,"queixas_I3":["/dados/livro-indice.en.json: 1 entrada(s) com um nome que não é o da sua linha.","/dados/livro-indice.pt.json: 1 entrada(s) com um nome que não é o da sua linha."]}}}
    {"plantas_periodos":[{"nome":"Período retirado, pt","id":"despesa-por-funcao-2024-gf01-pt","mordeu":true,"queixa":"/livro-razao: despesa-por-funcao-2024-gf01-pt: a entrada tem 0 campos de período e deve ter um."},{"nome":"Período trocado, pt","id":"despesa-por-funcao-2024-gf01-pt","mordeu":true,"queixa":"/livro-razao: despesa-por-funcao-2024-gf01-pt: o período diz «2026» e a linha exige «2024», com a marca da própria linha."},{"nome":"Período retirado, en","id":"despesa-por-funcao-2024-gf01-pt","mordeu":true,"queixa":"/en/ledger: despesa-por-funcao-2024-gf01-pt: a entrada tem 0 campos de período e deve ter um."},{"nome":"Período trocado, en","id":"despesa-por-funcao-2024-gf01-pt","mordeu":true,"queixa":"/en/ledger: despesa-por-funcao-2024-gf01-pt: o período diz «2026» e a linha exige «2024», com a marca da própria linha."}]}
    
      A RÉGUA DOS NOMES, DAS DATAS E DO ÍNDICE · 7907 página(s) de <worktree>/dist
    
      [32m✓[0m I1 · o nome de uma medida não é o identificador
    [90m        20 página(s) · 856 entrada(s) · 804 com nome · 52 sem nome (as derivadas, que não têm fonte nem documento, e as que só têm o marcador por título de documento) · 856 identificador(es) em metadado
            a escada no índice do livro-razão, por edição (428 linhas): 331 pelo nome do cartão · 3 pelo rótulo da fonte · 68 pelo TÍTULO DO DOCUMENTO, que é o nome do papel e não o da medida · 26 sem nome
            2046 rótulo(s) do livro-razão inteiro com um localizador de uma das 11 formas conhecidas[0m
      [32m✓[0m I2 · as datas ISO à vista
    [90m        0 data(s) ISO como valor · 0 em prosa por marcar · 1042 dentro de texto transcrito (a casa não edita o que transcreve) · 693 em documentos alojados e páginas de leitura (fora do âmbito do brief §2)[0m
      [32m✓[0m I2p · o período de cada entrada dos índices é o da sua linha
    [90m        6346 período(s) conferido(s) em 6390 entrada(s) de 620 página(s) de índice[0m
      [32m✓[0m I3 · a busca do índice é um formulário, e cobre o livro-razão inteiro
    [90m        2 índice(s) com um campo de busca dentro de um <form method="get"> · 6390 entrada(s) nos dois ficheiros do índice da busca, contra 3195 linhas do livro-razão em cada[0m
      [32m✓[0m I4 · a palavra retirada não está no rótulo da contagem
    [90m        0 ocorrência(s) no rótulo da contagem das áreas · 20 noutras páginas (o Método, o Sobre e os documentos alojados, que são do bloco F1.10)[0m
      [32m✓[0m I5 · as contagens do índice com denominador
    [90m        as duas parcelas dizem de que total saem, nas duas edições[0m
      [32m✓[0m I6 · o marcador com um destino só
    [90m        235 ligação(ões) em «pt» e 248 em «en», uma página cada · 98 marcador(es) dentro de um selo (excepção da Emenda 2) · 2 cadeia(s) dentro de documentos alojados, que são o texto do documento[0m
      [32m✓[0m I8 · a página de uma unidade da Carta
    [90m        58 página(s), cada uma com a frase do índice, sem uma linha que não seja a da Carta e sem um algarismo fora de origem declarada[0m
      [32m✓[0m I9 · as datas dos trabalhos, e o marcador que resta
    [90m        22 linha(s) de trabalho · 2 marcador(es) ao todo, 2 linha(s) com um e nenhuma com dois · 25 edição(ões) com a data do repositório conferida contra o git, 0 sem história · 25 de 25 linha(s) de src/data/datas-de-publicacao.json refeitas do git[0m
      [32m✓[0m I10 · nenhum número novo
    [90m        3195 linha(s) citada(s) em 27176 ocorrência(s) · 19 motivo(s) declarado(s)[0m
      [32m✓[0m I1p · as plantas dos localizadores recusam a origem desconhecida
    [90m        14 plantas dos localizadores com queixa própria de I1 e o degrau conferido por I3; uma planta do nome do projeto com queixas de I3; 4 formatos anteriores conferidos.[0m
      [32m✓[0m I2pp · as plantas do período recusam a falta e a troca da data
    [90m        4 de 4 plantas dos períodos a morder, em cópias dos índices construídos[0m
      [32m✓[0m I3b · a busca filtra o livro-razão inteiro, no navegador
    [90m        /livro-razao: 428 entradas no documento · por nome 3 · por concelho 9 · por fonte 50 · sem resultado 0[0m
      [32m✓[0m I7 · sem transbordo a 390 nas páginas de linha
    [90m        1 página(s) medida (a do endereço mais longo; a amostra de 60 corre com --amostra-larga)[0m
      [32m✓[0m I11 · o espaço entre o número e a palavra, a 390
    [90m        /lugares/: 1 par(es) medido(s) para 1 contagem(ns), vão mínimo 2.8px · com o defeito plantado, 1 de 1 apanhada(s) · /en/places/: 1 par(es) medido(s) para 1 contagem(ns), vão mínimo 2.8px · com o defeito plantado, 1 de 1 apanhada(s)[0m
    
    
▶ npm run check:cartao · começou aos 59.4 s
✓ npm run check:cartao · 12.2 s · código 0
    
    > o-estado-do-pais@0.1.0 check:cartao
    > node tests/cartao/cartao.mjs --prova && node tests/cartao/rp1.mjs && node tests/confianca/c1.mjs
    
    [90m  prova: 16 estragos plantados, 16 vistos; o cartão são a 0; a régua com as duas comparações de uma medida, a série bienal, a ausência da linha da União e uma chave que não se inventa; as duas testemunhas do valor de referência com um par bom e dois maus; a mesma série com um par que bate e um que não bate; K9 nacional com valor, direção e testemunha plantados; K15 palavras e cor, nas duas línguas, nas quatro formas e na igualdade; K6 com as glosas declaradas e com cada uma das duas trocada; K1 com o nome do limite legal declarado, antigo e reposto nas duas línguas; K13 sobre 4 medidas e 12 linhas com grupo etário, com a declaração em vigor a passar e cinco plantas a morder (o limite trocado, dois algarismos soltos fora do intervalo, uma medida sem definição, a etiqueta a contradizer o filtro e duas linhas da mesma medida com grupos diferentes), mais a catraca vazia nas duas metades; K16 com a declaração em vigor a passar e 17 plantas a morder, a primeira o defeito da leitura a frio[0m
    
      A RÉGUA DO CARTÃO DE UMA MEDIDA · bloco P2
    
    [90m    páginas lidas                    7907[0m
    [90m    cartões                          5246 (2623 pt, 2623 en)[0m
    [90m    com nome                         5246 de 5246[0m
    [90m    com a frase do que medem         5078 de 5246 com frase[0m
    [90m    com régua                        780 de 5246 com régua[0m
    [90m    linhas sem nome, como linha do livro-razão             48 (42 com a aritmética escrita)[0m
    [90m    itens «período anterior», pares conferidos             166[0m
    [90m    «Governo Constitucional»         1 pt · 1 en[0m
    [90m    legenda da marca                 2 página(s)[0m
    [90m    nome na língua da fonte          0 (com a marca «lang»)[0m
    [90m    unidade na outra língua          0 (a exceção da I92)[0m
    [90m    o marcador em português          4 (a exceção da IDENTIDADE §6)[0m
    [90m    valores de régua sem marca própria                    884 (a porta é a do cartão)[0m
    [90m    tetos na linha do estado (P4-c)                       614 (a porta é a aritmética do recibo)[0m
    [90m    valores de referência, as duas testemunhas comparadas  15[0m
    [90m      com a testemunha discordante declarada e inteira     2 (5 de 5 plantas a morder)[0m
    [90m    cartões com veredicto conferido (K15)                 74[0m
    [90m    a União com a ressalva (K14): cartões e recibos        4 · 4[0m
    [90m    cartões com a faixa da União (K1, K18)                 20[0m
    [90m    cartões de concelho com a faixa do concelho (K1)       2464[0m
    [90m    faixas refeitas dos pontos (K18)                       20 · 28 planta(s) a morder[0m
    [90m    ressalvas nas pontas e ordinais (K18, UE1b)            4 · 27 · 8 planta(s) das palavras a morder[0m
    [90m    empates num extremo, em memória (K18, UE1c)            6 planta(s) a morder[0m
    [90m    a ordem do cartão (K19): cartões, com dobra, da faixa  5248 · 5092 · 42 · 7 de 7 plantas a morder[0m
    [90m    medidas com nome oficial no recibo                    11[0m
    [90m    perguntas com cada pedaço apoiado (K16)               42 (151 pedaços, 226 apoios, 72 origens seladas no motor)[0m
    [90m    leituras dos cartões nacionais (K17)                 96 em 96 cartões (49 declarações auditadas, 1159 partes, 461 apoios, 104 origens, 208 ramos recontados, 18 de 18 plantas a morder)[0m
    [90m    linhas com frase «O que é este número» (K17, R4)      3195 (48 pelo cartão, 2772 pela medida dos concelhos, 375 pela família; 181 entradas auditadas, 293 partes, 455 apoios; 128 com todas as partes na fonte, 53 com alguma parte só da casa)[0m
    [90m      recibos com a frase conferida                       6390 de 6390 (348 com o marcador «por confirmar na fonte», 2 com a parte do sinal; 39 entradas e 174 linhas por confirmar) · 25 de 25 plantas a morder[0m
    [90m      séries no tempo com frase «o que é»                 24 (14 pela linha, 10 com frase auditada, 3 com todas as partes na fonte); recibos de série conferidos 48 de 48[0m
    [90m    medidas com grupo etário fixado na linha (K13)         4[0m
    [90m      linhas dessas medidas, todas conferidas               12[0m
    [90m      delas, na catraca declarada (I132, vazia)           0[0m
    [90m    ficheiros do motor               referencias.json sim · nomes.json sim[0m
    
    [32m  ✓ 5246 cartões, todos com nome; nenhum com um bloco a mais, um rótulo de recibo ou a chave à vista; 5078 de 5246 com frase e 780 de 5246 com régua, e os 166 períodos anteriores da mesma série e da mesma unidade[0m
    
    RP1: PASS · {"reguas":9,"plantas":[{"nome":"régua de outra medida","mordeu":true},{"nome":"unidade diferente","mordeu":true},{"nome":"salto de mês calado","mordeu":true},{"nome":"período anterior ausente","mordeu":true},{"nome":"União de outro mês","mordeu":true},{"nome":"União de outra série","mordeu":true},{"nome":"União de outra unidade","mordeu":true},{"nome":"trimestre imediatamente anterior em vez do homólogo","mordeu":true},{"nome":"data recusada: reference_date=2026-T5","mordeu":true},{"nome":"data recusada: access_date=2026-T2","mordeu":true},{"nome":"data recusada: published_at=2026-03-31","mordeu":true},{"nome":"objeto do INE cortado dentro da cadeia do valor","mordeu":true},{"nome":"There were no: negação inglesa sem literal, composição intacta","mordeu":true},{"nome":"sufixo traduzido não pode trocar a linha","mordeu":true},{"nome":"sufixo da unidade sem literal","mordeu":true},{"nome":"origem portuguesa marcada como inglesa: pt .def-origem-doc","mordeu":true},{"nome":"origem portuguesa marcada como inglesa: pt .def-excerto-texto","mordeu":true},{"nome":"unidade depois do provisório, pt","mordeu":true},{"nome":"I153: bandeira colada à unidade, pt, .cartao-medida-valor","mordeu":true},{"nome":"I153: bandeira colada à unidade, pt, [data-cartao-leitura]","mordeu":true},{"nome":"origem portuguesa marcada como inglesa: en .def-origem-doc","mordeu":true},{"nome":"origem portuguesa marcada como inglesa: en .def-excerto-texto","mordeu":true},{"nome":"unidade depois do provisório, en","mordeu":true},{"nome":"I153: bandeira colada à unidade, en, .cartao-medida-valor","mordeu":true},{"nome":"I153: bandeira colada à unidade, en, [data-cartao-leitura]","mordeu":true}],"nomes":{"pensao-media-anual-2025":{"pt":"Pensão média anual","en":"Average annual pension"},"pensao-media-anual-2024":{"pt":"Pensão média anual","en":"Average annual pension"},"ipc-alimentacao-variacao-homologa":{"pt":"Preços dos alimentos e das bebidas não alcoólicas, variação num ano","en":"Prices of food and non-alcoholic beverages, change over a year"},"ipc-alimentacao-variacao-homologa-periodo-anterior":{"pt":"Preços dos alimentos e das bebidas não alcoólicas, variação num ano","en":"Prices of food and non-alcoholic beverages, change over a year"}},"publicacoes_no_periodo":[{"id":"remuneracao-bruta-mensal-media","data":"2026-04-01","aceite":true},{"id":"ipc-variacao-homologa","data":"2026-08-15","aceite":true}],"datas":8,"paginas":2,"cartoes":24}
    {
      "natureza": "Casos sintéticos em memória. Os valores e as frases deste ensaio não são observações publicadas.",
      "contagens": {
        "controlos": 100,
        "controlos_integros": 100,
        "plantas": 130,
        "plantas_mordidas": 130
      },
      "controlos": [
        {
          "grupo": "proveniencia",
          "nome": "data-na-forma-da-casa-pt",
          "passou": true,
          "erros": []
        },
        {
          "grupo": "proveniencia",
          "nome": "endereco-literal-pt",
          "passou": true,
          "erros": []
        },
        {
          "grupo": "proveniencia",
          "nome": "data-na-forma-da-casa-en",
          "passou": true,
          "erros": []
        },
        {
          "grupo": "proveniencia",
          "nome": "endereco-literal-en",
          "passou": true,
          "erros": []
        },
        {
          "grupo": "historico",
          "nome": "grupo-inteiro",
          "passou": true,
          "erros": []
        },
        {
          "grupo": "valor-unidade",
          "nome": "cartao-20 600-normal",
          "passou": true,
          "erros": [],
          "contas": {
            "titulos": 0,
            "cartoes": 1
          }
        },
        {
          "grupo": "valor-unidade",
          "nome": "cartao-20 600-fixo",
          "passou": true,
          "erros": [],
          "contas": {
            "titulos": 0,
            "cartoes": 1
          }
        },
        {
          "grupo": "valor-unidade",
          "nome": "cartao-−50,2-normal",
          "passou": true,
          "erros": [],
          "contas": {
            "titulos": 0,
            "cartoes": 1
          }
        },
        {
          "grupo": "valor-unidade",
          "nome": "cartao-−50,2-fixo",
          "passou": true,
          "erros": [],
          "contas": {
            "titulos": 0,
            "cartoes": 1
          }
        },
        {
          "grupo": "valor-unidade",
          "nome": "titulo-20 600-normal",
          "passou": true,
          "erros": [],
          "contas": {
            "titulos": 1,
            "cartoes": 0
          }
        },
        {
          "grupo": "valor-unidade",
          "nome": "titulo-20 600-fixo",
          "passou": true,
          "erros": [],
          "contas": {
            "titulos": 1,
            "cartoes": 0
          }
        },
        {
          "grupo": "valor-unidade",
          "nome": "titulo-−50,2-normal",
          "passou": true,
          "erros": [],
          "contas": {
            "titulos": 1,
            "cartoes": 0
          }
        },
        {
          "grupo": "valor-unidade",
          "nome": "titulo-−50,2-fixo",
          "passou": true,
          "erros": [],
          "contas": {
            "titulos": 1,
            "cartoes": 0
          }
        },
        {
          "grupo": "valor-unidade",
          "nome": "marca-sem-unidade",
          "passou": true,
          "erros": []
        },
        {
          "grupo": "valor-unidade",
          "nome": "unidade-da-casa-com-espaco",
          "passou": true,
          "erros": []
        },
        {
          "grupo": "valor-unidade",
          "nome": "contagem-com-prova-v2",
          "passou": true,
          "erros": []
        },
        {
          "grupo": "releitura",
          "nome": "49.2",
          "passou": true,
          "erros": []
        },
        {
          "grupo": "releitura",
          "nome": "−1234,50",
          "passou": true,
          "erros": []
        },
        {
          "grupo": "forma-encontrada",
          "nome": "pt",
          "passou": true,
          "erros": []
        },
        {
          "grupo": "forma-encontrada",
          "nome": "en",
          "passou": true,
          "erros": []
        },
        {
          "grupo": "verificacao",
          "nome": "pt-ainda-sem-segunda-leitura",
          "passou": true,
          "erros": []
        },
        {
          "grupo": "verificacao",
          "nome": "pt-calculada-em-cada-construcao",
          "passou": true,
          "erros": []
        },
        {
          "grupo": "verificacao",
          "nome": "pt-derivada-sem-expressao",
          "passou": true,
          "erros": []
        },
        {
          "grupo": "verificacao",
          "nome": "pt-numero-relido",
          "passou": true,
          "erros": []
        },
        {
          "grupo": "verificacao",
          "nome": "pt-ficheiro-relido",
          "passou": true,
          "erros": []
        },
        {
          "grupo": "verificacao",
          "nome": "pt-divergencia-com-atualizacao",
          "passou": true,
          "erros": []
        },
        {
          "grupo": "verificacao",
          "nome": "pt-divergencia-ainda-sem-atualizacao",
          "passou": true,
          "erros": []
        },
        {
          "grupo": "verificacao",
          "nome": "pt-fonte-sem-resposta",
          "passou": true,
          "erros": []
        },
        {
          "grupo": "verificacao",
          "nome": "en-ainda-sem-segunda-leitura",
          "passou": true,
          "erros": []
        },
        {
          "grupo": "verificacao",
          "nome": "en-calculada-em-cada-construcao",
          "passou": true,
          "erros": []
        },
        {
          "grupo": "verificacao",
          "nome": "en-derivada-sem-expressao",
          "passou": true,
          "erros": []
        },
        {
          "grupo": "verificacao",
          "nome": "en-numero-relido",
          "passou": true,
          "erros": []
        },
        {
          "grupo": "verificacao",
          "nome": "en-ficheiro-relido",
          "passou": true,
          "erros": []
        },
        {
          "grupo": "verificacao",
          "nome": "en-divergencia-com-atualizacao",
          "passou": true,
          "erros": []
        },
        {
          "grupo": "verificacao",
          "nome": "en-divergencia-ainda-sem-atualizacao",
          "passou": true,
          "erros": []
        },
        {
          "grupo": "verificacao",
          "nome": "en-fonte-sem-resposta",
          "passou": true,
          "erros": []
        },
        {
          "grupo": "releitura-anterior",
          "nome": "pt",
          "passou": true,
          "erros": []
        },
        {
          "grupo": "releitura-anterior",
          "nome": "en",
          "passou": true,
          "erros": []
        },
        {
          "grupo": "valor-estimado",
          "nome": "pt",
          "passou": true,
          "erros": []
        },
        {
          "grupo": "valor-estimado",
          "nome": "en",
          "passou": true,
          "erros": []
        },
        {
          "grupo": "leituras",
          "nome": "pt-ipc-variacao-homologa-negativo",
          "passou": true,
          "erros": [],
          "valores_sinteticos": {
            "ipc-variacao-homologa": "−0,5",
            "ipc-variacao-homologa-periodo-anterior": "0,2"
          },
          "ramos": [
            {
              "no": "sinal",
              "escolha": "negativo"
            },
            {
              "no": "compara-anterior",
              "escolha": "menor"
            }
          ],
          "texto_sintetico": "Em agosto de 2026 os preços no consumidor estavam, em média, −0,5 % face aos de há um ano, ou seja, abaixo deles. É a descida geral dos preços, que o INE mede num cabaz de bens e serviços que representa o que as famílias compram. A variação é menor do que a do mês anterior. O objetivo de inflação do Banco Central Europeu mede-se noutro índice, o harmonizado, e está no cartão da inflação na comparação europeia."
        },
        {
          "grupo": "leituras",
          "nome": "pt-ipc-variacao-homologa-zero",
          "passou": true,
          "erros": [],
          "valores_sinteticos": {
            "ipc-variacao-homologa": "0",
            "ipc-variacao-homologa-periodo-anterior": "0,2"
          },
          "ramos": [
            {
              "no": "sinal",
              "escolha": "zero"
            },
            {
              "no": "compara-anterior",
              "escolha": "menor"
            }
          ],
          "texto_sintetico": "Em agosto de 2026 os preços no consumidor estavam, em média, ao mesmo nível de há um ano. O INE mede-os num cabaz de bens e serviços que representa o que as famílias compram. A variação é menor do que a do mês anterior. O objetivo de inflação do Banco Central Europeu mede-se noutro índice, o harmonizado, e está no cartão da inflação na comparação europeia."
        },
        {
          "grupo": "leituras",
          "nome": "pt-ipc-variacao-homologa-positivo",
          "passou": true,
          "erros": [],
          "valores_sinteticos": {
            "ipc-variacao-homologa": "0,5",
            "ipc-variacao-homologa-periodo-anterior": "0,2"
          },
          "ramos": [
            {
              "no": "sinal",
              "escolha": "positivo"
            },
            {
              "no": "compara-anterior",
              "escolha": "maior"
            }
          ],
          "texto_sintetico": "Em agosto de 2026 os preços no consumidor estavam, em média, 0,5 % acima dos de há um ano. É a subida geral dos preços, que o INE mede num cabaz de bens e serviços que representa o que as famílias compram. A variação é maior do que a do mês anterior. O objetivo de inflação do Banco Central Europeu mede-se noutro índice, o harmonizado, e está no cartão da inflação na comparação europeia."
        },
        {
          "grupo": "leituras",
          "nome": "pt-ihpc-variacao-homologa-taxas-negativas-maior",
          "passou": true,
          "erros": [],
          "valores_sinteticos": {
            "ihpc-variacao-homologa": "−0,5",
            "ihpc-variacao-homologa-periodo-anterior": "−0,8",
            "ihpc-variacao-homologa-ue": "−1,0"
          },
          "ramos": [
            {
              "no": "sinal",
              "escolha": "negativo"
            },
            {
              "no": "compara-ue",
              "escolha": "maior"
            }
          ],
          "texto_sintetico": "Em agosto de 2026 os preços em Portugal estavam, na medida harmonizada que serve para comparar os países da União Europeia, −0,5 % face aos de há um ano, ou seja, abaixo deles. A variação é maior do que a da média da União Europeia. O Banco Central Europeu procura uma inflação de 2 % a médio prazo no conjunto da zona do euro, medida por este mesmo índice."
        },
        {
          "grupo": "leituras",
          "nome": "pt-ihpc-variacao-homologa-taxas-negativas-menor",
          "passou": true,
          "erros": [],
          "valores_sinteticos": {
            "ihpc-variacao-homologa": "−0,5",
            "ihpc-variacao-homologa-periodo-anterior": "−0,8",
            "ihpc-variacao-homologa-ue": "−0,2"
          },
          "ramos": [
            {
              "no": "sinal",
              "escolha": "negativo"
            },
            {
              "no": "compara-ue",
              "escolha": "menor"
            }
          ],
          "texto_sintetico": "Em agosto de 2026 os preços em Portugal estavam, na medida harmonizada que serve para comparar os países da União Europeia, −0,5 % face aos de há um ano, ou seja, abaixo deles. A variação é menor do que a da média da União Europeia. O Banco Central Europeu procura uma inflação de 2 % a médio prazo no conjunto da zona do euro, medida por este mesmo índice."
        },
        {
          "grupo": "leituras",
          "nome": "pt-ihpc-variacao-homologa-taxas-negativas-igual",
          "passou": true,
          "erros": [],
          "valores_sinteticos": {
            "ihpc-variacao-homologa": "−0,5",
            "ihpc-variacao-homologa-periodo-anterior": "−0,8",
            "ihpc-variacao-homologa-ue": "−0,5"
          },
          "ramos": [
            {
              "no": "sinal",
              "escolha": "negativo"
            },
            {
              "no": "compara-ue",
              "escolha": "igual"
            }
          ],
          "texto_sintetico": "Em agosto de 2026 os preços em Portugal estavam, na medida harmonizada que serve para comparar os países da União Europeia, −0,5 % face aos de há um ano, ou seja, abaixo deles. A variação é igual à da média da União Europeia. O Banco Central Europeu procura uma inflação de 2 % a médio prazo no conjunto da zona do euro, medida por este mesmo índice."
        },
        {
          "grupo": "leituras",
          "nome": "en-ipc-variacao-homologa-negativo",
          "passou": true,
          "erros": [],
          "valores_sinteticos": {
            "ipc-variacao-homologa": "−0,5",
            "ipc-variacao-homologa-periodo-anterior": "0,2"
          },
          "ramos": [
            {
              "no": "sinal",
              "escolha": "negativo"
            },
            {
              "no": "compara-anterior",
              "escolha": "menor"
            }
          ],
          "texto_sintetico": "In August 2026 consumer prices were, on average, −0,5 % compared with a year earlier, that is, below. That is the general fall in prices, which the INE measures on a basket of goods and services that represents what households buy. The change is smaller than the previous month’s. The European Central Bank’s inflation target is measured on another index, the harmonised one, shown on the European comparison card."
        },
        {
          "grupo": "leituras",
          "nome": "en-ipc-variacao-homologa-zero",
          "passou": true,
          "erros": [],
          "valores_sinteticos": {
            "ipc-variacao-homologa": "0",
            "ipc-variacao-homologa-periodo-anterior": "0,2"
          },
          "ramos": [
            {
              "no": "sinal",
              "escolha": "zero"
            },
            {
              "no": "compara-anterior",
              "escolha": "menor"
            }
          ],
          "texto_sintetico": "In August 2026 consumer prices were, on average, at the same level as a year earlier. The INE measures them on a basket of goods and services that represents what households buy. The change is smaller than the previous month’s. The European Central Bank’s inflation target is measured on another index, the harmonised one, shown on the European comparison card."
        },
        {
          "grupo": "leituras",
          "nome": "en-ipc-variacao-homologa-positivo",
          "passou": true,
          "erros": [],
          "valores_sinteticos": {
            "ipc-variacao-homologa": "0,5",
            "ipc-variacao-homologa-periodo-anterior": "0,2"
          },
          "ramos": [
            {
              "no": "sinal",
              "escolha": "positivo"
            },
            {
              "no": "compara-anterior",
              "escolha": "maior"
            }
          ],
          "texto_sintetico": "In August 2026 consumer prices were, on average, 0,5 % above a year earlier. That is the general rise in prices, which the INE measures on a basket of goods and services that represents what households buy. The change is larger than the previous month’s. The European Central Bank’s inflation target is measured on another index, the harmonised one, shown on the European comparison card."
        },
        {
          "grupo": "leituras",
          "nome": "en-ihpc-variacao-homologa-taxas-negativas-maior",
          "passou": true,
          "erros": [],
          "valores_sinteticos": {
            "ihpc-variacao-homologa": "−0,5",
            "ihpc-variacao-homologa-periodo-anterior": "−0,8",
            "ihpc-variacao-homologa-ue": "−1,0"
          },
          "ramos": [
            {
              "no": "sinal",
              "escolha": "negativo"
            },
            {
              "no": "compara-ue",
              "escolha": "maior"
            }
          ],
          "texto_sintetico": "In August 2026 prices in Portugal were, on the harmonised measure used to compare the countries of the European Union, −0,5 % compared with a year earlier, that is, below. The change is larger than the European Union average. The European Central Bank aims for inflation of 2 % over the medium term across the euro area, measured by this same index."
        },
        {
          "grupo": "leituras",
          "nome": "en-ihpc-variacao-homologa-taxas-negativas-menor",
          "passou": true,
          "erros": [],
          "valores_sinteticos": {
            "ihpc-variacao-homologa": "−0,5",
            "ihpc-variacao-homologa-periodo-anterior": "−0,8",
            "ihpc-variacao-homologa-ue": "−0,2"
          },
          "ramos": [
            {
              "no": "sinal",
              "escolha": "negativo"
            },
            {
              "no": "compara-ue",
              "escolha": "menor"
            }
          ],
          "texto_sintetico": "In August 2026 prices in Portugal were, on the harmonised measure used to compare the countries of the European Union, −0,5 % compared with a year earlier, that is, below. The change is smaller than the European Union average. The European Central Bank aims for inflation of 2 % over the medium term across the euro area, measured by this same index."
        },
        {
          "grupo": "leituras",
          "nome": "en-ihpc-variacao-homologa-taxas-negativas-igual",
          "passou": true,
          "erros": [],
          "valores_sinteticos": {
            "ihpc-variacao-homologa": "−0,5",
            "ihpc-variacao-homologa-periodo-anterior": "−0,8",
            "ihpc-variacao-homologa-ue": "−0,5"
          },
          "ramos": [
            {
              "no": "sinal",
              "escolha": "negativo"
            },
            {
              "no": "compara-ue",
              "escolha": "igual"
            }
          ],
          "texto_sintetico": "In August 2026 prices in Portugal were, on the harmonised measure used to compare the countries of the European Union, −0,5 % compared with a year earlier, that is, below. The change is the same as the European Union average. The European Central Bank aims for inflation of 2 % over the medium term across the euro area, measured by this same index."
        },
        {
          "grupo": "sinais-rp1",
          "nome": "ipc-variacao-homologa-pt-negativo",
          "passou": true,
          "erros": []
        },
        {
          "grupo": "sinais-rp1",
          "nome": "ipc-variacao-homologa-en-negativo",
          "passou": true,
          "erros": []
        },
        {
          "grupo": "sinais-rp1",
          "nome": "ipc-variacao-homologa-pt-zero",
          "passou": true,
          "erros": []
        },
        {
          "grupo": "sinais-rp1",
          "nome": "ipc-variacao-homologa-en-zero",
          "passou": true,
          "erros": []
        },
        {
          "grupo": "sinais-rp1",
          "nome": "ipc-variacao-homologa-pt-positivo",
          "passou": true,
          "erros": []
        },
        {
          "grupo": "sinais-rp1",
          "nome": "ipc-variacao-homologa-en-positivo",
          "passou": true,
          "erros": []
        },
        {
          "grupo": "sinais-rp1",
          "nome": "ipc-variacao-media-12-meses-pt-negativo",
          "passou": true,
          "erros": []
        },
        {
          "grupo": "sinais-rp1",
          "nome": "ipc-variacao-media-12-meses-en-negativo",
          "passou": true,
          "erros": []
        },
        {
          "grupo": "sinais-rp1",
          "nome": "ipc-variacao-media-12-meses-pt-zero",
          "passou": true,
          "erros": []
        },
        {
          "grupo": "sinais-rp1",
          "nome": "ipc-variacao-media-12-meses-en-zero",
          "passou": true,
          "erros": []
        },
        {
          "grupo": "sinais-rp1",
          "nome": "ipc-variacao-media-12-meses-pt-positivo",
          "passou": true,
          "erros": []
        },
        {
          "grupo": "sinais-rp1",
          "nome": "ipc-variacao-media-12-meses-en-positivo",
          "passou": true,
          "erros": []
        },
        {
          "grupo": "sinais-rp1",
          "nome": "ipc-alimentacao-variacao-homologa-pt-negativo",
          "passou": true,
          "erros": []
        },
        {
          "grupo": "sinais-rp1",
          "nome": "ipc-alimentacao-variacao-homologa-en-negativo",
          "passou": true,
          "erros": []
        },
        {
          "grupo": "sinais-rp1",
          "nome": "ipc-alimentacao-variacao-homologa-pt-zero",
          "passou": true,
          "erros": []
        },
        {
          "grupo": "sinais-rp1",
          "nome": "ipc-alimentacao-variacao-homologa-en-zero",
          "passou": true,
          "erros": []
        },
        {
          "grupo": "sinais-rp1",
          "nome": "ipc-alimentacao-variacao-homologa-pt-positivo",
          "passou": true,
          "erros": []
        },
        {
          "grupo": "sinais-rp1",
          "nome": "ipc-alimentacao-variacao-homologa-en-positivo",
          "passou": true,
          "erros": []
        },
        {
          "grupo": "sinais-rp1",
          "nome": "ipc-energia-em-casa-variacao-homologa-pt-negativo",
          "passou": true,
          "erros": []
        },
        {
          "grupo": "sinais-rp1",
          "nome": "ipc-energia-em-casa-variacao-homologa-en-negativo",
          "passou": true,
          "erros": []
        },
        {
          "grupo": "sinais-rp1",
          "nome": "ipc-energia-em-casa-variacao-homologa-pt-zero",
          "passou": true,
          "erros": []
        },
        {
          "grupo": "sinais-rp1",
          "nome": "ipc-energia-em-casa-variacao-homologa-en-zero",
          "passou": true,
          "erros": []
        },
        {
          "grupo": "sinais-rp1",
          "nome": "ipc-energia-em-casa-variacao-homologa-pt-positivo",
          "passou": true,
          "erros": []
        },
        {
          "grupo": "sinais-rp1",
          "nome": "ipc-energia-em-casa-variacao-homologa-en-positivo",
          "passou": true,
          "erros": []
        },
        {
          "grupo": "sinais-rp1",
          "nome": "ipc-combustiveis-variacao-homologa-pt-negativo",
          "passou": true,
          "erros": []
        },
        {
          "grupo": "sinais-rp1",
          "nome": "ipc-combustiveis-variacao-homologa-en-negativo",
          "passou": true,
          "erros": []
        },
        {
          "grupo": "sinais-rp1",
          "nome": "ipc-combustiveis-variacao-homologa-pt-zero",
          "passou": true,
          "erros": []
        },
        {
          "grupo": "sinais-rp1",
          "nome": "ipc-combustiveis-variacao-homologa-en-zero",
          "passou": true,
          "erros": []
        },
        {
          "grupo": "sinais-rp1",
          "nome": "ipc-combustiveis-variacao-homologa-pt-positivo",
          "passou": true,
          "erros": []
        },
        {
          "grupo": "sinais-rp1",
          "nome": "ipc-combustiveis-variacao-homologa-en-positivo",
          "passou": true,
          "erros": []
        },
        {
          "grupo": "sinais-rp1",
          "nome": "ihpc-variacao-homologa-pt-negativo",
          "passou": true,
          "erros": []
        },
        {
          "grupo": "sinais-rp1",
          "nome": "ihpc-variacao-homologa-en-negativo",
          "passou": true,
          "erros": []
        },
        {
          "grupo": "sinais-rp1",
          "nome": "ihpc-variacao-homologa-pt-zero",
          "passou": true,
          "erros": []
        },
        {
          "grupo": "sinais-rp1",
          "nome": "ihpc-variacao-homologa-en-zero",
          "passou": true,
          "erros": []
        },
        {
          "grupo": "sinais-rp1",
          "nome": "ihpc-variacao-homologa-pt-positivo",
          "passou": true,
          "erros": []
        },
        {
          "grupo": "sinais-rp1",
          "nome": "ihpc-variacao-homologa-en-positivo",
          "passou": true,
          "erros": []
        },
        {
          "grupo": "sinais-rp1",
          "nome": "ipc-rendas-variacao-homologa-pt-negativo",
          "passou": true,
          "erros": []
        },
        {
          "grupo": "sinais-rp1",
          "nome": "ipc-rendas-variacao-homologa-en-negativo",
          "passou": true,
          "erros": []
        },
        {
          "grupo": "sinais-rp1",
          "nome": "ipc-rendas-variacao-homologa-pt-zero",
          "passou": true,
          "erros": []
        },
        {
          "grupo": "sinais-rp1",
          "nome": "ipc-rendas-variacao-homologa-en-zero",
          "passou": true,
          "erros": []
        },
        {
          "grupo": "sinais-rp1",
          "nome": "ipc-rendas-variacao-homologa-pt-positivo",
          "passou": true,
          "erros": []
        },
        {
          "grupo": "sinais-rp1",
          "nome": "ipc-rendas-variacao-homologa-en-positivo",
          "passou": true,
          "erros": []
        },
        {
          "grupo": "sinais-rp1",
          "nome": "ipc-sem-habitacao-variacao-media-12-meses-pt-negativo",
          "passou": true,
          "erros": []
        },
        {
          "grupo": "sinais-rp1",
          "nome": "ipc-sem-habitacao-variacao-media-12-meses-en-negativo",
          "passou": true,
          "erros": []
        },
        {
          "grupo": "sinais-rp1",
          "nome": "ipc-sem-habitacao-variacao-media-12-meses-pt-zero",
          "passou": true,
          "erros": []
        },
        {
          "grupo": "sinais-rp1",
          "nome": "ipc-sem-habitacao-variacao-media-12-meses-en-zero",
          "passou": true,
          "erros": []
        },
        {
          "grupo": "sinais-rp1",
          "nome": "ipc-sem-habitacao-variacao-media-12-meses-pt-positivo",
          "passou": true,
          "erros": []
        },
        {
          "grupo": "sinais-rp1",
          "nome": "ipc-sem-habitacao-variacao-media-12-meses-en-positivo",
          "passou": true,
          "erros": []
        }
      ],
      "plantas": [
        {
          "grupo": "proveniencia",
          "nome": "dia-errado-pt",
          "codigo": 1,
          "mordida": "valor de proveniência diferente do livro",
          "passou": true,
          "erros": [
            "valor de proveniência diferente do livro"
          ]
        },
        {
          "grupo": "proveniencia",
          "nome": "iso-por-formatar-pt",
          "codigo": 1,
          "mordida": "valor de proveniência diferente do livro",
          "passou": true,
          "erros": [
            "valor de proveniência diferente do livro"
          ]
        },
        {
          "grupo": "proveniencia",
          "nome": "endereco-com-os-mesmos-algarismos-pt",
          "codigo": 1,
          "mordida": "valor de proveniência diferente do livro",
          "passou": true,
          "erros": [
            "valor de proveniência diferente do livro"
          ]
        },
        {
          "grupo": "proveniencia",
          "nome": "dia-errado-en",
          "codigo": 1,
          "mordida": "valor de proveniência diferente do livro",
          "passou": true,
          "erros": [
            "valor de proveniência diferente do livro"
          ]
        },
        {
          "grupo": "proveniencia",
          "nome": "iso-por-formatar-en",
          "codigo": 1,
          "mordida": "valor de proveniência diferente do livro",
          "passou": true,
          "erros": [
            "valor de proveniência diferente do livro"
          ]
        },
        {
          "grupo": "proveniencia",
          "nome": "endereco-com-os-mesmos-algarismos-en",
          "codigo": 1,
          "mordida": "valor de proveniência diferente do livro",
          "passou": true,
          "erros": [
            "valor de proveniência diferente do livro"
          ]
        },
        {
          "grupo": "historico",
          "nome": "entrada-retirada-do-grupo",
          "codigo": 1,
          "mordida": "perdeu ou misturou entradas",
          "passou": true,
          "erros": [
            "C1d: o grupo da história perdeu ou misturou entradas",
            "C1d: a história não mostra cada entrada uma vez"
          ]
        },
        {
          "grupo": "historico",
          "nome": "valor-antigo-retirado",
          "codigo": 1,
          "mordida": "perdeu um campo",
          "passou": true,
          "erros": [
            "C1d: a história perdeu um campo de uma entrada agrupada"
          ]
        },
        {
          "grupo": "historico",
          "nome": "motivo-duplicado",
          "codigo": 1,
          "mordida": "uma só data, natureza e razão",
          "passou": true,
          "erros": [
            "C1d: o grupo não partilha uma só data, natureza e razão"
          ]
        },
        {
          "grupo": "valor-unidade",
          "nome": "cartao-20 600-normal-colado",
          "codigo": 1,
          "mordida": "cola o valor à unidade",
          "passou": true,
          "erros": [
            "I143/I158: o cartão cola o valor à unidade (caso-sintetico)"
          ]
        },
        {
          "grupo": "valor-unidade",
          "nome": "cartao-20 600-fixo-colado",
          "codigo": 1,
          "mordida": "cola o valor à unidade",
          "passou": true,
          "erros": [
            "I143/I158: o cartão cola o valor à unidade (caso-sintetico)"
          ]
        },
        {
          "grupo": "valor-unidade",
          "nome": "cartao-−50,2-normal-colado",
          "codigo": 1,
          "mordida": "cola o valor à unidade",
          "passou": true,
          "erros": [
            "I143/I158: o cartão cola o valor à unidade (caso-sintetico)"
          ]
        },
        {
          "grupo": "valor-unidade",
          "nome": "cartao-−50,2-fixo-colado",
          "codigo": 1,
          "mordida": "cola o valor à unidade",
          "passou": true,
          "erros": [
            "I143/I158: o cartão cola o valor à unidade (caso-sintetico)"
          ]
        },
        {
          "grupo": "valor-unidade",
          "nome": "titulo-20 600-normal-colado",
          "codigo": 1,
          "mordida": "cola o valor à unidade",
          "passou": true,
          "erros": [
            "I143/I158: o valor do recibo cola o valor à unidade (caso-sintetico)"
          ]
        },
        {
          "grupo": "valor-unidade",
          "nome": "titulo-20 600-fixo-colado",
          "codigo": 1,
          "mordida": "cola o valor à unidade",
          "passou": true,
          "erros": [
            "I143/I158: o valor do recibo cola o valor à unidade (caso-sintetico)"
          ]
        },
        {
          "grupo": "valor-unidade",
          "nome": "titulo-−50,2-normal-colado",
          "codigo": 1,
          "mordida": "cola o valor à unidade",
          "passou": true,
          "erros": [
            "I143/I158: o valor do recibo cola o valor à unidade (caso-sintetico)"
          ]
        },
        {
          "grupo": "valor-unidade",
          "nome": "titulo-−50,2-fixo-colado",
          "codigo": 1,
          "mordida": "cola o valor à unidade",
          "passou": true,
          "erros": [
            "I143/I158: o valor do recibo cola o valor à unidade (caso-sintetico)"
          ]
        },
        {
          "grupo": "valor-unidade",
          "nome": "seletor-deixou-de-casar",
          "codigo": 1,
          "mordida": "seletor não conferiu",
          "passou": true,
          "erros": [
            "I143/I158: o seletor não conferiu todos os cartões declarados"
          ]
        },
        {
          "grupo": "valor-unidade",
          "nome": "marca-com-unidade",
          "codigo": 1,
          "mordida": "marca sem valor publicado",
          "passou": true,
          "erros": [
            "I143/I158: uma marca sem valor publicado traz valor ou unidade"
          ]
        },
        {
          "grupo": "valor-unidade",
          "nome": "quantidade-sem-valor",
          "codigo": 1,
          "mordida": "faltam o valor ou a unidade",
          "passou": true,
          "erros": [
            "I143/I158: faltam o valor ou a unidade na quantidade"
          ]
        },
        {
          "grupo": "valor-unidade",
          "nome": "unidade-da-casa-colada",
          "codigo": 1,
          "mordida": "cola o valor à unidade",
          "passou": true,
          "erros": [
            "I143/I158: o cartão cola o valor à unidade (caso-sintetico)"
          ]
        },
        {
          "grupo": "valor-unidade",
          "nome": "contagem-com-prova-v2-colada",
          "codigo": 1,
          "mordida": "cola o valor à unidade",
          "passou": true,
          "erros": [
            "I143/I158: o cartão cola o valor à unidade (undefined)"
          ]
        },
        {
          "grupo": "forma-encontrada",
          "nome": "pt-ponto",
          "codigo": 1,
          "mordida": "forma do valor encontrado",
          "passou": true,
          "erros": [
            "forma do valor encontrado diferente da casa"
          ]
        },
        {
          "grupo": "forma-encontrada",
          "nome": "pt-sinal",
          "codigo": 1,
          "mordida": "forma do valor encontrado",
          "passou": true,
          "erros": [
            "forma do valor encontrado diferente da casa"
          ]
        },
        {
          "grupo": "forma-encontrada",
          "nome": "pt-precisao",
          "codigo": 1,
          "mordida": "forma do valor encontrado",
          "passou": true,
          "erros": [
            "forma do valor encontrado diferente da casa"
          ]
        },
        {
          "grupo": "forma-encontrada",
          "nome": "pt-separador",
          "codigo": 1,
          "mordida": "forma do valor encontrado",
          "passou": true,
          "erros": [
            "forma do valor encontrado diferente da casa"
          ]
        },
        {
          "grupo": "forma-encontrada",
          "nome": "en-ponto",
          "codigo": 1,
          "mordida": "forma do valor encontrado",
          "passou": true,
          "erros": [
            "forma do valor encontrado diferente da casa"
          ]
        },
        {
          "grupo": "forma-encontrada",
          "nome": "en-sinal",
          "codigo": 1,
          "mordida": "forma do valor encontrado",
          "passou": true,
          "erros": [
            "forma do valor encontrado diferente da casa"
          ]
        },
        {
          "grupo": "forma-encontrada",
          "nome": "en-precisao",
          "codigo": 1,
          "mordida": "forma do valor encontrado",
          "passou": true,
          "erros": [
            "forma do valor encontrado diferente da casa"
          ]
        },
        {
          "grupo": "forma-encontrada",
          "nome": "en-separador",
          "codigo": 1,
          "mordida": "forma do valor encontrado",
          "passou": true,
          "erros": [
            "forma do valor encontrado diferente da casa"
          ]
        },
        {
          "grupo": "verificacao",
          "nome": "pt-rotulo-vazio-em-desacordo",
          "codigo": 1,
          "mordida": "rótulo correspondente",
          "passou": true,
          "erros": [
            "C1d: a ausência de releitura não tem o rótulo correspondente"
          ]
        },
        {
          "grupo": "verificacao",
          "nome": "pt-frase-vazia-em-desacordo",
          "codigo": 1,
          "mordida": "ausência de segunda leitura",
          "passou": true,
          "erros": [
            "C1: a ausência de segunda leitura não corresponde ao registo"
          ]
        },
        {
          "grupo": "verificacao",
          "nome": "pt-promete-recalculo-sem-expressao",
          "codigo": 1,
          "mordida": "ausência de segunda leitura",
          "passou": true,
          "erros": [
            "C1: a ausência de segunda leitura não corresponde ao registo"
          ]
        },
        {
          "grupo": "verificacao",
          "nome": "pt-calculada-diz-ainda-nenhuma",
          "codigo": 1,
          "mordida": "ausência de segunda leitura",
          "passou": true,
          "erros": [
            "C1: a ausência de segunda leitura não corresponde ao registo"
          ]
        },
        {
          "grupo": "verificacao",
          "nome": "pt-omite-valor-em-uso",
          "codigo": 1,
          "mordida": "qual é o valor em uso",
          "passou": true,
          "erros": [
            "C1c: a divergência não diz corretamente qual é o valor em uso"
          ]
        },
        {
          "grupo": "verificacao",
          "nome": "pt-inventa-diferenca-do-valor-em-uso",
          "codigo": 1,
          "mordida": "qual é o valor em uso",
          "passou": true,
          "erros": [
            "C1c: a divergência não diz corretamente qual é o valor em uso"
          ]
        },
        {
          "grupo": "verificacao",
          "nome": "pt-tentativa-exagera-sem resposta a esse pedido",
          "codigo": 1,
          "mordida": "ausência de valor lido",
          "passou": true,
          "erros": [
            "C1e: a tentativa afirma mais do que a ausência de valor lido"
          ]
        },
        {
          "grupo": "verificacao",
          "nome": "pt-tentativa-exagera-não foi possível reler o número nesse dia",
          "codigo": 1,
          "mordida": "ausência de valor lido",
          "passou": true,
          "erros": [
            "C1e: a tentativa afirma mais do que a ausência de valor lido"
          ]
        },
        {
          "grupo": "verificacao",
          "nome": "pt-nega-releitura-registada",
          "codigo": 1,
          "mordida": "ausência de segunda leitura",
          "passou": true,
          "erros": [
            "C1: a ausência de segunda leitura não corresponde ao registo"
          ]
        },
        {
          "grupo": "verificacao",
          "nome": "pt-omite-ainda-sem-segunda-leitura",
          "codigo": 1,
          "mordida": "ausência de segunda leitura",
          "passou": true,
          "erros": [
            "C1: a ausência de segunda leitura não corresponde ao registo"
          ]
        },
        {
          "grupo": "verificacao",
          "nome": "pt-inventa-segunda-leitura",
          "codigo": 1,
          "mordida": "segunda leitura sem entrada",
          "passou": true,
          "erros": [
            "C1: segunda leitura sem entrada no registo"
          ]
        },
        {
          "grupo": "verificacao",
          "nome": "pt-ficheiro-apresentado-como-numero",
          "codigo": 1,
          "mordida": "não distingue a leitura do número",
          "passou": true,
          "erros": [
            "C1: o recibo não distingue a leitura do número da leitura do ficheiro"
          ]
        },
        {
          "grupo": "verificacao",
          "nome": "pt-numero-apresentado-como-ficheiro",
          "codigo": 1,
          "mordida": "não distingue a leitura do número",
          "passou": true,
          "erros": [
            "C1: o recibo não distingue a leitura do número da leitura do ficheiro"
          ]
        },
        {
          "grupo": "verificacao",
          "nome": "pt-falsa-atualizacao",
          "codigo": 1,
          "mordida": "não aponta para a atualização",
          "passou": true,
          "erros": [
            "C1c: a divergência não diz corretamente qual é o valor em uso",
            "C1: a segunda leitura não aponta para a atualização do valor encontrado"
          ]
        },
        {
          "grupo": "verificacao",
          "nome": "pt-atualizacao-sem-porta",
          "codigo": 1,
          "mordida": "não aponta para a atualização",
          "passou": true,
          "erros": [
            "C1: a segunda leitura não aponta para a atualização do valor encontrado"
          ]
        },
        {
          "grupo": "verificacao",
          "nome": "pt-atualizacao-com-porta-errada",
          "codigo": 1,
          "mordida": "não aponta para a atualização",
          "passou": true,
          "erros": [
            "C1: a segunda leitura não aponta para a atualização do valor encontrado"
          ]
        },
        {
          "grupo": "verificacao",
          "nome": "pt-atualizacao-sem-destino",
          "codigo": 1,
          "mordida": "atualização sem destino",
          "passou": true,
          "erros": [
            "C1: atualização sem destino na história"
          ]
        },
        {
          "grupo": "verificacao",
          "nome": "pt-correcao-apresentada-como-atualizacao",
          "codigo": 1,
          "mordida": "não aponta para a atualização",
          "passou": true,
          "erros": [
            "C1: a segunda leitura não aponta para a atualização do valor encontrado"
          ]
        },
        {
          "grupo": "verificacao",
          "nome": "pt-atualizacao-de-outro-valor",
          "codigo": 1,
          "mordida": "não aponta para a atualização",
          "passou": true,
          "erros": [
            "C1: a segunda leitura não aponta para a atualização do valor encontrado"
          ]
        },
        {
          "grupo": "verificacao",
          "nome": "en-rotulo-vazio-em-desacordo",
          "codigo": 1,
          "mordida": "rótulo correspondente",
          "passou": true,
          "erros": [
            "C1d: a ausência de releitura não tem o rótulo correspondente"
          ]
        },
        {
          "grupo": "verificacao",
          "nome": "en-frase-vazia-em-desacordo",
          "codigo": 1,
          "mordida": "ausência de segunda leitura",
          "passou": true,
          "erros": [
            "C1: a ausência de segunda leitura não corresponde ao registo"
          ]
        },
        {
          "grupo": "verificacao",
          "nome": "en-promete-recalculo-sem-expressao",
          "codigo": 1,
          "mordida": "ausência de segunda leitura",
          "passou": true,
          "erros": [
            "C1: a ausência de segunda leitura não corresponde ao registo"
          ]
        },
        {
          "grupo": "verificacao",
          "nome": "en-calculada-diz-ainda-nenhuma",
          "codigo": 1,
          "mordida": "ausência de segunda leitura",
          "passou": true,
          "erros": [
            "C1: a ausência de segunda leitura não corresponde ao registo"
          ]
        },
        {
          "grupo": "verificacao",
          "nome": "en-omite-valor-em-uso",
          "codigo": 1,
          "mordida": "qual é o valor em uso",
          "passou": true,
          "erros": [
            "C1c: a divergência não diz corretamente qual é o valor em uso"
          ]
        },
        {
          "grupo": "verificacao",
          "nome": "en-inventa-diferenca-do-valor-em-uso",
          "codigo": 1,
          "mordida": "qual é o valor em uso",
          "passou": true,
          "erros": [
            "C1c: a divergência não diz corretamente qual é o valor em uso"
          ]
        },
        {
          "grupo": "verificacao",
          "nome": "en-tentativa-exagera-with no answer to that request",
          "codigo": 1,
          "mordida": "ausência de valor lido",
          "passou": true,
          "erros": [
            "C1e: a tentativa afirma mais do que a ausência de valor lido"
          ]
        },
        {
          "grupo": "verificacao",
          "nome": "en-tentativa-exagera-the number could not be re-read that day",
          "codigo": 1,
          "mordida": "ausência de valor lido",
          "passou": true,
          "erros": [
            "C1e: a tentativa afirma mais do que a ausência de valor lido"
          ]
        },
        {
          "grupo": "verificacao",
          "nome": "en-nega-releitura-registada",
          "codigo": 1,
          "mordida": "ausência de segunda leitura",
          "passou": true,
          "erros": [
            "C1: a ausência de segunda leitura não corresponde ao registo"
          ]
        },
        {
          "grupo": "verificacao",
          "nome": "en-omite-ainda-sem-segunda-leitura",
          "codigo": 1,
          "mordida": "ausência de segunda leitura",
          "passou": true,
          "erros": [
            "C1: a ausência de segunda leitura não corresponde ao registo"
          ]
        },
        {
          "grupo": "verificacao",
          "nome": "en-inventa-segunda-leitura",
          "codigo": 1,
          "mordida": "segunda leitura sem entrada",
          "passou": true,
          "erros": [
            "C1: segunda leitura sem entrada no registo"
          ]
        },
        {
          "grupo": "verificacao",
          "nome": "en-ficheiro-apresentado-como-numero",
          "codigo": 1,
          "mordida": "não distingue a leitura do número",
          "passou": true,
          "erros": [
            "C1: o recibo não distingue a leitura do número da leitura do ficheiro"
          ]
        },
        {
          "grupo": "verificacao",
          "nome": "en-numero-apresentado-como-ficheiro",
          "codigo": 1,
          "mordida": "não distingue a leitura do número",
          "passou": true,
          "erros": [
            "C1: o recibo não distingue a leitura do número da leitura do ficheiro"
          ]
        },
        {
          "grupo": "verificacao",
          "nome": "en-falsa-atualizacao",
          "codigo": 1,
          "mordida": "não aponta para a atualização",
          "passou": true,
          "erros": [
            "C1c: a divergência não diz corretamente qual é o valor em uso",
            "C1: a segunda leitura não aponta para a atualização do valor encontrado"
          ]
        },
        {
          "grupo": "verificacao",
          "nome": "en-atualizacao-sem-porta",
          "codigo": 1,
          "mordida": "não aponta para a atualização",
          "passou": true,
          "erros": [
            "C1: a segunda leitura não aponta para a atualização do valor encontrado"
          ]
        },
        {
          "grupo": "verificacao",
          "nome": "en-atualizacao-com-porta-errada",
          "codigo": 1,
          "mordida": "não aponta para a atualização",
          "passou": true,
          "erros": [
            "C1: a segunda leitura não aponta para a atualização do valor encontrado"
          ]
        },
        {
          "grupo": "verificacao",
          "nome": "en-atualizacao-sem-destino",
          "codigo": 1,
          "mordida": "atualização sem destino",
          "passou": true,
          "erros": [
            "C1: atualização sem destino na história"
          ]
        },
        {
          "grupo": "verificacao",
          "nome": "en-correcao-apresentada-como-atualizacao",
          "codigo": 1,
          "mordida": "não aponta para a atualização",
          "passou": true,
          "erros": [
            "C1: a segunda leitura não aponta para a atualização do valor encontrado"
          ]
        },
        {
          "grupo": "verificacao",
          "nome": "en-atualizacao-de-outro-valor",
          "codigo": 1,
          "mordida": "não aponta para a atualização",
          "passou": true,
          "erros": [
            "C1: a segunda leitura não aponta para a atualização do valor encontrado"
          ]
        },
        {
          "grupo": "releitura-anterior",
          "nome": "pt-confirma-o-valor-atual",
          "codigo": 1,
          "mordida": "valor anterior que confirmou",
          "passou": true,
          "erros": [
            "C1d: a releitura não identifica o valor anterior que confirmou"
          ]
        },
        {
          "grupo": "releitura-anterior",
          "nome": "pt-omite-o-valor-anterior",
          "codigo": 1,
          "mordida": "valor anterior que confirmou",
          "passou": true,
          "erros": [
            "C1d: a releitura não identifica o valor anterior que confirmou"
          ]
        },
        {
          "grupo": "releitura-anterior",
          "nome": "en-confirma-o-valor-atual",
          "codigo": 1,
          "mordida": "valor anterior que confirmou",
          "passou": true,
          "erros": [
            "C1d: a releitura não identifica o valor anterior que confirmou"
          ]
        },
        {
          "grupo": "releitura-anterior",
          "nome": "en-omite-o-valor-anterior",
          "codigo": 1,
          "mordida": "valor anterior que confirmou",
          "passou": true,
          "erros": [
            "C1d: a releitura não identifica o valor anterior que confirmou"
          ]
        },
        {
          "grupo": "valor-estimado",
          "nome": "pt-marca-omitida",
          "codigo": 1,
          "mordida": "bandeira",
          "passou": true,
          "erros": [
            "K17 · /ensaio-estimativa · despesa-em-id-2024: as linhas com bandeira e as palavras de ressalva não coincidem"
          ]
        },
        {
          "grupo": "valor-estimado",
          "nome": "en-marca-omitida",
          "codigo": 1,
          "mordida": "bandeira",
          "passou": true,
          "erros": [
            "K17 · /ensaio-estimativa · despesa-em-id-2024: as linhas com bandeira e as palavras de ressalva não coincidem"
          ]
        },
        {
          "grupo": "leituras",
          "nome": "pt-ipc-variacao-homologa-negativo-frase-positiva-fixa",
          "codigo": 1,
          "mordida": "os ramos ou os valores rendidos não são os que a conta desta célula manda",
          "passou": true,
          "erros": [
            "K17 · /ensaio-sintetico · ipc-variacao-homologa: o texto rendido difere do que o resolvedor dá: «Em agosto de 2026 os preços no consumidor estavam, em méd…» contra «Em agosto de 2026 os preços no consumidor estavam, em méd…»",
            "K17 · /ensaio-sintetico · ipc-variacao-homologa: os ramos ou os valores rendidos não são os que a conta desta célula manda: «Em agosto de 2026 os preços no consumidor estavam, em méd…» contra «Em agosto de 2026 os preços no consumidor estavam, em méd…»",
            "K17 · /ensaio-sintetico · ipc-variacao-homologa: a metade à vista não é a comparação que o corte desta célula dá: «A variação é menor do que a do mês anterior. O objetivo d…» contra «A variação é menor do que a do mês anterior. O objetivo d…»"
          ]
        },
        {
          "grupo": "leituras",
          "nome": "pt-ihpc-variacao-homologa-taxas-negativas-maior-frase-positiva-fixa",
          "codigo": 1,
          "mordida": "os ramos ou os valores rendidos não são os que a conta desta célula manda",
          "passou": true,
          "erros": [
            "K17 · /ensaio-sintetico · ihpc-variacao-homologa: o texto rendido difere do que o resolvedor dá: «Em agosto de 2026 os preços em Portugal estavam, na medid…» contra «Em agosto de 2026 os preços em Portugal estavam, na medid…»",
            "K17 · /ensaio-sintetico · ihpc-variacao-homologa: os ramos ou os valores rendidos não são os que a conta desta célula manda: «Em agosto de 2026 os preços em Portugal estavam, na medid…» contra «Em agosto de 2026 os preços em Portugal estavam, na medid…»",
            "K17 · /ensaio-sintetico · ihpc-variacao-homologa: a metade à vista não é a comparação que o corte desta célula dá: «A variação é maior do que a da média da União Europeia. O…» contra «A variação é maior do que a da média da União Europeia. O…»"
          ]
        },
        {
          "grupo": "leituras",
          "nome": "pt-ihpc-variacao-homologa-taxas-negativas-menor-frase-positiva-fixa",
          "codigo": 1,
          "mordida": "os ramos ou os valores rendidos não são os que a conta desta célula manda",
          "passou": true,
          "erros": [
            "K17 · /ensaio-sintetico · ihpc-variacao-homologa: o texto rendido difere do que o resolvedor dá: «Em agosto de 2026 os preços em Portugal estavam, na medid…» contra «Em agosto de 2026 os preços em Portugal estavam, na medid…»",
            "K17 · /ensaio-sintetico · ihpc-variacao-homologa: os ramos ou os valores rendidos não são os que a conta desta célula manda: «Em agosto de 2026 os preços em Portugal estavam, na medid…» contra «Em agosto de 2026 os preços em Portugal estavam, na medid…»",
            "K17 · /ensaio-sintetico · ihpc-variacao-homologa: a metade à vista não é a comparação que o corte desta célula dá: «A variação é menor do que a da média da União Europeia. O…» contra «A variação é menor do que a da média da União Europeia. O…»"
          ]
        },
        {
          "grupo": "leituras",
          "nome": "pt-ihpc-variacao-homologa-taxas-negativas-igual-frase-positiva-fixa",
          "codigo": 1,
          "mordida": "os ramos ou os valores rendidos não são os que a conta desta célula manda",
          "passou": true,
          "erros": [
            "K17 · /ensaio-sintetico · ihpc-variacao-homologa: o texto rendido difere do que o resolvedor dá: «Em agosto de 2026 os preços em Portugal estavam, na medid…» contra «Em agosto de 2026 os preços em Portugal estavam, na medid…»",
            "K17 · /ensaio-sintetico · ihpc-variacao-homologa: os ramos ou os valores rendidos não são os que a conta desta célula manda: «Em agosto de 2026 os preços em Portugal estavam, na medid…» contra «Em agosto de 2026 os preços em Portugal estavam, na medid…»",
            "K17 · /ensaio-sintetico · ihpc-variacao-homologa: a metade à vista não é a comparação que o corte desta célula dá: «A variação é igual à da média da União Europeia. O Banco …» contra «A variação é igual à da média da União Europeia. O Banco …»"
          ]
        },
        {
          "grupo": "leituras",
          "nome": "en-ipc-variacao-homologa-negativo-frase-positiva-fixa",
          "codigo": 1,
          "mordida": "os ramos ou os valores rendidos não são os que a conta desta célula manda",
          "passou": true,
          "erros": [
            "K17 · /ensaio-sintetico · ipc-variacao-homologa: o texto rendido difere do que o resolvedor dá: «In August 2026 consumer prices were, on average, −0,5 % c…» contra «In August 2026 consumer prices were, on average, −0,5 % c…»",
            "K17 · /ensaio-sintetico · ipc-variacao-homologa: os ramos ou os valores rendidos não são os que a conta desta célula manda: «In August 2026 consumer prices were, on average, −0,5 % c…» contra «In August 2026 consumer prices were, on average, −0,5 % c…»",
            "K17 · /ensaio-sintetico · ipc-variacao-homologa: a metade à vista não é a comparação que o corte desta célula dá: «The change is smaller than the previous month’s. The Euro…» contra «The change is smaller than the previous month’s. The Euro…»"
          ]
        },
        {
          "grupo": "leituras",
          "nome": "en-ihpc-variacao-homologa-taxas-negativas-maior-frase-positiva-fixa",
          "codigo": 1,
          "mordida": "os ramos ou os valores rendidos não são os que a conta desta célula manda",
          "passou": true,
          "erros": [
            "K17 · /ensaio-sintetico · ihpc-variacao-homologa: o texto rendido difere do que o resolvedor dá: «In August 2026 prices in Portugal were, on the harmonised…» contra «In August 2026 prices in Portugal were, on the harmonised…»",
            "K17 · /ensaio-sintetico · ihpc-variacao-homologa: os ramos ou os valores rendidos não são os que a conta desta célula manda: «In August 2026 prices in Portugal were, on the harmonised…» contra «In August 2026 prices in Portugal were, on the harmonised…»",
            "K17 · /ensaio-sintetico · ihpc-variacao-homologa: a metade à vista não é a comparação que o corte desta célula dá: «The change is larger than the European Union average. The…» contra «The change is larger than the European Union average. The…»"
          ]
        },
        {
          "grupo": "leituras",
          "nome": "en-ihpc-variacao-homologa-taxas-negativas-menor-frase-positiva-fixa",
          "codigo": 1,
          "mordida": "os ramos ou os valores rendidos não são os que a conta desta célula manda",
          "passou": true,
          "erros": [
            "K17 · /ensaio-sintetico · ihpc-variacao-homologa: o texto rendido difere do que o resolvedor dá: «In August 2026 prices in Portugal were, on the harmonised…» contra «In August 2026 prices in Portugal were, on the harmonised…»",
            "K17 · /ensaio-sintetico · ihpc-variacao-homologa: os ramos ou os valores rendidos não são os que a conta desta célula manda: «In August 2026 prices in Portugal were, on the harmonised…» contra «In August 2026 prices in Portugal were, on the harmonised…»",
            "K17 · /ensaio-sintetico · ihpc-variacao-homologa: a metade à vista não é a comparação que o corte desta célula dá: «The change is smaller than the European Union average. Th…» contra «The change is smaller than the European Union average. Th…»"
          ]
        },
        {
          "grupo": "leituras",
          "nome": "en-ihpc-variacao-homologa-taxas-negativas-igual-frase-positiva-fixa",
          "codigo": 1,
          "mordida": "os ramos ou os valores rendidos não são os que a conta desta célula manda",
          "passou": true,
          "erros": [
            "K17 · /ensaio-sintetico · ihpc-variacao-homologa: o texto rendido difere do que o resolvedor dá: «In August 2026 prices in Portugal were, on the harmonised…» contra «In August 2026 prices in Portugal were, on the harmonised…»",
            "K17 · /ensaio-sintetico · ihpc-variacao-homologa: os ramos ou os valores rendidos não são os que a conta desta célula manda: «In August 2026 prices in Portugal were, on the harmonised…» contra «In August 2026 prices in Portugal were, on the harmonised…»",
            "K17 · /ensaio-sintetico · ihpc-variacao-homologa: a metade à vista não é a comparação que o corte desta célula dá: «The change is the same as the European Union average. The…» contra «The change is the same as the European Union average. The…»"
          ]
        },
        {
          "grupo": "sinais-rp1",
          "nome": "ipc-variacao-homologa-pt-negativo-troca-coerente",
          "codigo": 1,
          "mordida": "palavra não corresponde ao sinal",
          "passou": true,
          "erros": [
            "a palavra não corresponde ao sinal selado"
          ]
        },
        {
          "grupo": "sinais-rp1",
          "nome": "ipc-variacao-homologa-en-negativo-troca-coerente",
          "codigo": 1,
          "mordida": "palavra não corresponde ao sinal",
          "passou": true,
          "erros": [
            "a palavra não corresponde ao sinal selado"
          ]
        },
        {
          "grupo": "sinais-rp1",
          "nome": "ipc-variacao-homologa-pt-zero-troca-coerente",
          "codigo": 1,
          "mordida": "palavra não corresponde ao sinal",
          "passou": true,
          "erros": [
            "a palavra não corresponde ao sinal selado"
          ]
        },
        {
          "grupo": "sinais-rp1",
          "nome": "ipc-variacao-homologa-en-zero-troca-coerente",
          "codigo": 1,
          "mordida": "palavra não corresponde ao sinal",
          "passou": true,
          "erros": [
            "a palavra não corresponde ao sinal selado"
          ]
        },
        {
          "grupo": "sinais-rp1",
          "nome": "ipc-variacao-homologa-pt-positivo-troca-coerente",
          "codigo": 1,
          "mordida": "palavra não corresponde ao sinal",
          "passou": true,
          "erros": [
            "a palavra não corresponde ao sinal selado"
          ]
        },
        {
          "grupo": "sinais-rp1",
          "nome": "ipc-variacao-homologa-en-positivo-troca-coerente",
          "codigo": 1,
          "mordida": "palavra não corresponde ao sinal",
          "passou": true,
          "erros": [
            "a palavra não corresponde ao sinal selado"
          ]
        },
        {
          "grupo": "sinais-rp1",
          "nome": "ipc-variacao-media-12-meses-pt-negativo-troca-coerente",
          "codigo": 1,
          "mordida": "palavra não corresponde ao sinal",
          "passou": true,
          "erros": [
            "a palavra não corresponde ao sinal selado"
          ]
        },
        {
          "grupo": "sinais-rp1",
          "nome": "ipc-variacao-media-12-meses-en-negativo-troca-coerente",
          "codigo": 1,
          "mordida": "palavra não corresponde ao sinal",
          "passou": true,
          "erros": [
            "a palavra não corresponde ao sinal selado"
          ]
        },
        {
          "grupo": "sinais-rp1",
          "nome": "ipc-variacao-media-12-meses-pt-zero-troca-coerente",
          "codigo": 1,
          "mordida": "palavra não corresponde ao sinal",
          "passou": true,
          "erros": [
            "a palavra não corresponde ao sinal selado"
          ]
        },
        {
          "grupo": "sinais-rp1",
          "nome": "ipc-variacao-media-12-meses-en-zero-troca-coerente",
          "codigo": 1,
          "mordida": "palavra não corresponde ao sinal",
          "passou": true,
          "erros": [
            "a palavra não corresponde ao sinal selado"
          ]
        },
        {
          "grupo": "sinais-rp1",
          "nome": "ipc-variacao-media-12-meses-pt-positivo-troca-coerente",
          "codigo": 1,
          "mordida": "palavra não corresponde ao sinal",
          "passou": true,
          "erros": [
            "a palavra não corresponde ao sinal selado"
          ]
        },
        {
          "grupo": "sinais-rp1",
          "nome": "ipc-variacao-media-12-meses-en-positivo-troca-coerente",
          "codigo": 1,
          "mordida": "palavra não corresponde ao sinal",
          "passou": true,
          "erros": [
            "a palavra não corresponde ao sinal selado"
          ]
        },
        {
          "grupo": "sinais-rp1",
          "nome": "ipc-alimentacao-variacao-homologa-pt-negativo-troca-coerente",
          "codigo": 1,
          "mordida": "palavra não corresponde ao sinal",
          "passou": true,
          "erros": [
            "a palavra não corresponde ao sinal selado"
          ]
        },
        {
          "grupo": "sinais-rp1",
          "nome": "ipc-alimentacao-variacao-homologa-en-negativo-troca-coerente",
          "codigo": 1,
          "mordida": "palavra não corresponde ao sinal",
          "passou": true,
          "erros": [
            "a palavra não corresponde ao sinal selado"
          ]
        },
        {
          "grupo": "sinais-rp1",
          "nome": "ipc-alimentacao-variacao-homologa-pt-zero-troca-coerente",
          "codigo": 1,
          "mordida": "palavra não corresponde ao sinal",
          "passou": true,
          "erros": [
            "a palavra não corresponde ao sinal selado"
          ]
        },
        {
          "grupo": "sinais-rp1",
          "nome": "ipc-alimentacao-variacao-homologa-en-zero-troca-coerente",
          "codigo": 1,
          "mordida": "palavra não corresponde ao sinal",
          "passou": true,
          "erros": [
            "a palavra não corresponde ao sinal selado"
          ]
        },
        {
          "grupo": "sinais-rp1",
          "nome": "ipc-alimentacao-variacao-homologa-pt-positivo-troca-coerente",
          "codigo": 1,
          "mordida": "palavra não corresponde ao sinal",
          "passou": true,
          "erros": [
            "a palavra não corresponde ao sinal selado"
          ]
        },
        {
          "grupo": "sinais-rp1",
          "nome": "ipc-alimentacao-variacao-homologa-en-positivo-troca-coerente",
          "codigo": 1,
          "mordida": "palavra não corresponde ao sinal",
          "passou": true,
          "erros": [
            "a palavra não corresponde ao sinal selado"
          ]
        },
        {
          "grupo": "sinais-rp1",
          "nome": "ipc-energia-em-casa-variacao-homologa-pt-negativo-troca-coerente",
          "codigo": 1,
          "mordida": "palavra não corresponde ao sinal",
          "passou": true,
          "erros": [
            "a palavra não corresponde ao sinal selado"
          ]
        },
        {
          "grupo": "sinais-rp1",
          "nome": "ipc-energia-em-casa-variacao-homologa-en-negativo-troca-coerente",
          "codigo": 1,
          "mordida": "palavra não corresponde ao sinal",
          "passou": true,
          "erros": [
            "a palavra não corresponde ao sinal selado"
          ]
        },
        {
          "grupo": "sinais-rp1",
          "nome": "ipc-energia-em-casa-variacao-homologa-pt-zero-troca-coerente",
          "codigo": 1,
          "mordida": "palavra não corresponde ao sinal",
          "passou": true,
          "erros": [
            "a palavra não corresponde ao sinal selado"
          ]
        },
        {
          "grupo": "sinais-rp1",
          "nome": "ipc-energia-em-casa-variacao-homologa-en-zero-troca-coerente",
          "codigo": 1,
          "mordida": "palavra não corresponde ao sinal",
          "passou": true,
          "erros": [
            "a palavra não corresponde ao sinal selado"
          ]
        },
        {
          "grupo": "sinais-rp1",
          "nome": "ipc-energia-em-casa-variacao-homologa-pt-positivo-troca-coerente",
          "codigo": 1,
          "mordida": "palavra não corresponde ao sinal",
          "passou": true,
          "erros": [
            "a palavra não corresponde ao sinal selado"
          ]
        },
        {
          "grupo": "sinais-rp1",
          "nome": "ipc-energia-em-casa-variacao-homologa-en-positivo-troca-coerente",
          "codigo": 1,
          "mordida": "palavra não corresponde ao sinal",
          "passou": true,
          "erros": [
            "a palavra não corresponde ao sinal selado"
          ]
        },
        {
          "grupo": "sinais-rp1",
          "nome": "ipc-combustiveis-variacao-homologa-pt-negativo-troca-coerente",
          "codigo": 1,
          "mordida": "palavra não corresponde ao sinal",
          "passou": true,
          "erros": [
            "a palavra não corresponde ao sinal selado"
          ]
        },
        {
          "grupo": "sinais-rp1",
          "nome": "ipc-combustiveis-variacao-homologa-en-negativo-troca-coerente",
          "codigo": 1,
          "mordida": "palavra não corresponde ao sinal",
          "passou": true,
          "erros": [
            "a palavra não corresponde ao sinal selado"
          ]
        },
        {
          "grupo": "sinais-rp1",
          "nome": "ipc-combustiveis-variacao-homologa-pt-zero-troca-coerente",
          "codigo": 1,
          "mordida": "palavra não corresponde ao sinal",
          "passou": true,
          "erros": [
            "a palavra não corresponde ao sinal selado"
          ]
        },
        {
          "grupo": "sinais-rp1",
          "nome": "ipc-combustiveis-variacao-homologa-en-zero-troca-coerente",
          "codigo": 1,
          "mordida": "palavra não corresponde ao sinal",
          "passou": true,
          "erros": [
            "a palavra não corresponde ao sinal selado"
          ]
        },
        {
          "grupo": "sinais-rp1",
          "nome": "ipc-combustiveis-variacao-homologa-pt-positivo-troca-coerente",
          "codigo": 1,
          "mordida": "palavra não corresponde ao sinal",
          "passou": true,
          "erros": [
            "a palavra não corresponde ao sinal selado"
          ]
        },
        {
          "grupo": "sinais-rp1",
          "nome": "ipc-combustiveis-variacao-homologa-en-positivo-troca-coerente",
          "codigo": 1,
          "mordida": "palavra não corresponde ao sinal",
          "passou": true,
          "erros": [
            "a palavra não corresponde ao sinal selado"
          ]
        },
        {
          "grupo": "sinais-rp1",
          "nome": "ihpc-variacao-homologa-pt-negativo-troca-coerente",
          "codigo": 1,
          "mordida": "palavra não corresponde ao sinal",
          "passou": true,
          "erros": [
            "a palavra não corresponde ao sinal selado"
          ]
        },
        {
          "grupo": "sinais-rp1",
          "nome": "ihpc-variacao-homologa-en-negativo-troca-coerente",
          "codigo": 1,
          "mordida": "palavra não corresponde ao sinal",
          "passou": true,
          "erros": [
            "a palavra não corresponde ao sinal selado"
          ]
        },
        {
          "grupo": "sinais-rp1",
          "nome": "ihpc-variacao-homologa-pt-zero-troca-coerente",
          "codigo": 1,
          "mordida": "palavra não corresponde ao sinal",
          "passou": true,
          "erros": [
            "a palavra não corresponde ao sinal selado"
          ]
        },
        {
          "grupo": "sinais-rp1",
          "nome": "ihpc-variacao-homologa-en-zero-troca-coerente",
          "codigo": 1,
          "mordida": "palavra não corresponde ao sinal",
          "passou": true,
          "erros": [
            "a palavra não corresponde ao sinal selado"
          ]
        },
        {
          "grupo": "sinais-rp1",
          "nome": "ihpc-variacao-homologa-pt-positivo-troca-coerente",
          "codigo": 1,
          "mordida": "palavra não corresponde ao sinal",
          "passou": true,
          "erros": [
            "a palavra não corresponde ao sinal selado"
          ]
        },
        {
          "grupo": "sinais-rp1",
          "nome": "ihpc-variacao-homologa-en-positivo-troca-coerente",
          "codigo": 1,
          "mordida": "palavra não corresponde ao sinal",
          "passou": true,
          "erros": [
            "a palavra não corresponde ao sinal selado"
          ]
        },
        {
          "grupo": "sinais-rp1",
          "nome": "ipc-rendas-variacao-homologa-pt-negativo-troca-coerente",
          "codigo": 1,
          "mordida": "palavra não corresponde ao sinal",
          "passou": true,
          "erros": [
            "a palavra não corresponde ao sinal selado"
          ]
        },
        {
          "grupo": "sinais-rp1",
          "nome": "ipc-rendas-variacao-homologa-en-negativo-troca-coerente",
          "codigo": 1,
          "mordida": "palavra não corresponde ao sinal",
          "passou": true,
          "erros": [
            "a palavra não corresponde ao sinal selado"
          ]
        },
        {
          "grupo": "sinais-rp1",
          "nome": "ipc-rendas-variacao-homologa-pt-zero-troca-coerente",
          "codigo": 1,
          "mordida": "palavra não corresponde ao sinal",
          "passou": true,
          "erros": [
            "a palavra não corresponde ao sinal selado"
          ]
        },
        {
          "grupo": "sinais-rp1",
          "nome": "ipc-rendas-variacao-homologa-en-zero-troca-coerente",
          "codigo": 1,
          "mordida": "palavra não corresponde ao sinal",
          "passou": true,
          "erros": [
            "a palavra não corresponde ao sinal selado"
          ]
        },
        {
          "grupo": "sinais-rp1",
          "nome": "ipc-rendas-variacao-homologa-pt-positivo-troca-coerente",
          "codigo": 1,
          "mordida": "palavra não corresponde ao sinal",
          "passou": true,
          "erros": [
            "a palavra não corresponde ao sinal selado"
          ]
        },
        {
          "grupo": "sinais-rp1",
          "nome": "ipc-rendas-variacao-homologa-en-positivo-troca-coerente",
          "codigo": 1,
          "mordida": "palavra não corresponde ao sinal",
          "passou": true,
          "erros": [
            "a palavra não corresponde ao sinal selado"
          ]
        },
        {
          "grupo": "sinais-rp1",
          "nome": "ipc-sem-habitacao-variacao-media-12-meses-pt-negativo-troca-coerente",
          "codigo": 1,
          "mordida": "palavra não corresponde ao sinal",
          "passou": true,
          "erros": [
            "a palavra não corresponde ao sinal selado"
          ]
        },
        {
          "grupo": "sinais-rp1",
          "nome": "ipc-sem-habitacao-variacao-media-12-meses-en-negativo-troca-coerente",
          "codigo": 1,
          "mordida": "palavra não corresponde ao sinal",
          "passou": true,
          "erros": [
            "a palavra não corresponde ao sinal selado"
          ]
        },
        {
          "grupo": "sinais-rp1",
          "nome": "ipc-sem-habitacao-variacao-media-12-meses-pt-zero-troca-coerente",
          "codigo": 1,
          "mordida": "palavra não corresponde ao sinal",
          "passou": true,
          "erros": [
            "a palavra não corresponde ao sinal selado"
          ]
        },
        {
          "grupo": "sinais-rp1",
          "nome": "ipc-sem-habitacao-variacao-media-12-meses-en-zero-troca-coerente",
          "codigo": 1,
          "mordida": "palavra não corresponde ao sinal",
          "passou": true,
          "erros": [
            "a palavra não corresponde ao sinal selado"
          ]
        },
        {
          "grupo": "sinais-rp1",
          "nome": "ipc-sem-habitacao-variacao-media-12-meses-pt-positivo-troca-coerente",
          "codigo": 1,
          "mordida": "palavra não corresponde ao sinal",
          "passou": true,
          "erros": [
            "a palavra não corresponde ao sinal selado"
          ]
        },
        {
          "grupo": "sinais-rp1",
          "nome": "ipc-sem-habitacao-variacao-media-12-meses-en-positivo-troca-coerente",
          "codigo": 1,
          "mordida": "palavra não corresponde ao sinal",
          "passou": true,
          "erros": [
            "a palavra não corresponde ao sinal selado"
          ]
        }
      ]
    }
    
▶ npm run check:cabeca · começou aos 71.6 s
✓ npm run check:cabeca · 5.9 s · código 0
    
    > o-estado-do-pais@0.1.0 check:cabeca
    > node tests/inicio/hierarquia-b2.mjs
    
    check:cabeca C1; construção 822fd960ecbe2884b22036742cb3e80dd9324231; 140 cabeças; 4 mordidas; 10 reposições
    check:cabeca: PASS
    
▶ npm run check:css · começou aos 77.5 s
✓ npm run check:css · 6.5 s · código 0
    
    > o-estado-do-pais@0.1.0 check:css
    > node scripts/check-css.mjs --prova
    
    [90m  folhas · positivo conhecido: C1 viu a classe cuja regra não chega à página; C2 viu os dois defeitos plantados (o nome colado ao estado e a abreviatura colada ao que se lhe segue). Nenhuma acusou a classe com regra na folha ligada, a regra embutida, a regra dentro de um `@media`, a classe sem regra, nem o par com espaço. Das cinco fronteiras entre peças de texto, duas ficaram vermelhas, uma foi isenta pelo expoente e duas foram separadas pela folha que a página liga; as duas marcas dentro de uma palavra não chegam a ser candidatas, porque têm um nó de texto antes.[0m
    
    [32m  folhas ✓ [0m7882 página(s) · 9 folha(s) construída(s) com 921 classe(s) estilizada(s) · 936 classe(s) rendidas no HTML · C1: 0 regras que não chegam · C2: 33724 fronteira(s) sem espaço no HTML, 0 coladas
    [90m        C2, das 33724 fronteiras: 14792 entre duas caixas (duas caixas não fazem uma palavra) · 18932 entre duas peças de texto, das quais 18932 a folha desta página separa com um «gap», uma margem ou um «display»[0m
    [90m        C1 · 176 regra(s) que não chegam, em quarentena escrita em C1_EM_QUARENTENA: o MESMO defeito noutras rotas (as formas do concelho, o mapa do distrito, o distrito na busca do índice dos números), à espera da decisão do lugar de direção sobre que folha passa a chegar a que página. Não é uma exceção: é dívida contada.[0m
    [90m        25 documento(s) de estudo alojado(s) tal como estão, fora das duas células: nenhuma linha deles é da casa.[0m
    
    
▶ npm run check:alcance · começou aos 84.0 s
✓ npm run check:alcance · 5.2 s · código 0
    
    > o-estado-do-pais@0.1.0 check:alcance
    > node tests/dominio/alcance.mjs
    
      0 porta(s) · 1 página(s) nova(s) · 619 linhas citadas · 309 das 348 da §1.90
      1 porta(s) · 979 página(s) nova(s) · 2878 linhas citadas · 348 das 348 da §1.90
      2 porta(s) · 4911 página(s) nova(s) · 3195 linhas citadas · 348 das 348 da §1.90
      3 porta(s) · 6897 página(s) nova(s) · 3195 linhas citadas · 348 das 348 da §1.90
    [32m
      as 348 linhas da §1.90 alcançam-se a partir de /lugares/[0m[90m em 3 porta(s)
    [0m
    
▶ npm run check:briefs · começou aos 89.2 s
✓ npm run check:briefs · 0.3 s · código 0
    
    > o-estado-do-pais@0.1.0 check:briefs
    > python3 scripts/check-briefs.py
    
      portão dos briefs · 75 brief(s) em design/observatorio/ · 39 conferido(s) · 33 isento(s) por data (anteriores a 22.09.2026) · 3 isento(s) por nomeação, os 36 presos por sha256 em design/observatorio/medidas/isentos.json
    check:briefs · 39 brief(s) presos conferidos pelos bytes e pelo JSON; 0 guião(ões) reexecutado(s). O GitHub corre todos os guiões.
        conferido: BRIEF-B2-o-veredicto-e-as-paginas-dos-temas.md (medidas/BRIEF-B2.json)
        conferido: BRIEF-C1-as-correcoes-de-confianca.md (medidas/BRIEF-C1.json)
        conferido: BRIEF-C2-as-nove-revisoes-da-eurostat.md (medidas/BRIEF-C2.json)
        conferido: BRIEF-CI1-o-portao-em-metade-do-tempo.md (medidas/BRIEF-CI1.json)
        conferido: BRIEF-E0-as-linhas-da-casa-no-registo-das-mudancas.md (medidas/BRIEF-E0.json)
        conferido: BRIEF-E1-os-estudos-de-evora-um-conjunto-coerente.md (medidas/BRIEF-E1.json)
        conferido: BRIEF-ER1-o-recibo-incorporavel.md (medidas/BRIEF-ER1.json)
        conferido: BRIEF-EX1-o-espaco-das-explicacoes-e-a-leitura-semanal.md (medidas/BRIEF-EX1.json)
        conferido: BRIEF-EX2-a-leitura-da-semana-com-o-que-cada-numero-e.md (medidas/BRIEF-EX2.json)
        conferido: BRIEF-F22b-as-corridas-prontas-a-armar.md (medidas/BRIEF-F22b.json)
        conferido: BRIEF-H2-a-passagem-de-higiene-de-04-10.md (medidas/BRIEF-H2.json)
        conferido: BRIEF-H3-a-passagem-de-higiene-de-05-10.md (medidas/BRIEF-H3.json)
        conferido: BRIEF-H4-o-menu-do-telefone-em-duas-linhas.md (medidas/BRIEF-H4.json)
        conferido: BRIEF-JD1-os-juros-e-a-divida-do-estado-no-livro-razao.md (medidas/BRIEF-JD1.json)
        conferido: BRIEF-K2-o-cartao-para-o-telemovel.md (medidas/BRIEF-K2.json)
        conferido: BRIEF-L1-a-leitura-de-cada-medida.md (medidas/BRIEF-L1.json)
        conferido: BRIEF-L2a-o-mapa-primeiro.md (medidas/BRIEF-L2a.json)
        conferido: BRIEF-L2b-o-concelho-entre-os-308.md (medidas/BRIEF-L2b.json)
        conferido: BRIEF-M4b-o-livro-razao-do-11-reparado-e-declarado.md (medidas/BRIEF-M4b.json)
        conferido: BRIEF-M5-as-medicoes-provam-que-veem.md (medidas/BRIEF-M5.json)
        conferido: BRIEF-MA-a-maquinaria-sem-perda-de-protecao.md (medidas/BRIEF-MA.json)
        conferido: BRIEF-N1-uma-porta-por-assunto.md (medidas/BRIEF-N1.json)
        conferido: BRIEF-OE1-o-dinheiro-do-estado-por-ministerio.md (medidas/BRIEF-OE1.json)
        conferido: BRIEF-P4-os-pequenos-do-sitio.md (medidas/BRIEF-P4.json)
        conferido: BRIEF-PP1-a-primeira-pagina-de-um-leitor-comum.md (medidas/BRIEF-PP1.json)
        conferido: BRIEF-R1-o-lado-do-leitor-depois-da-leitura-de-fora.md (medidas/BRIEF-R1.json)
        conferido: BRIEF-R2-os-rotulos-do-sitio.md (medidas/BRIEF-R2.json)
        conferido: BRIEF-R3-o-indice-do-sitio.md (medidas/BRIEF-R3.json)
        conferido: BRIEF-R4-as-palavras-correntes-em-cada-numero.md (medidas/BRIEF-R4.json)
        conferido: BRIEF-RP1-rendimentos-e-precos-os-cartoes.md (medidas/BRIEF-RP1.json)
        conferido: BRIEF-RP2-rendimentos-e-precos-os-documentos-e-as-outras-apis.md (medidas/BRIEF-RP2.json)
        conferido: BRIEF-RP3-as-series-no-motor-e-no-livro.md (medidas/BRIEF-RP3.json)
        conferido: BRIEF-RP4-o-grafico-das-series-no-cartao-e-no-recibo.md (medidas/BRIEF-RP4.json)
        conferido: BRIEF-RP4C-as-ajudas-de-leitura-do-grafico.md (medidas/BRIEF-RP4C.json)
        conferido: BRIEF-RP4M-as-series-que-faltam-e-o-corredor-das-series.md (medidas/BRIEF-RP4M.json)
        conferido: BRIEF-RP4N-selar-na-fonte-o-que-as-frases-ainda-dizem-pelo-nome.md (medidas/BRIEF-RP4N.json)
        conferido: BRIEF-S1-a-caixa-das-sugestoes.md (medidas/BRIEF-S1.json)
        conferido: BRIEF-UE1-onde-portugal-fica-entre-os-27.md (medidas/BRIEF-UE1.json)
        conferido: BRIEF-UE2-a-pagina-dos-paises.md (medidas/BRIEF-UE2.json)
          §0 liga «35» a `cartoes_nacionais_nos_temas`
          §0 liga «9» a `temas_com_medidas`
          §0 liga «18» a `temas_da_carta`
          §0 liga «13» a `cartoes_com_valor_de_referencia`
          §0 liga «13» a `cartoes_com_valor_de_referencia`
          §0 liga «13» a `cartoes_com_valor_de_referencia`
          §0 liga «19» a `cartoes_na_primeira_pagina`
          §0 liga «0» a `cartoes_com_referencia_na_primeira_pagina`
          §0 liga «24» a `cartoes_com_media_da_uniao`
          §0 liga «29» a `cartoes_com_periodo_anterior`
          §0 liga «6» a `cartoes_sem_regua`
          §0 liga «20» a `cartoes_com_definicao`
          §0 liga «34» a `cartoes_com_a_marca_entre_o_valor_e_a_unidade`
          §0 liga «5» a `cartoes_com_precisao_mista`
          §0 liga «2» a `formas_do_euro_nos_temas`
          §0 liga «3» a `precisoes_do_euro_nos_temas`
          §0 liga «1» a `cartao_do_limite_legal_nos_temas`
          §0 liga «150» a `limite_legal`
          §0 liga «308» a `concelhos_no_ficheiro`
          §0 liga «10» a `camaras_acima_do_limite`
          §0 liga «297» a `camaras_dentro_do_limite`
          §0 liga «1» a `camaras_sem_valor`
          §0 liga «21» a `medidas_na_faixa_europeia`
          §0 liga «4» a `fora_do_valor_de_referencia`
          §0 liga «9» a `dentro_do_valor_de_referencia`
          §0 liga «8» a `sem_valor_de_referencia`
          §0 liga «1» a `posicao_na_faixa_europeia`
          §0 liga «21» a `medidas_na_faixa_europeia`
          §0 liga «1» a `posicao_na_faixa_europeia`
          §0 liga «8» a `mourao_cartoes`
          §0 liga «1» a `mourao_cartoes_com_regua`
          §0 liga «34» a `nome_do_projeto_a_390`
          §0 liga «68» a `nome_do_projeto_a_1280`
          §0 liga «30» a `titulo_a_390`
          §0 liga «46» a `titulo_a_1280`
          §0 liga «10» a `ligacoes_no_rodape`
          §0 liga «1» a `dominios_com_pagina`
          §0 liga «9» a `areas_de_governo_com_pagina`
          §0 liga «17» a `ficheiros_que_dependem_das_rotas`
          §0 liga «6,3» a `sobrecarga_pt_2025`
          §0 liga «6,9» a `sobrecarga_pt_2024`
          §0 liga «7,7» a `sobrecarga_ue_2025`
          §0 liga «1» a `sobrecarga_sem_media_europeia_declarada`
          §0 liga «27,2» a `inquilinos_a_preco_de_mercado_pt`
          §0 liga «18,6» a `inquilinos_a_preco_de_mercado_ue`
          §0 liga «3,0» a `proprietarios_com_credito_pt`
          §0 liga «5,0» a `proprietarios_com_credito_ue`
          §0 liga «1,3» a `proprietarios_sem_credito_pt`
          §0 liga «3,8» a `proprietarios_sem_credito_ue`
          §0 liga «2,8» a `inquilinos_a_renda_reduzida_ou_gratuita_pt`
          §0 liga «9,2» a `inquilinos_a_renda_reduzida_ou_gratuita_ue`
          §0 liga «47» a `cartoes_na_pagina_dos_temas`
          §0 liga «47» a `cartoes_na_pagina_dos_temas`
          §0 liga «0» a `valores_separados_da_unidade`
          §0 liga «2» a `frases_fixas_da_subida`
          §0 liga «6» a `ramos_da_uniao_com_subida`
          §0 liga «1» a `rendas_com_dos_de_ha_um_ano`
          §0 liga «49,3» a `valor_selado_da_divida_das_familias_ue`
          §0 liga «49,2» a `valor_revisto_segundo_o_painel`
          §0 liga «3» a `linhas_do_pib_por_habitante`
          §0 liga «3» a `linhas_do_pib_por_habitante`
          §0 liga «5» a `colunas_do_csv_dos_concelhos`
          §0 liga «0» a `valores_separados_da_unidade`
          §0 liga «82» a `linhas_com_uma_verificacao_igual_de_05_10_2026`
          §0 liga «9» a `linhas_com_uma_verificacao_divergente_de_05_10_2026`
          §0 liga «0» a `linhas_com_uma_verificacao_inacessivel_de_05_10_2026`
          §0 liga «9» a `dessas_as_lidas_na_eurostat`
          §0 liga «3» a `linhas_divergentes_usadas_na_primeira_pagina`
          §0 liga «1» a `correcoes_do_tipo_atualizacao_no_livro`
          §0 liga «2» a `mencoes_da_v16_no_readme_do_livro`
          §0 liga «21» a `passos_do_build`
          §0 liga «33» a `passos_do_verify`
          §0 liga «17» a `passos_repetidos`
          §0 liga «1» a `trabalhos_da_corrida`
          §0 liga «2» a `linhas_do_desemprego_com_o_inteiro_onde_a_fonte_escreve_o_decimal`
          §0 liga «3» a `correcoes_publicadas_contadas_no_livro`
          §0 liga «3» a `correcoes_publicadas_contadas_no_livro`
          §0 liga «9» a `linhas_com_historia_selada`
          §0 liga «0» a `entradas_seladas_do_contador_das_correcoes`
          §0 liga «2» a `linhas_com_lugar_declarado_a_mao`
          §0 liga «1» a `lugares_fora_do_pais_que_o_registo_aceita`
          §0 liga «6» a `estudos_de_evora_alojados`
          §0 liga «43 866» a `palavras_dos_seis_estudos`
          §0 liga «4» a `estudos_com_mais_de_cinco_mil_palavras`
          §0 liga «61» a `seccoes_dos_seis_estudos`
          §0 liga «5» a `estudos_de_evora_com_linhas_no_livro`
          §0 liga «69» a `linhas_do_livro_dos_estudos_de_evora`
          §0 liga «1» a `estudos_de_evora_sem_linhas_proprias`
          §0 liga «6» a `contador_dos_estudos_de_evora_publicados`
          §0 liga «3195» a `linhas_do_livro`
          §0 liga «34» a `series_do_livro`
          §0 liga «1» a `enderecos_do_json_de_cada_linha`
          §0 liga «1» a `enderecos_do_json_de_cada_linha`
          §0 liga «1» a `enderecos_do_json_de_cada_linha`
          §0 liga «1» a `portas_de_descarga_do_json_da_linha_no_recibo`
          §0 liga «0» a `blocos_de_incorporacao_no_recibo`
          §0 liga «0» a `cabecalhos_cors_no_vercel_json`
          §0 liga «1» a `cabecalhos_x_frame_options_no_vercel_json`
          §0 liga «0» a `guioes_de_incorporacao_servidos`
          §0 liga «94» a `linhas_do_orcamento_do_estado_de_2026`
          §0 liga «10» a `linhas_dos_cem_euros_por_funcao`
          §0 liga «16» a `linhas_dos_cem_euros_por_ministerio`
          §0 liga «16» a `linhas_dos_cem_euros_por_ministerio`
          §0 liga «30» a `linhas_da_despesa_por_funcao_de_2024`
          §0 liga «31» a `linhas_da_execucao_orcamental_de_agosto_de_2026`
          §0 liga «5» a `linhas_da_divida_publica`
          §0 liga «3» a `linhas_do_saldo_das_administracoes_publicas`
          §0 liga «0» a `linhas_sobre_os_juros_da_divida`
          §0 liga «3 870» a `entradas_datadas_nas_linhas`
          §0 liga «203» a `entradas_datadas_desde_28_09_2026`
          §0 liga «18» a `estudos_publicados`
          §0 liga «0» a `rotas_de_explicacoes_no_sitio`
          §0 liga «13» a `blocos_da_primeira_pagina`
          §0 liga «4» a `frases_com_ramo_decidido_pelos_numeros_na_primeira_pagina`
          §0 liga «6» a `portas_do_menu`
          §0 liga «3195» a `linhas_do_livro`
          §0 liga «3184» a `linhas_no_ambito_da_leitura_da_semana`
          §0 liga «41» a `unidades_distintas_no_ambito`
          §0 liga «25» a `unidades_que_comecam_por_palavra`
          §0 liga «9» a `linhas_com_entradas_de_valor_na_semana_ate_06_10`
          §0 liga «181» a `familias_com_frase_provada`
          §0 liga «1» a `funcao_da_frase_o_que_e_no_recibo`
          §0 liga «1» a `vezes_que_a_unidade_entra_na_frase_da_semana`
          §0 liga «8» a `paginas_lidas_pela_celula_das_frases_compostas`
          §0 liga «3009» a `linhas_do_livro`
          §0 liga «91» a `linhas_com_carimbo_do_painel`
          §0 liga «2545» a `linhas_com_carimbo_do_corredor`
          §0 liga «6» a `commits_do_painel_semanal`
          §0 liga «93» a `ficheiros_do_painel_de_28_09`
          §0 liga «91» a `linhas_mudadas_pelo_painel_de_28_09`
          §0 liga «3» a `estudos_recentes_na_primeira_pagina`
          §0 liga «11» a `estudos_sem_sucessor`
          §0 liga «4» a `estudos_sem_sucessor_datados_a_01_10_2026`
          §0 liga «1» a `chamadas_a_routePath_texto_na_pagina_da_area`
          §0 liga «1» a `portas_que_embrulham_o_titulo_na_lista_dos_estudos`
          §0 liga «1» a `existeConstruido_aceita_o_ficheiro_html_irmao`
          §0 liga «1» a `isencoes_json_indicador_na_check_lugar`
          §0 liga «1» a `plantas_da_copia_com_a_mesma_hora_no_verify_depois_do_build`
          §0 liga «0» a `variaveis_PACOTE_RETIRA_e_PACOTE_MOTOR_no_pacote_sh`
          §0 liga «5» a `questoes_I190_a_I194_abertas`
          §0 liga «144» a `palavras_da_nota_da_caixa_das_sugestoes_em_portugues`
          §0 liga «0» a `rotas_de_privacidade_no_sitio`
          §0 liga «1» a `portas_do_menu_com_o_nome_europa`
          §0 liga «10» a `faixas_de_paises_no_livro`
          §0 liga «9» a `faixas_com_paises_no_mesmo_valor`
          §0 liga «4» a `maximo_de_paises_no_mesmo_valor_numa_faixa`
          §0 liga «6» a `portas_do_menu`
          §0 liga «8» a `portas_do_rodape`
          §0 liga «430» a `largura_da_regra_do_telefone_px`
          §0 liga «6» a `espaco_entre_portas_ate_430_px`
          §0 liga «13» a `letra_do_menu_ate_430_px`
          §0 liga «16» a `espaco_minimo_entre_portas_nas_outras_larguras`
          §0 liga «15» a `letra_do_menu_nas_outras_larguras`
          §0 liga «390» a `largura_do_telefone_px`
          §0 liga «344» a `largura_natural_das_seis_portas_pt_a_390_px`
          §0 liga «354» a `coluna_do_menu_a_390_px`
          §0 liga «435» a `largura_natural_das_sete_portas_pt_a_390_px`
          §0 liga «2» a `linhas_do_menu_com_sete_portas_pt_a_390_px`
          §0 liga «6» a `portas_exigidas_pela_celula_tm4`
          §0 liga «4» a `lugares_declarados_na_politica_de_ia`
          §0 liga «5» a `linhas_da_divida_publica`
          §0 liga «3» a `linhas_do_saldo_das_administracoes_publicas`
          §0 liga «0» a `linhas_dos_juros_e_do_custo_da_divida`
          §0 liga «20» a `linhas_da_despesa_por_programa_do_orcamento_de_2026`
          §0 liga «20» a `linhas_da_despesa_por_programa_do_orcamento_de_2026`
          §0 liga «1» a `linhas_executadas_do_programa_da_gestao_da_divida`
          §0 liga «24» a `series_no_tempo_registadas_no_sitio`
          §0 liga «34» a `ficheiros_de_series_no_livro`
          §0 liga «21» a `cartoes_declarados_nos_quadros`
          §0 liga «4» a `cartoes_com_variacao_sob_nome_de_nivel`
          §0 liga «2» a `linhas_com_menos_decimais_do_que_a_fonte`
          §0 liga «11» a `frases_das_leituras_com_termos_por_explicar`
          §0 liga «0» a `ficheiros_que_a_construcao_le_mudados_entre_as_copias_e_a_cabeca`
          §0 liga «36» a `cartoes_nacionais_nos_temas`
          §0 liga «35» a `cartoes_de_linha_nos_temas`
          §0 liga «1» a `cartoes_das_camaras_nos_temas`
          §0 liga «36» a `cartoes_nacionais_na_edicao_inglesa`
          §0 liga «20» a `cartoes_na_primeira_pagina`
          §0 liga «21» a `cartoes_com_pergunta`
          §0 liga «15» a `cartoes_sem_pergunta`
          §0 liga «8» a `perguntas_com_algarismos`
          §0 liga «15» a `cartoes_com_valor_de_referencia`
          §0 liga «5» a `cartoes_fora_do_valor_de_referencia`
          §0 liga «10» a `cartoes_dentro_do_valor_de_referencia`
          §0 liga «15» a `referencias_declaradas`
          §0 liga «13» a `referencias_da_comissao`
          §0 liga «1» a `referencias_do_pacto`
          §0 liga «1» a `referencias_do_pacto`
          §0 liga «4» a `formas_do_veredicto`
          §0 liga «33» a `cartoes_com_periodo_anterior`
          §0 liga «25» a `cartoes_com_media_da_uniao`
          §0 liga «2» a `cartoes_de_linha_sem_regua`
          §0 liga «0» a `cartoes_so_com_referencia_e_sem_comparacao`
          §0 liga «59» a `valores_de_linha_nas_reguas_dos_temas`
          §0 liga «0» a `cartoes_com_leitura`
          §0 liga «1» a `marcas_da_fonte_por_cartao_maximo`
          §0 liga «1» a `marcas_da_fonte_por_cartao_maximo`
          §0 liga «36» a `cartoes_nacionais_nos_temas`
          §0 liga «1» a `medidas_com_valor_negativo`
          §0 liga «5» a `inventario_das_medidas`
          §0 liga «16» a `unidades_distintas`
          §0 liga «0,7» a `saldo_valor`
          §0 liga «0,6» a `saldo_anterior_valor`
          §0 liga «7» a `disparidade_valor`
          §0 liga «8,6» a `disparidade_anterior_valor`
          §0 liga «22» a `definicoes_declaradas`
          §0 liga «31» a `origens_das_definicoes_declaradas`
          §0 liga «22» a `definicoes_declaradas`
          §0 liga «72» a `pedacos_auditados`
          §0 liga «85» a `apoios_auditados`
          §0 liga «32» a `indicadores_no_ficheiro_do_motor`
          §0 liga «13» a `indicadores_com_limiar_no_motor`
          §0 liga «19» a `indicadores_sem_limiar_no_motor`
          §0 liga «28» a `tamanho_do_numero_px`
          §0 liga «16» a `tamanho_do_nome_px`
          §0 liga «14» a `tamanho_da_regua_px`
          §0 liga «12» a `tamanho_da_pergunta_px`
          §0 liga «3» a `pecas_de_lugares_antes_do_mapa`
          §0 liga «9» a `regioes_na_lista`
          §0 liga «29» a `distritos_e_ilhas_na_lista`
          §0 liga «2» a `seccoes_da_primeira_pagina_antes_dos_lugares`
          §0 liga «1» a `pesquisas_na_primeira_pagina`
          §0 liga «1» a `pesquisas_na_primeira_pagina`
          §0 liga «5321» a `altura_da_captura_de_lugares_a_390`
          §0 liga «7194» a `altura_da_captura_da_primeira_pagina_a_390`
          §0 liga «308» a `concelhos_com_linha_de_populacao`
          §0 liga «9» a `medidas_com_linhas_por_concelho`
          §0 liga «308» a `linhas_do_ganho_medio_por_concelho`
          §0 liga «0» a `faixas_na_pagina_do_concelho`
          §0 liga «0» a `faixas_na_pagina_do_concelho`
          §0 liga «2» a `reguas_a_mao_que_procuram_o_mapa_na_primeira_pagina`
          §0 liga «55» a `linhas`
          §0 liga «28» a `linhas_recusadas`
          §0 liga «9» a `valor_de_texto`
          §0 liga «7» a `sem_valor_no_excerto`
          §0 liga «20» a `source_type_invalido`
          §0 liga «10» a `derived`
          §0 liga «149» a `numeros_html`
          §0 liga «41» a `casados_html`
          §0 liga «89» a `orfaos_html`
          §0 liga «9» a `erradas_html`
          §0 liga «654» a `numeros_relatorio`
          §0 liga «154» a `casados_relatorio`
          §0 liga «328» a `orfaos_relatorio`
          §0 liga «95» a `erradas_relatorio`
          §0 liga «40» a `desvios_do_par`
          §0 liga «38» a `briefs_ate_22_09_2026`
          §0 liga «35» a `briefs_com_seccao_de_medicoes`
          §0 liga «2» a `briefs_com_guiao_de_medicoes`
          §0 liga «2» a `briefs_conferidos_pelo_portao`
          §0 liga «33» a `briefs_isentos_por_data`
          §0 liga «3» a `briefs_isentos_por_nomeacao`
          §0 liga «0» a `ocorrencias_do_nome_de_quem_responde_em_src_e_public`
          §0 liga «0» a `exportacoes_de_politica_ia_com_o_nome_de_quem_responde`
          §0 liga «44» a `passos_do_verify`
          §0 liga «24» a `passos_do_build`
          §0 liga «20» a `passos_repetidos_do_build_no_verify`
          §0 liga «13» a `corridas_inteiras_registadas`
          §0 liga «186» a `build_segundos_minimo`
          §0 liga «220» a `build_segundos_maximo`
          §0 liga «1010» a `verify_segundos_minimo`
          §0 liga «1165» a `verify_segundos_maximo`
          §0 liga «75» a `build_segundos_a_28_09_arredondado`
          §0 liga «471» a `verify_segundos_a_28_09_arredondado`
          §0 liga «34» a `briefs_com_guiao_de_medidas`
          §0 liga «5» a `larguras_do_check_alvos`
          §0 liga «120» a `espera_fixa_depois_de_networkidle_ms`
          §0 liga «1» a `esperas_pela_corrida_de_main_no_aterrar`
          §0 liga «274406» a `bytes_do_mapa`
          §0 liga «862» a `citacoes_do_mapa`
          §0 liga «47» a `cartoes_nas_entradas`
          §0 liga «47» a `cartoes_nos_temas`
          §0 liga «47» a `cartoes_nos_temas`
          §0 liga «0» a `cartoes_so_numa_das_duas`
          §0 liga «5» a `blocos_da_primeira_pagina`
          §0 liga «5» a `blocos_da_primeira_pagina`
          §0 liga «4» a `entradas_que_copiam_blocos`
          §0 liga «5» a `blocos_da_primeira_pagina`
          §0 liga «9» a `temas`
          §0 liga «18» a `dominios`
          §0 liga «1» a `dominios_no_ar`
          §0 liga «16» a `dominios_sem_pagina`
          §0 liga «9» a `temas`
          §0 liga «3009» a `linhas_do_livro`
          §0 liga «0» a `linhas_da_entidade_orcamental`
          §0 liga «0» a `linhas_da_despesa_por_funcao_do_eurostat`
          §0 liga «3» a `linhas_do_saldo_das_administracoes_publicas`
          §0 liga «5» a `linhas_da_divida_publica`
          §0 liga «5» a `linhas_com_fonte_no_dados_gov`
          §0 liga «9» a `areas_do_governo_declaradas`
          §0 liga «1» a `linhas_do_orcamento_de_evora`
          §0 liga «3» a `folhas_que_seguem_a_preferencia_do_aparelho`
          §0 liga «0» a `lugares_onde_o_comando_do_tema_e_rendido`
          §0 liga «5» a `entradas_do_menu`
          §0 liga «5» a `reguas_a_mao_que_leem_a_primeira_pagina_antiga`
          §0 liga «117» a `linhas_que_a_regra_das_casas_decimais_le`
          §0 liga «2535» a `linhas_que_a_regra_das_casas_decimais_deixa_por_ler`
          §0 liga «6» a `ocorrencias_dos_dois_termos_nas_definicoes`
          §0 liga «0» a `palavras_da_nota_do_sucessor_que_dizem_a_reconciliacao`
          §0 liga «1» a `codigo_do_decisoes_em_vigor_num_intervalo_com_png`
          §0 liga «8» a `linhas_de_chaves_en_com_a_descricao_de_setembro`
          §0 liga «23» a `cartoes_na_primeira_pagina`
          §0 liga «9» a `temas_na_primeira_pagina`
          §0 liga «1» a `mapas_na_primeira_pagina`
          §0 liga «0» a `numeros_no_mapa`
          §0 liga «4» a `mudancas_na_primeira_pagina`
          §0 liga «126» a `palavras_antes_do_primeiro_titulo`
          §0 liga «8» a `numeros_antes_do_primeiro_titulo`
          §0 liga «9» a `valores_fixos_da_leitura_do_pais`
          §0 liga «5» a `blocos_declarados`
          §0 liga «30» a `linhas_dos_blocos`
          §0 liga «30» a `linhas_dos_blocos`
          §0 liga «18» a `condicoes_dos_blocos`
          §0 liga «18» a `condicoes_dos_blocos`
          §0 liga «8» a `condicoes_do_mesmo_periodo`
          §0 liga «8» a `condicoes_do_mesmo_periodo`
          §0 liga «6» a `entradas_declaradas`
          §0 liga «47» a `cartoes_nas_entradas`
          §0 liga «0» a `cartoes_repetidos_nas_entradas`
          §0 liga «48» a `artigos_da_pagina_dos_temas`
          §0 liga «1» a `cartoes_fora_das_entradas`
          §0 liga «0» a `cartoes_das_entradas_fora_dos_temas`
          §0 liga «1» a `pesquisa_lista_nasce_escondida`
          §0 liga «0» a `pesquisa_lista_nunca_se_mostra`
          §0 liga «0» a `pesquisa_enter_recarrega`
          §0 liga «0» a `cor_de_estado_na_primeira_pagina`
          §0 liga «0» a `cor_de_estado_na_primeira_pagina`
          §0 liga «39» a `cor_de_estado_na_pagina_europeia`
          §0 liga «1» a `metodo_frase_da_cor`
          §0 liga «0» a `ficheiros_com_a_ressalva_fora_da_agenda`
          §0 liga «1» a `agenda_diz_que_a_primeira_pagina_ja_diz`
          §0 liga «1» a `agenda_diz_que_a_primeira_pagina_ja_diz`
          §0 liga «1» a `cartao_da_habitacao_com_media_europeia`
          §0 liga «2» a `mudancas_declaradas`
          §0 liga «1» a `mudancas_com_palavras_internas`
          §0 liga «1» a `estudos_seccao_por_lugar`
          §0 liga «2» a `definicoes_com_sigla_por_verificar`
          §0 liga «1» a `vistas_com_o_rotulo_no_topo`
          §0 liga «1» a `recibo_valor_e_unidade_colados`
          §0 liga «8» a `cartoes_do_concelho`
          §0 liga «1» a `cartoes_do_concelho_com_regua`
          §0 liga «1» a `metodo_frase_do_base`
          §0 liga «89,2» a `ine_divida_2025`
          §0 liga «93,0» a `ine_divida_2024`
          §0 liga «0,7» a `ine_saldo_2025`
          §0 liga «3009» a `linhas_do_livro`
          §0 liga «41» a `unidades_distintas_nas_linhas`
          §0 liga «28» a `nomes_de_medida_distintos_nas_linhas`
          §0 liga «3» a `unidades_com_o_simbolo_do_euro_em_vez_da_palavra`
          §0 liga «1» a `unidades_que_dizem_um_limite_na_propria_unidade`
          §0 liga «2» a `unidades_de_indice_com_base_cem`
          §0 liga «25» a `entradas_do_dicionario_das_unidades_inglesas`
          §0 liga «16» a `unidades_das_linhas_sem_entrada_inglesa`
          §0 liga «7466» a `paginas_construidas_lidas_pelo_inventario`
          §0 liga «5248» a `cartoes_de_medida_nas_paginas`
          §0 liga «34» a `formas_distintas_da_unidade_nos_cartoes_portugueses`
          §0 liga «25» a `formas_distintas_do_estado_nos_cartoes_portugueses`
          §0 liga «8» a `formas_distintas_da_dobra_nos_cartoes_portugueses`
          §0 liga «40» a `rotas_declaradas`
          §0 liga «0» a `rotas_de_indice_declaradas`
          §0 liga «6» a `portas_do_menu`
          §0 liga «6» a `portas_do_menu`
          §0 liga «0» a `portas_do_rodape_para_um_indice`
          §0 liga «32» a `ficheiros_de_pagina_portugueses`
          §0 liga «32» a `ficheiros_de_pagina_portugueses`
          §0 liga «17» a `estudos_declarados`
          §0 liga «6» a `estudos_com_sucessor`
          §0 liga «3 195» a `linhas_do_livro_razao`
          §0 liga «48» a `linhas_com_leitura_provada_num_cartao`
          §0 liga «303» a `familias_de_medida_sem_frase_provada`
          §0 liga «12» a `familias_municipais_sem_frase_provada`
          §0 liga «2 817» a `linhas_dos_concelhos_sem_frase_provada`
          §0 liga «330» a `linhas_nacionais_e_da_uniao_sem_frase_provada`
          §0 liga «121» a `linhas_com_nome_do_projeto`
          §0 liga «24» a `series_no_tempo`
          §0 liga «2» a `series_com_frase_do_ultimo_ponto`
          §0 liga «22» a `series_sem_frase_do_ultimo_ponto`
          §0 liga «0» a `ficheiros_que_a_construcao_le_mudados_entre_as_copias_e_a_cabeca`
          §0 liga «36» a `cartoes_nacionais_nos_temas`
          §0 liga «9» a `temas_com_medidas`
          §0 liga «18» a `temas_da_carta`
          §0 liga «13» a `cartoes_por_tema`
          §0 liga «10» a `cartoes_por_tema`
          §0 liga «2» a `cartoes_por_tema`
          §0 liga «3» a `cartoes_por_tema`
          §0 liga «1» a `cartoes_por_tema`
          §0 liga «4» a `cartoes_por_tema`
          §0 liga «1» a `cartoes_por_tema`
          §0 liga «1» a `cartoes_por_tema`
          §0 liga «1» a `cartoes_por_tema`
          §0 liga «0» a `cartoes_de_precos_no_consumidor`
          §0 liga «0» a `cartoes_de_precos_no_consumidor`
          §0 liga «0» a `cartoes_de_precos_no_consumidor`
          §0 liga «0» a `cartoes_de_precos_no_consumidor`
          §0 liga «0» a `cartoes_de_precos_no_consumidor`
          §0 liga «0» a `cartoes_nacionais_com_periodo_mensal`
          §0 liga «2» a `cartoes_de_linha_sem_regua`
          §0 liga «920,00» a `valor_do_salario_minimo_no_sitio`
          §0 liga «2 984» a `linhas_do_livro`
          §0 liga «288» a `linhas_de_documento_alojado`
          §0 liga «1 358» a `linhas_de_serie_de_api`
          §0 liga «9» a `linhas_da_tabela_do_memorando`
          §0 liga «8» a `linhas_do_memorando_verificadas`
          §0 liga «15» a `marcas_por_verificar_no_memorando`
          §0 liga «2 984» a `linhas_do_livro`
          §0 liga «303,7» a `segundos_do_build`
          §0 liga «7 354» a `paginas_construidas`
          §0 liga «486,9» a `segundos_do_verify`
          §0 liga «45» a `grupos_com_varios_periodos`
          §0 liga «28» a `grupos_que_misturam_uniao`
          §0 liga «2 655» a `linhas_lidas_para_os_grupos`
          §0 liga «16» a `series_no_tempo_no_livro`
          §0 liga «4 131» a `pontos_das_series_no_tempo`
          §0 liga «2» a `lacunas_declaradas_nas_series_no_tempo`
          §0 liga «944» a `pontos_da_maior_serie_no_tempo`
          §0 liga «7» a `linhas_presas_a_uma_serie`
          §0 liga «10» a `linhas_com_as_coordenadas_0014666_ou_0014647`
          §0 liga «0» a `dessas_as_presas_a_uma_serie`
          §0 liga «8» a `formas_na_lista_fechada_da_check_formas`
          §0 liga «0» a `ocorrencias_de_serie_do_pais_em_src`
          §0 liga «0» a `desenhos_svg_no_cartao_da_medida`
          §0 liga «0» a `desenhos_svg_no_cartao_da_medida`
          §0 liga «0» a `desenhos_svg_no_cartao_da_medida`
          §0 liga «64» a `pixeis_minimos_de_uma_marca_intermedia_do_tempo_as_pontas`
          §0 liga «0» a `marcas_do_eixo_vertical_com_o_simbolo_da_unidade`
          §0 liga «0» a `linhas_de_referencia_no_modulo_da_forma`
          §0 liga «2» a `regras_de_passagem_ou_foco_na_folha_do_desenho`
          §0 liga «0» a `etiquetas_de_valor_por_ponto_no_componente`
          §0 liga «378» a `linhas_do_livro_com_derivation_nao_nula`
          §0 liga «416» a `pontos_da_serie_da_inflacao`
          §0 liga «2» a `mencoes_ao_banco_central_europeu_nas_leituras`
          §0 liga «16» a `series_no_tempo_no_livro`
          §0 liga «1» a `series_no_tempo_derivadas`
          §0 liga «7» a `linhas_presas_a_uma_serie`
          §0 liga «10» a `linhas_do_ipc_com_as_coordenadas_0014666_ou_0014647`
          §0 liga «5» a `dessas_as_linhas_principais_sem_o_periodo_anterior`
          §0 liga «0» a `dessas_as_presas_a_uma_serie`
          §0 liga «1» a `meses_entre_a_linha_do_ihpc_de_portugal_e_o_ultimo_ponto_da_sua_serie`
          §0 liga «1» a `meses_entre_a_linha_do_ihpc_de_portugal_e_o_ultimo_ponto_da_sua_serie`
          §0 liga «13» a `series_no_tempo_com_ponto_no_periodo_de_base_de_2015`
          §0 liga «6» a `pontos_da_serie_da_remuneracao_bruta_mensal_media`
          §0 liga «174» a `linhas_com_a_frase_por_confirmar`
          §0 liga «11» a `linhas_marcadas_do_desemprego_registado_da_madeira`
          §0 liga «92» a `linhas_marcadas_do_orcamento_de_2026`
          §0 liga «56» a `linhas_marcadas_da_execucao_de_2026`
          §0 liga «11» a `linhas_marcadas_do_desemprego_registado_da_madeira`
          §0 liga «4» a `linhas_marcadas_restantes`
          §0 liga «6» a `series_com_a_frase_por_confirmar`
          §0 liga «5» a `series_marcadas_do_eurostat`
          §0 liga «45» a `partes_apoiadas_no_nome_do_projeto_nas_familias`
          §0 liga «6» a `partes_apoiadas_no_nome_do_projeto_nas_series`
          §0 liga «0» a `ficheiros_na_pasta_das_funcoes`
          §0 liga «1» a `portas_do_rodape_para_escrever_ao_projeto`
          §0 liga «5» a `ficheiros_de_codigo_que_leem_a_porta_das_correcoes`
          §0 liga «2» a `vistas_com_formulario`
          §0 liga «0» a `ficheiros_fonte_que_falam_de_sugestoes`
          §0 liga «35» a `rotas_declaradas`
          §0 liga «0» a `rotas_de_sugestoes_declaradas`
          §0 liga «2» a `tabelas_no_registo_da_base`
          §0 liga «1» a `funcoes_no_registo_da_base`
          §0 liga «5» a `envios_por_marca_e_por_hora`
          §0 liga «200» a `envios_por_dia_na_caixa_inteira`
          §0 liga «90» a `dias_de_retencao_depois_da_decisao`
          §0 liga «1» a `papeis_que_podem_chamar_a_funcao`
          §0 liga «10» a `linhas_da_uniao_nos_blocos`
          §0 liga «10» a `linhas_da_uniao_nos_blocos`
          §0 liga «10» a `gemeas_portuguesas`
          §0 liga «10» a `gemeas_portuguesas`
          §0 liga «3 009» a `linhas_do_livro`
          §0 liga «0» a `linhas_de_serie_no_livro`
          §0 liga «10» a `series_de_paises_no_livro`
          §0 liga «21» a `cartoes_dos_dois_quadros`
          §0 liga «2» a `paises_nomeados_em_cada_faixa_hoje`
          §0 liga «44» a `termos_tecnicos_nas_definicoes_dos_quadros`
          §0 liga «1205» a `altura_da_pagina_da_uniao_a_390_depois_do_k2`
        isento por nomeação: BRIEF-B1c-o-que-mudou-no-seu-lugar.md · escrito a 22.09.2026 de manhã, antes de esta regra existir (§1.120)
        isento por nomeação: BRIEF-I129-o-grupo-etario-dos-jovens-nem.md · escrito a 22.09.2026 de manhã, antes de esta regra existir (§1.119)
        isento por nomeação: BRIEF-M3b-os-nomes-confirmados-voltam-aos-recibos.md · escrito a 22.09.2026 de manhã, antes de esta regra existir (§1.118)
        chave repetida entre isentos, dita e não fatal: «BRIEF-fatia» · BRIEF-fatia-css-alcance-2026-09-16.md, BRIEF-fatia-dominios-css-2026-09-15.md · fecha o portão no dia em que um deles deixar de ser isento
        apagado antes de contar no §0: codigo 710, enderecos 0, seccoes 46, datas 54, resumos 0, ordinais 1, identificadores 42, anos 6
      ✓ 475 número(s) do §0 ligado(s) à sua medição, cada detetor provou que vê, e os briefs isentos estão presos pelo resumo.
    
▶ npm run check:leituras · começou aos 89.4 s
✓ npm run check:leituras · 12.6 s · código 0
    
    > o-estado-do-pais@0.1.0 check:leituras
    > python3 scripts/check-leituras.py
    
    check:leituras · tests/leituras/aterrar.py · código 0
    {
      "ok": true,
      "casos": [
        {
          "planta": "sem-ramo",
          "codigo": 14,
          "mensagem": "PAROU: o ramo ramo-sintetico não existe (código 14)",
          "passou": true
        },
        {
          "planta": "cabeca-errada",
          "codigo": 15,
          "mensagem": "PAROU: a cabeça de ramo-sintetico é aaaaaaaa, e não bbbb (código 15)",
          "passou": true
        },
        {
          "planta": "sem-main",
          "codigo": 16,
          "mensagem": "PAROU: main não está dentro de ramo-sintetico: a fusão não seria um avanço rápido (código 16)",
          "passou": true
        },
        {
          "planta": "sem-origin",
          "codigo": 17,
          "mensagem": "PAROU: origin/main não está dentro de ramo-sintetico (código 17)",
          "passou": true
        },
        {
          "planta": "sem-check",
          "codigo": 18,
          "mensagem": "PAROU: a verificação portao da cabeça aaaaaaaa não está verde (diz «nada») (código 18)",
          "passou": true
        },
        {
          "planta": "vermelho",
          "codigo": 18,
          "mensagem": "PAROU: a verificação portao da cabeça aaaaaaaa não está verde (diz «failure») (código 18)",
          "passou": true
        },
        {
          "planta": "verde",
          "codigo": 0,
          "mensagem": "ATERROU: aaaaaaaa no ar, verify:deploy verde, portao já conferido nesta cabeça · 13:47:42 UTC",
          "passou": true
        }
      ]
    }
    check:leituras · tests/leituras/briefs-presos.py · código 0
    {
      "ok": true,
      "casos": [
        {
          "planta": "controlo preso não volta a executar o guião",
          "mensagem": "bytes iguais; §0 e JSON conferidos",
          "passou": true
        },
        {
          "planta": "a gravação executa mesmo com selo válido",
          "mensagem": "Só se selam guiões verdes desta invocação.",
          "passou": true
        },
        {
          "planta": "selo escrito à mão sem execução",
          "mensagens": [
            "BRIEF-ENSAIO-prova.md: selo recusado: falta o registo de execução verde com cabeça, hora e invocação."
          ],
          "passou": true
        },
        {
          "planta": "GITHUB_ACTIONS ignora um selo válido",
          "mensagem": "O guião correu com a variável de GitHub/CI no ambiente.",
          "passou": true
        },
        {
          "planta": "CI ignora um selo válido",
          "mensagem": "O guião correu com a variável de GitHub/CI no ambiente.",
          "passou": true
        },
        {
          "planta": "número alterado no brief preso",
          "mensagens": [
            "BRIEF-ENSAIO-prova.md: o §0 escreve «14» e esse número não é o valor de nenhuma das medições nomeadas na sua frase (`objetos`=13).\n      «Há 14 objetos (`objetos`).»"
          ],
          "passou": true
        },
        {
          "planta": "número alterado no guião preso",
          "mensagens": [
            "BRIEF-ENSAIO-prova.md: a medição «objetos» vale 14 hoje e o ficheiro diz 13.\n      comando: ensaio sintético"
          ],
          "passou": true
        },
        {
          "planta": "JSON alterado com os selos antigos",
          "mensagens": [
            "BRIEF-ENSAIO-prova.md: a medição «objetos» vale 13 hoje e o ficheiro diz 14.\n      comando: ensaio sintético",
            "BRIEF-ENSAIO-prova.md: o §0 escreve «13» e esse número não é o valor de nenhuma das medições nomeadas na sua frase (`objetos`=14).\n      «Há 13 objetos (`objetos`).»"
          ],
          "passou": true
        },
        {
          "planta": "corrida vermelha não produz selo",
          "mensagens": [
            "BRIEF-ENSAIO-prova.md: a medição «objetos» vale 13 hoje e o ficheiro diz 14.\n      comando: ensaio sintético",
            "BRIEF-ENSAIO-prova.md: o §0 escreve «13» e esse número não é o valor de nenhuma das medições nomeadas na sua frase (`objetos`=14).\n      «Há 13 objetos (`objetos`).»"
          ],
          "passou": true
        }
      ]
    }
    check:leituras · tests/leituras/comparar-alvos.py · código 0
    {"ok": true, "casos": [{"planta": "página alterada", "mensagem": "paginas: comparação diferente", "passou": true}]}
    check:leituras · tests/leituras/ferramentas.py · código 0
    {
      "ok": true,
      "casos": [
        {
          "planta": "partes repetidas de Claude",
          "mensagem": "Uma resposta; entrada da última parte e máximo da saída, marcado como mínimo.",
          "passou": true
        },
        {
          "planta": "acumulados Codex e corte temporal",
          "mensagem": "A repetição não duplica os símbolos; o corte subtrai o contador anterior.",
          "passou": true
        },
        {
          "planta": "contador recuado",
          "mensagem": "O contador acumulado recuou; não se pode somar esta sessão.",
          "passou": true
        },
        {
          "planta": "formato sem utilização",
          "mensagem": "Não há contadores de utilização reconhecidos no intervalo pedido.",
          "passou": true
        },
        {
          "planta": "linha truncada",
          "mensagem": "Expecting property name enclosed in double quotes: line 1 column 2 (char 1)",
          "passou": true
        },
        {
          "planta": "contador Codex nulo",
          "mensagem": "output_tokens conserva null, sem TypeError nem zero fabricado.",
          "passou": true
        },
        {
          "planta": "contador Codex ausente",
          "mensagem": "Um campo antes presente e agora ausente fica null.",
          "passou": true
        },
        {
          "planta": "regressão depois de contador nulo",
          "mensagem": "O contador acumulado recuou; não se pode somar esta sessão.",
          "passou": true
        },
        {
          "planta": "limpeza de texto, gzip, binários e ligações",
          "mensagem": "Caminhos retirados; segunda passagem sem mudanças; binário e alvo da ligação intactos.",
          "passou": true
        },
        {
          "planta": "caminhos temporários",
          "mensagem": "Pastas temporárias do sistema e TMPDIR retirados.",
          "passou": true
        },
        {
          "planta": "utilizador dentro de palavra comum",
          "mensagem": "transportoes e portoes intactos; só o componente do caminho mudou.",
          "passou": true
        },
        {
          "planta": "scratchpad e TMPDIR pelo ambiente",
          "mensagem": "OEDP_SCRATCHPAD e TMPDIR chegaram ao limpador.",
          "passou": true
        },
        {
          "planta": "capturas e recortes nas duas edições",
          "mensagem": "Cinco larguras por edição; PNG, sha256 e recursos conferidos; construção intacta.",
          "passou": true
        },
        {
          "planta": "captura de outra cabeça",
          "mensagem": "captar: a cabeça pedida não é a de dist/version.json",
          "passou": true
        },
        {
          "planta": "pedido externo na captura",
          "mensagem": "ensaio-pt-390: pedidos externos, recursos em falta ou erros do navegador",
          "passou": true
        },
        {
          "planta": "recorte ausente",
          "mensagem": "ensaio-pt-390: o recorte cartao não aparece uma vez",
          "passou": true
        }
      ]
    }
    check:leituras · tests/leituras/pacote-portoes.py · código 0
    {
      "ok": true,
      "casos": [
        {
          "planta": "controlo com PACOTE_EXTRA",
          "mensagem": "Só as linhas citadas, os três códigos e os tempos chegaram.",
          "passou": true
        },
        {
          "planta": "registos omitidos são ditos com o tamanho",
          "mensagem": "Pacote: registo reduzido ou deixado de fora: med/portoes/build.log (22 bytes; 0 conservados).\nPacote: registo reduzido ou deixado de fora: med/portoes/verify.log (104 bytes; 76 conservados).",
          "passou": true
        },
        {
          "planta": "PACOTE_LOGS conserva os registos inteiros",
          "mensagem": "Os registos citados e sem citação chegaram byte a byte.",
          "passou": true
        },
        {
          "planta": "linha retirada durante a montagem normal",
          "mensagem": "O pacote recusa a entrega: faltam as linhas citadas de med/portoes/verify.log.",
          "passou": true
        },
        {
          "planta": "citação sem linha de origem",
          "mensagem": "O pacote recusa a citação: med/portoes/verify.log: não existe uma linha que comece por «npm run check:ausente ·».",
          "passou": true
        }
      ]
    }
    check:leituras · tests/leituras/pacote.py · código 0
    {
      "ok": true,
      "casos": [
        {
          "nome": "a montagem corre a zero",
          "passou": true
        },
        {
          "nome": "controlo sem variáveis conserva o diff gerado",
          "passou": true
        },
        {
          "nome": "controlo limpo: a cópia conserva os bytes esperados",
          "passou": true
        },
        {
          "nome": "a página construída chega",
          "passou": true
        },
        {
          "nome": "planta do argumento ponto: a montagem conserva a pontuação",
          "passou": true
        },
        {
          "nome": "planta: bytes do sítio diferentes da cabeça são recusados antes da cópia",
          "passou": true,
          "codigo": 1,
          "queixa": "ValueError: O pacote recusa a árvore do repositório: há modificações em ficheiros seguidos por comitar."
        },
        {
          "nome": "planta: bytes do motor diferentes da cabeça são recusados antes da cópia",
          "passou": true,
          "codigo": 1,
          "queixa": "ValueError: O pacote recusa a árvore do motor: há modificações em ficheiros seguidos por comitar."
        },
        {
          "nome": "a montagem corre a zero",
          "passou": true
        },
        {
          "nome": "os dois lados e as exclusões conferem",
          "passou": true
        },
        {
          "nome": "a tabela nomeia o caminho e as linhas retiradas",
          "passou": true
        },
        {
          "nome": "o diff do motor declara as exclusões na primeira linha",
          "passou": true
        },
        {
          "nome": "a conferência dos números chega ao pacote",
          "passou": true
        },
        {
          "nome": "PACOTE_EXTRA conserva os bytes",
          "passou": true
        },
        {
          "nome": "planta: uma secção excluída que volte ao diff morde",
          "passou": true
        },
        {
          "nome": "planta: ficheiro do motor alterado morde",
          "passou": true
        },
        {
          "nome": "reposição dos dois lados",
          "passou": true
        },
        {
          "nome": "nenhum caminho temporário foi guardado",
          "passou": true
        },
        {
          "nome": "a montagem corre a zero",
          "passou": true
        },
        {
          "nome": "um relatório não conferido chega com o código de aviso",
          "passou": true
        },
        {
          "nome": "planta: relatório inexistente recusa pela conferência do relatório",
          "passou": true,
          "codigo": 1,
          "queixa": "conferir-relatorio.py: não existe o relatório <ensaio>/sitio/medicoes/relatorio-ausente.md"
        }
      ]
    }
    check:leituras · tests/leituras/portoes.py · código 0
    {
      "ok": true,
      "casos": [
        {
          "planta": "build vermelho não paga conferências",
          "codigo": 1,
          "codigos": {
            "build": 7,
            "verify": 125,
            "typecheck": 0
          },
          "mensagem": "verify: não correu; o build não ficou verde e não pode pagar passos da união"
        },
        {
          "planta": "escrita da tranca recusada",
          "codigo": 9,
          "mensagem": "portoes: não foi possível tomar a tranca; nenhum portão correu"
        },
        {
          "planta": "tranca de outra corrida não é substituída nem solta",
          "mensagem": "à espera da tranca da máquina: tranca de ensaio",
          "codigo": -15
        },
        {
          "planta": "tranca caducada deixa correr",
          "codigo": 1,
          "mensagem": "tranca com mais de quarenta minutos (tranca de ensaio); ignora-se"
        },
        {
          "planta": "partes de corrida morta",
          "codigo": 9,
          "mensagem": "portoes: a pasta já tem códigos ou partes .tempos; escolha uma pasta nova"
        },
        {
          "planta": "TERM depois de tomar a tranca",
          "codigo": 130,
          "mensagem": "portoes: corrida interrompida; os portões seguintes não correm"
        }
      ]
    }
    check:leituras · tests/leituras/tempos.py · código 0
    tempos: a chamada por ligação escreveu os mesmos tempos.json.
    tempos: o ambiente chegou; o código 7 foi conservado; o passo seguinte não correu; cada passo tem início, fim e duração.
    
▶ npm run check:fontes · começou aos 102.0 s
✓ npm run check:fontes · 1.3 s · código 0
    
    > o-estado-do-pais@0.1.0 check:fontes
    > node tests/linha/sem-resposta.mjs
    
      6390 página(s) de linha lidas em <worktree>/dist, nas duas edições (3195 linha(s) × 2).
      4 linha(s) devem mostrar o estado da fonte · 3191 não devem · 8 de proveniência incompleta, fora do mapa e com noindex.
      endereços em falha: 2 · anfitriões em falha: 1
    
    FONTES: PASS — 19170 conferências (o estado e a sua ausência em cada página das duas edições, e o mapa do sítio)
    
▶ npm run mapa:unidades -- --verifica · começou aos 103.3 s
✓ npm run mapa:unidades -- --verifica · 0.1 s · código 0
    
    > o-estado-do-pais@0.1.0 mapa:unidades
    > node scripts/mapa-unidades.mjs --verifica
    
    [32m  ✓ mapa das unidades · [0m29 ficheiros · 308 concelhos · 394 614 B em public/dados/mapa/ · conferidos
    
▶ npm run check:pais:auto-teste · começou aos 103.4 s
✓ npm run check:pais:auto-teste · 1.4 s · código 0
    
    > o-estado-do-pais@0.1.0 check:pais:auto-teste
    > node tests/inicio/prazo-pela-celula.mjs
    
    H2-c: 5 corridas da célula E1 em cópias temporárias; prazo e razão mordem pela E1; a retirada da chamada é detetada.
    mordeu · E1: prazo emCurso passado em evora-2027-capital-europeia-da-cultura (2027-12-31, construção 2028-01-01); a ficha tem de ser decidida: prolongar a data ou tirar o campo emCurso.
    mordeu · E1: declaração emCurso incompleta em evora-2027-capital-europeia-da-cultura: exige razão e data de fim válida.
    
▶ npm run provar:eyetext · começou aos 104.8 s
✓ npm run provar:eyetext · 0.3 s · código 0
    
    > o-estado-do-pais@0.1.0 provar:eyetext
    > node scripts/provar-eyetext.mjs
    
    
    A leitura do olho, provada contra o motor:
      evora-2027-capital-europeia-da-cultura/en         134 blocos lidos ·  134 no registo ·  900 unidades iguais ·  0 isentas em 0 bloco(s) editado(s) · 0 apagado(s)
      evora-2027-capital-europeia-da-cultura/pt         134 blocos lidos ·  134 no registo ·  900 unidades iguais ·  0 isentas em 0 bloco(s) editado(s) · 0 apagado(s)
      evora-2027-prometido-painel-dinheiro/en           130 blocos lidos ·  130 no registo ·  891 unidades iguais ·  0 isentas em 0 bloco(s) editado(s) · 0 apagado(s)
      evora-2027-prometido-painel-dinheiro/pt           130 blocos lidos ·  130 no registo ·  891 unidades iguais ·  0 isentas em 0 bloco(s) editado(s) · 0 apagado(s)
      evora-contas-da-camara-2010-2025/en               171 blocos lidos ·  171 no registo ·  702 unidades iguais ·  0 isentas em 0 bloco(s) editado(s) · 0 apagado(s)
      evora-contas-da-camara-2010-2025/pt               172 blocos lidos ·  172 no registo ·  703 unidades iguais ·  0 isentas em 0 bloco(s) editado(s) · 0 apagado(s)
      evora-economia-e-dinheiro-publico-de-fora-da-camara/en  161 blocos lidos ·  161 no registo ·  661 unidades iguais ·  0 isentas em 0 bloco(s) editado(s) · 0 apagado(s)
      evora-economia-e-dinheiro-publico-de-fora-da-camara/pt  161 blocos lidos ·  161 no registo ·  661 unidades iguais ·  0 isentas em 0 bloco(s) editado(s) · 0 apagado(s)
      evora-economia-investidores-portas-abertas-2026/pt   53 blocos lidos ·   49 no registo ·   83 unidades iguais · 21 isentas em 16 bloco(s) editado(s) · 4 apagado(s)
      evora-orcamentado-pago-devido-2025/en              94 blocos lidos ·   87 no registo ·  179 unidades iguais · 30 isentas em 27 bloco(s) editado(s) · 7 apagado(s)
      evora-orcamentado-pago-devido-2025/pt              95 blocos lidos ·   88 no registo ·  179 unidades iguais · 31 isentas em 28 bloco(s) editado(s) · 7 apagado(s)
      evora-os-pelouros-quem-os-teve-o-que-fizeram/pt   157 blocos lidos ·  138 no registo · 1046 unidades iguais · 49 isentas em 45 bloco(s) editado(s) · 19 apagado(s)
      evora-quem-governou-a-camara-2009-2025/pt         211 blocos lidos ·  211 no registo · 1450 unidades iguais ·  0 isentas em 0 bloco(s) editado(s) · 0 apagado(s)
      evora-quinze-anos-cinco-mandatos/pt               182 blocos lidos ·  173 no registo ·  950 unidades iguais · 65 isentas em 58 bloco(s) editado(s) · 9 apagado(s)
      juntas apertadas na 07 pt                          20 · 0 imprimem um espaço
    
      14 edições · 1985 blocos lidos · 10392 unidades · 10196 iguais carácter a carácter · 196 isentas
      375 operações da passagem de voz: 174 blocos editados e 46 apagados, cada um conferido pelo outro caminho (a frase tirada está na leitura e não no registo)
    
    [32mEYETEXT: PASSA — 612 conferências[0m
    
▶ npm run provar:guardas · começou aos 105.2 s
✓ npm run provar:guardas · 0.2 s · código 0
    
    > o-estado-do-pais@0.1.0 provar:guardas
    > node scripts/provar-guardas.mjs
    
    
    [90m  guardas · 143 conferência(s) sobre os guardas de execução do bloco F0.4[0m
      [32m✓[0m cada guarda recusa o que promete recusar e aceita o que promete aceitar.
    
    
▶ npm run check:mortos · começou aos 105.3 s
✓ npm run check:mortos · 2.5 s · código 0
    
    > o-estado-do-pais@0.1.0 check:mortos
    > node scripts/check-mortos.mjs --prova
    
    [90m  prova ✓ 10 forma(s) mortas vistas e 2 viva(s) deixadas em paz, e a pasta api/ lida e com o seu morto visto, num directório temporário.[0m
    
      [32m✓[0m identificadores · 371 ficheiro(s) lidos, nenhuma declaração morta
    
    
▶ npm run check:primeira · começou aos 107.8 s
✓ npm run check:moldura · 137.3 s · código 0
    
    > o-estado-do-pais@0.1.0 check:moldura
    > node tests/documentos/moldura.mjs
    
    
    [90m  a régua da moldura · 25 documentos × 2 temas × 2 larguras (390, 1280 px)[0m
    
      [32m✓[0m C1  0 nó(s) graves em 100 passagens · nenhuma
      [32m✓[0m C2  filetes: 64972 medidos, 0 abaixo de 3:1 (o pior 3.23:1) · texto próprio das células: 60040 medidos, 0 abaixo de 4,5:1 (o pior 7.57:1)
      [32m✓[0m C3  326 caixa(s) que se deslocam · 0 sem teclado · 0 sem nome · 0 sem marco · 0 nome(s) repetido(s)
      [32m✓[0m C4  100 passagens · 0 sem <main> a um · 0 sem <h1> visível a um · 0 com a moldura errada ou a faixa lá dentro
      [32m✓[0m C5  4 cor(es) distintas nos filetes da moldura · 0 fora da paleta da casa
      [32m✓[0m C6  25 de 25 verdes · 25 de 25 plantas apanhadas
    
    [90m  o axe, regra a regra (as dezasseis páginas nos dois temas):[0m
    [90m       100  region [moderate][0m
    [90m         8  heading-order [moderate][0m
    [90m         0  region [moderate] · em tabela[0m
    [90m         0  heading-order [moderate] · em tabela[0m
    
    [90m  o que a moldura NÃO corrige, contado:[0m
    [90m    · texto dentro de tabela que não é da célula e mede abaixo de 4,5:1: 0 nó(s)[0m
    
    [32m  todas as células verdes.[0m
    
    
▶ npm run check:privacidade · começou aos 137.3 s
✓ npm run check:privacidade · 21.0 s · código 0
    
    > o-estado-do-pais@0.1.0 check:privacidade
    > PYTHONDONTWRITEBYTECODE=1 python3 scripts/check-privacidade.py --prova
    
    {
      "ficheiros": 14647,
      "quantidade": 0,
      "achados": [],
      "plantas": [
        {
          "id": "nome-do-git-1",
          "pagina_base": "404.html",
          "mordeu": true,
          "falha": "nome pessoal ou caminho local na página construída"
        },
        {
          "id": "nome-do-git-2",
          "pagina_base": "404.html",
          "mordeu": true,
          "falha": "nome pessoal ou caminho local na página construída"
        },
        {
          "id": "nome-da-casa-real",
          "nome_pessoal": true,
          "esperado": "detetar",
          "mordeu": true
        },
        {
          "id": "nome-pessoal-portavel",
          "mordeu": true
        },
        {
          "id": "ligacao-home-na-conta-generica",
          "mordeu": true
        },
        {
          "id": "pasta-generica-raiz",
          "mordeu": true
        },
        {
          "id": "pasta-generica-root",
          "mordeu": true
        },
        {
          "id": "pasta-generica-runner",
          "mordeu": true
        },
        {
          "id": "pasta-generica-app",
          "mordeu": true
        },
        {
          "id": "pasta-generica-code",
          "mordeu": true
        },
        {
          "id": "caminho-1",
          "mordeu": true
        },
        {
          "id": "caminho-2",
          "mordeu": true
        },
        {
          "id": "caminho-3",
          "mordeu": true
        },
        {
          "id": "caminho-4",
          "mordeu": true
        },
        {
          "id": "caminho-5",
          "mordeu": true
        }
      ],
      "api": {
        "ficheiros": 1,
        "caminhos_e_nomes": 0,
        "achados_de_caminhos": [],
        "segredos": [],
        "chaves_publicas_vistas": 1,
        "plantas": [
          {
            "id": "segredo-chave-secreta",
            "mordeu": true
          },
          {
            "id": "segredo-papel-de-servico",
            "mordeu": true
          },
          {
            "id": "segredo-sal-com-valor",
            "mordeu": true
          },
          {
            "id": "segredo-sal-entre-aspas",
            "mordeu": true
          },
          {
            "id": "segredo-chave-com-valor",
            "mordeu": true
          },
          {
            "id": "segredo-chave-entre-aspas",
            "mordeu": true
          },
          {
            "id": "sal-lido-do-ambiente-sem-valor",
            "mordeu": true
          },
          {
            "id": "chave-lida-do-ambiente-sem-valor",
            "mordeu": true
          },
          {
            "id": "nome-vazio-entre-aspas-sem-valor",
            "mordeu": true
          },
          {
            "id": "api-caminho-1",
            "mordeu": true
          },
          {
            "id": "api-caminho-2",
            "mordeu": true
          },
          {
            "id": "api-caminho-3",
            "mordeu": true
          },
          {
            "id": "api-caminho-4",
            "mordeu": true
          },
          {
            "id": "api-caminho-5",
            "mordeu": true
          },
          {
            "id": "api-nome-do-git",
            "mordeu": true
          }
        ],
        "passou": true
      },
      "passou": true
    }
    
▶ npm run check:sugestoes · começou aos 158.3 s
✓ npm run check:sugestoes · 0.2 s · código 0
    
    > o-estado-do-pais@0.1.0 check:sugestoes
    > node tests/sugestoes/funcao.mjs --prova
    
      ✓ get
      ✓ armadilha
      ✓ vazia
      ✓ boa
      ✓ boa-en
      ✓ contacto
      ✓ limite
      ✓ cheia
      ✓ chave-recusada
      ✓ rede
      ✓ sem-sal
      ✓ sem-chave
      ✓ sem-ip
      ✓ corte
      ✓ de-fora
      ✓ referer-de-outra-origem
      ✓ marca-de-hora-a-hora
      ✓ exportacoes
      ✓ planta controlo-sem-troca ((todos)) · a cópia sem troca passa
      ✓ planta get-para-outra-pagina (get) · mordeu com a queixa esperada
      ✓ planta armadilha-invertida (armadilha) · mordeu com a queixa esperada
      ✓ planta vazia-invertida (vazia) · mordeu com a queixa esperada
      ✓ planta marca-sem-separador (boa) · mordeu com a queixa esperada
      ✓ planta marca-do-ultimo-endereco (boa) · mordeu com a queixa esperada
      ✓ planta campo-em-branco-como-cadeia-vazia (boa) · mordeu com a queixa esperada
      ✓ planta pagina-sem-o-de-do-referer (boa) · mordeu com a queixa esperada
      ✓ planta origem-sem-o-esquema-publico (boa) · mordeu com a queixa esperada
      ✓ planta chave-sem-trim (boa) · mordeu com a queixa esperada
      ✓ planta corpo-sem-chave (boa) · mordeu com a queixa esperada
      ✓ planta fuga-do-sal (boa) · mordeu com a queixa esperada
      ✓ planta fuga-da-chave (boa) · mordeu com a queixa esperada
      ✓ planta fuga-do-endereco (boa) · mordeu com a queixa esperada
      ✓ planta contacto-de-volta (contacto) · mordeu com a queixa esperada
      ✓ planta contacto-escondido-noutro-parametro (contacto) · mordeu com a queixa esperada
      ✓ planta lingua-sempre-portuguesa (boa-en) · mordeu com a queixa esperada
      ✓ planta limite-invertido (limite) · mordeu com a queixa esperada
      ✓ planta cheia-como-limite (cheia) · mordeu com a queixa esperada
      ✓ planta chave-recusada-como-limite (chave-recusada) · mordeu com a queixa esperada
      ✓ planta rede-como-obrigado (rede) · mordeu com a queixa esperada
      ✓ planta sal-invertido (sem-sal) · mordeu com a queixa esperada
      ✓ planta chave-invertida (sem-chave) · mordeu com a queixa esperada
      ✓ planta ip-em-falta-invertido (sem-ip) · mordeu com a queixa esperada
      ✓ planta corte-em-unidades-de-utf16 (corte) · mordeu com a queixa esperada
      ✓ planta de-de-fora-aceite (de-fora) · mordeu com a queixa esperada
      ✓ planta referer-de-outra-origem-aceite (referer-de-outra-origem) · mordeu com a queixa esperada
      ✓ planta marca-sem-a-hora (marca-de-hora-a-hora) · mordeu com a queixa esperada
      ✓ planta marca-com-o-dia (marca-de-hora-a-hora) · mordeu com a queixa esperada
      ✓ planta marca-em-base64 (marca-de-hora-a-hora) · mordeu com a queixa esperada
      ✓ planta exportacao-a-mais (exportacoes) · mordeu com a queixa esperada
    
      a função das sugestões: 18 casos verdes, 30 plantas que mordem com a queixa esperada e a cópia de controlo verde.
    
▶ npm run check:rotulos · começou aos 158.5 s
✓ npm run check:rotulos · 3.2 s · código 0
    
    > o-estado-do-pais@0.1.0 check:rotulos
    > node scripts/inventario-rotulos.mjs --prova
    
    R2 · rótulos: 7906 página(s) lidas, 704 com cartões, 5290 cartão(ões) (nacional 318, uniao 42, concelho 4928, camaras 2), 376 chave(s); unidades declaradas 780, da linha 4442, em dívida 2; estados 688; frases da faixa 2464+2464 (2464 cartões com a faixa inteira); contra o declarado: 376 chave(s), 1362 campo(s), 1411 forma(s) com a contagem, 26844 ocorrência(s), 0 diferença(s); dobras 138 perguntas, 4928 notas, 12 referências, 42 na União; OE1: unidades em 186+186 recibos, 186+186 entradas do livro; 32 de 32 plantas a morder; 0 erro(s).
    
▶ npm run check:series · começou aos 161.8 s
✓ npm run check:series · 3.0 s · código 0
    
    > o-estado-do-pais@0.1.0 check:series
    > node tests/series/series.mjs --prova
    
      check:series · 24 série(s) no tempo de 7839 ponto(s) · 2 derivada(s) com 152 ponto(s) refeitos · 12 linha(s) presa(s), 12 cartão(ões) no último ponto · 48 recibo(s) lidos · metade do motor da S3: 7687 ponto(s) no seu corpo · 32 de 32 planta(s) morderam
      ✓ as séries no tempo têm a forma, a cadência, cada valor no seu excerto, a derivada refeita, cada linha presa no seu ponto e cada cartão no último, e os recibos com todos os pontos nas duas edições.
    
▶ npm run check:indice-do-sitio · começou aos 164.8 s
✓ npm run check:palavras · 169.6 s · código 0
    
    > o-estado-do-pais@0.1.0 check:palavras
    > node tests/voz/palavras-proibidas.mjs --prova
    
    [32m  palavras ✓ [0m[90m23 de 23 plantas vistas (14 palavras, 9 buracos da superfície) · 7907 página(s) medidas em repouso, 0 achados · 59 página(s) com a superfície estreitada por rota declarada[0m
    
▶ npm run check:explicacoes · começou aos 169.6 s
✓ npm run check:explicacoes · 0.9 s · código 0
    
    > o-estado-do-pais@0.1.0 check:explicacoes
    > node tests/explicacoes/explicacao.mjs --prova && node tests/explicacoes/semana.mjs --prova
    
    X · a explicação: 1 explicação(ões), 80 folhas e 118 partes auditadas (54 diz, 0 leitura, 13 conta, 2 aponta, 49 liga), 5 origens usadas; 2 token(s) «maiores» conferidos nas duas edições; 4 token(s) de ramos (sinal e compara) com os três ramos; 2 origens das explicações, 2 lidas no motor; 2 página(s) recontadas; 23 de 23 plantas em memória.
    W · a leitura da semana: janela 2026-09-30 a 2026-10-06, 90 relidas, 9 mudadas de valor, 3 só na forma de escrever, 9 de proveniência; W1 5 de 5 plantas na cópia do livro; 4 porta(s) da semana conferidas; 8 de 8 plantas na página.
    
▶ npm run check:frases-compostas · começou aos 170.5 s
✓ npm run check:alvos · 180.9 s · código 0
    
    > o-estado-do-pais@0.1.0 check:alvos
    > node tests/acessibilidade/alvos.mjs
    
    check:alvos · planta M-A · folha atrasada reduz o alvo · H16: 7906 página(s) do dist/: 7881 com a porta das sugestões dentro do <footer>, 0 fora dele, 0 com mais de uma, 25 sem ela (e 25 sem a das correções; 0 página(s) sem a das sugestões e com a das correções, 0 sem a das correções e com a das sugestões) · nas rotas medidas: 360 de 360 passagens com uma porta no seu marco; 72 porta(s) a 390 e 72 a partir de 1024, 0 sem o alvo (nenhum) · o botão do formulário: 10 medição(ões), 1 abaixo de 44 px (1× button.sugestoes-enviar «Enviar a sugestão» · 88×32 de toque (caixa 127.3×30)) · o campo armadilhado: 10 medição(ões), 0 à vista, no teclado ou na árvore de acessibilidade
    check:alvos · planta M-A · alvo abaixo de 44 px · H16: 7906 página(s) do dist/: 7881 com a porta das sugestões dentro do <footer>, 0 fora dele, 0 com mais de uma, 25 sem ela (e 25 sem a das correções; 0 página(s) sem a das sugestões e com a das correções, 0 sem a das correções e com a das sugestões) · nas rotas medidas: 360 de 360 passagens com uma porta no seu marco; 72 porta(s) a 390 e 72 a partir de 1024, 0 sem o alvo (nenhum) · o botão do formulário: 10 medição(ões), 1 abaixo de 44 px (1× button.sugestoes-enviar «Enviar a sugestão» · 88×32 de toque (caixa 127.3×30)) · o campo armadilhado: 10 medição(ões), 0 à vista, no teclado ou na árvore de acessibilidade
    check:alvos · planta M-A · etiqueta cortada depois da primeira linha · H14: 360 passagens de todas as famílias com o rótulo de IA no topo: 1 sem linha única, corpo de 12 px ou posição antes do título (sugestoes/pt@390)
    
    [90m  a régua dos alvos · 72 rotas × 5 larguras · dist: dist[0m
    
      [32m✓[0m H1  [90m0 nó(s) em violação (0 graves) em 72 rotas × 2 larguras · nenhuma violação[0m
      [32m✓[0m H2  [90mfichas de concelho: 3220 medidas, 0 sem o alvo (nenhum) · a folha: 56 bloco(s) @media com tecto, 0 com uma regra de 44 px que acaba antes de 1024 · faixa 641 a 1023: 20405 alvos medidos, 12799 deles com 44 px a 390, 52 sem eles na faixa · destes, 0 são caixas e falham (nenhum), 38 são selos dentro de leitura ou sinopse em prosa corrida, cuja área de 44 px cruzaria a linha vizinha do mesmo parágrafo (6× a.src-chip «source · Estrutura de Missão Recup» · 61.9×44.7 de toque (caixa 61×18.6); 5× a.src-chip «source · calculated» · 61.9×44.7 de toque (caixa 61×19); 3× a.src-chip «fonte · INE» · não medido (caixa 52.5×17.4); 3× a.src-chip «source · Entidade Orçamental» · 61.9×27.5 de toque (caixa 61×19)) e 0 são áreas de desenho, cujo alvo é a rede de nomes por baixo do mapa (nenhum), 9 estão numa página de leitura, que o brief põe fora deste bloco (3× a «A economia de Évora e o dinheiro p» · 88×22.3 de toque (caixa 437.4×45.5); 3× a «The economy of Évora and the publi» · 88×22.3 de toque (caixa 434.8×68); 2× a.texto-ligacao «Kohesio, via the EU Cohesion Open » · 88×18.2 de toque (caixa 248.4×36.6); 1× a.texto-ligacao «Kohesio, via the EU Cohesion Open » · 88×18.4 de toque (caixa 248.4×36.6)) e 5 quebram de linha dentro de uma frase, que é a dispensa que a WCAG 2.5.5 escreve para um alvo em linha (2× a «Alert Mechanism Report and Macroec» · 88×23.5 de toque (caixa 528.8×45.5); 1× a «Alert Mechanism Report and Macroec» · 88×23.7 de toque (caixa 528.8×45.5); 1× a «Entre 30.09.2026 e 06.10.2026, 90 » · 88×55.7 de toque (caixa 514.6×82.3); 1× a «Between 30.09.2026 and 06.10.2026,» · 88×55.7 de toque (caixa 524.2×82.3)) · 5962 não medido(s)[0m
      [32m✓[0m H3  [90m7906 página(s) do dist/: 0 sem título único · nas rotas medidas: 0 de 360 passagens[0m
      [32m✓[0m H14  [90m360 passagens de todas as famílias com o rótulo de IA no topo: 0 sem linha única, corpo de 12 px ou posição antes do título[0m
      [32m✓[0m H4  [90m7906 página(s) do dist/: 7881 com a porta dentro do <footer>, 0 fora dele (0 dentro de um <main>, que não conta), 25 sem porta (os documentos alojados) · nas rotas medidas: 0 fora do <footer> ou de um <nav> com nome, 0 dentro de um <main>[0m
      [32m✓[0m H5  [90m16 caixa(s) com deslocamento horizontal medidas, 0 sem teclado, nome ou papel[0m
      [32m✓[0m H6  [90mprimeira página, a 1280: 26 alvo(s) da I105 medidos, 0 abaixo de 32 px (nenhum)[0m
      [32m✓[0m H7  [90m20 algarismo(s) de manchete medidos · 0 em manchetes de uma linha citada, 0 sem os 44 px (nenhum) · 20 em manchetes de várias, 0 sem a largura ou sem a caixa de linha (nenhum) · 0 com uma porta de OUTRA linha dentro da sua área (nenhum)[0m
      [32m✓[0m H8  [90mcartões: 1720 registo(s), 860 da edição inglesa, 856 com unidade · 0 desenharam uma cadeia diferente da que a tabela manda · 6 ficam em português por decisão da tabela («avisos» em 4: sem inglês do organismo: as duas linhas têm fonte e documento «[a verificar]»; «factor» em 2: é o nome que o relatório citado dá ao número, e não uma unidade de contagem) · páginas inglesas: 2515 unidade(s) rendida(s), 0 diferentes do que a tabela manda[0m
      [32m✓[0m H9  [90m3951 página(s) inglesas lidas: 944 com um nome de diploma, 3007 sem nenhum, 3 documento(s) alojado(s) fora da conta · 949 nome(s): 944 com lang="pt-PT", 5 dentro de uma transcrição da fonte (marca-se inteira, na língua da fonte: não é deste bloco), 0 sem marca[0m
      [32m✓[0m H13  [90m/lugares nas duas edições e nas 5 larguras: 10 passagem(ns) · portas de concelho por página: 308 (esperado 308, fora das duas tabelas com uma porta por linha) · dentro da lista agrupada: 308[0m
      [32m✓[0m H15  [90mpt@390: vazio 0 · «mour» 2 à vista, Mourão à vista · Enter com vários fica · «xyzq» 0 à vista, frase à vista, Enter fica · «mourao» 1 à vista, Enter abre Mourão || pt@1280: vazio 0 · «mour» 2 à vista, Mourão à vista · Enter com vários fica · «xyzq» 0 à vista, frase à vista, Enter fica · «mourao» 1 à vista, Enter abre Mourão || en@390: vazio 0 · «mour» 2 à vista, Mourão à vista · Enter com vários fica · «xyzq» 0 à vista, frase à vista, Enter fica · «mourao» 1 à vista, Enter abre Mourão || en@1280: vazio 0 · «mour» 2 à vista, Mourão à vista · Enter com vários fica · «xyzq» 0 à vista, frase à vista, Enter fica · «mourao» 1 à vista, Enter abre Mourão[0m
      [32m✓[0m H16  [90m7906 página(s) do dist/: 7881 com a porta das sugestões dentro do <footer>, 0 fora dele, 0 com mais de uma, 25 sem ela (e 25 sem a das correções; 0 página(s) sem a das sugestões e com a das correções, 0 sem a das correções e com a das sugestões) · nas rotas medidas: 360 de 360 passagens com uma porta no seu marco; 72 porta(s) a 390 e 72 a partir de 1024, 0 sem o alvo (nenhum) · o botão do formulário: 10 medição(ões), 0 abaixo de 44 px (nenhum) · o campo armadilhado: 10 medição(ões), 0 à vista, no teclado ou na árvore de acessibilidade[0m
      [32m✓[0m H10  [90maria-expanded no dist/: 0 ocorrência(s) em 0 página(s) · ausência medida em todas as páginas próprias · conhecido positivo obrigatório: 1 ocorrência(s), recusado · Método: 10 passagem(ns), 0 sem título[0m
    [90m
      escrito <worktree>/design/especime-v3/medicoes/ma-2026-10-06/portoes-b/alvos.json[0m
    
    [32m  todas as células verdes.[0m
    
    
✓ npm run check:indice-do-sitio · 17.6 s · código 0
    
    > o-estado-do-pais@0.1.0 check:indice-do-sitio
    > node tests/indice/indice.mjs --prova
    
    check:indice-do-sitio pt: 426 portas (426 destinos), 420 endereços do mapa conferidos, 32 rotas de leitor, 308 concelhos em 29 gavetas, 11 estudos, 8 linhas de «O que mudou».
    check:indice-do-sitio en: 426 portas (426 destinos), 420 endereços do mapa conferidos, 32 rotas de leitor, 308 concelhos em 29 gavetas, 11 estudos, 8 linhas de «O que mudou».
    check:indice-do-sitio: 17 de 17 plantas morderam.
    check:indice-do-sitio: todas as conferências a 0.
    
✓ npm run check:frases-compostas · 12.8 s · código 0
    
    > o-estado-do-pais@0.1.0 check:frases-compostas
    > node tests/explicacoes/frases-compostas.mjs
    
    FC · 20 passagem(ns) em 10 páginas, 356 pedaços marcados vistos, 0 dentro de um contentor flexível, 0 documento(s) mais largos do que a janela a 390 px; 2 de 2 plantas no navegador.
    
✓ npm run check:primeira · 108.8 s · código 0
    
    > o-estado-do-pais@0.1.0 check:primeira
    > node tests/inicio/primeira-pagina.mjs --prova && node tests/inicio/geometria.mjs --prova && node tests/inicio/lugares-no-navegador.mjs --prova && node tests/inicio/tema-e-menu.mjs --prova
    
    check:primeira · auditoria: 81 folhas, 128 partes (76 diz, 24 conta, 28 liga), 103 apoios, 14 algarismos · 16 páginas, 10 blocos rendidos e recontados · entradas: 0 cartões nos temas, 94 nas entradas, 0 fora por declaração, 16 páginas das entradas no mapa do sítio · 76 de 76 plantas mordidas
    check:primeira · todas as conferências a 0.
    / a 390 px (light): 5 blocos, 0 falhas · precos:unica: 5 barras, 10.688 px por unidade, faixa de 354.0 px · casa:unica: 4 barras, 6.337 px por unidade, faixa de 240.4 px · trabalho:painel-0: 2 barras, 1.724 px por unidade, faixa de 240.4 px · trabalho:desemprego: 4 barras, 17.237 px por unidade, faixa de 240.4 px · estado:unica: 3 barras, 1.807 px por unidade, faixa de 170.0 px · estado · referência: a linha a 108.4 px da base, os 60 a 108.4 px · pobreza:painel-0: 2 barras, 6.894 px por unidade, faixa de 240.4 px · pobreza:painel-1: 2 barras, 34.471 px por unidade, faixa de 240.4 px
    / a 1280 px (light): 5 blocos, 0 falhas · precos:unica: 5 barras, 10.129 px por unidade, faixa de 335.5 px · casa:unica: 4 barras, 3.540 px por unidade, faixa de 134.8 px · trabalho:painel-0: 2 barras, 3.114 px por unidade, faixa de 433.5 px · trabalho:desemprego: 4 barras, 31.141 px por unidade, faixa de 433.5 px · estado:unica: 3 barras, 2.342 px por unidade, faixa de 220.0 px · estado · referência: a linha a 140.5 px da base, os 60 a 140.5 px · pobreza:painel-0: 2 barras, 3.852 px por unidade, faixa de 134.8 px · pobreza:painel-1: 2 barras, 19.261 px por unidade, faixa de 134.8 px
    / a 390 px (dark): 5 blocos, 0 falhas · precos:unica: 5 barras, 10.688 px por unidade, faixa de 354.0 px · casa:unica: 4 barras, 6.337 px por unidade, faixa de 240.4 px · trabalho:painel-0: 2 barras, 1.724 px por unidade, faixa de 240.4 px · trabalho:desemprego: 4 barras, 17.237 px por unidade, faixa de 240.4 px · estado:unica: 3 barras, 1.807 px por unidade, faixa de 170.0 px · estado · referência: a linha a 108.4 px da base, os 60 a 108.4 px · pobreza:painel-0: 2 barras, 6.894 px por unidade, faixa de 240.4 px · pobreza:painel-1: 2 barras, 34.471 px por unidade, faixa de 240.4 px
    / a 1280 px (dark): 5 blocos, 0 falhas · precos:unica: 5 barras, 10.129 px por unidade, faixa de 335.5 px · casa:unica: 4 barras, 3.540 px por unidade, faixa de 134.8 px · trabalho:painel-0: 2 barras, 3.114 px por unidade, faixa de 433.5 px · trabalho:desemprego: 4 barras, 31.141 px por unidade, faixa de 433.5 px · estado:unica: 3 barras, 2.342 px por unidade, faixa de 220.0 px · estado · referência: a linha a 140.5 px da base, os 60 a 140.5 px · pobreza:painel-0: 2 barras, 3.852 px por unidade, faixa de 134.8 px · pobreza:painel-1: 2 barras, 19.261 px por unidade, faixa de 134.8 px
    /en/ a 390 px (light): 5 blocos, 0 falhas · precos:unica: 5 barras, 10.688 px por unidade, faixa de 354.0 px · casa:unica: 4 barras, 6.337 px por unidade, faixa de 240.4 px · trabalho:painel-0: 2 barras, 1.724 px por unidade, faixa de 240.4 px · trabalho:desemprego: 4 barras, 17.237 px por unidade, faixa de 240.4 px · estado:unica: 3 barras, 1.807 px por unidade, faixa de 170.0 px · estado · referência: a linha a 108.4 px da base, os 60 a 108.4 px · pobreza:painel-0: 2 barras, 6.894 px por unidade, faixa de 240.4 px · pobreza:painel-1: 2 barras, 34.471 px por unidade, faixa de 240.4 px
    /en/ a 1280 px (light): 5 blocos, 0 falhas · precos:unica: 5 barras, 10.129 px por unidade, faixa de 335.5 px · casa:unica: 4 barras, 3.540 px por unidade, faixa de 134.8 px · trabalho:painel-0: 2 barras, 3.114 px por unidade, faixa de 433.5 px · trabalho:desemprego: 4 barras, 31.141 px por unidade, faixa de 433.5 px · estado:unica: 3 barras, 2.342 px por unidade, faixa de 220.0 px · estado · referência: a linha a 140.5 px da base, os 60 a 140.5 px · pobreza:painel-0: 2 barras, 3.852 px por unidade, faixa de 134.8 px · pobreza:painel-1: 2 barras, 19.261 px por unidade, faixa de 134.8 px
      apanhada · um número solto → PP1 · / (planta) · precos: o bloco escreve um algarismo sem marca de origem: «Os preços no seu conjunto medem-se num cabaz de bens e se…»
      apanhada · um valor trocado → PP1 · / (planta) · precos: o valor desenhado de ipc-combustiveis-variacao-homologa é «23,87» e a linha diz «23,78»
      apanhada · o identificador de outra linha → PP1 · / (planta) · precos: o valor desenhado de ipc-alimentacao-variacao-homologa é «5,22» e a linha diz «2,14»
      apanhada · uma linha retirada → PP1 · / (planta) · pobreza: o desenho não tem a linha racio-s80-s20-2025-ue
      apanhada · um número das palavras fixas mudado → PP1 · / (planta) · casa: o texto rendido da frase difere do que o resolvedor dá: «Em Portugal, a parte das pessoas que gastam mais de 45 % …» contra «Em Portugal, a parte das pessoas que gastam mais de 40 % …»
      apanhada · a unidade dentro do elemento do valor → PP1 · / (planta) · precos: o valor desenhado de ipc-combustiveis-variacao-homologa é «23,78 %» e a linha diz «23,78»
      apanhada · um travessão → PP1 · / (planta) · estado: da frase tem um travessão: «A dívida pública desceu de 2024 para 2025 — e está acima …»
      apanhada · um painel da habitação com outra escala escrita → [desenho] G1 · na escala «casa:unica», sobrecarga-do-custo-da-habitacao-2025 mede 39.92 px; na escala dos outros mediria 27.73 px
      apanhada · um painel da habitação mais estreito → [desenho] G1 · na escala «casa:unica», sobrecarga-do-custo-da-habitacao-2025 mede 39.92 px; na escala dos outros mediria 14.24 px
      apanhada · uma barra fora da origem → [desenho] G3 · as barras de ipc-combustiveis-variacao-homologa, ipc-rendas-variacao-homologa, ipc-alimentacao-variacao-homologa, ipc-energia-em-casa-variacao-homologa, ipc-variacao-homologa não partem da mesma origem
      apanhada · a linha do limiar nos 50 → [desenho] G4 · a linha de referência está a 90.4 px da base; os 60 da escala estão a 108.4 px
      apanhada · a linha a entrar no painel da União → [desenho] G4 · a linha do valor de referência entra no painel da União, onde a Comissão não aplica o limiar
      apanhada · uma cor numa coluna → [cor] G5 · rgb(31, 78, 140) em span.pp-col-barra
      apanhada · preenchimento preto nas guias da série → [cor] G5 · rgb(0, 0, 0) em line
      apanhada · preenchimento preto na linha da leitura de um ponto → [cor] G5 · rgb(0, 0, 0) em line
      apanhada · o âmbar no rótulo → [cor] G5 · âmbar fora da linha de referência, em p.pp-ref-rotulo
    geometria · 6 corridas sem falhas · 16 de 16 plantas apanhadas.
    ✓ a porta · pt 390: porta «Lugares» 1× · sinal à vista 40×53 px · o toque aterra em /lugares (200)
    ✓ a porta · pt 1280: porta «Lugares» 1× · sinal à vista 40×53 px · o toque aterra em /lugares (200)
    ✓ a porta · en 390: porta «Lugares» 1× · sinal à vista 40×53 px · o toque aterra em /en/places (200)
    ✓ a porta · en 1280: porta «Lugares» 1× · sinal à vista 40×53 px · o toque aterra em /en/places (200)
    ✓ a ordem · pt 390 (uma coluna): pesquisa 289 · mapa 411–935 à esquerda 18 · regiões 954 · distritos 999 · nomes à vista 0
    ✓ a ordem · pt 768 (uma coluna): pesquisa 304 · mapa 427–925 à esquerda 31 · regiões 945 · distritos 990 · nomes à vista 0
    ✓ a ordem · pt 1024 (duas colunas): pesquisa 336 · mapa 336–962 à esquerda 553 · regiões 475 · distritos 520 · nomes à vista 0
    ✓ a ordem · pt 1280 (duas colunas): pesquisa 341 · mapa 341–967 à esquerda 756 · regiões 492 · distritos 537 · nomes à vista 0
    ✓ a ordem · pt 1600 (duas colunas): pesquisa 341 · mapa 341–967 à esquerda 916 · regiões 495 · distritos 540 · nomes à vista 0
    ✓ a ordem · en 390 (uma coluna): pesquisa 289 · mapa 411–935 à esquerda 18 · regiões 954 · distritos 999 · nomes à vista 0
    ✓ a ordem · en 768 (uma coluna): pesquisa 304 · mapa 427–925 à esquerda 31 · regiões 945 · distritos 990 · nomes à vista 0
    ✓ a ordem · en 1024 (duas colunas): pesquisa 336 · mapa 336–962 à esquerda 553 · regiões 475 · distritos 520 · nomes à vista 0
    ✓ a ordem · en 1280 (duas colunas): pesquisa 341 · mapa 341–967 à esquerda 756 · regiões 492 · distritos 537 · nomes à vista 0
    ✓ a ordem · en 1600 (duas colunas): pesquisa 341 · mapa 341–967 à esquerda 916 · regiões 495 · distritos 540 · nomes à vista 0
    ✓ as gavetas · pt sem guião: regioes, 9 nomes · à vista antes 0, depois do Enter 9, depois do segundo Enter 0 · distritos, 29 nomes · à vista antes 0, depois do Enter 29, depois do segundo Enter 0
    ✓ as gavetas · en sem guião: regioes, 9 nomes · à vista antes 0, depois do Enter 9, depois do segundo Enter 0 · distritos, 29 nomes · à vista antes 0, depois do Enter 29, depois do segundo Enter 0
    ✓ a pesquisa · pt sem guião: a pesquisa não procura: «mourao» + Enter aterra em /lugares?concelho=mourao (200), com 0 resultado(s) à vista · o caminho pelas gavetas: a porta de /distritos/evora escondida com a gaveta fechada true, à vista com ela aberta true, abre (200) e nela a porta de Mourão à vista 1×, que abre (200)
    ✓ a pesquisa · en sem guião: a pesquisa não procura: «mourao» + Enter aterra em /en/places?concelho=mourao (200), com 0 resultado(s) à vista · o caminho pelas gavetas: a porta de /en/districts/evora escondida com a gaveta fechada true, à vista com ela aberta true, abre (200) e nela a porta de Mourão à vista 1×, que abre (200)
      mordeu · o mapa depois das gavetas em «Lugares», a 390 · pt 390 (uma coluna): pesquisa 289 · mapa 520–1044 à esquerda 18 · regiões 412 · distritos 457 · nomes à vista 0
      mordeu · a porta «Lugares» da primeira página para uma página que não existe · en 390: porta «Lugares» 1× · sinal à vista 40×53 px · o toque aterra em /en/places-that-do-not-exist (404)
      mordeu · o <summary> das regiões trocado por um bloco qualquer · pt sem guião: regioes, 9 nomes · à vista antes 0, depois do Enter ?, depois do segundo Enter ? · distritos, 29 nomes · à vista antes 0, depois do Enter 29, depois do segundo Enter 0
      mordeu · o <summary> dos distritos e das ilhas trocado por um bloco qualquer · en sem guião: regioes, 9 nomes · à vista antes 0, depois do Enter 9, depois do segundo Enter 0 · distritos, 29 nomes · à vista antes 0, depois do Enter ?, depois do segundo Enter ?
      mordeu · a porta do distrito de Mourão tirada da gaveta dos distritos e das ilhas · pt sem guião: a pesquisa não procura: «mourao» + Enter aterra em /lugares?concelho=mourao (200), com 0 resultado(s) à vista · o caminho pelas gavetas: a porta de NENHUM distrito escondida com a gaveta fechada ?, à vista com ela aberta ?, abre (?) e nela a porta de Mourão à vista 0×, que abre (?)
      mordeu · o formulário de «Lugares» sem destino · en sem guião: a pesquisa não procura: «mourao» + Enter aterra em /en/places-that-do-not-exist?concelho=mourao (404), com 0 resultado(s) à vista · o caminho pelas gavetas: a porta de /en/districts/evora escondida com a gaveta fechada true, à vista com ela aberta true, abre (200) e nela a porta de Mourão à vista 1×, que abre (200)
    a porta e a página dos lugares · 18 medições no navegador, todas a cumprir · 6 de 6 plantas mordidas.
    tema e menu · TM1 24 corrida(s), TM2 30, TM3 6, TM4 42 · 9 planta(s), 9 a morder
      mordeu · a paleta escura pela preferência do sistema
      mordeu · a guarda tirada do <head>
      mordeu · um manipulador que aplica o claro a todos os cliques
      mordeu · a guarda no fim do <body>
      mordeu · o comando tirado do cabeçalho
      mordeu · um botão do tema com 30 px
      mordeu · uma sétima porta no menu
      mordeu · a letra do menu de antes do P4
      mordeu · o menu sem dobrar a 320 px
    tema e menu · todas as células a 0.
    
▶ npm run design:feixe · começou aos 216.6 s, depois do grupo, sozinho
✓ npm run design:feixe · 2.1 s · código 0
    
    > o-estado-do-pais@0.1.0 design:feixe
    > node scripts/design-bundle.mjs --prova
    
      mordeu · feixe · tamanho
      mordeu · feixe · dependência SVG
      mordeu · feixe · imagem externa
      mordeu · feixe · recorte retirado
    {"recorte_livro":{"ficheiro":"13-pagina-livro-razao.html","entradas_na_pagina":428,"entradas_no_recorte":8,"primeiras_preservadas":true,"nota_e_porta_preservadas":true,"pagina_conservada":true,"pagina_sha256":"de4486f4b6e8b0a5b40d1f77263058b34506a69aa014b924ac20bed1afa175d0","bytes_cartao":239505,"bytes_sem_recorte":1137070,"teto_bytes":673249,"margem":0.1,"planta":{"nome":"recorte retirado","mordeu":true,"queixa":"1110.4 KiB acima do tecto de 657.4697265625 KiB"}}}
    
    [1m  O feixe de cartões do sistema de desenho[0m
    [90m  design-system/ · de dist/ no commit 822fd96 · 20 cartões, 11 ficheiros de letra e um README[0m
    
    [90m  ficheiro                          grupo          bytes  ok[0m
      01-cor.html                       Fundamentos   380206  [32m✓[0m
      02-tipo.html                      Fundamentos   376352  [32m✓[0m
      03-selo-e-marcador.html           Componentes   415656  [32m✓[0m
      04-regua.html                     Disposições   383852  [32m✓[0m
      05-mapa.html                      Disposições   444997  [32m✓[0m
      06-estados.html                   Componentes   375911  [32m✓[0m
      07-cartoes.html                   Componentes   288787  [32m✓[0m
      10-pagina-primeira.html           Páginas       572395  [32m✓[0m
      11-pagina-primeira-escuro.html    Páginas       573266  [32m✓[0m
      12-pagina-linha-livro-razao.html  Páginas       229983  [32m✓[0m
      13-pagina-livro-razao.html        Páginas       239505  [32m✓[0m
      14-pagina-municipio.html          Páginas       301103  [32m✓[0m
      15-pagina-lugares.html            Páginas       491451  [32m✓[0m
      16-pagina-metodo.html             Páginas       257402  [32m✓[0m
      17-pagina-agenda.html             Páginas       294068  [32m✓[0m
      18-pagina-estudos.html            Páginas       214424  [32m✓[0m
      19-pagina-sobre.html              Páginas       199788  [32m✓[0m
      20-pagina-correcoes.html          Páginas       318676  [32m✓[0m
      21-pagina-404.html                Páginas       198717  [32m✓[0m
      30-regras.html                    Fundamentos   240811  [32m✓[0m
    
    [90m  6638.0 KiB de cartões · maior cartão 559.8 KiB · tecto 657.4697265625 KiB[0m
    [90m  11 ficheiros de letra ao lado, 421.0 KiB, resumos conferidos contra TIPOS.md · fora do tecto[0m
    [90m  ligações internas absolutas em https://oestadodopaís.pt · 17 ligações para fontes, intactas · 12 endereços escritos no texto das páginas (transcrições, não pedidos)[0m
    [90m  nenhum <script>, nenhum <link>, nenhuma imagem que não seja data:, nenhum endereço fora de um href · 160 pedidos de tipo, todos resolvidos em ficheiros desta corrida[0m
    
    [90m  7907 página(s) de `dist/` varridas à procura das duas ausências que os cartões afirmam (`.movel-selo`, `.banda`): nenhuma das duas rende.[0m
      [32m✓[0m 20 cartões, 11 ficheiros de letra e um README em design-system/.
    
    

  O VERIFY DEPOIS DO BUILD
    ✓ npm run check:alvos                        180.9 s  código 0
    ✓ npm run check:palavras                     169.6 s  código 0
    ✓ npm run check:moldura                      137.3 s  código 0
    ✓ npm run check:primeira                     108.8 s  código 0
    ✓ npm run check:lugar                         37.8 s  código 0
    ✓ npm run check:indice                        21.6 s  código 0
    ✓ npm run check:privacidade                   21.0 s  código 0
    ✓ npm run check:indice-do-sitio               17.6 s  código 0
    ✓ npm run check:frases-compostas              12.8 s  código 0
    ✓ npm run check:leituras                      12.6 s  código 0
    ✓ npm run check:cartao                        12.2 s  código 0
    ✓ npm run check:css                            6.5 s  código 0
    ✓ npm run check:cabeca                         5.9 s  código 0
    ✓ npm run check:alcance                        5.2 s  código 0
    ✓ npm run check:rotulos                        3.2 s  código 0
    ✓ npm run check:series                         3.0 s  código 0
    ✓ npm run check:mortos                         2.5 s  código 0
    ✓ npm run design:feixe                         2.1 s  código 0
    ✓ npm run check:pais:auto-teste                1.4 s  código 0
    ✓ npm run check:fontes                         1.3 s  código 0
    ✓ npm run check:explicacoes                    0.9 s  código 0
    ✓ npm run provar:eyetext                       0.3 s  código 0
    ✓ npm run check:briefs                         0.3 s  código 0
    ✓ npm run check:sugestoes                      0.2 s  código 0
    ✓ npm run provar:guardas                       0.2 s  código 0
    ✓ npm run mapa:unidades -- --verifica          0.1 s  código 0
  U ✓ 46 passos no verify: 20 corridos pelo build, 26 corridos aqui e verdes
  D ✓ nenhuma escrita durante as conferências nos 14647 ficheiros do dist/ (bytes, hora de escrita e inode) nem nos 19740 ficheiros que o git segue (hora de escrita, inode e tamanho)
  C ✓ a construção é da cabeça 822fd960ecbe2884b22036742cb3e80dd9324231, carimbada a 2026-10-06T13:43:12.260Z; prova.json escrito a 2026-10-06T13:44:10.979Z, cadeia.json a 2026-10-06T13:44:12.762Z
  221.1 s ao todo

