{
  "paginas": 7434,
  "porta_correccoes": {
    "com": 7434,
    "sem": 0
  },
  "primeira_pagina": {
    "sem_selo": 0,
    "selo_para_outra_linha": 0
  },
  "frases_de_moldura": {
    "distintas": 410,
    "ocorrencias": 55235,
    "na_porta_de_correccoes": 0,
    "sem_a_porta": 55235
  },
  "primeira_pagina_distintas": {
    "sem_selo": 0,
    "selo_para_outra_linha": 0
  },
  "marcador_retirado": {
    "ocorrencias": 0,
    "paginas": 0
  },
  "linhas_com_page": 59,
  "linhas_com_recorte": 22,
  "localizadores_internos": 20,
  "frases_de_cobertura": {},
  "frases_da_casa": {
    "inventario": "design/especime-v3/INVENTARIO-FRASES.md",
    "inventario_existe": true,
    "entradas_declaradas": 784,
    "por_rota": {
      "/": {
        "total": 59,
        "distintas": 31,
        "por_classe": {
          "conteudo": 44,
          "navegacao": 13,
          "autorreferencia": 0,
          "divulgacao": 2
        },
        "nao_classificados": []
      },
      "/agenda": {
        "total": 45,
        "distintas": 29,
        "por_classe": {
          "conteudo": 36,
          "navegacao": 8,
          "autorreferencia": 0,
          "divulgacao": 1
        },
        "nao_classificados": []
      },
      "/areas": {
        "total": 29,
        "distintas": 13,
        "por_classe": {
          "conteudo": 12,
          "navegacao": 16,
          "autorreferencia": 0,
          "divulgacao": 1
        },
        "nao_classificados": []
      },
      "/areas/administracao-interna": {
        "total": 21,
        "distintas": 12,
        "por_classe": {
          "conteudo": 14,
          "navegacao": 6,
          "autorreferencia": 0,
          "divulgacao": 1
        },
        "nao_classificados": []
      },
      "/areas/ambiente-e-energia": {
        "total": 14,
        "distintas": 13,
        "por_classe": {
          "conteudo": 6,
          "navegacao": 7,
          "autorreferencia": 0,
          "divulgacao": 1
        },
        "nao_classificados": []
      },
      "/areas/economia-e-coesao-territorial": {
        "total": 95,
        "distintas": 26,
        "por_classe": {
          "conteudo": 87,
          "navegacao": 7,
          "autorreferencia": 0,
          "divulgacao": 1
        },
        "nao_classificados": []
      },
      "/areas/educacao-ciencia-e-inovacao": {
        "total": 18,
        "distintas": 14,
        "por_classe": {
          "conteudo": 11,
          "navegacao": 6,
          "autorreferencia": 0,
          "divulgacao": 1
        },
        "nao_classificados": []
      },
      "/areas/financas": {
        "total": 18,
        "distintas": 16,
        "por_classe": {
          "conteudo": 11,
          "navegacao": 6,
          "autorreferencia": 0,
          "divulgacao": 1
        },
        "nao_classificados": []
      },
      "/areas/infraestruturas-e-habitacao": {
        "total": 22,
        "distintas": 16,
        "por_classe": {
          "conteudo": 15,
          "navegacao": 6,
          "autorreferencia": 0,
          "divulgacao": 1
        },
        "nao_classificados": []
      },
      "/areas/justica": {
        "total": 12,
        "distintas": 12,
        "por_classe": {
          "conteudo": 5,
          "navegacao": 6,
          "autorreferencia": 0,
          "divulgacao": 1
        },
        "nao_classificados": []
      },
      "/areas/saude": {
        "total": 12,
        "distintas": 12,
        "por_classe": {
          "conteudo": 5,
          "navegacao": 6,
          "autorreferencia": 0,
          "divulgacao": 1
        },
        "nao_classificados": []
      },
      "/areas/trabalho-solidariedade-e-seguranca-social": {
        "total": 59,
        "distintas": 27,
        "por_classe": {
          "conteudo": 52,
          "navegacao": 6,
          "autorreferencia": 0,
          "divulgacao": 1
        },
        "nao_classificados": []
      },
      "/correcoes": {
        "total": 27,
        "distintas": 27,
        "por_classe": {
          "conteudo": 18,
          "navegacao": 8,
          "autorreferencia": 0,
          "divulgacao": 1
        },
        "nao_classificados": []
      },
      "/distritos/aveiro": {
        "total": 11,
        "distintas": 11,
        "por_classe": {
          "conteudo": 2,
          "navegacao": 8,
          "autorreferencia": 0,
          "divulgacao": 1
        },
        "nao_classificados": []
      },
      "/distritos/beja": {
        "total": 11,
        "distintas": 11,
        "por_classe": {
          "conteudo": 2,
          "navegacao": 8,
          "autorreferencia": 0,
          "divulgacao": 1
        },
        "nao_classificados": []
      },
      "/distritos/braga": {
        "total": 11,
        "distintas": 11,
        "por_classe": {
          "conteudo": 2,
          "navegacao": 8,
          "autorreferencia": 0,
          "divulgacao": 1
        },
        "nao_classificados": []
      },
      "/distritos/braganca": {
        "total": 11,
        "distintas": 11,
        "por_classe": {
          "conteudo": 2,
          "navegacao": 8,
          "autorreferencia": 0,
          "divulgacao": 1
        },
        "nao_classificados": []
      },
      "/distritos/castelo-branco": {
        "total": 11,
        "distintas": 11,
        "por_classe": {
          "conteudo": 2,
          "navegacao": 8,
          "autorreferencia": 0,
          "divulgacao": 1
        },
        "nao_classificados": []
      },
      "/distritos/coimbra": {
        "total": 11,
        "distintas": 11,
        "por_classe": {
          "conteudo": 2,
          "navegacao": 8,
          "autorreferencia": 0,
          "divulgacao": 1
        },
        "nao_classificados": []
      },
      "/distritos/evora": {
        "total": 11,
        "distintas": 11,
        "por_classe": {
          "conteudo": 2,
          "navegacao": 8,
          "autorreferencia": 0,
          "divulgacao": 1
        },
        "nao_classificados": []
      },
      "/distritos/faro": {
        "total": 11,
        "distintas": 11,
        "por_classe": {
          "conteudo": 2,
          "navegacao": 8,
          "autorreferencia": 0,
          "divulgacao": 1
        },
        "nao_classificados": []
      },
      "/distritos/guarda": {
        "total": 11,
        "distintas": 11,
        "por_classe": {
          "conteudo": 2,
          "navegacao": 8,
          "autorreferencia": 0,
          "divulgacao": 1
        },
        "nao_classificados": []
      },
      "/distritos/ilha-da-graciosa": {
        "total": 11,
        "distintas": 11,
        "por_classe": {
          "conteudo": 2,
          "navegacao": 8,
          "autorreferencia": 0,
          "divulgacao": 1
        },
        "nao_classificados": []
      },
      "/distritos/ilha-da-madeira": {
        "total": 11,
        "distintas": 11,
        "por_classe": {
          "conteudo": 2,
          "navegacao": 8,
          "autorreferencia": 0,
          "divulgacao": 1
        },
        "nao_classificados": []
      },
      "/distritos/ilha-das-flores": {
        "total": 11,
        "distintas": 11,
        "por_classe": {
          "conteudo": 2,
          "navegacao": 8,
          "autorreferencia": 0,
          "divulgacao": 1
        },
        "nao_classificados": []
      },
      "/distritos/ilha-de-porto-santo": {
        "total": 11,
        "distintas": 11,
        "por_classe": {
          "conteudo": 2,
          "navegacao": 8,
          "autorreferencia": 0,
          "divulgacao": 1
        },
        "nao_classificados": []
      },
      "/distritos/ilha-de-santa-maria": {
        "total": 11,
        "distintas": 11,
        "por_classe": {
          "conteudo": 2,
          "navegacao": 8,
          "autorreferencia": 0,
          "divulgacao": 1
        },
        "nao_classificados": []
      },
      "/distritos/ilha-de-sao-jorge": {
        "total": 11,
        "distintas": 11,
        "por_classe": {
          "conteudo": 2,
          "navegacao": 8,
          "autorreferencia": 0,
          "divulgacao": 1
        },
        "nao_classificados": []
      },
      "/distritos/ilha-de-sao-miguel": {
        "total": 11,
        "distintas": 11,
        "por_classe": {
          "conteudo": 2,
          "navegacao": 8,
          "autorreferencia": 0,
          "divulgacao": 1
        },
        "nao_classificados": []
      },
      "/distritos/ilha-do-corvo": {
        "total": 11,
        "distintas": 11,
        "por_classe": {
          "conteudo": 2,
          "navegacao": 8,
          "autorreferencia": 0,
          "divulgacao": 1
        },
        "nao_classificados": []
      },
      "/distritos/ilha-do-faial": {
        "total": 11,
        "distintas": 11,
        "por_classe": {
          "conteudo": 2,
          "navegacao": 8,
          "autorreferencia": 0,
          "divulgacao": 1
        },
        "nao_classificados": []
      },
      "/distritos/ilha-do-pico": {
        "total": 11,
        "distintas": 11,
        "por_classe": {
          "conteudo": 2,
          "navegacao": 8,
          "autorreferencia": 0,
          "divulgacao": 1
        },
        "nao_classificados": []
      },
      "/distritos/ilha-terceira": {
        "total": 11,
        "distintas": 11,
        "por_classe": {
          "conteudo": 2,
          "navegacao": 8,
          "autorreferencia": 0,
          "divulgacao": 1
        },
        "nao_classificados": []
      },
      "/distritos/leiria": {
        "total": 11,
        "distintas": 11,
        "por_classe": {
          "conteudo": 2,
          "navegacao": 8,
          "autorreferencia": 0,
          "divulgacao": 1
        },
        "nao_classificados": []
      },
      "/distritos/lisboa": {
        "total": 11,
        "distintas": 11,
        "por_classe": {
          "conteudo": 2,
          "navegacao": 8,
          "autorreferencia": 0,
          "divulgacao": 1
        },
        "nao_classificados": []
      },
      "/distritos/portalegre": {
        "total": 11,
        "distintas": 11,
        "por_classe": {
          "conteudo": 2,
          "navegacao": 8,
          "autorreferencia": 0,
          "divulgacao": 1
        },
        "nao_classificados": []
      },
      "/distritos/porto": {
        "total": 11,
        "distintas": 11,
        "por_classe": {
          "conteudo": 2,
          "navegacao": 8,
          "autorreferencia": 0,
          "divulgacao": 1
        },
        "nao_classificados": []
      },
      "/distritos/santarem": {
        "total": 11,
        "distintas": 11,
        "por_classe": {
          "conteudo": 2,
          "navegacao": 8,
          "autorreferencia": 0,
          "divulgacao": 1
        },
        "nao_classificados": []
      },
      "/distritos/setubal": {
        "total": 11,
        "distintas": 11,
        "por_classe": {
          "conteudo": 2,
          "navegacao": 8,
          "autorreferencia": 0,
          "divulgacao": 1
        },
        "nao_classificados": []
      },
      "/distritos/viana-do-castelo": {
        "total": 11,
        "distintas": 11,
        "por_classe": {
          "conteudo": 2,
          "navegacao": 8,
          "autorreferencia": 0,
          "divulgacao": 1
        },
        "nao_classificados": []
      },
      "/distritos/vila-real": {
        "total": 11,
        "distintas": 11,
        "por_classe": {
          "conteudo": 2,
          "navegacao": 8,
          "autorreferencia": 0,
          "divulgacao": 1
        },
        "nao_classificados": []
      },
      "/distritos/viseu": {
        "total": 11,
        "distintas": 11,
        "por_classe": {
          "conteudo": 2,
          "navegacao": 8,
          "autorreferencia": 0,
          "divulgacao": 1
        },
        "nao_classificados": []
      },
      "/educacao-e-saude": {
        "total": 19,
        "distintas": 12,
        "por_classe": {
          "conteudo": 10,
          "navegacao": 5,
          "autorreferencia": 0,
          "divulgacao": 1
        },
        "nao_classificados": [
          "Educação e saúde",
          "Os números de Portugal sobre o abandono escolar, as competências digitais, a creche e o acesso aos cuidados de saúde."
        ]
      },
      "/emprego": {
        "total": 34,
        "distintas": 18,
        "por_classe": {
          "conteudo": 25,
          "navegacao": 5,
          "autorreferencia": 0,
          "divulgacao": 1
        },
        "nao_classificados": [
          "Emprego",
          "Os números de Portugal sobre o emprego, o desemprego, os jovens e o custo do trabalho."
        ]
      },
      "/en": {
        "total": 60,
        "distintas": 32,
        "por_classe": {
          "conteudo": 44,
          "navegacao": 14,
          "autorreferencia": 0,
          "divulgacao": 2
        },
        "nao_classificados": []
      },
      "/en/agenda": {
        "total": 45,
        "distintas": 29,
        "por_classe": {
          "conteudo": 36,
          "navegacao": 8,
          "autorreferencia": 0,
          "divulgacao": 1
        },
        "nao_classificados": []
      },
      "/en/areas": {
        "total": 29,
        "distintas": 13,
        "por_classe": {
          "conteudo": 12,
          "navegacao": 16,
          "autorreferencia": 0,
          "divulgacao": 1
        },
        "nao_classificados": []
      },
      "/en/areas/administracao-interna": {
        "total": 21,
        "distintas": 12,
        "por_classe": {
          "conteudo": 14,
          "navegacao": 6,
          "autorreferencia": 0,
          "divulgacao": 1
        },
        "nao_classificados": []
      },
      "/en/areas/ambiente-e-energia": {
        "total": 14,
        "distintas": 13,
        "por_classe": {
          "conteudo": 6,
          "navegacao": 7,
          "autorreferencia": 0,
          "divulgacao": 1
        },
        "nao_classificados": []
      },
      "/en/areas/economia-e-coesao-territorial": {
        "total": 95,
        "distintas": 26,
        "por_classe": {
          "conteudo": 87,
          "navegacao": 7,
          "autorreferencia": 0,
          "divulgacao": 1
        },
        "nao_classificados": []
      },
      "/en/areas/educacao-ciencia-e-inovacao": {
        "total": 18,
        "distintas": 14,
        "por_classe": {
          "conteudo": 11,
          "navegacao": 6,
          "autorreferencia": 0,
          "divulgacao": 1
        },
        "nao_classificados": []
      },
      "/en/areas/financas": {
        "total": 18,
        "distintas": 16,
        "por_classe": {
          "conteudo": 11,
          "navegacao": 6,
          "autorreferencia": 0,
          "divulgacao": 1
        },
        "nao_classificados": []
      },
      "/en/areas/infraestruturas-e-habitacao": {
        "total": 22,
        "distintas": 16,
        "por_classe": {
          "conteudo": 15,
          "navegacao": 6,
          "autorreferencia": 0,
          "divulgacao": 1
        },
        "nao_classificados": []
      },
      "/en/areas/justica": {
        "total": 12,
        "distintas": 12,
        "por_classe": {
          "conteudo": 5,
          "navegacao": 6,
          "autorreferencia": 0,
          "divulgacao": 1
        },
        "nao_classificados": []
      },
      "/en/areas/saude": {
        "total": 12,
        "distintas": 12,
        "por_classe": {
          "conteudo": 5,
          "navegacao": 6,
          "autorreferencia": 0,
          "divulgacao": 1
        },
        "nao_classificados": []
      },
      "/en/areas/trabalho-solidariedade-e-seguranca-social": {
        "total": 59,
        "distintas": 27,
        "por_classe": {
          "conteudo": 52,
          "navegacao": 6,
          "autorreferencia": 0,
          "divulgacao": 1
        },
        "nao_classificados": []
      },
      "/en/corrections": {
        "total": 27,
        "distintas": 27,
        "por_classe": {
          "conteudo": 18,
          "navegacao": 8,
          "autorreferencia": 0,
          "divulgacao": 1
        },
        "nao_classificados": []
      },
      "/en/districts/aveiro": {
        "total": 11,
        "distintas": 11,
        "por_classe": {
          "conteudo": 2,
          "navegacao": 8,
          "autorreferencia": 0,
          "divulgacao": 1
        },
        "nao_classificados": []
      },
      "/en/districts/beja": {
        "total": 11,
        "distintas": 11,
        "por_classe": {
          "conteudo": 2,
          "navegacao": 8,
          "autorreferencia": 0,
          "divulgacao": 1
        },
        "nao_classificados": []
      },
      "/en/districts/braga": {
        "total": 11,
        "distintas": 11,
        "por_classe": {
          "conteudo": 2,
          "navegacao": 8,
          "autorreferencia": 0,
          "divulgacao": 1
        },
        "nao_classificados": []
      },
      "/en/districts/braganca": {
        "total": 11,
        "distintas": 11,
        "por_classe": {
          "conteudo": 2,
          "navegacao": 8,
          "autorreferencia": 0,
          "divulgacao": 1
        },
        "nao_classificados": []
      },
      "/en/districts/castelo-branco": {
        "total": 11,
        "distintas": 11,
        "por_classe": {
          "conteudo": 2,
          "navegacao": 8,
          "autorreferencia": 0,
          "divulgacao": 1
        },
        "nao_classificados": []
      },
      "/en/districts/coimbra": {
        "total": 11,
        "distintas": 11,
        "por_classe": {
          "conteudo": 2,
          "navegacao": 8,
          "autorreferencia": 0,
          "divulgacao": 1
        },
        "nao_classificados": []
      },
      "/en/districts/evora": {
        "total": 11,
        "distintas": 11,
        "por_classe": {
          "conteudo": 2,
          "navegacao": 8,
          "autorreferencia": 0,
          "divulgacao": 1
        },
        "nao_classificados": []
      },
      "/en/districts/faro": {
        "total": 11,
        "distintas": 11,
        "por_classe": {
          "conteudo": 2,
          "navegacao": 8,
          "autorreferencia": 0,
          "divulgacao": 1
        },
        "nao_classificados": []
      },
      "/en/districts/guarda": {
        "total": 11,
        "distintas": 11,
        "por_classe": {
          "conteudo": 2,
          "navegacao": 8,
          "autorreferencia": 0,
          "divulgacao": 1
        },
        "nao_classificados": []
      },
      "/en/districts/ilha-da-graciosa": {
        "total": 11,
        "distintas": 11,
        "por_classe": {
          "conteudo": 2,
          "navegacao": 8,
          "autorreferencia": 0,
          "divulgacao": 1
        },
        "nao_classificados": []
      },
      "/en/districts/ilha-da-madeira": {
        "total": 11,
        "distintas": 11,
        "por_classe": {
          "conteudo": 2,
          "navegacao": 8,
          "autorreferencia": 0,
          "divulgacao": 1
        },
        "nao_classificados": []
      },
      "/en/districts/ilha-das-flores": {
        "total": 11,
        "distintas": 11,
        "por_classe": {
          "conteudo": 2,
          "navegacao": 8,
          "autorreferencia": 0,
          "divulgacao": 1
        },
        "nao_classificados": []
      },
      "/en/districts/ilha-de-porto-santo": {
        "total": 11,
        "distintas": 11,
        "por_classe": {
          "conteudo": 2,
          "navegacao": 8,
          "autorreferencia": 0,
          "divulgacao": 1
        },
        "nao_classificados": []
      },
      "/en/districts/ilha-de-santa-maria": {
        "total": 11,
        "distintas": 11,
        "por_classe": {
          "conteudo": 2,
          "navegacao": 8,
          "autorreferencia": 0,
          "divulgacao": 1
        },
        "nao_classificados": []
      },
      "/en/districts/ilha-de-sao-jorge": {
        "total": 11,
        "distintas": 11,
        "por_classe": {
          "conteudo": 2,
          "navegacao": 8,
          "autorreferencia": 0,
          "divulgacao": 1
        },
        "nao_classificados": []
      },
      "/en/districts/ilha-de-sao-miguel": {
        "total": 11,
        "distintas": 11,
        "por_classe": {
          "conteudo": 2,
          "navegacao": 8,
          "autorreferencia": 0,
          "divulgacao": 1
        },
        "nao_classificados": []
      },
      "/en/districts/ilha-do-corvo": {
        "total": 11,
        "distintas": 11,
        "por_classe": {
          "conteudo": 2,
          "navegacao": 8,
          "autorreferencia": 0,
          "divulgacao": 1
        },
        "nao_classificados": []
      },
      "/en/districts/ilha-do-faial": {
        "total": 11,
        "distintas": 11,
        "por_classe": {
          "conteudo": 2,
          "navegacao": 8,
          "autorreferencia": 0,
          "divulgacao": 1
        },
        "nao_classificados": []
      },
      "/en/districts/ilha-do-pico": {
        "total": 11,
        "distintas": 11,
        "por_classe": {
          "conteudo": 2,
          "navegacao": 8,
          "autorreferencia": 0,
          "divulgacao": 1
        },
        "nao_classificados": []
      },
      "/en/districts/ilha-terceira": {
        "total": 11,
        "distintas": 11,
        "por_classe": {
          "conteudo": 2,
          "navegacao": 8,
          "autorreferencia": 0,
          "divulgacao": 1
        },
        "nao_classificados": []
      },
      "/en/districts/leiria": {
        "total": 11,
        "distintas": 11,
        "por_classe": {
          "conteudo": 2,
          "navegacao": 8,
          "autorreferencia": 0,
          "divulgacao": 1
        },
        "nao_classificados": []
      },
      "/en/districts/lisboa": {
        "total": 11,
        "distintas": 11,
        "por_classe": {
          "conteudo": 2,
          "navegacao": 8,
          "autorreferencia": 0,
          "divulgacao": 1
        },
        "nao_classificados": []
      },
      "/en/districts/portalegre": {
        "total": 11,
        "distintas": 11,
        "por_classe": {
          "conteudo": 2,
          "navegacao": 8,
          "autorreferencia": 0,
          "divulgacao": 1
        },
        "nao_classificados": []
      },
      "/en/districts/porto": {
        "total": 11,
        "distintas": 11,
        "por_classe": {
          "conteudo": 2,
          "navegacao": 8,
          "autorreferencia": 0,
          "divulgacao": 1
        },
        "nao_classificados": []
      },
      "/en/districts/santarem": {
        "total": 11,
        "distintas": 11,
        "por_classe": {
          "conteudo": 2,
          "navegacao": 8,
          "autorreferencia": 0,
          "divulgacao": 1
        },
        "nao_classificados": []
      },
      "/en/districts/setubal": {
        "total": 11,
        "distintas": 11,
        "por_classe": {
          "conteudo": 2,
          "navegacao": 8,
          "autorreferencia": 0,
          "divulgacao": 1
        },
        "nao_classificados": []
      },
      "/en/districts/viana-do-castelo": {
        "total": 11,
        "distintas": 11,
        "por_classe": {
          "conteudo": 2,
          "navegacao": 8,
          "autorreferencia": 0,
          "divulgacao": 1
        },
        "nao_classificados": []
      },
      "/en/districts/vila-real": {
        "total": 11,
        "distintas": 11,
        "por_classe": {
          "conteudo": 2,
          "navegacao": 8,
          "autorreferencia": 0,
          "divulgacao": 1
        },
        "nao_classificados": []
      },
      "/en/districts/viseu": {
        "total": 11,
        "distintas": 11,
        "por_classe": {
          "conteudo": 2,
          "navegacao": 8,
          "autorreferencia": 0,
          "divulgacao": 1
        },
        "nao_classificados": []
      },
      "/en/education-and-health": {
        "total": 19,
        "distintas": 12,
        "por_classe": {
          "conteudo": 10,
          "navegacao": 5,
          "autorreferencia": 0,
          "divulgacao": 1
        },
        "nao_classificados": [
          "Education and health",
          "Portugal’s figures on early school leaving, digital skills, childcare and access to healthcare."
        ]
      },
      "/en/employment": {
        "total": 34,
        "distintas": 18,
        "por_classe": {
          "conteudo": 25,
          "navegacao": 5,
          "autorreferencia": 0,
          "divulgacao": 1
        },
        "nao_classificados": [
          "Employment",
          "Portugal’s figures on employment, unemployment, young people and labour costs."
        ]
      },
      "/en/european-union": {
        "total": 114,
        "distintas": 40,
        "por_classe": {
          "conteudo": 49,
          "navegacao": 64,
          "autorreferencia": 0,
          "divulgacao": 1
        },
        "nao_classificados": []
      },
      "/en/housing": {
        "total": 30,
        "distintas": 19,
        "por_classe": {
          "conteudo": 21,
          "navegacao": 5,
          "autorreferencia": 0,
          "divulgacao": 1
        },
        "nao_classificados": [
          "Housing",
          "Portugal’s figures on housing costs, rents, prices and building."
        ]
      },
      "/en/ledger": {
        "total": 27,
        "distintas": 23,
        "por_classe": {
          "conteudo": 10,
          "navegacao": 16,
          "autorreferencia": 0,
          "divulgacao": 1
        },
        "nao_classificados": []
      },
      "/en/ledger/municipalities": {
        "total": 44,
        "distintas": 44,
        "por_classe": {
          "conteudo": 35,
          "navegacao": 8,
          "autorreferencia": 0,
          "divulgacao": 1
        },
        "nao_classificados": []
      },
      "/en/ledger/municipalities/abrantes": {
        "total": 9,
        "distintas": 9,
        "por_classe": {
          "conteudo": 2,
          "navegacao": 6,
          "autorreferencia": 0,
          "divulgacao": 1
        },
        "nao_classificados": []
      },
      "/en/ledger/municipalities/agueda": {
        "total": 9,
        "distintas": 9,
        "por_classe": {
          "conteudo": 2,
          "navegacao": 6,
          "autorreferencia": 0,
          "divulgacao": 1
        },
        "nao_classificados": []
      },
      "/en/ledger/municipalities/aguiar-da-beira": {
        "total": 9,
        "distintas": 9,
        "por_classe": {
          "conteudo": 2,
          "navegacao": 6,
          "autorreferencia": 0,
          "divulgacao": 1
        },
        "nao_classificados": []
      },
      "/en/ledger/municipalities/alandroal": {
        "total": 9,
        "distintas": 9,
        "por_classe": {
          "conteudo": 2,
          "navegacao": 6,
          "autorreferencia": 0,
          "divulgacao": 1
        },
        "nao_classificados": []
      },
      "/en/ledger/municipalities/albergaria-a-velha": {
        "total": 9,
        "distintas": 9,
        "por_classe": {
          "conteudo": 2,
          "navegacao": 6,
          "autorreferencia": 0,
          "divulgacao": 1
        },
        "nao_classificados": []
      },
      "/en/ledger/municipalities/albufeira": {
        "total": 9,
        "distintas": 9,
        "por_classe": {
          "conteudo": 2,
          "navegacao": 6,
          "autorreferencia": 0,
          "divulgacao": 1
        },
        "nao_classificados": []
      },
      "/en/ledger/municipalities/alcacer-do-sal": {
        "total": 9,
        "distintas": 9,
        "por_classe": {
          "conteudo": 2,
          "navegacao": 6,
          "autorreferencia": 0,
          "divulgacao": 1
        },
        "nao_classificados": []
      },
      "/en/ledger/municipalities/alcanena": {
        "total": 9,
        "distintas": 9,
        "por_classe": {
          "conteudo": 2,
          "navegacao": 6,
          "autorreferencia": 0,
          "divulgacao": 1
        },
        "nao_classificados": []
      },
      "/en/ledger/municipalities/alcobaca": {
        "total": 9,
        "distintas": 9,
        "por_classe": {
          "conteudo": 2,
          "navegacao": 6,
          "autorreferencia": 0,
          "divulgacao": 1
        },
        "nao_classificados": []
      },
      "/en/ledger/municipalities/alcochete": {
        "total": 9,
        "distintas": 9,
        "por_classe": {
          "conteudo": 2,
          "navegacao": 6,
          "autorreferencia": 0,
          "divulgacao": 1
        },
        "nao_classificados": []
      },
      "/en/ledger/municipalities/alcoutim": {
        "total": 9,
        "distintas": 9,
        "por_classe": {
          "conteudo": 2,
          "navegacao": 6,
          "autorreferencia": 0,
          "divulgacao": 1
        },
        "nao_classificados": []
      },
      "/en/ledger/municipalities/alenquer": {
        "total": 9,
        "distintas": 9,
        "por_classe": {
          "conteudo": 2,
          "navegacao": 6,
          "autorreferencia": 0,
          "divulgacao": 1
        },
        "nao_classificados": []
      },
      "/en/ledger/municipalities/alfandega-da-fe": {
        "total": 9,
        "distintas": 9,
        "por_classe": {
          "conteudo": 2,
          "navegacao": 6,
          "autorreferencia": 0,
          "divulgacao": 1
        },
        "nao_classificados": []
      },
      "/en/ledger/municipalities/alijo": {
        "total": 9,
        "distintas": 9,
        "por_classe": {
          "conteudo": 2,
          "navegacao": 6,
          "autorreferencia": 0,
          "divulgacao": 1
        },
        "nao_classificados": []
      },
      "/en/ledger/municipalities/aljezur": {
        "total": 9,
        "distintas": 9,
        "por_classe": {
          "conteudo": 2,
          "navegacao": 6,
          "autorreferencia": 0,
          "divulgacao": 1
        },
        "nao_classificados": []
      },
      "/en/ledger/municipalities/aljustrel": {
        "total": 9,
        "distintas": 9,
        "por_classe": {
          "conteudo": 2,
          "navegacao": 6,
          "autorreferencia": 0,
          "divulgacao": 1
        },
        "nao_classificados": []
      },
      "/en/ledger/municipalities/almada": {
        "total": 9,
        "distintas": 9,
        "por_classe": {
          "conteudo": 2,
          "navegacao": 6,
          "autorreferencia": 0,
          "divulgacao": 1
        },
        "nao_classificados": []
      },
      "/en/ledger/municipalities/almeida": {
        "total": 9,
        "distintas": 9,
        "por_classe": {
          "conteudo": 2,
          "navegacao": 6,
          "autorreferencia": 0,
          "divulgacao": 1
        },
        "nao_classificados": []
      },
      "/en/ledger/municipalities/almeirim": {
        "total": 9,
        "distintas": 9,
        "por_classe": {
          "conteudo": 2,
          "navegacao": 6,
          "autorreferencia": 0,
          "divulgacao": 1
        },
        "nao_classificados": []
      },
      "/en/ledger/municipalities/almodovar": {
        "total": 9,
        "distintas": 9,
        "por_classe": {
          "conteudo": 2,
          "navegacao": 6,
          "autorreferencia": 0,
          "divulgacao": 1
        },
        "nao_classificados": []
      },
      "/en/ledger/municipalities/alpiarca": {
        "total": 9,
        "distintas": 9,
        "por_classe": {
          "conteudo": 2,
          "navegacao": 6,
          "autorreferencia": 0,
          "divulgacao": 1
        },
        "nao_classificados": []
      },
      "/en/ledger/municipalities/alter-do-chao": {
        "total": 9,
        "distintas": 9,
        "por_classe": {
          "conteudo": 2,
          "navegacao": 6,
          "autorreferencia": 0,
          "divulgacao": 1
        },
        "nao_classificados": []
      },
      "/en/ledger/municipalities/alvaiazere": {
        "total": 9,
        "distintas": 9,
        "por_classe": {
          "conteudo": 2,
          "navegacao": 6,
          "autorreferencia": 0,
          "divulgacao": 1
        },
        "nao_classificados": []
      },
      "/en/ledger/municipalities/alvito": {
        "total": 9,
        "distintas": 9,
        "por_classe": {
          "conteudo": 2,
          "navegacao": 6,
          "autorreferencia": 0,
          "divulgacao": 1
        },
        "nao_classificados": []
      },
      "/en/ledger/municipalities/amadora": {
        "total": 9,
        "distintas": 9,
        "por_classe": {
          "conteudo": 2,
          "navegacao": 6,
          "autorreferencia": 0,
          "divulgacao": 1
        },
        "nao_classificados": []
      },
      "/en/ledger/municipalities/amarante": {
        "total": 9,
        "distintas": 9,
        "por_classe": {
          "conteudo": 2,
          "navegacao": 6,
          "autorreferencia": 0,
          "divulgacao": 1
        },
        "nao_classificados": []
      },
      "/en/ledger/municipalities/amares": {
        "total": 9,
        "distintas": 9,
        "por_classe": {
          "conteudo": 2,
          "navegacao": 6,
          "autorreferencia": 0,
          "divulgacao": 1
        },
        "nao_classificados": []
      },
      "/en/ledger/municipalities/anadia": {
        "total": 9,
        "distintas": 9,
        "por_classe": {
          "conteudo": 2,
          "navegacao": 6,
          "autorreferencia": 0,
          "divulgacao": 1
        },
        "nao_classificados": []
      },
      "/en/ledger/municipalities/angra-do-heroismo": {
        "total": 9,
        "distintas": 9,
        "por_classe": {
          "conteudo": 2,
          "navegacao": 6,
          "autorreferencia": 0,
          "divulgacao": 1
        },
        "nao_classificados": []
      },
      "/en/ledger/municipalities/ansiao": {
        "total": 9,
        "distintas": 9,
        "por_classe": {
          "conteudo": 2,
          "navegacao": 6,
          "autorreferencia": 0,
          "divulgacao": 1
        },
        "nao_classificados": []
      },
      "/en/ledger/municipalities/arcos-de-valdevez": {
        "total": 9,
        "distintas": 9,
        "por_classe": {
          "conteudo": 2,
          "navegacao": 6,
          "autorreferencia": 0,
          "divulgacao": 1
        },
        "nao_classificados": []
      },
      "/en/ledger/municipalities/arganil": {
        "total": 9,
        "distintas": 9,
        "por_classe": {
          "conteudo": 2,
          "navegacao": 6,
          "autorreferencia": 0,
          "divulgacao": 1
        },
        "nao_classificados": []
      },
      "/en/ledger/municipalities/armamar": {
        "total": 9,
        "distintas": 9,
        "por_classe": {
          "conteudo": 2,
          "navegacao": 6,
          "autorreferencia": 0,
          "divulgacao": 1
        },
        "nao_classificados": []
      },
      "/en/ledger/municipalities/arouca": {
        "total": 9,
        "distintas": 9,
        "por_classe": {
          "conteudo": 2,
          "navegacao": 6,
          "autorreferencia": 0,
          "divulgacao": 1
        },
        "nao_classificados": []
      },
      "/en/ledger/municipalities/arraiolos": {
        "total": 9,
        "distintas": 9,
        "por_classe": {
          "conteudo": 2,
          "navegacao": 6,
          "autorreferencia": 0,
          "divulgacao": 1
        },
        "nao_classificados": []
      },
      "/en/ledger/municipalities/arronches": {
        "total": 9,
        "distintas": 9,
        "por_classe": {
          "conteudo": 2,
          "navegacao": 6,
          "autorreferencia": 0,
          "divulgacao": 1
        },
        "nao_classificados": []
      },
      "/en/ledger/municipalities/arruda-dos-vinhos": {
        "total": 9,
        "distintas": 9,
        "por_classe": {
          "conteudo": 2,
          "navegacao": 6,
          "autorreferencia": 0,
          "divulgacao": 1
        },
        "nao_classificados": []
      },
      "/en/ledger/municipalities/aveiro": {
        "total": 9,
        "distintas": 9,
        "por_classe": {
          "conteudo": 2,
          "navegacao": 6,
          "autorreferencia": 0,
          "divulgacao": 1
        },
        "nao_classificados": []
      },
      "/en/ledger/municipalities/avis": {
        "total": 9,
        "distintas": 9,
        "por_classe": {
          "conteudo": 2,
          "navegacao": 6,
          "autorreferencia": 0,
          "divulgacao": 1
        },
        "nao_classificados": []
      },
      "/en/ledger/municipalities/azambuja": {
        "total": 9,
        "distintas": 9,
        "por_classe": {
          "conteudo": 2,
          "navegacao": 6,
          "autorreferencia": 0,
          "divulgacao": 1
        },
        "nao_classificados": []
      },
      "/en/ledger/municipalities/baiao": {
        "total": 9,
        "distintas": 9,
        "por_classe": {
          "conteudo": 2,
          "navegacao": 6,
          "autorreferencia": 0,
          "divulgacao": 1
        },
        "nao_classificados": []
      },
      "/en/ledger/municipalities/barcelos": {
        "total": 9,
        "distintas": 9,
        "por_classe": {
          "conteudo": 2,
          "navegacao": 6,
          "autorreferencia": 0,
          "divulgacao": 1
        },
        "nao_classificados": []
      },
      "/en/ledger/municipalities/barrancos": {
        "total": 9,
        "distintas": 9,
        "por_classe": {
          "conteudo": 2,
          "navegacao": 6,
          "autorreferencia": 0,
          "divulgacao": 1
        },
        "nao_classificados": []
      },
      "/en/ledger/municipalities/barreiro": {
        "total": 9,
        "distintas": 9,
        "por_classe": {
          "conteudo": 2,
          "navegacao": 6,
          "autorreferencia": 0,
          "divulgacao": 1
        },
        "nao_classificados": []
      },
      "/en/ledger/municipalities/batalha": {
        "total": 9,
        "distintas": 9,
        "por_classe": {
          "conteudo": 2,
          "navegacao": 6,
          "autorreferencia": 0,
          "divulgacao": 1
        },
        "nao_classificados": []
      },
      "/en/ledger/municipalities/beja": {
        "total": 9,
        "distintas": 9,
        "por_classe": {
          "conteudo": 2,
          "navegacao": 6,
          "autorreferencia": 0,
          "divulgacao": 1
        },
        "nao_classificados": []
      },
      "/en/ledger/municipalities/belmonte": {
        "total": 9,
        "distintas": 9,
        "por_classe": {
          "conteudo": 2,
          "navegacao": 6,
          "autorreferencia": 0,
          "divulgacao": 1
        },
        "nao_classificados": []
      },
      "/en/ledger/municipalities/benavente": {
        "total": 9,
        "distintas": 9,
        "por_classe": {
          "conteudo": 2,
          "navegacao": 6,
          "autorreferencia": 0,
          "divulgacao": 1
        },
        "nao_classificados": []
      },
      "/en/ledger/municipalities/bombarral": {
        "total": 9,
        "distintas": 9,
        "por_classe": {
          "conteudo": 2,
          "navegacao": 6,
          "autorreferencia": 0,
          "divulgacao": 1
        },
        "nao_classificados": []
      },
      "/en/ledger/municipalities/borba": {
        "total": 9,
        "distintas": 9,
        "por_classe": {
          "conteudo": 2,
          "navegacao": 6,
          "autorreferencia": 0,
          "divulgacao": 1
        },
        "nao_classificados": []
      },
      "/en/ledger/municipalities/boticas": {
        "total": 9,
        "distintas": 9,
        "por_classe": {
          "conteudo": 2,
          "navegacao": 6,
          "autorreferencia": 0,
          "divulgacao": 1
        },
        "nao_classificados": []
      },
      "/en/ledger/municipalities/braga": {
        "total": 9,
        "distintas": 9,
        "por_classe": {
          "conteudo": 2,
          "navegacao": 6,
          "autorreferencia": 0,
          "divulgacao": 1
        },
        "nao_classificados": []
      },
      "/en/ledger/municipalities/braganca": {
        "total": 9,
        "distintas": 9,
        "por_classe": {
          "conteudo": 2,
          "navegacao": 6,
          "autorreferencia": 0,
          "divulgacao": 1
        },
        "nao_classificados": []
      },
      "/en/ledger/municipalities/cabeceiras-de-basto": {
        "total": 9,
        "distintas": 9,
        "por_classe": {
          "conteudo": 2,
          "navegacao": 6,
          "autorreferencia": 0,
          "divulgacao": 1
        },
        "nao_classificados": []
      },
      "/en/ledger/municipalities/cadaval": {
        "total": 9,
        "distintas": 9,
        "por_classe": {
          "conteudo": 2,
          "navegacao": 6,
          "autorreferencia": 0,
          "divulgacao": 1
        },
        "nao_classificados": []
      },
      "/en/ledger/municipalities/caldas-da-rainha": {
        "total": 9,
        "distintas": 9,
        "por_classe": {
          "conteudo": 2,
          "navegacao": 6,
          "autorreferencia": 0,
          "divulgacao": 1
        },
        "nao_classificados": []
      },
      "/en/ledger/municipalities/calheta": {
        "total": 9,
        "distintas": 9,
        "por_classe": {
          "conteudo": 2,
          "navegacao": 6,
          "autorreferencia": 0,
          "divulgacao": 1
        },
        "nao_classificados": []
      },
      "/en/ledger/municipalities/calheta-de-sao-jorge": {
        "total": 9,
        "distintas": 9,
        "por_classe": {
          "conteudo": 2,
          "navegacao": 6,
          "autorreferencia": 0,
          "divulgacao": 1
        },
        "nao_classificados": []
      },
      "/en/ledger/municipalities/camara-de-lobos": {
        "total": 9,
        "distintas": 9,
        "por_classe": {
          "conteudo": 2,
          "navegacao": 6,
          "autorreferencia": 0,
          "divulgacao": 1
        },
        "nao_classificados": []
      },
      "/en/ledger/municipalities/caminha": {
        "total": 9,
        "distintas": 9,
        "por_classe": {
          "conteudo": 2,
          "navegacao": 6,
          "autorreferencia": 0,
          "divulgacao": 1
        },
        "nao_classificados": []
      },
      "/en/ledger/municipalities/campo-maior": {
        "total": 9,
        "distintas": 9,
        "por_classe": {
          "conteudo": 2,
          "navegacao": 6,
          "autorreferencia": 0,
          "divulgacao": 1
        },
        "nao_classificados": []
      },
      "/en/ledger/municipalities/cantanhede": {
        "total": 9,
        "distintas": 9,
        "por_classe": {
          "conteudo": 2,
          "navegacao": 6,
          "autorreferencia": 0,
          "divulgacao": 1
        },
        "nao_classificados": []
      },
      "/en/ledger/municipalities/carrazeda-de-ansiaes": {
        "total": 9,
        "distintas": 9,
        "por_classe": {
          "conteudo": 2,
          "navegacao": 6,
          "autorreferencia": 0,
          "divulgacao": 1
        },
        "nao_classificados": []
      },
      "/en/ledger/municipalities/carregal-do-sal": {
        "total": 9,
        "distintas": 9,
        "por_classe": {
          "conteudo": 2,
          "navegacao": 6,
          "autorreferencia": 0,
          "divulgacao": 1
        },
        "nao_classificados": []
      },
      "/en/ledger/municipalities/cartaxo": {
        "total": 9,
        "distintas": 9,
        "por_classe": {
          "conteudo": 2,
          "navegacao": 6,
          "autorreferencia": 0,
          "divulgacao": 1
        },
        "nao_classificados": []
      },
      "/en/ledger/municipalities/cascais": {
        "total": 9,
        "distintas": 9,
        "por_classe": {
          "conteudo": 2,
          "navegacao": 6,
          "autorreferencia": 0,
          "divulgacao": 1
        },
        "nao_classificados": []
      },
      "/en/ledger/municipalities/castanheira-de-pera": {
        "total": 9,
        "distintas": 9,
        "por_classe": {
          "conteudo": 2,
          "navegacao": 6,
          "autorreferencia": 0,
          "divulgacao": 1
        },
        "nao_classificados": []
      },
      "/en/ledger/municipalities/castelo-branco": {
        "total": 9,
        "distintas": 9,
        "por_classe": {
          "conteudo": 2,
          "navegacao": 6,
          "autorreferencia": 0,
          "divulgacao": 1
        },
        "nao_classificados": []
      },
      "/en/ledger/municipalities/castelo-de-paiva": {
        "total": 9,
        "distintas": 9,
        "por_classe": {
          "conteudo": 2,
          "navegacao": 6,
          "autorreferencia": 0,
          "divulgacao": 1
        },
        "nao_classificados": []
      },
      "/en/ledger/municipalities/castelo-de-vide": {
        "total": 9,
        "distintas": 9,
        "por_classe": {
          "conteudo": 2,
          "navegacao": 6,
          "autorreferencia": 0,
          "divulgacao": 1
        },
        "nao_classificados": []
      },
      "/en/ledger/municipalities/castro-daire": {
        "total": 9,
        "distintas": 9,
        "por_classe": {
          "conteudo": 2,
          "navegacao": 6,
          "autorreferencia": 0,
          "divulgacao": 1
        },
        "nao_classificados": []
      },
      "/en/ledger/municipalities/castro-marim": {
        "total": 9,
        "distintas": 9,
        "por_classe": {
          "conteudo": 2,
          "navegacao": 6,
          "autorreferencia": 0,
          "divulgacao": 1
        },
        "nao_classificados": []
      },
      "/en/ledger/municipalities/castro-verde": {
        "total": 9,
        "distintas": 9,
        "por_classe": {
          "conteudo": 2,
          "navegacao": 6,
          "autorreferencia": 0,
          "divulgacao": 1
        },
        "nao_classificados": []
      },
      "/en/ledger/municipalities/celorico-da-beira": {
        "total": 9,
        "distintas": 9,
        "por_classe": {
          "conteudo": 2,
          "navegacao": 6,
          "autorreferencia": 0,
          "divulgacao": 1
        },
        "nao_classificados": []
      },
      "/en/ledger/municipalities/celorico-de-basto": {
        "total": 9,
        "distintas": 9,
        "por_classe": {
          "conteudo": 2,
          "navegacao": 6,
          "autorreferencia": 0,
          "divulgacao": 1
        },
        "nao_classificados": []
      },
      "/en/ledger/municipalities/chamusca": {
        "total": 9,
        "distintas": 9,
        "por_classe": {
          "conteudo": 2,
          "navegacao": 6,
          "autorreferencia": 0,
          "divulgacao": 1
        },
        "nao_classificados": []
      },
      "/en/ledger/municipalities/chaves": {
        "total": 9,
        "distintas": 9,
        "por_classe": {
          "conteudo": 2,
          "navegacao": 6,
          "autorreferencia": 0,
          "divulgacao": 1
        },
        "nao_classificados": []
      },
      "/en/ledger/municipalities/cinfaes": {
        "total": 9,
        "distintas": 9,
        "por_classe": {
          "conteudo": 2,
          "navegacao": 6,
          "autorreferencia": 0,
          "divulgacao": 1
        },
        "nao_classificados": []
      },
      "/en/ledger/municipalities/coimbra": {
        "total": 9,
        "distintas": 9,
        "por_classe": {
          "conteudo": 2,
          "navegacao": 6,
          "autorreferencia": 0,
          "divulgacao": 1
        },
        "nao_classificados": []
      },
      "/en/ledger/municipalities/condeixa-a-nova": {
        "total": 9,
        "distintas": 9,
        "por_classe": {
          "conteudo": 2,
          "navegacao": 6,
          "autorreferencia": 0,
          "divulgacao": 1
        },
        "nao_classificados": []
      },
      "/en/ledger/municipalities/constancia": {
        "total": 9,
        "distintas": 9,
        "por_classe": {
          "conteudo": 2,
          "navegacao": 6,
          "autorreferencia": 0,
          "divulgacao": 1
        },
        "nao_classificados": []
      },
      "/en/ledger/municipalities/coruche": {
        "total": 9,
        "distintas": 9,
        "por_classe": {
          "conteudo": 2,
          "navegacao": 6,
          "autorreferencia": 0,
          "divulgacao": 1
        },
        "nao_classificados": []
      },
      "/en/ledger/municipalities/corvo": {
        "total": 9,
        "distintas": 9,
        "por_classe": {
          "conteudo": 2,
          "navegacao": 6,
          "autorreferencia": 0,
          "divulgacao": 1
        },
        "nao_classificados": []
      },
      "/en/ledger/municipalities/covilha": {
        "total": 9,
        "distintas": 9,
        "por_classe": {
          "conteudo": 2,
          "navegacao": 6,
          "autorreferencia": 0,
          "divulgacao": 1
        },
        "nao_classificados": []
      },
      "/en/ledger/municipalities/crato": {
        "total": 9,
        "distintas": 9,
        "por_classe": {
          "conteudo": 2,
          "navegacao": 6,
          "autorreferencia": 0,
          "divulgacao": 1
        },
        "nao_classificados": []
      },
      "/en/ledger/municipalities/cuba": {
        "total": 9,
        "distintas": 9,
        "por_classe": {
          "conteudo": 2,
          "navegacao": 6,
          "autorreferencia": 0,
          "divulgacao": 1
        },
        "nao_classificados": []
      },
      "/en/ledger/municipalities/elvas": {
        "total": 9,
        "distintas": 9,
        "por_classe": {
          "conteudo": 2,
          "navegacao": 6,
          "autorreferencia": 0,
          "divulgacao": 1
        },
        "nao_classificados": []
      },
      "/en/ledger/municipalities/entroncamento": {
        "total": 9,
        "distintas": 9,
        "por_classe": {
          "conteudo": 2,
          "navegacao": 6,
          "autorreferencia": 0,
          "divulgacao": 1
        },
        "nao_classificados": []
      },
      "/en/ledger/municipalities/espinho": {
        "total": 9,
        "distintas": 9,
        "por_classe": {
          "conteudo": 2,
          "navegacao": 6,
          "autorreferencia": 0,
          "divulgacao": 1
        },
        "nao_classificados": []
      },
      "/en/ledger/municipalities/esposende": {
        "total": 9,
        "distintas": 9,
        "por_classe": {
          "conteudo": 2,
          "navegacao": 6,
          "autorreferencia": 0,
          "divulgacao": 1
        },
        "nao_classificados": []
      },
      "/en/ledger/municipalities/estarreja": {
        "total": 9,
        "distintas": 9,
        "por_classe": {
          "conteudo": 2,
          "navegacao": 6,
          "autorreferencia": 0,
          "divulgacao": 1
        },
        "nao_classificados": []
      },
      "/en/ledger/municipalities/estremoz": {
        "total": 9,
        "distintas": 9,
        "por_classe": {
          "conteudo": 2,
          "navegacao": 6,
          "autorreferencia": 0,
          "divulgacao": 1
        },
        "nao_classificados": []
      },
      "/en/ledger/municipalities/evora": {
        "total": 9,
        "distintas": 9,
        "por_classe": {
          "conteudo": 2,
          "navegacao": 6,
          "autorreferencia": 0,
          "divulgacao": 1
        },
        "nao_classificados": []
      },
      "/en/ledger/municipalities/fafe": {
        "total": 9,
        "distintas": 9,
        "por_classe": {
          "conteudo": 2,
          "navegacao": 6,
          "autorreferencia": 0,
          "divulgacao": 1
        },
        "nao_classificados": []
      },
      "/en/ledger/municipalities/faro": {
        "total": 9,
        "distintas": 9,
        "por_classe": {
          "conteudo": 2,
          "navegacao": 6,
          "autorreferencia": 0,
          "divulgacao": 1
        },
        "nao_classificados": []
      },
      "/en/ledger/municipalities/felgueiras": {
        "total": 9,
        "distintas": 9,
        "por_classe": {
          "conteudo": 2,
          "navegacao": 6,
          "autorreferencia": 0,
          "divulgacao": 1
        },
        "nao_classificados": []
      },
      "/en/ledger/municipalities/ferreira-do-alentejo": {
        "total": 9,
        "distintas": 9,
        "por_classe": {
          "conteudo": 2,
          "navegacao": 6,
          "autorreferencia": 0,
          "divulgacao": 1
        },
        "nao_classificados": []
      },
      "/en/ledger/municipalities/ferreira-do-zezere": {
        "total": 9,
        "distintas": 9,
        "por_classe": {
          "conteudo": 2,
          "navegacao": 6,
          "autorreferencia": 0,
          "divulgacao": 1
        },
        "nao_classificados": []
      },
      "/en/ledger/municipalities/figueira-da-foz": {
        "total": 9,
        "distintas": 9,
        "por_classe": {
          "conteudo": 2,
          "navegacao": 6,
          "autorreferencia": 0,
          "divulgacao": 1
        },
        "nao_classificados": []
      },
      "/en/ledger/municipalities/figueira-de-castelo-rodrigo": {
        "total": 9,
        "distintas": 9,
        "por_classe": {
          "conteudo": 2,
          "navegacao": 6,
          "autorreferencia": 0,
          "divulgacao": 1
        },
        "nao_classificados": []
      },
      "/en/ledger/municipalities/figueiro-dos-vinhos": {
        "total": 9,
        "distintas": 9,
        "por_classe": {
          "conteudo": 2,
          "navegacao": 6,
          "autorreferencia": 0,
          "divulgacao": 1
        },
        "nao_classificados": []
      },
      "/en/ledger/municipalities/fornos-de-algodres": {
        "total": 9,
        "distintas": 9,
        "por_classe": {
          "conteudo": 2,
          "navegacao": 6,
          "autorreferencia": 0,
          "divulgacao": 1
        },
        "nao_classificados": []
      },
      "/en/ledger/municipalities/freixo-de-espada-a-cinta": {
        "total": 9,
        "distintas": 9,
        "por_classe": {
          "conteudo": 2,
          "navegacao": 6,
          "autorreferencia": 0,
          "divulgacao": 1
        },
        "nao_classificados": []
      },
      "/en/ledger/municipalities/fronteira": {
        "total": 9,
        "distintas": 9,
        "por_classe": {
          "conteudo": 2,
          "navegacao": 6,
          "autorreferencia": 0,
          "divulgacao": 1
        },
        "nao_classificados": []
      },
      "/en/ledger/municipalities/funchal": {
        "total": 9,
        "distintas": 9,
        "por_classe": {
          "conteudo": 2,
          "navegacao": 6,
          "autorreferencia": 0,
          "divulgacao": 1
        },
        "nao_classificados": []
      },
      "/en/ledger/municipalities/fundao": {
        "total": 9,
        "distintas": 9,
        "por_classe": {
          "conteudo": 2,
          "navegacao": 6,
          "autorreferencia": 0,
          "divulgacao": 1
        },
        "nao_classificados": []
      },
      "/en/ledger/municipalities/gaviao": {
        "total": 9,
        "distintas": 9,
        "por_classe": {
          "conteudo": 2,
          "navegacao": 6,
          "autorreferencia": 0,
          "divulgacao": 1
        },
        "nao_classificados": []
      },
      "/en/ledger/municipalities/gois": {
        "total": 9,
        "distintas": 9,
        "por_classe": {
          "conteudo": 2,
          "navegacao": 6,
          "autorreferencia": 0,
          "divulgacao": 1
        },
        "nao_classificados": []
      },
      "/en/ledger/municipalities/golega": {
        "total": 9,
        "distintas": 9,
        "por_classe": {
          "conteudo": 2,
          "navegacao": 6,
          "autorreferencia": 0,
          "divulgacao": 1
        },
        "nao_classificados": []
      },
      "/en/ledger/municipalities/gondomar": {
        "total": 9,
        "distintas": 9,
        "por_classe": {
          "conteudo": 2,
          "navegacao": 6,
          "autorreferencia": 0,
          "divulgacao": 1
        },
        "nao_classificados": []
      },
      "/en/ledger/municipalities/gouveia": {
        "total": 9,
        "distintas": 9,
        "por_classe": {
          "conteudo": 2,
          "navegacao": 6,
          "autorreferencia": 0,
          "divulgacao": 1
        },
        "nao_classificados": []
      },
      "/en/ledger/municipalities/grandola": {
        "total": 9,
        "distintas": 9,
        "por_classe": {
          "conteudo": 2,
          "navegacao": 6,
          "autorreferencia": 0,
          "divulgacao": 1
        },
        "nao_classificados": []
      },
      "/en/ledger/municipalities/guarda": {
        "total": 9,
        "distintas": 9,
        "por_classe": {
          "conteudo": 2,
          "navegacao": 6,
          "autorreferencia": 0,
          "divulgacao": 1
        },
        "nao_classificados": []
      },
      "/en/ledger/municipalities/guimaraes": {
        "total": 9,
        "distintas": 9,
        "por_classe": {
          "conteudo": 2,
          "navegacao": 6,
          "autorreferencia": 0,
          "divulgacao": 1
        },
        "nao_classificados": []
      },
      "/en/ledger/municipalities/horta": {
        "total": 9,
        "distintas": 9,
        "por_classe": {
          "conteudo": 2,
          "navegacao": 6,
          "autorreferencia": 0,
          "divulgacao": 1
        },
        "nao_classificados": []
      },
      "/en/ledger/municipalities/idanha-a-nova": {
        "total": 9,
        "distintas": 9,
        "por_classe": {
          "conteudo": 2,
          "navegacao": 6,
          "autorreferencia": 0,
          "divulgacao": 1
        },
        "nao_classificados": []
      },
      "/en/ledger/municipalities/ilhavo": {
        "total": 9,
        "distintas": 9,
        "por_classe": {
          "conteudo": 2,
          "navegacao": 6,
          "autorreferencia": 0,
          "divulgacao": 1
        },
        "nao_classificados": []
      },
      "/en/ledger/municipalities/lagoa-faro": {
        "total": 9,
        "distintas": 9,
        "por_classe": {
          "conteudo": 2,
          "navegacao": 6,
          "autorreferencia": 0,
          "divulgacao": 1
        },
        "nao_classificados": []
      },
      "/en/ledger/municipalities/lagoa-ilha-de-sao-miguel": {
        "total": 9,
        "distintas": 9,
        "por_classe": {
          "conteudo": 2,
          "navegacao": 6,
          "autorreferencia": 0,
          "divulgacao": 1
        },
        "nao_classificados": []
      },
      "/en/ledger/municipalities/lagos": {
        "total": 9,
        "distintas": 9,
        "por_classe": {
          "conteudo": 2,
          "navegacao": 6,
          "autorreferencia": 0,
          "divulgacao": 1
        },
        "nao_classificados": []
      },
      "/en/ledger/municipalities/lajes-das-flores": {
        "total": 9,
        "distintas": 9,
        "por_classe": {
          "conteudo": 2,
          "navegacao": 6,
          "autorreferencia": 0,
          "divulgacao": 1
        },
        "nao_classificados": []
      },
      "/en/ledger/municipalities/lajes-do-pico": {
        "total": 9,
        "distintas": 9,
        "por_classe": {
          "conteudo": 2,
          "navegacao": 6,
          "autorreferencia": 0,
          "divulgacao": 1
        },
        "nao_classificados": []
      },
      "/en/ledger/municipalities/lamego": {
        "total": 9,
        "distintas": 9,
        "por_classe": {
          "conteudo": 2,
          "navegacao": 6,
          "autorreferencia": 0,
          "divulgacao": 1
        },
        "nao_classificados": []
      },
      "/en/ledger/municipalities/leiria": {
        "total": 9,
        "distintas": 9,
        "por_classe": {
          "conteudo": 2,
          "navegacao": 6,
          "autorreferencia": 0,
          "divulgacao": 1
        },
        "nao_classificados": []
      },
      "/en/ledger/municipalities/lisboa": {
        "total": 9,
        "distintas": 9,
        "por_classe": {
          "conteudo": 2,
          "navegacao": 6,
          "autorreferencia": 0,
          "divulgacao": 1
        },
        "nao_classificados": []
      },
      "/en/ledger/municipalities/loule": {
        "total": 9,
        "distintas": 9,
        "por_classe": {
          "conteudo": 2,
          "navegacao": 6,
          "autorreferencia": 0,
          "divulgacao": 1
        },
        "nao_classificados": []
      },
      "/en/ledger/municipalities/loures": {
        "total": 9,
        "distintas": 9,
        "por_classe": {
          "conteudo": 2,
          "navegacao": 6,
          "autorreferencia": 0,
          "divulgacao": 1
        },
        "nao_classificados": []
      },
      "/en/ledger/municipalities/lourinha": {
        "total": 9,
        "distintas": 9,
        "por_classe": {
          "conteudo": 2,
          "navegacao": 6,
          "autorreferencia": 0,
          "divulgacao": 1
        },
        "nao_classificados": []
      },
      "/en/ledger/municipalities/lousa": {
        "total": 9,
        "distintas": 9,
        "por_classe": {
          "conteudo": 2,
          "navegacao": 6,
          "autorreferencia": 0,
          "divulgacao": 1
        },
        "nao_classificados": []
      },
      "/en/ledger/municipalities/lousada": {
        "total": 9,
        "distintas": 9,
        "por_classe": {
          "conteudo": 2,
          "navegacao": 6,
          "autorreferencia": 0,
          "divulgacao": 1
        },
        "nao_classificados": []
      },
      "/en/ledger/municipalities/macao": {
        "total": 9,
        "distintas": 9,
        "por_classe": {
          "conteudo": 2,
          "navegacao": 6,
          "autorreferencia": 0,
          "divulgacao": 1
        },
        "nao_classificados": []
      },
      "/en/ledger/municipalities/macedo-de-cavaleiros": {
        "total": 9,
        "distintas": 9,
        "por_classe": {
          "conteudo": 2,
          "navegacao": 6,
          "autorreferencia": 0,
          "divulgacao": 1
        },
        "nao_classificados": []
      },
      "/en/ledger/municipalities/machico": {
        "total": 9,
        "distintas": 9,
        "por_classe": {
          "conteudo": 2,
          "navegacao": 6,
          "autorreferencia": 0,
          "divulgacao": 1
        },
        "nao_classificados": []
      },
      "/en/ledger/municipalities/madalena": {
        "total": 9,
        "distintas": 9,
        "por_classe": {
          "conteudo": 2,
          "navegacao": 6,
          "autorreferencia": 0,
          "divulgacao": 1
        },
        "nao_classificados": []
      },
      "/en/ledger/municipalities/mafra": {
        "total": 9,
        "distintas": 9,
        "por_classe": {
          "conteudo": 2,
          "navegacao": 6,
          "autorreferencia": 0,
          "divulgacao": 1
        },
        "nao_classificados": []
      },
      "/en/ledger/municipalities/maia": {
        "total": 9,
        "distintas": 9,
        "por_classe": {
          "conteudo": 2,
          "navegacao": 6,
          "autorreferencia": 0,
          "divulgacao": 1
        },
        "nao_classificados": []
      },
      "/en/ledger/municipalities/mangualde": {
        "total": 9,
        "distintas": 9,
        "por_classe": {
          "conteudo": 2,
          "navegacao": 6,
          "autorreferencia": 0,
          "divulgacao": 1
        },
        "nao_classificados": []
      },
      "/en/ledger/municipalities/manteigas": {
        "total": 9,
        "distintas": 9,
        "por_classe": {
          "conteudo": 2,
          "navegacao": 6,
          "autorreferencia": 0,
          "divulgacao": 1
        },
        "nao_classificados": []
      },
      "/en/ledger/municipalities/marco-de-canaveses": {
        "total": 9,
        "distintas": 9,
        "por_classe": {
          "conteudo": 2,
          "navegacao": 6,
          "autorreferencia": 0,
          "divulgacao": 1
        },
        "nao_classificados": []
      },
      "/en/ledger/municipalities/marinha-grande": {
        "total": 9,
        "distintas": 9,
        "por_classe": {
          "conteudo": 2,
          "navegacao": 6,
          "autorreferencia": 0,
          "divulgacao": 1
        },
        "nao_classificados": []
      },
      "/en/ledger/municipalities/marvao": {
        "total": 9,
        "distintas": 9,
        "por_classe": {
          "conteudo": 2,
          "navegacao": 6,
          "autorreferencia": 0,
          "divulgacao": 1
        },
        "nao_classificados": []
      },
      "/en/ledger/municipalities/matosinhos": {
        "total": 9,
        "distintas": 9,
        "por_classe": {
          "conteudo": 2,
          "navegacao": 6,
          "autorreferencia": 0,
          "divulgacao": 1
        },
        "nao_classificados": []
      },
      "/en/ledger/municipalities/mealhada": {
        "total": 9,
        "distintas": 9,
        "por_classe": {
          "conteudo": 2,
          "navegacao": 6,
          "autorreferencia": 0,
          "divulgacao": 1
        },
        "nao_classificados": []
      },
      "/en/ledger/municipalities/meda": {
        "total": 9,
        "distintas": 9,
        "por_classe": {
          "conteudo": 2,
          "navegacao": 6,
          "autorreferencia": 0,
          "divulgacao": 1
        },
        "nao_classificados": []
      },
      "/en/ledger/municipalities/melgaco": {
        "total": 9,
        "distintas": 9,
        "por_classe": {
          "conteudo": 2,
          "navegacao": 6,
          "autorreferencia": 0,
          "divulgacao": 1
        },
        "nao_classificados": []
      },
      "/en/ledger/municipalities/mertola": {
        "total": 9,
        "distintas": 9,
        "por_classe": {
          "conteudo": 2,
          "navegacao": 6,
          "autorreferencia": 0,
          "divulgacao": 1
        },
        "nao_classificados": []
      },
      "/en/ledger/municipalities/mesao-frio": {
        "total": 9,
        "distintas": 9,
        "por_classe": {
          "conteudo": 2,
          "navegacao": 6,
          "autorreferencia": 0,
          "divulgacao": 1
        },
        "nao_classificados": []
      },
      "/en/ledger/municipalities/mira": {
        "total": 9,
        "distintas": 9,
        "por_classe": {
          "conteudo": 2,
          "navegacao": 6,
          "autorreferencia": 0,
          "divulgacao": 1
        },
        "nao_classificados": []
      },
      "/en/ledger/municipalities/miranda-do-corvo": {
        "total": 9,
        "distintas": 9,
        "por_classe": {
          "conteudo": 2,
          "navegacao": 6,
          "autorreferencia": 0,
          "divulgacao": 1
        },
        "nao_classificados": []
      },
      "/en/ledger/municipalities/miranda-do-douro": {
        "total": 9,
        "distintas": 9,
        "por_classe": {
          "conteudo": 2,
          "navegacao": 6,
          "autorreferencia": 0,
          "divulgacao": 1
        },
        "nao_classificados": []
      },
      "/en/ledger/municipalities/mirandela": {
        "total": 9,
        "distintas": 9,
        "por_classe": {
          "conteudo": 2,
          "navegacao": 6,
          "autorreferencia": 0,
          "divulgacao": 1
        },
        "nao_classificados": []
      },
      "/en/ledger/municipalities/mogadouro": {
        "total": 9,
        "distintas": 9,
        "por_classe": {
          "conteudo": 2,
          "navegacao": 6,
          "autorreferencia": 0,
          "divulgacao": 1
        },
        "nao_classificados": []
      },
      "/en/ledger/municipalities/moimenta-da-beira": {
        "total": 9,
        "distintas": 9,
        "por_classe": {
          "conteudo": 2,
          "navegacao": 6,
          "autorreferencia": 0,
          "divulgacao": 1
        },
        "nao_classificados": []
      },
      "/en/ledger/municipalities/moita": {
        "total": 9,
        "distintas": 9,
        "por_classe": {
          "conteudo": 2,
          "navegacao": 6,
          "autorreferencia": 0,
          "divulgacao": 1
        },
        "nao_classificados": []
      },
      "/en/ledger/municipalities/moncao": {
        "total": 9,
        "distintas": 9,
        "por_classe": {
          "conteudo": 2,
          "navegacao": 6,
          "autorreferencia": 0,
          "divulgacao": 1
        },
        "nao_classificados": []
      },
      "/en/ledger/municipalities/monchique": {
        "total": 9,
        "distintas": 9,
        "por_classe": {
          "conteudo": 2,
          "navegacao": 6,
          "autorreferencia": 0,
          "divulgacao": 1
        },
        "nao_classificados": []
      },
      "/en/ledger/municipalities/mondim-de-basto": {
        "total": 9,
        "distintas": 9,
        "por_classe": {
          "conteudo": 2,
          "navegacao": 6,
          "autorreferencia": 0,
          "divulgacao": 1
        },
        "nao_classificados": []
      },
      "/en/ledger/municipalities/monforte": {
        "total": 9,
        "distintas": 9,
        "por_classe": {
          "conteudo": 2,
          "navegacao": 6,
          "autorreferencia": 0,
          "divulgacao": 1
        },
        "nao_classificados": []
      },
      "/en/ledger/municipalities/montalegre": {
        "total": 9,
        "distintas": 9,
        "por_classe": {
          "conteudo": 2,
          "navegacao": 6,
          "autorreferencia": 0,
          "divulgacao": 1
        },
        "nao_classificados": []
      },
      "/en/ledger/municipalities/montemor-o-novo": {
        "total": 9,
        "distintas": 9,
        "por_classe": {
          "conteudo": 2,
          "navegacao": 6,
          "autorreferencia": 0,
          "divulgacao": 1
        },
        "nao_classificados": []
      },
      "/en/ledger/municipalities/montemor-o-velho": {
        "total": 9,
        "distintas": 9,
        "por_classe": {
          "conteudo": 2,
          "navegacao": 6,
          "autorreferencia": 0,
          "divulgacao": 1
        },
        "nao_classificados": []
      },
      "/en/ledger/municipalities/montijo": {
        "total": 9,
        "distintas": 9,
        "por_classe": {
          "conteudo": 2,
          "navegacao": 6,
          "autorreferencia": 0,
          "divulgacao": 1
        },
        "nao_classificados": []
      },
      "/en/ledger/municipalities/mora": {
        "total": 9,
        "distintas": 9,
        "por_classe": {
          "conteudo": 2,
          "navegacao": 6,
          "autorreferencia": 0,
          "divulgacao": 1
        },
        "nao_classificados": []
      },
      "/en/ledger/municipalities/mortagua": {
        "total": 9,
        "distintas": 9,
        "por_classe": {
          "conteudo": 2,
          "navegacao": 6,
          "autorreferencia": 0,
          "divulgacao": 1
        },
        "nao_classificados": []
      },
      "/en/ledger/municipalities/moura": {
        "total": 9,
        "distintas": 9,
        "por_classe": {
          "conteudo": 2,
          "navegacao": 6,
          "autorreferencia": 0,
          "divulgacao": 1
        },
        "nao_classificados": []
      },
      "/en/ledger/municipalities/mourao": {
        "total": 9,
        "distintas": 9,
        "por_classe": {
          "conteudo": 2,
          "navegacao": 6,
          "autorreferencia": 0,
          "divulgacao": 1
        },
        "nao_classificados": []
      },
      "/en/ledger/municipalities/murca": {
        "total": 9,
        "distintas": 9,
        "por_classe": {
          "conteudo": 2,
          "navegacao": 6,
          "autorreferencia": 0,
          "divulgacao": 1
        },
        "nao_classificados": []
      },
      "/en/ledger/municipalities/murtosa": {
        "total": 9,
        "distintas": 9,
        "por_classe": {
          "conteudo": 2,
          "navegacao": 6,
          "autorreferencia": 0,
          "divulgacao": 1
        },
        "nao_classificados": []
      },
      "/en/ledger/municipalities/nazare": {
        "total": 9,
        "distintas": 9,
        "por_classe": {
          "conteudo": 2,
          "navegacao": 6,
          "autorreferencia": 0,
          "divulgacao": 1
        },
        "nao_classificados": []
      },
      "/en/ledger/municipalities/nelas": {
        "total": 9,
        "distintas": 9,
        "por_classe": {
          "conteudo": 2,
          "navegacao": 6,
          "autorreferencia": 0,
          "divulgacao": 1
        },
        "nao_classificados": []
      },
      "/en/ledger/municipalities/nisa": {
        "total": 9,
        "distintas": 9,
        "por_classe": {
          "conteudo": 2,
          "navegacao": 6,
          "autorreferencia": 0,
          "divulgacao": 1
        },
        "nao_classificados": []
      },
      "/en/ledger/municipalities/nordeste": {
        "total": 9,
        "distintas": 9,
        "por_classe": {
          "conteudo": 2,
          "navegacao": 6,
          "autorreferencia": 0,
          "divulgacao": 1
        },
        "nao_classificados": []
      },
      "/en/ledger/municipalities/obidos": {
        "total": 9,
        "distintas": 9,
        "por_classe": {
          "conteudo": 2,
          "navegacao": 6,
          "autorreferencia": 0,
          "divulgacao": 1
        },
        "nao_classificados": []
      },
      "/en/ledger/municipalities/odemira": {
        "total": 9,
        "distintas": 9,
        "por_classe": {
          "conteudo": 2,
          "navegacao": 6,
          "autorreferencia": 0,
          "divulgacao": 1
        },
        "nao_classificados": []
      },
      "/en/ledger/municipalities/odivelas": {
        "total": 9,
        "distintas": 9,
        "por_classe": {
          "conteudo": 2,
          "navegacao": 6,
          "autorreferencia": 0,
          "divulgacao": 1
        },
        "nao_classificados": []
      },
      "/en/ledger/municipalities/oeiras": {
        "total": 9,
        "distintas": 9,
        "por_classe": {
          "conteudo": 2,
          "navegacao": 6,
          "autorreferencia": 0,
          "divulgacao": 1
        },
        "nao_classificados": []
      },
      "/en/ledger/municipalities/oleiros": {
        "total": 9,
        "distintas": 9,
        "por_classe": {
          "conteudo": 2,
          "navegacao": 6,
          "autorreferencia": 0,
          "divulgacao": 1
        },
        "nao_classificados": []
      },
      "/en/ledger/municipalities/olhao": {
        "total": 9,
        "distintas": 9,
        "por_classe": {
          "conteudo": 2,
          "navegacao": 6,
          "autorreferencia": 0,
          "divulgacao": 1
        },
        "nao_classificados": []
      },
      "/en/ledger/municipalities/oliveira-de-azemeis": {
        "total": 9,
        "distintas": 9,
        "por_classe": {
          "conteudo": 2,
          "navegacao": 6,
          "autorreferencia": 0,
          "divulgacao": 1
        },
        "nao_classificados": []
      },
      "/en/ledger/municipalities/oliveira-de-frades": {
        "total": 9,
        "distintas": 9,
        "por_classe": {
          "conteudo": 2,
          "navegacao": 6,
          "autorreferencia": 0,
          "divulgacao": 1
        },
        "nao_classificados": []
      },
      "/en/ledger/municipalities/oliveira-do-bairro": {
        "total": 9,
        "distintas": 9,
        "por_classe": {
          "conteudo": 2,
          "navegacao": 6,
          "autorreferencia": 0,
          "divulgacao": 1
        },
        "nao_classificados": []
      },
      "/en/ledger/municipalities/oliveira-do-hospital": {
        "total": 9,
        "distintas": 9,
        "por_classe": {
          "conteudo": 2,
          "navegacao": 6,
          "autorreferencia": 0,
          "divulgacao": 1
        },
        "nao_classificados": []
      },
      "/en/ledger/municipalities/ourem": {
        "total": 9,
        "distintas": 9,
        "por_classe": {
          "conteudo": 2,
          "navegacao": 6,
          "autorreferencia": 0,
          "divulgacao": 1
        },
        "nao_classificados": []
      },
      "/en/ledger/municipalities/ourique": {
        "total": 9,
        "distintas": 9,
        "por_classe": {
          "conteudo": 2,
          "navegacao": 6,
          "autorreferencia": 0,
          "divulgacao": 1
        },
        "nao_classificados": []
      },
      "/en/ledger/municipalities/ovar": {
        "total": 9,
        "distintas": 9,
        "por_classe": {
          "conteudo": 2,
          "navegacao": 6,
          "autorreferencia": 0,
          "divulgacao": 1
        },
        "nao_classificados": []
      },
      "/en/ledger/municipalities/pacos-de-ferreira": {
        "total": 9,
        "distintas": 9,
        "por_classe": {
          "conteudo": 2,
          "navegacao": 6,
          "autorreferencia": 0,
          "divulgacao": 1
        },
        "nao_classificados": []
      },
      "/en/ledger/municipalities/palmela": {
        "total": 9,
        "distintas": 9,
        "por_classe": {
          "conteudo": 2,
          "navegacao": 6,
          "autorreferencia": 0,
          "divulgacao": 1
        },
        "nao_classificados": []
      },
      "/en/ledger/municipalities/pampilhosa-da-serra": {
        "total": 9,
        "distintas": 9,
        "por_classe": {
          "conteudo": 2,
          "navegacao": 6,
          "autorreferencia": 0,
          "divulgacao": 1
        },
        "nao_classificados": []
      },
      "/en/ledger/municipalities/paredes": {
        "total": 9,
        "distintas": 9,
        "por_classe": {
          "conteudo": 2,
          "navegacao": 6,
          "autorreferencia": 0,
          "divulgacao": 1
        },
        "nao_classificados": []
      },
      "/en/ledger/municipalities/paredes-de-coura": {
        "total": 9,
        "distintas": 9,
        "por_classe": {
          "conteudo": 2,
          "navegacao": 6,
          "autorreferencia": 0,
          "divulgacao": 1
        },
        "nao_classificados": []
      },
      "/en/ledger/municipalities/pedrogao-grande": {
        "total": 9,
        "distintas": 9,
        "por_classe": {
          "conteudo": 2,
          "navegacao": 6,
          "autorreferencia": 0,
          "divulgacao": 1
        },
        "nao_classificados": []
      },
      "/en/ledger/municipalities/penacova": {
        "total": 9,
        "distintas": 9,
        "por_classe": {
          "conteudo": 2,
          "navegacao": 6,
          "autorreferencia": 0,
          "divulgacao": 1
        },
        "nao_classificados": []
      },
      "/en/ledger/municipalities/penafiel": {
        "total": 9,
        "distintas": 9,
        "por_classe": {
          "conteudo": 2,
          "navegacao": 6,
          "autorreferencia": 0,
          "divulgacao": 1
        },
        "nao_classificados": []
      },
      "/en/ledger/municipalities/penalva-do-castelo": {
        "total": 9,
        "distintas": 9,
        "por_classe": {
          "conteudo": 2,
          "navegacao": 6,
          "autorreferencia": 0,
          "divulgacao": 1
        },
        "nao_classificados": []
      },
      "/en/ledger/municipalities/penamacor": {
        "total": 9,
        "distintas": 9,
        "por_classe": {
          "conteudo": 2,
          "navegacao": 6,
          "autorreferencia": 0,
          "divulgacao": 1
        },
        "nao_classificados": []
      },
      "/en/ledger/municipalities/penedono": {
        "total": 9,
        "distintas": 9,
        "por_classe": {
          "conteudo": 2,
          "navegacao": 6,
          "autorreferencia": 0,
          "divulgacao": 1
        },
        "nao_classificados": []
      },
      "/en/ledger/municipalities/penela": {
        "total": 9,
        "distintas": 9,
        "por_classe": {
          "conteudo": 2,
          "navegacao": 6,
          "autorreferencia": 0,
          "divulgacao": 1
        },
        "nao_classificados": []
      },
      "/en/ledger/municipalities/peniche": {
        "total": 9,
        "distintas": 9,
        "por_classe": {
          "conteudo": 2,
          "navegacao": 6,
          "autorreferencia": 0,
          "divulgacao": 1
        },
        "nao_classificados": []
      },
      "/en/ledger/municipalities/peso-da-regua": {
        "total": 9,
        "distintas": 9,
        "por_classe": {
          "conteudo": 2,
          "navegacao": 6,
          "autorreferencia": 0,
          "divulgacao": 1
        },
        "nao_classificados": []
      },
      "/en/ledger/municipalities/pinhel": {
        "total": 9,
        "distintas": 9,
        "por_classe": {
          "conteudo": 2,
          "navegacao": 6,
          "autorreferencia": 0,
          "divulgacao": 1
        },
        "nao_classificados": []
      },
      "/en/ledger/municipalities/pombal": {
        "total": 9,
        "distintas": 9,
        "por_classe": {
          "conteudo": 2,
          "navegacao": 6,
          "autorreferencia": 0,
          "divulgacao": 1
        },
        "nao_classificados": []
      },
      "/en/ledger/municipalities/ponta-delgada": {
        "total": 9,
        "distintas": 9,
        "por_classe": {
          "conteudo": 2,
          "navegacao": 6,
          "autorreferencia": 0,
          "divulgacao": 1
        },
        "nao_classificados": []
      },
      "/en/ledger/municipalities/ponta-do-sol": {
        "total": 9,
        "distintas": 9,
        "por_classe": {
          "conteudo": 2,
          "navegacao": 6,
          "autorreferencia": 0,
          "divulgacao": 1
        },
        "nao_classificados": []
      },
      "/en/ledger/municipalities/ponte-da-barca": {
        "total": 9,
        "distintas": 9,
        "por_classe": {
          "conteudo": 2,
          "navegacao": 6,
          "autorreferencia": 0,
          "divulgacao": 1
        },
        "nao_classificados": []
      },
      "/en/ledger/municipalities/ponte-de-lima": {
        "total": 9,
        "distintas": 9,
        "por_classe": {
          "conteudo": 2,
          "navegacao": 6,
          "autorreferencia": 0,
          "divulgacao": 1
        },
        "nao_classificados": []
      },
      "/en/ledger/municipalities/ponte-de-sor": {
        "total": 9,
        "distintas": 9,
        "por_classe": {
          "conteudo": 2,
          "navegacao": 6,
          "autorreferencia": 0,
          "divulgacao": 1
        },
        "nao_classificados": []
      },
      "/en/ledger/municipalities/portalegre": {
        "total": 9,
        "distintas": 9,
        "por_classe": {
          "conteudo": 2,
          "navegacao": 6,
          "autorreferencia": 0,
          "divulgacao": 1
        },
        "nao_classificados": []
      },
      "/en/ledger/municipalities/portel": {
        "total": 9,
        "distintas": 9,
        "por_classe": {
          "conteudo": 2,
          "navegacao": 6,
          "autorreferencia": 0,
          "divulgacao": 1
        },
        "nao_classificados": []
      },
      "/en/ledger/municipalities/portimao": {
        "total": 9,
        "distintas": 9,
        "por_classe": {
          "conteudo": 2,
          "navegacao": 6,
          "autorreferencia": 0,
          "divulgacao": 1
        },
        "nao_classificados": []
      },
      "/en/ledger/municipalities/porto": {
        "total": 9,
        "distintas": 9,
        "por_classe": {
          "conteudo": 2,
          "navegacao": 6,
          "autorreferencia": 0,
          "divulgacao": 1
        },
        "nao_classificados": []
      },
      "/en/ledger/municipalities/porto-de-mos": {
        "total": 9,
        "distintas": 9,
        "por_classe": {
          "conteudo": 2,
          "navegacao": 6,
          "autorreferencia": 0,
          "divulgacao": 1
        },
        "nao_classificados": []
      },
      "/en/ledger/municipalities/porto-moniz": {
        "total": 9,
        "distintas": 9,
        "por_classe": {
          "conteudo": 2,
          "navegacao": 6,
          "autorreferencia": 0,
          "divulgacao": 1
        },
        "nao_classificados": []
      },
      "/en/ledger/municipalities/porto-santo": {
        "total": 9,
        "distintas": 9,
        "por_classe": {
          "conteudo": 2,
          "navegacao": 6,
          "autorreferencia": 0,
          "divulgacao": 1
        },
        "nao_classificados": []
      },
      "/en/ledger/municipalities/povoa-de-lanhoso": {
        "total": 9,
        "distintas": 9,
        "por_classe": {
          "conteudo": 2,
          "navegacao": 6,
          "autorreferencia": 0,
          "divulgacao": 1
        },
        "nao_classificados": []
      },
      "/en/ledger/municipalities/povoa-de-varzim": {
        "total": 9,
        "distintas": 9,
        "por_classe": {
          "conteudo": 2,
          "navegacao": 6,
          "autorreferencia": 0,
          "divulgacao": 1
        },
        "nao_classificados": []
      },
      "/en/ledger/municipalities/povoacao": {
        "total": 9,
        "distintas": 9,
        "por_classe": {
          "conteudo": 2,
          "navegacao": 6,
          "autorreferencia": 0,
          "divulgacao": 1
        },
        "nao_classificados": []
      },
      "/en/ledger/municipalities/praia-da-vitoria": {
        "total": 9,
        "distintas": 9,
        "por_classe": {
          "conteudo": 2,
          "navegacao": 6,
          "autorreferencia": 0,
          "divulgacao": 1
        },
        "nao_classificados": []
      },
      "/en/ledger/municipalities/proenca-a-nova": {
        "total": 9,
        "distintas": 9,
        "por_classe": {
          "conteudo": 2,
          "navegacao": 6,
          "autorreferencia": 0,
          "divulgacao": 1
        },
        "nao_classificados": []
      },
      "/en/ledger/municipalities/redondo": {
        "total": 9,
        "distintas": 9,
        "por_classe": {
          "conteudo": 2,
          "navegacao": 6,
          "autorreferencia": 0,
          "divulgacao": 1
        },
        "nao_classificados": []
      },
      "/en/ledger/municipalities/reguengos-de-monsaraz": {
        "total": 9,
        "distintas": 9,
        "por_classe": {
          "conteudo": 2,
          "navegacao": 6,
          "autorreferencia": 0,
          "divulgacao": 1
        },
        "nao_classificados": []
      },
      "/en/ledger/municipalities/resende": {
        "total": 9,
        "distintas": 9,
        "por_classe": {
          "conteudo": 2,
          "navegacao": 6,
          "autorreferencia": 0,
          "divulgacao": 1
        },
        "nao_classificados": []
      },
      "/en/ledger/municipalities/ribeira-brava": {
        "total": 9,
        "distintas": 9,
        "por_classe": {
          "conteudo": 2,
          "navegacao": 6,
          "autorreferencia": 0,
          "divulgacao": 1
        },
        "nao_classificados": []
      },
      "/en/ledger/municipalities/ribeira-de-pena": {
        "total": 9,
        "distintas": 9,
        "por_classe": {
          "conteudo": 2,
          "navegacao": 6,
          "autorreferencia": 0,
          "divulgacao": 1
        },
        "nao_classificados": []
      },
      "/en/ledger/municipalities/ribeira-grande": {
        "total": 9,
        "distintas": 9,
        "por_classe": {
          "conteudo": 2,
          "navegacao": 6,
          "autorreferencia": 0,
          "divulgacao": 1
        },
        "nao_classificados": []
      },
      "/en/ledger/municipalities/rio-maior": {
        "total": 9,
        "distintas": 9,
        "por_classe": {
          "conteudo": 2,
          "navegacao": 6,
          "autorreferencia": 0,
          "divulgacao": 1
        },
        "nao_classificados": []
      },
      "/en/ledger/municipalities/sabrosa": {
        "total": 9,
        "distintas": 9,
        "por_classe": {
          "conteudo": 2,
          "navegacao": 6,
          "autorreferencia": 0,
          "divulgacao": 1
        },
        "nao_classificados": []
      },
      "/en/ledger/municipalities/sabugal": {
        "total": 9,
        "distintas": 9,
        "por_classe": {
          "conteudo": 2,
          "navegacao": 6,
          "autorreferencia": 0,
          "divulgacao": 1
        },
        "nao_classificados": []
      },
      "/en/ledger/municipalities/salvaterra-de-magos": {
        "total": 9,
        "distintas": 9,
        "por_classe": {
          "conteudo": 2,
          "navegacao": 6,
          "autorreferencia": 0,
          "divulgacao": 1
        },
        "nao_classificados": []
      },
      "/en/ledger/municipalities/santa-comba-dao": {
        "total": 9,
        "distintas": 9,
        "por_classe": {
          "conteudo": 2,
          "navegacao": 6,
          "autorreferencia": 0,
          "divulgacao": 1
        },
        "nao_classificados": []
      },
      "/en/ledger/municipalities/santa-cruz": {
        "total": 9,
        "distintas": 9,
        "por_classe": {
          "conteudo": 2,
          "navegacao": 6,
          "autorreferencia": 0,
          "divulgacao": 1
        },
        "nao_classificados": []
      },
      "/en/ledger/municipalities/santa-cruz-da-graciosa": {
        "total": 9,
        "distintas": 9,
        "por_classe": {
          "conteudo": 2,
          "navegacao": 6,
          "autorreferencia": 0,
          "divulgacao": 1
        },
        "nao_classificados": []
      },
      "/en/ledger/municipalities/santa-cruz-das-flores": {
        "total": 9,
        "distintas": 9,
        "por_classe": {
          "conteudo": 2,
          "navegacao": 6,
          "autorreferencia": 0,
          "divulgacao": 1
        },
        "nao_classificados": []
      },
      "/en/ledger/municipalities/santa-maria-da-feira": {
        "total": 9,
        "distintas": 9,
        "por_classe": {
          "conteudo": 2,
          "navegacao": 6,
          "autorreferencia": 0,
          "divulgacao": 1
        },
        "nao_classificados": []
      },
      "/en/ledger/municipalities/santa-marta-de-penaguiao": {
        "total": 9,
        "distintas": 9,
        "por_classe": {
          "conteudo": 2,
          "navegacao": 6,
          "autorreferencia": 0,
          "divulgacao": 1
        },
        "nao_classificados": []
      },
      "/en/ledger/municipalities/santana": {
        "total": 9,
        "distintas": 9,
        "por_classe": {
          "conteudo": 2,
          "navegacao": 6,
          "autorreferencia": 0,
          "divulgacao": 1
        },
        "nao_classificados": []
      },
      "/en/ledger/municipalities/santarem": {
        "total": 9,
        "distintas": 9,
        "por_classe": {
          "conteudo": 2,
          "navegacao": 6,
          "autorreferencia": 0,
          "divulgacao": 1
        },
        "nao_classificados": []
      },
      "/en/ledger/municipalities/santiago-do-cacem": {
        "total": 9,
        "distintas": 9,
        "por_classe": {
          "conteudo": 2,
          "navegacao": 6,
          "autorreferencia": 0,
          "divulgacao": 1
        },
        "nao_classificados": []
      },
      "/en/ledger/municipalities/santo-tirso": {
        "total": 9,
        "distintas": 9,
        "por_classe": {
          "conteudo": 2,
          "navegacao": 6,
          "autorreferencia": 0,
          "divulgacao": 1
        },
        "nao_classificados": []
      },
      "/en/ledger/municipalities/sao-bras-de-alportel": {
        "total": 9,
        "distintas": 9,
        "por_classe": {
          "conteudo": 2,
          "navegacao": 6,
          "autorreferencia": 0,
          "divulgacao": 1
        },
        "nao_classificados": []
      },
      "/en/ledger/municipalities/sao-joao-da-madeira": {
        "total": 9,
        "distintas": 9,
        "por_classe": {
          "conteudo": 2,
          "navegacao": 6,
          "autorreferencia": 0,
          "divulgacao": 1
        },
        "nao_classificados": []
      },
      "/en/ledger/municipalities/sao-joao-da-pesqueira": {
        "total": 9,
        "distintas": 9,
        "por_classe": {
          "conteudo": 2,
          "navegacao": 6,
          "autorreferencia": 0,
          "divulgacao": 1
        },
        "nao_classificados": []
      },
      "/en/ledger/municipalities/sao-pedro-do-sul": {
        "total": 9,
        "distintas": 9,
        "por_classe": {
          "conteudo": 2,
          "navegacao": 6,
          "autorreferencia": 0,
          "divulgacao": 1
        },
        "nao_classificados": []
      },
      "/en/ledger/municipalities/sao-roque-do-pico": {
        "total": 9,
        "distintas": 9,
        "por_classe": {
          "conteudo": 2,
          "navegacao": 6,
          "autorreferencia": 0,
          "divulgacao": 1
        },
        "nao_classificados": []
      },
      "/en/ledger/municipalities/sao-vicente": {
        "total": 9,
        "distintas": 9,
        "por_classe": {
          "conteudo": 2,
          "navegacao": 6,
          "autorreferencia": 0,
          "divulgacao": 1
        },
        "nao_classificados": []
      },
      "/en/ledger/municipalities/sardoal": {
        "total": 9,
        "distintas": 9,
        "por_classe": {
          "conteudo": 2,
          "navegacao": 6,
          "autorreferencia": 0,
          "divulgacao": 1
        },
        "nao_classificados": []
      },
      "/en/ledger/municipalities/satao": {
        "total": 9,
        "distintas": 9,
        "por_classe": {
          "conteudo": 2,
          "navegacao": 6,
          "autorreferencia": 0,
          "divulgacao": 1
        },
        "nao_classificados": []
      },
      "/en/ledger/municipalities/seia": {
        "total": 9,
        "distintas": 9,
        "por_classe": {
          "conteudo": 2,
          "navegacao": 6,
          "autorreferencia": 0,
          "divulgacao": 1
        },
        "nao_classificados": []
      },
      "/en/ledger/municipalities/seixal": {
        "total": 9,
        "distintas": 9,
        "por_classe": {
          "conteudo": 2,
          "navegacao": 6,
          "autorreferencia": 0,
          "divulgacao": 1
        },
        "nao_classificados": []
      },
      "/en/ledger/municipalities/sernancelhe": {
        "total": 9,
        "distintas": 9,
        "por_classe": {
          "conteudo": 2,
          "navegacao": 6,
          "autorreferencia": 0,
          "divulgacao": 1
        },
        "nao_classificados": []
      },
      "/en/ledger/municipalities/serpa": {
        "total": 9,
        "distintas": 9,
        "por_classe": {
          "conteudo": 2,
          "navegacao": 6,
          "autorreferencia": 0,
          "divulgacao": 1
        },
        "nao_classificados": []
      },
      "/en/ledger/municipalities/serta": {
        "total": 9,
        "distintas": 9,
        "por_classe": {
          "conteudo": 2,
          "navegacao": 6,
          "autorreferencia": 0,
          "divulgacao": 1
        },
        "nao_classificados": []
      },
      "/en/ledger/municipalities/sesimbra": {
        "total": 9,
        "distintas": 9,
        "por_classe": {
          "conteudo": 2,
          "navegacao": 6,
          "autorreferencia": 0,
          "divulgacao": 1
        },
        "nao_classificados": []
      },
      "/en/ledger/municipalities/setubal": {
        "total": 9,
        "distintas": 9,
        "por_classe": {
          "conteudo": 2,
          "navegacao": 6,
          "autorreferencia": 0,
          "divulgacao": 1
        },
        "nao_classificados": []
      },
      "/en/ledger/municipalities/sever-do-vouga": {
        "total": 9,
        "distintas": 9,
        "por_classe": {
          "conteudo": 2,
          "navegacao": 6,
          "autorreferencia": 0,
          "divulgacao": 1
        },
        "nao_classificados": []
      },
      "/en/ledger/municipalities/silves": {
        "total": 9,
        "distintas": 9,
        "por_classe": {
          "conteudo": 2,
          "navegacao": 6,
          "autorreferencia": 0,
          "divulgacao": 1
        },
        "nao_classificados": []
      },
      "/en/ledger/municipalities/sines": {
        "total": 9,
        "distintas": 9,
        "por_classe": {
          "conteudo": 2,
          "navegacao": 6,
          "autorreferencia": 0,
          "divulgacao": 1
        },
        "nao_classificados": []
      },
      "/en/ledger/municipalities/sintra": {
        "total": 9,
        "distintas": 9,
        "por_classe": {
          "conteudo": 2,
          "navegacao": 6,
          "autorreferencia": 0,
          "divulgacao": 1
        },
        "nao_classificados": []
      },
      "/en/ledger/municipalities/sobral-de-monte-agraco": {
        "total": 9,
        "distintas": 9,
        "por_classe": {
          "conteudo": 2,
          "navegacao": 6,
          "autorreferencia": 0,
          "divulgacao": 1
        },
        "nao_classificados": []
      },
      "/en/ledger/municipalities/soure": {
        "total": 9,
        "distintas": 9,
        "por_classe": {
          "conteudo": 2,
          "navegacao": 6,
          "autorreferencia": 0,
          "divulgacao": 1
        },
        "nao_classificados": []
      },
      "/en/ledger/municipalities/sousel": {
        "total": 9,
        "distintas": 9,
        "por_classe": {
          "conteudo": 2,
          "navegacao": 6,
          "autorreferencia": 0,
          "divulgacao": 1
        },
        "nao_classificados": []
      },
      "/en/ledger/municipalities/tabua": {
        "total": 9,
        "distintas": 9,
        "por_classe": {
          "conteudo": 2,
          "navegacao": 6,
          "autorreferencia": 0,
          "divulgacao": 1
        },
        "nao_classificados": []
      },
      "/en/ledger/municipalities/tabuaco": {
        "total": 9,
        "distintas": 9,
        "por_classe": {
          "conteudo": 2,
          "navegacao": 6,
          "autorreferencia": 0,
          "divulgacao": 1
        },
        "nao_classificados": []
      },
      "/en/ledger/municipalities/tarouca": {
        "total": 9,
        "distintas": 9,
        "por_classe": {
          "conteudo": 2,
          "navegacao": 6,
          "autorreferencia": 0,
          "divulgacao": 1
        },
        "nao_classificados": []
      },
      "/en/ledger/municipalities/tavira": {
        "total": 9,
        "distintas": 9,
        "por_classe": {
          "conteudo": 2,
          "navegacao": 6,
          "autorreferencia": 0,
          "divulgacao": 1
        },
        "nao_classificados": []
      },
      "/en/ledger/municipalities/terras-de-bouro": {
        "total": 9,
        "distintas": 9,
        "por_classe": {
          "conteudo": 2,
          "navegacao": 6,
          "autorreferencia": 0,
          "divulgacao": 1
        },
        "nao_classificados": []
      },
      "/en/ledger/municipalities/tomar": {
        "total": 9,
        "distintas": 9,
        "por_classe": {
          "conteudo": 2,
          "navegacao": 6,
          "autorreferencia": 0,
          "divulgacao": 1
        },
        "nao_classificados": []
      },
      "/en/ledger/municipalities/tondela": {
        "total": 9,
        "distintas": 9,
        "por_classe": {
          "conteudo": 2,
          "navegacao": 6,
          "autorreferencia": 0,
          "divulgacao": 1
        },
        "nao_classificados": []
      },
      "/en/ledger/municipalities/torre-de-moncorvo": {
        "total": 9,
        "distintas": 9,
        "por_classe": {
          "conteudo": 2,
          "navegacao": 6,
          "autorreferencia": 0,
          "divulgacao": 1
        },
        "nao_classificados": []
      },
      "/en/ledger/municipalities/torres-novas": {
        "total": 9,
        "distintas": 9,
        "por_classe": {
          "conteudo": 2,
          "navegacao": 6,
          "autorreferencia": 0,
          "divulgacao": 1
        },
        "nao_classificados": []
      },
      "/en/ledger/municipalities/torres-vedras": {
        "total": 9,
        "distintas": 9,
        "por_classe": {
          "conteudo": 2,
          "navegacao": 6,
          "autorreferencia": 0,
          "divulgacao": 1
        },
        "nao_classificados": []
      },
      "/en/ledger/municipalities/trancoso": {
        "total": 9,
        "distintas": 9,
        "por_classe": {
          "conteudo": 2,
          "navegacao": 6,
          "autorreferencia": 0,
          "divulgacao": 1
        },
        "nao_classificados": []
      },
      "/en/ledger/municipalities/trofa": {
        "total": 9,
        "distintas": 9,
        "por_classe": {
          "conteudo": 2,
          "navegacao": 6,
          "autorreferencia": 0,
          "divulgacao": 1
        },
        "nao_classificados": []
      },
      "/en/ledger/municipalities/vagos": {
        "total": 9,
        "distintas": 9,
        "por_classe": {
          "conteudo": 2,
          "navegacao": 6,
          "autorreferencia": 0,
          "divulgacao": 1
        },
        "nao_classificados": []
      },
      "/en/ledger/municipalities/vale-de-cambra": {
        "total": 9,
        "distintas": 9,
        "por_classe": {
          "conteudo": 2,
          "navegacao": 6,
          "autorreferencia": 0,
          "divulgacao": 1
        },
        "nao_classificados": []
      },
      "/en/ledger/municipalities/valenca": {
        "total": 9,
        "distintas": 9,
        "por_classe": {
          "conteudo": 2,
          "navegacao": 6,
          "autorreferencia": 0,
          "divulgacao": 1
        },
        "nao_classificados": []
      },
      "/en/ledger/municipalities/valongo": {
        "total": 9,
        "distintas": 9,
        "por_classe": {
          "conteudo": 2,
          "navegacao": 6,
          "autorreferencia": 0,
          "divulgacao": 1
        },
        "nao_classificados": []
      },
      "/en/ledger/municipalities/valpacos": {
        "total": 9,
        "distintas": 9,
        "por_classe": {
          "conteudo": 2,
          "navegacao": 6,
          "autorreferencia": 0,
          "divulgacao": 1
        },
        "nao_classificados": []
      },
      "/en/ledger/municipalities/velas": {
        "total": 9,
        "distintas": 9,
        "por_classe": {
          "conteudo": 2,
          "navegacao": 6,
          "autorreferencia": 0,
          "divulgacao": 1
        },
        "nao_classificados": []
      },
      "/en/ledger/municipalities/vendas-novas": {
        "total": 9,
        "distintas": 9,
        "por_classe": {
          "conteudo": 2,
          "navegacao": 6,
          "autorreferencia": 0,
          "divulgacao": 1
        },
        "nao_classificados": []
      },
      "/en/ledger/municipalities/viana-do-alentejo": {
        "total": 9,
        "distintas": 9,
        "por_classe": {
          "conteudo": 2,
          "navegacao": 6,
          "autorreferencia": 0,
          "divulgacao": 1
        },
        "nao_classificados": []
      },
      "/en/ledger/municipalities/viana-do-castelo": {
        "total": 9,
        "distintas": 9,
        "por_classe": {
          "conteudo": 2,
          "navegacao": 6,
          "autorreferencia": 0,
          "divulgacao": 1
        },
        "nao_classificados": []
      },
      "/en/ledger/municipalities/vidigueira": {
        "total": 9,
        "distintas": 9,
        "por_classe": {
          "conteudo": 2,
          "navegacao": 6,
          "autorreferencia": 0,
          "divulgacao": 1
        },
        "nao_classificados": []
      },
      "/en/ledger/municipalities/vieira-do-minho": {
        "total": 9,
        "distintas": 9,
        "por_classe": {
          "conteudo": 2,
          "navegacao": 6,
          "autorreferencia": 0,
          "divulgacao": 1
        },
        "nao_classificados": []
      },
      "/en/ledger/municipalities/vila-de-rei": {
        "total": 9,
        "distintas": 9,
        "por_classe": {
          "conteudo": 2,
          "navegacao": 6,
          "autorreferencia": 0,
          "divulgacao": 1
        },
        "nao_classificados": []
      },
      "/en/ledger/municipalities/vila-do-bispo": {
        "total": 9,
        "distintas": 9,
        "por_classe": {
          "conteudo": 2,
          "navegacao": 6,
          "autorreferencia": 0,
          "divulgacao": 1
        },
        "nao_classificados": []
      },
      "/en/ledger/municipalities/vila-do-conde": {
        "total": 9,
        "distintas": 9,
        "por_classe": {
          "conteudo": 2,
          "navegacao": 6,
          "autorreferencia": 0,
          "divulgacao": 1
        },
        "nao_classificados": []
      },
      "/en/ledger/municipalities/vila-do-porto": {
        "total": 9,
        "distintas": 9,
        "por_classe": {
          "conteudo": 2,
          "navegacao": 6,
          "autorreferencia": 0,
          "divulgacao": 1
        },
        "nao_classificados": []
      },
      "/en/ledger/municipalities/vila-flor": {
        "total": 9,
        "distintas": 9,
        "por_classe": {
          "conteudo": 2,
          "navegacao": 6,
          "autorreferencia": 0,
          "divulgacao": 1
        },
        "nao_classificados": []
      },
      "/en/ledger/municipalities/vila-franca-de-xira": {
        "total": 9,
        "distintas": 9,
        "por_classe": {
          "conteudo": 2,
          "navegacao": 6,
          "autorreferencia": 0,
          "divulgacao": 1
        },
        "nao_classificados": []
      },
      "/en/ledger/municipalities/vila-franca-do-campo": {
        "total": 9,
        "distintas": 9,
        "por_classe": {
          "conteudo": 2,
          "navegacao": 6,
          "autorreferencia": 0,
          "divulgacao": 1
        },
        "nao_classificados": []
      },
      "/en/ledger/municipalities/vila-nova-da-barquinha": {
        "total": 9,
        "distintas": 9,
        "por_classe": {
          "conteudo": 2,
          "navegacao": 6,
          "autorreferencia": 0,
          "divulgacao": 1
        },
        "nao_classificados": []
      },
      "/en/ledger/municipalities/vila-nova-de-cerveira": {
        "total": 9,
        "distintas": 9,
        "por_classe": {
          "conteudo": 2,
          "navegacao": 6,
          "autorreferencia": 0,
          "divulgacao": 1
        },
        "nao_classificados": []
      },
      "/en/ledger/municipalities/vila-nova-de-famalicao": {
        "total": 9,
        "distintas": 9,
        "por_classe": {
          "conteudo": 2,
          "navegacao": 6,
          "autorreferencia": 0,
          "divulgacao": 1
        },
        "nao_classificados": []
      },
      "/en/ledger/municipalities/vila-nova-de-foz-coa": {
        "total": 9,
        "distintas": 9,
        "por_classe": {
          "conteudo": 2,
          "navegacao": 6,
          "autorreferencia": 0,
          "divulgacao": 1
        },
        "nao_classificados": []
      },
      "/en/ledger/municipalities/vila-nova-de-gaia": {
        "total": 9,
        "distintas": 9,
        "por_classe": {
          "conteudo": 2,
          "navegacao": 6,
          "autorreferencia": 0,
          "divulgacao": 1
        },
        "nao_classificados": []
      },
      "/en/ledger/municipalities/vila-nova-de-paiva": {
        "total": 9,
        "distintas": 9,
        "por_classe": {
          "conteudo": 2,
          "navegacao": 6,
          "autorreferencia": 0,
          "divulgacao": 1
        },
        "nao_classificados": []
      },
      "/en/ledger/municipalities/vila-nova-de-poiares": {
        "total": 9,
        "distintas": 9,
        "por_classe": {
          "conteudo": 2,
          "navegacao": 6,
          "autorreferencia": 0,
          "divulgacao": 1
        },
        "nao_classificados": []
      },
      "/en/ledger/municipalities/vila-pouca-de-aguiar": {
        "total": 9,
        "distintas": 9,
        "por_classe": {
          "conteudo": 2,
          "navegacao": 6,
          "autorreferencia": 0,
          "divulgacao": 1
        },
        "nao_classificados": []
      },
      "/en/ledger/municipalities/vila-real": {
        "total": 9,
        "distintas": 9,
        "por_classe": {
          "conteudo": 2,
          "navegacao": 6,
          "autorreferencia": 0,
          "divulgacao": 1
        },
        "nao_classificados": []
      },
      "/en/ledger/municipalities/vila-real-de-santo-antonio": {
        "total": 9,
        "distintas": 9,
        "por_classe": {
          "conteudo": 2,
          "navegacao": 6,
          "autorreferencia": 0,
          "divulgacao": 1
        },
        "nao_classificados": []
      },
      "/en/ledger/municipalities/vila-velha-de-rodao": {
        "total": 9,
        "distintas": 9,
        "por_classe": {
          "conteudo": 2,
          "navegacao": 6,
          "autorreferencia": 0,
          "divulgacao": 1
        },
        "nao_classificados": []
      },
      "/en/ledger/municipalities/vila-verde": {
        "total": 9,
        "distintas": 9,
        "por_classe": {
          "conteudo": 2,
          "navegacao": 6,
          "autorreferencia": 0,
          "divulgacao": 1
        },
        "nao_classificados": []
      },
      "/en/ledger/municipalities/vila-vicosa": {
        "total": 9,
        "distintas": 9,
        "por_classe": {
          "conteudo": 2,
          "navegacao": 6,
          "autorreferencia": 0,
          "divulgacao": 1
        },
        "nao_classificados": []
      },
      "/en/ledger/municipalities/vimioso": {
        "total": 9,
        "distintas": 9,
        "por_classe": {
          "conteudo": 2,
          "navegacao": 6,
          "autorreferencia": 0,
          "divulgacao": 1
        },
        "nao_classificados": []
      },
      "/en/ledger/municipalities/vinhais": {
        "total": 9,
        "distintas": 9,
        "por_classe": {
          "conteudo": 2,
          "navegacao": 6,
          "autorreferencia": 0,
          "divulgacao": 1
        },
        "nao_classificados": []
      },
      "/en/ledger/municipalities/viseu": {
        "total": 9,
        "distintas": 9,
        "por_classe": {
          "conteudo": 2,
          "navegacao": 6,
          "autorreferencia": 0,
          "divulgacao": 1
        },
        "nao_classificados": []
      },
      "/en/ledger/municipalities/vizela": {
        "total": 9,
        "distintas": 9,
        "por_classe": {
          "conteudo": 2,
          "navegacao": 6,
          "autorreferencia": 0,
          "divulgacao": 1
        },
        "nao_classificados": []
      },
      "/en/ledger/municipalities/vouzela": {
        "total": 9,
        "distintas": 9,
        "por_classe": {
          "conteudo": 2,
          "navegacao": 6,
          "autorreferencia": 0,
          "divulgacao": 1
        },
        "nao_classificados": []
      },
      "/en/municipalities/abrantes": {
        "total": 22,
        "distintas": 20,
        "por_classe": {
          "conteudo": 16,
          "navegacao": 5,
          "autorreferencia": 0,
          "divulgacao": 1
        },
        "nao_classificados": []
      },
      "/en/municipalities/agueda": {
        "total": 22,
        "distintas": 20,
        "por_classe": {
          "conteudo": 16,
          "navegacao": 5,
          "autorreferencia": 0,
          "divulgacao": 1
        },
        "nao_classificados": []
      },
      "/en/municipalities/aguiar-da-beira": {
        "total": 22,
        "distintas": 20,
        "por_classe": {
          "conteudo": 16,
          "navegacao": 5,
          "autorreferencia": 0,
          "divulgacao": 1
        },
        "nao_classificados": []
      },
      "/en/municipalities/alandroal": {
        "total": 22,
        "distintas": 20,
        "por_classe": {
          "conteudo": 16,
          "navegacao": 5,
          "autorreferencia": 0,
          "divulgacao": 1
        },
        "nao_classificados": []
      },
      "/en/municipalities/albergaria-a-velha": {
        "total": 22,
        "distintas": 20,
        "por_classe": {
          "conteudo": 16,
          "navegacao": 5,
          "autorreferencia": 0,
          "divulgacao": 1
        },
        "nao_classificados": []
      },
      "/en/municipalities/albufeira": {
        "total": 22,
        "distintas": 20,
        "por_classe": {
          "conteudo": 16,
          "navegacao": 5,
          "autorreferencia": 0,
          "divulgacao": 1
        },
        "nao_classificados": []
      },
      "/en/municipalities/alcacer-do-sal": {
        "total": 22,
        "distintas": 20,
        "por_classe": {
          "conteudo": 16,
          "navegacao": 5,
          "autorreferencia": 0,
          "divulgacao": 1
        },
        "nao_classificados": []
      },
      "/en/municipalities/alcanena": {
        "total": 22,
        "distintas": 20,
        "por_classe": {
          "conteudo": 16,
          "navegacao": 5,
          "autorreferencia": 0,
          "divulgacao": 1
        },
        "nao_classificados": []
      },
      "/en/municipalities/alcobaca": {
        "total": 22,
        "distintas": 20,
        "por_classe": {
          "conteudo": 16,
          "navegacao": 5,
          "autorreferencia": 0,
          "divulgacao": 1
        },
        "nao_classificados": []
      },
      "/en/municipalities/alcochete": {
        "total": 22,
        "distintas": 20,
        "por_classe": {
          "conteudo": 16,
          "navegacao": 5,
          "autorreferencia": 0,
          "divulgacao": 1
        },
        "nao_classificados": []
      },
      "/en/municipalities/alcoutim": {
        "total": 22,
        "distintas": 20,
        "por_classe": {
          "conteudo": 16,
          "navegacao": 5,
          "autorreferencia": 0,
          "divulgacao": 1
        },
        "nao_classificados": []
      },
      "/en/municipalities/alenquer": {
        "total": 22,
        "distintas": 20,
        "por_classe": {
          "conteudo": 16,
          "navegacao": 5,
          "autorreferencia": 0,
          "divulgacao": 1
        },
        "nao_classificados": []
      },
      "/en/municipalities/alfandega-da-fe": {
        "total": 22,
        "distintas": 20,
        "por_classe": {
          "conteudo": 16,
          "navegacao": 5,
          "autorreferencia": 0,
          "divulgacao": 1
        },
        "nao_classificados": []
      },
      "/en/municipalities/alijo": {
        "total": 22,
        "distintas": 20,
        "por_classe": {
          "conteudo": 16,
          "navegacao": 5,
          "autorreferencia": 0,
          "divulgacao": 1
        },
        "nao_classificados": []
      },
      "/en/municipalities/aljezur": {
        "total": 22,
        "distintas": 20,
        "por_classe": {
          "conteudo": 16,
          "navegacao": 5,
          "autorreferencia": 0,
          "divulgacao": 1
        },
        "nao_classificados": []
      },
      "/en/municipalities/aljustrel": {
        "total": 22,
        "distintas": 20,
        "por_classe": {
          "conteudo": 16,
          "navegacao": 5,
          "autorreferencia": 0,
          "divulgacao": 1
        },
        "nao_classificados": []
      },
      "/en/municipalities/almada": {
        "total": 22,
        "distintas": 20,
        "por_classe": {
          "conteudo": 16,
          "navegacao": 5,
          "autorreferencia": 0,
          "divulgacao": 1
        },
        "nao_classificados": []
      },
      "/en/municipalities/almeida": {
        "total": 22,
        "distintas": 20,
        "por_classe": {
          "conteudo": 16,
          "navegacao": 5,
          "autorreferencia": 0,
          "divulgacao": 1
        },
        "nao_classificados": []
      },
      "/en/municipalities/almeirim": {
        "total": 22,
        "distintas": 20,
        "por_classe": {
          "conteudo": 16,
          "navegacao": 5,
          "autorreferencia": 0,
          "divulgacao": 1
        },
        "nao_classificados": []
      },
      "/en/municipalities/almodovar": {
        "total": 22,
        "distintas": 20,
        "por_classe": {
          "conteudo": 16,
          "navegacao": 5,
          "autorreferencia": 0,
          "divulgacao": 1
        },
        "nao_classificados": []
      },
      "/en/municipalities/alpiarca": {
        "total": 22,
        "distintas": 20,
        "por_classe": {
          "conteudo": 16,
          "navegacao": 5,
          "autorreferencia": 0,
          "divulgacao": 1
        },
        "nao_classificados": []
      },
      "/en/municipalities/alter-do-chao": {
        "total": 22,
        "distintas": 20,
        "por_classe": {
          "conteudo": 16,
          "navegacao": 5,
          "autorreferencia": 0,
          "divulgacao": 1
        },
        "nao_classificados": []
      },
      "/en/municipalities/alvaiazere": {
        "total": 22,
        "distintas": 20,
        "por_classe": {
          "conteudo": 16,
          "navegacao": 5,
          "autorreferencia": 0,
          "divulgacao": 1
        },
        "nao_classificados": []
      },
      "/en/municipalities/alvito": {
        "total": 22,
        "distintas": 20,
        "por_classe": {
          "conteudo": 16,
          "navegacao": 5,
          "autorreferencia": 0,
          "divulgacao": 1
        },
        "nao_classificados": []
      },
      "/en/municipalities/amadora": {
        "total": 22,
        "distintas": 20,
        "por_classe": {
          "conteudo": 16,
          "navegacao": 5,
          "autorreferencia": 0,
          "divulgacao": 1
        },
        "nao_classificados": []
      },
      "/en/municipalities/amarante": {
        "total": 22,
        "distintas": 20,
        "por_classe": {
          "conteudo": 16,
          "navegacao": 5,
          "autorreferencia": 0,
          "divulgacao": 1
        },
        "nao_classificados": []
      },
      "/en/municipalities/amares": {
        "total": 22,
        "distintas": 20,
        "por_classe": {
          "conteudo": 16,
          "navegacao": 5,
          "autorreferencia": 0,
          "divulgacao": 1
        },
        "nao_classificados": []
      },
      "/en/municipalities/anadia": {
        "total": 22,
        "distintas": 20,
        "por_classe": {
          "conteudo": 16,
          "navegacao": 5,
          "autorreferencia": 0,
          "divulgacao": 1
        },
        "nao_classificados": []
      },
      "/en/municipalities/angra-do-heroismo": {
        "total": 20,
        "distintas": 18,
        "por_classe": {
          "conteudo": 14,
          "navegacao": 5,
          "autorreferencia": 0,
          "divulgacao": 1
        },
        "nao_classificados": []
      },
      "/en/municipalities/ansiao": {
        "total": 22,
        "distintas": 20,
        "por_classe": {
          "conteudo": 16,
          "navegacao": 5,
          "autorreferencia": 0,
          "divulgacao": 1
        },
        "nao_classificados": []
      },
      "/en/municipalities/arcos-de-valdevez": {
        "total": 22,
        "distintas": 20,
        "por_classe": {
          "conteudo": 16,
          "navegacao": 5,
          "autorreferencia": 0,
          "divulgacao": 1
        },
        "nao_classificados": []
      },
      "/en/municipalities/arganil": {
        "total": 22,
        "distintas": 20,
        "por_classe": {
          "conteudo": 16,
          "navegacao": 5,
          "autorreferencia": 0,
          "divulgacao": 1
        },
        "nao_classificados": []
      },
      "/en/municipalities/armamar": {
        "total": 22,
        "distintas": 20,
        "por_classe": {
          "conteudo": 16,
          "navegacao": 5,
          "autorreferencia": 0,
          "divulgacao": 1
        },
        "nao_classificados": []
      },
      "/en/municipalities/arouca": {
        "total": 22,
        "distintas": 20,
        "por_classe": {
          "conteudo": 16,
          "navegacao": 5,
          "autorreferencia": 0,
          "divulgacao": 1
        },
        "nao_classificados": []
      },
      "/en/municipalities/arraiolos": {
        "total": 22,
        "distintas": 20,
        "por_classe": {
          "conteudo": 16,
          "navegacao": 5,
          "autorreferencia": 0,
          "divulgacao": 1
        },
        "nao_classificados": []
      },
      "/en/municipalities/arronches": {
        "total": 22,
        "distintas": 20,
        "por_classe": {
          "conteudo": 16,
          "navegacao": 5,
          "autorreferencia": 0,
          "divulgacao": 1
        },
        "nao_classificados": []
      },
      "/en/municipalities/arruda-dos-vinhos": {
        "total": 22,
        "distintas": 20,
        "por_classe": {
          "conteudo": 16,
          "navegacao": 5,
          "autorreferencia": 0,
          "divulgacao": 1
        },
        "nao_classificados": []
      },
      "/en/municipalities/aveiro": {
        "total": 22,
        "distintas": 20,
        "por_classe": {
          "conteudo": 16,
          "navegacao": 5,
          "autorreferencia": 0,
          "divulgacao": 1
        },
        "nao_classificados": []
      },
      "/en/municipalities/avis": {
        "total": 22,
        "distintas": 20,
        "por_classe": {
          "conteudo": 16,
          "navegacao": 5,
          "autorreferencia": 0,
          "divulgacao": 1
        },
        "nao_classificados": []
      },
      "/en/municipalities/azambuja": {
        "total": 22,
        "distintas": 20,
        "por_classe": {
          "conteudo": 16,
          "navegacao": 5,
          "autorreferencia": 0,
          "divulgacao": 1
        },
        "nao_classificados": []
      },
      "/en/municipalities/baiao": {
        "total": 22,
        "distintas": 20,
        "por_classe": {
          "conteudo": 16,
          "navegacao": 5,
          "autorreferencia": 0,
          "divulgacao": 1
        },
        "nao_classificados": []
      },
      "/en/municipalities/barcelos": {
        "total": 22,
        "distintas": 20,
        "por_classe": {
          "conteudo": 16,
          "navegacao": 5,
          "autorreferencia": 0,
          "divulgacao": 1
        },
        "nao_classificados": []
      },
      "/en/municipalities/barrancos": {
        "total": 22,
        "distintas": 20,
        "por_classe": {
          "conteudo": 16,
          "navegacao": 5,
          "autorreferencia": 0,
          "divulgacao": 1
        },
        "nao_classificados": []
      },
      "/en/municipalities/barreiro": {
        "total": 22,
        "distintas": 20,
        "por_classe": {
          "conteudo": 16,
          "navegacao": 5,
          "autorreferencia": 0,
          "divulgacao": 1
        },
        "nao_classificados": []
      },
      "/en/municipalities/batalha": {
        "total": 22,
        "distintas": 20,
        "por_classe": {
          "conteudo": 16,
          "navegacao": 5,
          "autorreferencia": 0,
          "divulgacao": 1
        },
        "nao_classificados": []
      },
      "/en/municipalities/beja": {
        "total": 22,
        "distintas": 20,
        "por_classe": {
          "conteudo": 16,
          "navegacao": 5,
          "autorreferencia": 0,
          "divulgacao": 1
        },
        "nao_classificados": []
      },
      "/en/municipalities/belmonte": {
        "total": 22,
        "distintas": 20,
        "por_classe": {
          "conteudo": 16,
          "navegacao": 5,
          "autorreferencia": 0,
          "divulgacao": 1
        },
        "nao_classificados": []
      },
      "/en/municipalities/benavente": {
        "total": 22,
        "distintas": 20,
        "por_classe": {
          "conteudo": 16,
          "navegacao": 5,
          "autorreferencia": 0,
          "divulgacao": 1
        },
        "nao_classificados": []
      },
      "/en/municipalities/bombarral": {
        "total": 22,
        "distintas": 20,
        "por_classe": {
          "conteudo": 16,
          "navegacao": 5,
          "autorreferencia": 0,
          "divulgacao": 1
        },
        "nao_classificados": []
      },
      "/en/municipalities/borba": {
        "total": 22,
        "distintas": 20,
        "por_classe": {
          "conteudo": 16,
          "navegacao": 5,
          "autorreferencia": 0,
          "divulgacao": 1
        },
        "nao_classificados": []
      },
      "/en/municipalities/boticas": {
        "total": 22,
        "distintas": 20,
        "por_classe": {
          "conteudo": 16,
          "navegacao": 5,
          "autorreferencia": 0,
          "divulgacao": 1
        },
        "nao_classificados": []
      },
      "/en/municipalities/braga": {
        "total": 22,
        "distintas": 20,
        "por_classe": {
          "conteudo": 16,
          "navegacao": 5,
          "autorreferencia": 0,
          "divulgacao": 1
        },
        "nao_classificados": []
      },
      "/en/municipalities/braganca": {
        "total": 22,
        "distintas": 20,
        "por_classe": {
          "conteudo": 16,
          "navegacao": 5,
          "autorreferencia": 0,
          "divulgacao": 1
        },
        "nao_classificados": []
      },
      "/en/municipalities/cabeceiras-de-basto": {
        "total": 22,
        "distintas": 20,
        "por_classe": {
          "conteudo": 16,
          "navegacao": 5,
          "autorreferencia": 0,
          "divulgacao": 1
        },
        "nao_classificados": []
      },
      "/en/municipalities/cadaval": {
        "total": 22,
        "distintas": 20,
        "por_classe": {
          "conteudo": 16,
          "navegacao": 5,
          "autorreferencia": 0,
          "divulgacao": 1
        },
        "nao_classificados": []
      },
      "/en/municipalities/caldas-da-rainha": {
        "total": 22,
        "distintas": 20,
        "por_classe": {
          "conteudo": 16,
          "navegacao": 5,
          "autorreferencia": 0,
          "divulgacao": 1
        },
        "nao_classificados": []
      },
      "/en/municipalities/calheta": {
        "total": 20,
        "distintas": 18,
        "por_classe": {
          "conteudo": 14,
          "navegacao": 5,
          "autorreferencia": 0,
          "divulgacao": 1
        },
        "nao_classificados": []
      },
      "/en/municipalities/calheta-de-sao-jorge": {
        "total": 20,
        "distintas": 18,
        "por_classe": {
          "conteudo": 14,
          "navegacao": 5,
          "autorreferencia": 0,
          "divulgacao": 1
        },
        "nao_classificados": []
      },
      "/en/municipalities/camara-de-lobos": {
        "total": 20,
        "distintas": 18,
        "por_classe": {
          "conteudo": 14,
          "navegacao": 5,
          "autorreferencia": 0,
          "divulgacao": 1
        },
        "nao_classificados": []
      },
      "/en/municipalities/caminha": {
        "total": 22,
        "distintas": 20,
        "por_classe": {
          "conteudo": 16,
          "navegacao": 5,
          "autorreferencia": 0,
          "divulgacao": 1
        },
        "nao_classificados": []
      },
      "/en/municipalities/campo-maior": {
        "total": 22,
        "distintas": 20,
        "por_classe": {
          "conteudo": 16,
          "navegacao": 5,
          "autorreferencia": 0,
          "divulgacao": 1
        },
        "nao_classificados": []
      },
      "/en/municipalities/cantanhede": {
        "total": 22,
        "distintas": 20,
        "por_classe": {
          "conteudo": 16,
          "navegacao": 5,
          "autorreferencia": 0,
          "divulgacao": 1
        },
        "nao_classificados": []
      },
      "/en/municipalities/carrazeda-de-ansiaes": {
        "total": 22,
        "distintas": 20,
        "por_classe": {
          "conteudo": 16,
          "navegacao": 5,
          "autorreferencia": 0,
          "divulgacao": 1
        },
        "nao_classificados": []
      },
      "/en/municipalities/carregal-do-sal": {
        "total": 22,
        "distintas": 20,
        "por_classe": {
          "conteudo": 16,
          "navegacao": 5,
          "autorreferencia": 0,
          "divulgacao": 1
        },
        "nao_classificados": []
      },
      "/en/municipalities/cartaxo": {
        "total": 22,
        "distintas": 20,
        "por_classe": {
          "conteudo": 16,
          "navegacao": 5,
          "autorreferencia": 0,
          "divulgacao": 1
        },
        "nao_classificados": []
      },
      "/en/municipalities/cascais": {
        "total": 22,
        "distintas": 20,
        "por_classe": {
          "conteudo": 16,
          "navegacao": 5,
          "autorreferencia": 0,
          "divulgacao": 1
        },
        "nao_classificados": []
      },
      "/en/municipalities/castanheira-de-pera": {
        "total": 22,
        "distintas": 20,
        "por_classe": {
          "conteudo": 16,
          "navegacao": 5,
          "autorreferencia": 0,
          "divulgacao": 1
        },
        "nao_classificados": []
      },
      "/en/municipalities/castelo-branco": {
        "total": 22,
        "distintas": 20,
        "por_classe": {
          "conteudo": 16,
          "navegacao": 5,
          "autorreferencia": 0,
          "divulgacao": 1
        },
        "nao_classificados": []
      },
      "/en/municipalities/castelo-de-paiva": {
        "total": 22,
        "distintas": 20,
        "por_classe": {
          "conteudo": 16,
          "navegacao": 5,
          "autorreferencia": 0,
          "divulgacao": 1
        },
        "nao_classificados": []
      },
      "/en/municipalities/castelo-de-vide": {
        "total": 22,
        "distintas": 20,
        "por_classe": {
          "conteudo": 16,
          "navegacao": 5,
          "autorreferencia": 0,
          "divulgacao": 1
        },
        "nao_classificados": []
      },
      "/en/municipalities/castro-daire": {
        "total": 22,
        "distintas": 20,
        "por_classe": {
          "conteudo": 16,
          "navegacao": 5,
          "autorreferencia": 0,
          "divulgacao": 1
        },
        "nao_classificados": []
      },
      "/en/municipalities/castro-marim": {
        "total": 22,
        "distintas": 20,
        "por_classe": {
          "conteudo": 16,
          "navegacao": 5,
          "autorreferencia": 0,
          "divulgacao": 1
        },
        "nao_classificados": []
      },
      "/en/municipalities/castro-verde": {
        "total": 22,
        "distintas": 20,
        "por_classe": {
          "conteudo": 16,
          "navegacao": 5,
          "autorreferencia": 0,
          "divulgacao": 1
        },
        "nao_classificados": []
      },
      "/en/municipalities/celorico-da-beira": {
        "total": 22,
        "distintas": 20,
        "por_classe": {
          "conteudo": 16,
          "navegacao": 5,
          "autorreferencia": 0,
          "divulgacao": 1
        },
        "nao_classificados": []
      },
      "/en/municipalities/celorico-de-basto": {
        "total": 22,
        "distintas": 20,
        "por_classe": {
          "conteudo": 16,
          "navegacao": 5,
          "autorreferencia": 0,
          "divulgacao": 1
        },
        "nao_classificados": []
      },
      "/en/municipalities/chamusca": {
        "total": 22,
        "distintas": 20,
        "por_classe": {
          "conteudo": 16,
          "navegacao": 5,
          "autorreferencia": 0,
          "divulgacao": 1
        },
        "nao_classificados": []
      },
      "/en/municipalities/chaves": {
        "total": 22,
        "distintas": 20,
        "por_classe": {
          "conteudo": 16,
          "navegacao": 5,
          "autorreferencia": 0,
          "divulgacao": 1
        },
        "nao_classificados": []
      },
      "/en/municipalities/cinfaes": {
        "total": 22,
        "distintas": 20,
        "por_classe": {
          "conteudo": 16,
          "navegacao": 5,
          "autorreferencia": 0,
          "divulgacao": 1
        },
        "nao_classificados": []
      },
      "/en/municipalities/coimbra": {
        "total": 22,
        "distintas": 20,
        "por_classe": {
          "conteudo": 16,
          "navegacao": 5,
          "autorreferencia": 0,
          "divulgacao": 1
        },
        "nao_classificados": []
      },
      "/en/municipalities/condeixa-a-nova": {
        "total": 22,
        "distintas": 20,
        "por_classe": {
          "conteudo": 16,
          "navegacao": 5,
          "autorreferencia": 0,
          "divulgacao": 1
        },
        "nao_classificados": []
      },
      "/en/municipalities/constancia": {
        "total": 22,
        "distintas": 20,
        "por_classe": {
          "conteudo": 16,
          "navegacao": 5,
          "autorreferencia": 0,
          "divulgacao": 1
        },
        "nao_classificados": []
      },
      "/en/municipalities/coruche": {
        "total": 22,
        "distintas": 20,
        "por_classe": {
          "conteudo": 16,
          "navegacao": 5,
          "autorreferencia": 0,
          "divulgacao": 1
        },
        "nao_classificados": []
      },
      "/en/municipalities/corvo": {
        "total": 20,
        "distintas": 18,
        "por_classe": {
          "conteudo": 14,
          "navegacao": 5,
          "autorreferencia": 0,
          "divulgacao": 1
        },
        "nao_classificados": []
      },
      "/en/municipalities/covilha": {
        "total": 22,
        "distintas": 20,
        "por_classe": {
          "conteudo": 16,
          "navegacao": 5,
          "autorreferencia": 0,
          "divulgacao": 1
        },
        "nao_classificados": []
      },
      "/en/municipalities/crato": {
        "total": 22,
        "distintas": 20,
        "por_classe": {
          "conteudo": 16,
          "navegacao": 5,
          "autorreferencia": 0,
          "divulgacao": 1
        },
        "nao_classificados": []
      },
      "/en/municipalities/cuba": {
        "total": 22,
        "distintas": 20,
        "por_classe": {
          "conteudo": 16,
          "navegacao": 5,
          "autorreferencia": 0,
          "divulgacao": 1
        },
        "nao_classificados": []
      },
      "/en/municipalities/elvas": {
        "total": 22,
        "distintas": 20,
        "por_classe": {
          "conteudo": 16,
          "navegacao": 5,
          "autorreferencia": 0,
          "divulgacao": 1
        },
        "nao_classificados": []
      },
      "/en/municipalities/entroncamento": {
        "total": 22,
        "distintas": 20,
        "por_classe": {
          "conteudo": 16,
          "navegacao": 5,
          "autorreferencia": 0,
          "divulgacao": 1
        },
        "nao_classificados": []
      },
      "/en/municipalities/espinho": {
        "total": 22,
        "distintas": 20,
        "por_classe": {
          "conteudo": 16,
          "navegacao": 5,
          "autorreferencia": 0,
          "divulgacao": 1
        },
        "nao_classificados": []
      },
      "/en/municipalities/esposende": {
        "total": 22,
        "distintas": 20,
        "por_classe": {
          "conteudo": 16,
          "navegacao": 5,
          "autorreferencia": 0,
          "divulgacao": 1
        },
        "nao_classificados": []
      },
      "/en/municipalities/estarreja": {
        "total": 22,
        "distintas": 20,
        "por_classe": {
          "conteudo": 16,
          "navegacao": 5,
          "autorreferencia": 0,
          "divulgacao": 1
        },
        "nao_classificados": []
      },
      "/en/municipalities/estremoz": {
        "total": 22,
        "distintas": 20,
        "por_classe": {
          "conteudo": 16,
          "navegacao": 5,
          "autorreferencia": 0,
          "divulgacao": 1
        },
        "nao_classificados": []
      },
      "/en/municipalities/evora": {
        "total": 75,
        "distintas": 46,
        "por_classe": {
          "conteudo": 66,
          "navegacao": 8,
          "autorreferencia": 0,
          "divulgacao": 1
        },
        "nao_classificados": []
      },
      "/en/municipalities/fafe": {
        "total": 22,
        "distintas": 20,
        "por_classe": {
          "conteudo": 16,
          "navegacao": 5,
          "autorreferencia": 0,
          "divulgacao": 1
        },
        "nao_classificados": []
      },
      "/en/municipalities/faro": {
        "total": 22,
        "distintas": 20,
        "por_classe": {
          "conteudo": 16,
          "navegacao": 5,
          "autorreferencia": 0,
          "divulgacao": 1
        },
        "nao_classificados": []
      },
      "/en/municipalities/felgueiras": {
        "total": 22,
        "distintas": 20,
        "por_classe": {
          "conteudo": 16,
          "navegacao": 5,
          "autorreferencia": 0,
          "divulgacao": 1
        },
        "nao_classificados": []
      },
      "/en/municipalities/ferreira-do-alentejo": {
        "total": 22,
        "distintas": 20,
        "por_classe": {
          "conteudo": 16,
          "navegacao": 5,
          "autorreferencia": 0,
          "divulgacao": 1
        },
        "nao_classificados": []
      },
      "/en/municipalities/ferreira-do-zezere": {
        "total": 22,
        "distintas": 20,
        "por_classe": {
          "conteudo": 16,
          "navegacao": 5,
          "autorreferencia": 0,
          "divulgacao": 1
        },
        "nao_classificados": []
      },
      "/en/municipalities/figueira-da-foz": {
        "total": 22,
        "distintas": 20,
        "por_classe": {
          "conteudo": 16,
          "navegacao": 5,
          "autorreferencia": 0,
          "divulgacao": 1
        },
        "nao_classificados": []
      },
      "/en/municipalities/figueira-de-castelo-rodrigo": {
        "total": 22,
        "distintas": 20,
        "por_classe": {
          "conteudo": 16,
          "navegacao": 5,
          "autorreferencia": 0,
          "divulgacao": 1
        },
        "nao_classificados": []
      },
      "/en/municipalities/figueiro-dos-vinhos": {
        "total": 22,
        "distintas": 20,
        "por_classe": {
          "conteudo": 16,
          "navegacao": 5,
          "autorreferencia": 0,
          "divulgacao": 1
        },
        "nao_classificados": []
      },
      "/en/municipalities/fornos-de-algodres": {
        "total": 22,
        "distintas": 20,
        "por_classe": {
          "conteudo": 16,
          "navegacao": 5,
          "autorreferencia": 0,
          "divulgacao": 1
        },
        "nao_classificados": []
      },
      "/en/municipalities/freixo-de-espada-a-cinta": {
        "total": 22,
        "distintas": 20,
        "por_classe": {
          "conteudo": 16,
          "navegacao": 5,
          "autorreferencia": 0,
          "divulgacao": 1
        },
        "nao_classificados": []
      },
      "/en/municipalities/fronteira": {
        "total": 22,
        "distintas": 20,
        "por_classe": {
          "conteudo": 16,
          "navegacao": 5,
          "autorreferencia": 0,
          "divulgacao": 1
        },
        "nao_classificados": []
      },
      "/en/municipalities/funchal": {
        "total": 20,
        "distintas": 18,
        "por_classe": {
          "conteudo": 14,
          "navegacao": 5,
          "autorreferencia": 0,
          "divulgacao": 1
        },
        "nao_classificados": []
      },
      "/en/municipalities/fundao": {
        "total": 22,
        "distintas": 20,
        "por_classe": {
          "conteudo": 16,
          "navegacao": 5,
          "autorreferencia": 0,
          "divulgacao": 1
        },
        "nao_classificados": []
      },
      "/en/municipalities/gaviao": {
        "total": 22,
        "distintas": 20,
        "por_classe": {
          "conteudo": 16,
          "navegacao": 5,
          "autorreferencia": 0,
          "divulgacao": 1
        },
        "nao_classificados": []
      },
      "/en/municipalities/gois": {
        "total": 22,
        "distintas": 20,
        "por_classe": {
          "conteudo": 16,
          "navegacao": 5,
          "autorreferencia": 0,
          "divulgacao": 1
        },
        "nao_classificados": []
      },
      "/en/municipalities/golega": {
        "total": 22,
        "distintas": 20,
        "por_classe": {
          "conteudo": 16,
          "navegacao": 5,
          "autorreferencia": 0,
          "divulgacao": 1
        },
        "nao_classificados": []
      },
      "/en/municipalities/gondomar": {
        "total": 22,
        "distintas": 20,
        "por_classe": {
          "conteudo": 16,
          "navegacao": 5,
          "autorreferencia": 0,
          "divulgacao": 1
        },
        "nao_classificados": []
      },
      "/en/municipalities/gouveia": {
        "total": 22,
        "distintas": 20,
        "por_classe": {
          "conteudo": 16,
          "navegacao": 5,
          "autorreferencia": 0,
          "divulgacao": 1
        },
        "nao_classificados": []
      },
      "/en/municipalities/grandola": {
        "total": 22,
        "distintas": 20,
        "por_classe": {
          "conteudo": 16,
          "navegacao": 5,
          "autorreferencia": 0,
          "divulgacao": 1
        },
        "nao_classificados": []
      },
      "/en/municipalities/guarda": {
        "total": 22,
        "distintas": 20,
        "por_classe": {
          "conteudo": 16,
          "navegacao": 5,
          "autorreferencia": 0,
          "divulgacao": 1
        },
        "nao_classificados": []
      },
      "/en/municipalities/guimaraes": {
        "total": 22,
        "distintas": 20,
        "por_classe": {
          "conteudo": 16,
          "navegacao": 5,
          "autorreferencia": 0,
          "divulgacao": 1
        },
        "nao_classificados": []
      },
      "/en/municipalities/horta": {
        "total": 20,
        "distintas": 18,
        "por_classe": {
          "conteudo": 14,
          "navegacao": 5,
          "autorreferencia": 0,
          "divulgacao": 1
        },
        "nao_classificados": []
      },
      "/en/municipalities/idanha-a-nova": {
        "total": 22,
        "distintas": 20,
        "por_classe": {
          "conteudo": 16,
          "navegacao": 5,
          "autorreferencia": 0,
          "divulgacao": 1
        },
        "nao_classificados": []
      },
      "/en/municipalities/ilhavo": {
        "total": 22,
        "distintas": 20,
        "por_classe": {
          "conteudo": 16,
          "navegacao": 5,
          "autorreferencia": 0,
          "divulgacao": 1
        },
        "nao_classificados": []
      },
      "/en/municipalities/lagoa-faro": {
        "total": 22,
        "distintas": 20,
        "por_classe": {
          "conteudo": 16,
          "navegacao": 5,
          "autorreferencia": 0,
          "divulgacao": 1
        },
        "nao_classificados": []
      },
      "/en/municipalities/lagoa-ilha-de-sao-miguel": {
        "total": 20,
        "distintas": 18,
        "por_classe": {
          "conteudo": 14,
          "navegacao": 5,
          "autorreferencia": 0,
          "divulgacao": 1
        },
        "nao_classificados": []
      },
      "/en/municipalities/lagos": {
        "total": 22,
        "distintas": 20,
        "por_classe": {
          "conteudo": 16,
          "navegacao": 5,
          "autorreferencia": 0,
          "divulgacao": 1
        },
        "nao_classificados": []
      },
      "/en/municipalities/lajes-das-flores": {
        "total": 20,
        "distintas": 18,
        "por_classe": {
          "conteudo": 14,
          "navegacao": 5,
          "autorreferencia": 0,
          "divulgacao": 1
        },
        "nao_classificados": []
      },
      "/en/municipalities/lajes-do-pico": {
        "total": 20,
        "distintas": 18,
        "por_classe": {
          "conteudo": 14,
          "navegacao": 5,
          "autorreferencia": 0,
          "divulgacao": 1
        },
        "nao_classificados": []
      },
      "/en/municipalities/lamego": {
        "total": 22,
        "distintas": 20,
        "por_classe": {
          "conteudo": 16,
          "navegacao": 5,
          "autorreferencia": 0,
          "divulgacao": 1
        },
        "nao_classificados": []
      },
      "/en/municipalities/leiria": {
        "total": 22,
        "distintas": 20,
        "por_classe": {
          "conteudo": 16,
          "navegacao": 5,
          "autorreferencia": 0,
          "divulgacao": 1
        },
        "nao_classificados": []
      },
      "/en/municipalities/lisboa": {
        "total": 22,
        "distintas": 20,
        "por_classe": {
          "conteudo": 16,
          "navegacao": 5,
          "autorreferencia": 0,
          "divulgacao": 1
        },
        "nao_classificados": []
      },
      "/en/municipalities/loule": {
        "total": 22,
        "distintas": 20,
        "por_classe": {
          "conteudo": 16,
          "navegacao": 5,
          "autorreferencia": 0,
          "divulgacao": 1
        },
        "nao_classificados": []
      },
      "/en/municipalities/loures": {
        "total": 22,
        "distintas": 20,
        "por_classe": {
          "conteudo": 16,
          "navegacao": 5,
          "autorreferencia": 0,
          "divulgacao": 1
        },
        "nao_classificados": []
      },
      "/en/municipalities/lourinha": {
        "total": 22,
        "distintas": 20,
        "por_classe": {
          "conteudo": 16,
          "navegacao": 5,
          "autorreferencia": 0,
          "divulgacao": 1
        },
        "nao_classificados": []
      },
      "/en/municipalities/lousa": {
        "total": 22,
        "distintas": 20,
        "por_classe": {
          "conteudo": 16,
          "navegacao": 5,
          "autorreferencia": 0,
          "divulgacao": 1
        },
        "nao_classificados": []
      },
      "/en/municipalities/lousada": {
        "total": 22,
        "distintas": 20,
        "por_classe": {
          "conteudo": 16,
          "navegacao": 5,
          "autorreferencia": 0,
          "divulgacao": 1
        },
        "nao_classificados": []
      },
      "/en/municipalities/macao": {
        "total": 22,
        "distintas": 20,
        "por_classe": {
          "conteudo": 16,
          "navegacao": 5,
          "autorreferencia": 0,
          "divulgacao": 1
        },
        "nao_classificados": []
      },
      "/en/municipalities/macedo-de-cavaleiros": {
        "total": 22,
        "distintas": 20,
        "por_classe": {
          "conteudo": 16,
          "navegacao": 5,
          "autorreferencia": 0,
          "divulgacao": 1
        },
        "nao_classificados": []
      },
      "/en/municipalities/machico": {
        "total": 20,
        "distintas": 18,
        "por_classe": {
          "conteudo": 14,
          "navegacao": 5,
          "autorreferencia": 0,
          "divulgacao": 1
        },
        "nao_classificados": []
      },
      "/en/municipalities/madalena": {
        "total": 20,
        "distintas": 18,
        "por_classe": {
          "conteudo": 14,
          "navegacao": 5,
          "autorreferencia": 0,
          "divulgacao": 1
        },
        "nao_classificados": []
      },
      "/en/municipalities/mafra": {
        "total": 22,
        "distintas": 20,
        "por_classe": {
          "conteudo": 16,
          "navegacao": 5,
          "autorreferencia": 0,
          "divulgacao": 1
        },
        "nao_classificados": []
      },
      "/en/municipalities/maia": {
        "total": 22,
        "distintas": 20,
        "por_classe": {
          "conteudo": 16,
          "navegacao": 5,
          "autorreferencia": 0,
          "divulgacao": 1
        },
        "nao_classificados": []
      },
      "/en/municipalities/mangualde": {
        "total": 22,
        "distintas": 20,
        "por_classe": {
          "conteudo": 16,
          "navegacao": 5,
          "autorreferencia": 0,
          "divulgacao": 1
        },
        "nao_classificados": []
      },
      "/en/municipalities/manteigas": {
        "total": 22,
        "distintas": 20,
        "por_classe": {
          "conteudo": 16,
          "navegacao": 5,
          "autorreferencia": 0,
          "divulgacao": 1
        },
        "nao_classificados": []
      },
      "/en/municipalities/marco-de-canaveses": {
        "total": 22,
        "distintas": 20,
        "por_classe": {
          "conteudo": 16,
          "navegacao": 5,
          "autorreferencia": 0,
          "divulgacao": 1
        },
        "nao_classificados": []
      },
      "/en/municipalities/marinha-grande": {
        "total": 22,
        "distintas": 20,
        "por_classe": {
          "conteudo": 16,
          "navegacao": 5,
          "autorreferencia": 0,
          "divulgacao": 1
        },
        "nao_classificados": []
      },
      "/en/municipalities/marvao": {
        "total": 22,
        "distintas": 20,
        "por_classe": {
          "conteudo": 16,
          "navegacao": 5,
          "autorreferencia": 0,
          "divulgacao": 1
        },
        "nao_classificados": []
      },
      "/en/municipalities/matosinhos": {
        "total": 22,
        "distintas": 20,
        "por_classe": {
          "conteudo": 16,
          "navegacao": 5,
          "autorreferencia": 0,
          "divulgacao": 1
        },
        "nao_classificados": []
      },
      "/en/municipalities/mealhada": {
        "total": 22,
        "distintas": 20,
        "por_classe": {
          "conteudo": 16,
          "navegacao": 5,
          "autorreferencia": 0,
          "divulgacao": 1
        },
        "nao_classificados": []
      },
      "/en/municipalities/meda": {
        "total": 22,
        "distintas": 20,
        "por_classe": {
          "conteudo": 16,
          "navegacao": 5,
          "autorreferencia": 0,
          "divulgacao": 1
        },
        "nao_classificados": []
      },
      "/en/municipalities/melgaco": {
        "total": 22,
        "distintas": 20,
        "por_classe": {
          "conteudo": 16,
          "navegacao": 5,
          "autorreferencia": 0,
          "divulgacao": 1
        },
        "nao_classificados": []
      },
      "/en/municipalities/mertola": {
        "total": 22,
        "distintas": 20,
        "por_classe": {
          "conteudo": 16,
          "navegacao": 5,
          "autorreferencia": 0,
          "divulgacao": 1
        },
        "nao_classificados": []
      },
      "/en/municipalities/mesao-frio": {
        "total": 22,
        "distintas": 20,
        "por_classe": {
          "conteudo": 16,
          "navegacao": 5,
          "autorreferencia": 0,
          "divulgacao": 1
        },
        "nao_classificados": []
      },
      "/en/municipalities/mira": {
        "total": 22,
        "distintas": 20,
        "por_classe": {
          "conteudo": 16,
          "navegacao": 5,
          "autorreferencia": 0,
          "divulgacao": 1
        },
        "nao_classificados": []
      },
      "/en/municipalities/miranda-do-corvo": {
        "total": 22,
        "distintas": 20,
        "por_classe": {
          "conteudo": 16,
          "navegacao": 5,
          "autorreferencia": 0,
          "divulgacao": 1
        },
        "nao_classificados": []
      },
      "/en/municipalities/miranda-do-douro": {
        "total": 22,
        "distintas": 20,
        "por_classe": {
          "conteudo": 16,
          "navegacao": 5,
          "autorreferencia": 0,
          "divulgacao": 1
        },
        "nao_classificados": []
      },
      "/en/municipalities/mirandela": {
        "total": 22,
        "distintas": 20,
        "por_classe": {
          "conteudo": 16,
          "navegacao": 5,
          "autorreferencia": 0,
          "divulgacao": 1
        },
        "nao_classificados": []
      },
      "/en/municipalities/mogadouro": {
        "total": 22,
        "distintas": 20,
        "por_classe": {
          "conteudo": 16,
          "navegacao": 5,
          "autorreferencia": 0,
          "divulgacao": 1
        },
        "nao_classificados": []
      },
      "/en/municipalities/moimenta-da-beira": {
        "total": 22,
        "distintas": 20,
        "por_classe": {
          "conteudo": 16,
          "navegacao": 5,
          "autorreferencia": 0,
          "divulgacao": 1
        },
        "nao_classificados": []
      },
      "/en/municipalities/moita": {
        "total": 22,
        "distintas": 20,
        "por_classe": {
          "conteudo": 16,
          "navegacao": 5,
          "autorreferencia": 0,
          "divulgacao": 1
        },
        "nao_classificados": []
      },
      "/en/municipalities/moncao": {
        "total": 22,
        "distintas": 20,
        "por_classe": {
          "conteudo": 16,
          "navegacao": 5,
          "autorreferencia": 0,
          "divulgacao": 1
        },
        "nao_classificados": []
      },
      "/en/municipalities/monchique": {
        "total": 22,
        "distintas": 20,
        "por_classe": {
          "conteudo": 16,
          "navegacao": 5,
          "autorreferencia": 0,
          "divulgacao": 1
        },
        "nao_classificados": []
      },
      "/en/municipalities/mondim-de-basto": {
        "total": 22,
        "distintas": 20,
        "por_classe": {
          "conteudo": 16,
          "navegacao": 5,
          "autorreferencia": 0,
          "divulgacao": 1
        },
        "nao_classificados": []
      },
      "/en/municipalities/monforte": {
        "total": 22,
        "distintas": 20,
        "por_classe": {
          "conteudo": 16,
          "navegacao": 5,
          "autorreferencia": 0,
          "divulgacao": 1
        },
        "nao_classificados": []
      },
      "/en/municipalities/montalegre": {
        "total": 22,
        "distintas": 20,
        "por_classe": {
          "conteudo": 16,
          "navegacao": 5,
          "autorreferencia": 0,
          "divulgacao": 1
        },
        "nao_classificados": []
      },
      "/en/municipalities/montemor-o-novo": {
        "total": 22,
        "distintas": 20,
        "por_classe": {
          "conteudo": 16,
          "navegacao": 5,
          "autorreferencia": 0,
          "divulgacao": 1
        },
        "nao_classificados": []
      },
      "/en/municipalities/montemor-o-velho": {
        "total": 22,
        "distintas": 20,
        "por_classe": {
          "conteudo": 16,
          "navegacao": 5,
          "autorreferencia": 0,
          "divulgacao": 1
        },
        "nao_classificados": []
      },
      "/en/municipalities/montijo": {
        "total": 22,
        "distintas": 20,
        "por_classe": {
          "conteudo": 16,
          "navegacao": 5,
          "autorreferencia": 0,
          "divulgacao": 1
        },
        "nao_classificados": []
      },
      "/en/municipalities/mora": {
        "total": 22,
        "distintas": 20,
        "por_classe": {
          "conteudo": 16,
          "navegacao": 5,
          "autorreferencia": 0,
          "divulgacao": 1
        },
        "nao_classificados": []
      },
      "/en/municipalities/mortagua": {
        "total": 22,
        "distintas": 20,
        "por_classe": {
          "conteudo": 16,
          "navegacao": 5,
          "autorreferencia": 0,
          "divulgacao": 1
        },
        "nao_classificados": []
      },
      "/en/municipalities/moura": {
        "total": 22,
        "distintas": 20,
        "por_classe": {
          "conteudo": 16,
          "navegacao": 5,
          "autorreferencia": 0,
          "divulgacao": 1
        },
        "nao_classificados": []
      },
      "/en/municipalities/mourao": {
        "total": 22,
        "distintas": 20,
        "por_classe": {
          "conteudo": 16,
          "navegacao": 5,
          "autorreferencia": 0,
          "divulgacao": 1
        },
        "nao_classificados": []
      },
      "/en/municipalities/murca": {
        "total": 22,
        "distintas": 20,
        "por_classe": {
          "conteudo": 16,
          "navegacao": 5,
          "autorreferencia": 0,
          "divulgacao": 1
        },
        "nao_classificados": []
      },
      "/en/municipalities/murtosa": {
        "total": 22,
        "distintas": 20,
        "por_classe": {
          "conteudo": 16,
          "navegacao": 5,
          "autorreferencia": 0,
          "divulgacao": 1
        },
        "nao_classificados": []
      },
      "/en/municipalities/nazare": {
        "total": 22,
        "distintas": 20,
        "por_classe": {
          "conteudo": 16,
          "navegacao": 5,
          "autorreferencia": 0,
          "divulgacao": 1
        },
        "nao_classificados": []
      },
      "/en/municipalities/nelas": {
        "total": 22,
        "distintas": 20,
        "por_classe": {
          "conteudo": 16,
          "navegacao": 5,
          "autorreferencia": 0,
          "divulgacao": 1
        },
        "nao_classificados": []
      },
      "/en/municipalities/nisa": {
        "total": 22,
        "distintas": 20,
        "por_classe": {
          "conteudo": 16,
          "navegacao": 5,
          "autorreferencia": 0,
          "divulgacao": 1
        },
        "nao_classificados": []
      },
      "/en/municipalities/nordeste": {
        "total": 20,
        "distintas": 18,
        "por_classe": {
          "conteudo": 14,
          "navegacao": 5,
          "autorreferencia": 0,
          "divulgacao": 1
        },
        "nao_classificados": []
      },
      "/en/municipalities/obidos": {
        "total": 22,
        "distintas": 20,
        "por_classe": {
          "conteudo": 16,
          "navegacao": 5,
          "autorreferencia": 0,
          "divulgacao": 1
        },
        "nao_classificados": []
      },
      "/en/municipalities/odemira": {
        "total": 22,
        "distintas": 20,
        "por_classe": {
          "conteudo": 16,
          "navegacao": 5,
          "autorreferencia": 0,
          "divulgacao": 1
        },
        "nao_classificados": []
      },
      "/en/municipalities/odivelas": {
        "total": 22,
        "distintas": 20,
        "por_classe": {
          "conteudo": 16,
          "navegacao": 5,
          "autorreferencia": 0,
          "divulgacao": 1
        },
        "nao_classificados": []
      },
      "/en/municipalities/oeiras": {
        "total": 22,
        "distintas": 20,
        "por_classe": {
          "conteudo": 16,
          "navegacao": 5,
          "autorreferencia": 0,
          "divulgacao": 1
        },
        "nao_classificados": []
      },
      "/en/municipalities/oleiros": {
        "total": 22,
        "distintas": 20,
        "por_classe": {
          "conteudo": 16,
          "navegacao": 5,
          "autorreferencia": 0,
          "divulgacao": 1
        },
        "nao_classificados": []
      },
      "/en/municipalities/olhao": {
        "total": 22,
        "distintas": 20,
        "por_classe": {
          "conteudo": 16,
          "navegacao": 5,
          "autorreferencia": 0,
          "divulgacao": 1
        },
        "nao_classificados": []
      },
      "/en/municipalities/oliveira-de-azemeis": {
        "total": 22,
        "distintas": 20,
        "por_classe": {
          "conteudo": 16,
          "navegacao": 5,
          "autorreferencia": 0,
          "divulgacao": 1
        },
        "nao_classificados": []
      },
      "/en/municipalities/oliveira-de-frades": {
        "total": 22,
        "distintas": 20,
        "por_classe": {
          "conteudo": 16,
          "navegacao": 5,
          "autorreferencia": 0,
          "divulgacao": 1
        },
        "nao_classificados": []
      },
      "/en/municipalities/oliveira-do-bairro": {
        "total": 22,
        "distintas": 20,
        "por_classe": {
          "conteudo": 16,
          "navegacao": 5,
          "autorreferencia": 0,
          "divulgacao": 1
        },
        "nao_classificados": []
      },
      "/en/municipalities/oliveira-do-hospital": {
        "total": 22,
        "distintas": 20,
        "por_classe": {
          "conteudo": 16,
          "navegacao": 5,
          "autorreferencia": 0,
          "divulgacao": 1
        },
        "nao_classificados": []
      },
      "/en/municipalities/ourem": {
        "total": 22,
        "distintas": 20,
        "por_classe": {
          "conteudo": 16,
          "navegacao": 5,
          "autorreferencia": 0,
          "divulgacao": 1
        },
        "nao_classificados": []
      },
      "/en/municipalities/ourique": {
        "total": 22,
        "distintas": 20,
        "por_classe": {
          "conteudo": 16,
          "navegacao": 5,
          "autorreferencia": 0,
          "divulgacao": 1
        },
        "nao_classificados": []
      },
      "/en/municipalities/ovar": {
        "total": 22,
        "distintas": 20,
        "por_classe": {
          "conteudo": 16,
          "navegacao": 5,
          "autorreferencia": 0,
          "divulgacao": 1
        },
        "nao_classificados": []
      },
      "/en/municipalities/pacos-de-ferreira": {
        "total": 22,
        "distintas": 20,
        "por_classe": {
          "conteudo": 16,
          "navegacao": 5,
          "autorreferencia": 0,
          "divulgacao": 1
        },
        "nao_classificados": []
      },
      "/en/municipalities/palmela": {
        "total": 22,
        "distintas": 20,
        "por_classe": {
          "conteudo": 16,
          "navegacao": 5,
          "autorreferencia": 0,
          "divulgacao": 1
        },
        "nao_classificados": []
      },
      "/en/municipalities/pampilhosa-da-serra": {
        "total": 22,
        "distintas": 20,
        "por_classe": {
          "conteudo": 16,
          "navegacao": 5,
          "autorreferencia": 0,
          "divulgacao": 1
        },
        "nao_classificados": []
      },
      "/en/municipalities/paredes": {
        "total": 22,
        "distintas": 20,
        "por_classe": {
          "conteudo": 16,
          "navegacao": 5,
          "autorreferencia": 0,
          "divulgacao": 1
        },
        "nao_classificados": []
      },
      "/en/municipalities/paredes-de-coura": {
        "total": 22,
        "distintas": 20,
        "por_classe": {
          "conteudo": 16,
          "navegacao": 5,
          "autorreferencia": 0,
          "divulgacao": 1
        },
        "nao_classificados": []
      },
      "/en/municipalities/pedrogao-grande": {
        "total": 22,
        "distintas": 20,
        "por_classe": {
          "conteudo": 16,
          "navegacao": 5,
          "autorreferencia": 0,
          "divulgacao": 1
        },
        "nao_classificados": []
      },
      "/en/municipalities/penacova": {
        "total": 22,
        "distintas": 20,
        "por_classe": {
          "conteudo": 16,
          "navegacao": 5,
          "autorreferencia": 0,
          "divulgacao": 1
        },
        "nao_classificados": []
      },
      "/en/municipalities/penafiel": {
        "total": 22,
        "distintas": 20,
        "por_classe": {
          "conteudo": 16,
          "navegacao": 5,
          "autorreferencia": 0,
          "divulgacao": 1
        },
        "nao_classificados": []
      },
      "/en/municipalities/penalva-do-castelo": {
        "total": 22,
        "distintas": 20,
        "por_classe": {
          "conteudo": 16,
          "navegacao": 5,
          "autorreferencia": 0,
          "divulgacao": 1
        },
        "nao_classificados": []
      },
      "/en/municipalities/penamacor": {
        "total": 22,
        "distintas": 20,
        "por_classe": {
          "conteudo": 16,
          "navegacao": 5,
          "autorreferencia": 0,
          "divulgacao": 1
        },
        "nao_classificados": []
      },
      "/en/municipalities/penedono": {
        "total": 19,
        "distintas": 19,
        "por_classe": {
          "conteudo": 13,
          "navegacao": 5,
          "autorreferencia": 0,
          "divulgacao": 1
        },
        "nao_classificados": []
      },
      "/en/municipalities/penela": {
        "total": 22,
        "distintas": 20,
        "por_classe": {
          "conteudo": 16,
          "navegacao": 5,
          "autorreferencia": 0,
          "divulgacao": 1
        },
        "nao_classificados": []
      },
      "/en/municipalities/peniche": {
        "total": 22,
        "distintas": 20,
        "por_classe": {
          "conteudo": 16,
          "navegacao": 5,
          "autorreferencia": 0,
          "divulgacao": 1
        },
        "nao_classificados": []
      },
      "/en/municipalities/peso-da-regua": {
        "total": 22,
        "distintas": 20,
        "por_classe": {
          "conteudo": 16,
          "navegacao": 5,
          "autorreferencia": 0,
          "divulgacao": 1
        },
        "nao_classificados": []
      },
      "/en/municipalities/pinhel": {
        "total": 22,
        "distintas": 20,
        "por_classe": {
          "conteudo": 16,
          "navegacao": 5,
          "autorreferencia": 0,
          "divulgacao": 1
        },
        "nao_classificados": []
      },
      "/en/municipalities/pombal": {
        "total": 22,
        "distintas": 20,
        "por_classe": {
          "conteudo": 16,
          "navegacao": 5,
          "autorreferencia": 0,
          "divulgacao": 1
        },
        "nao_classificados": []
      },
      "/en/municipalities/ponta-delgada": {
        "total": 20,
        "distintas": 18,
        "por_classe": {
          "conteudo": 14,
          "navegacao": 5,
          "autorreferencia": 0,
          "divulgacao": 1
        },
        "nao_classificados": []
      },
      "/en/municipalities/ponta-do-sol": {
        "total": 20,
        "distintas": 18,
        "por_classe": {
          "conteudo": 14,
          "navegacao": 5,
          "autorreferencia": 0,
          "divulgacao": 1
        },
        "nao_classificados": []
      },
      "/en/municipalities/ponte-da-barca": {
        "total": 22,
        "distintas": 20,
        "por_classe": {
          "conteudo": 16,
          "navegacao": 5,
          "autorreferencia": 0,
          "divulgacao": 1
        },
        "nao_classificados": []
      },
      "/en/municipalities/ponte-de-lima": {
        "total": 22,
        "distintas": 20,
        "por_classe": {
          "conteudo": 16,
          "navegacao": 5,
          "autorreferencia": 0,
          "divulgacao": 1
        },
        "nao_classificados": []
      },
      "/en/municipalities/ponte-de-sor": {
        "total": 22,
        "distintas": 20,
        "por_classe": {
          "conteudo": 16,
          "navegacao": 5,
          "autorreferencia": 0,
          "divulgacao": 1
        },
        "nao_classificados": []
      },
      "/en/municipalities/portalegre": {
        "total": 22,
        "distintas": 20,
        "por_classe": {
          "conteudo": 16,
          "navegacao": 5,
          "autorreferencia": 0,
          "divulgacao": 1
        },
        "nao_classificados": []
      },
      "/en/municipalities/portel": {
        "total": 22,
        "distintas": 20,
        "por_classe": {
          "conteudo": 16,
          "navegacao": 5,
          "autorreferencia": 0,
          "divulgacao": 1
        },
        "nao_classificados": []
      },
      "/en/municipalities/portimao": {
        "total": 22,
        "distintas": 20,
        "por_classe": {
          "conteudo": 16,
          "navegacao": 5,
          "autorreferencia": 0,
          "divulgacao": 1
        },
        "nao_classificados": []
      },
      "/en/municipalities/porto": {
        "total": 22,
        "distintas": 20,
        "por_classe": {
          "conteudo": 16,
          "navegacao": 5,
          "autorreferencia": 0,
          "divulgacao": 1
        },
        "nao_classificados": []
      },
      "/en/municipalities/porto-de-mos": {
        "total": 22,
        "distintas": 20,
        "por_classe": {
          "conteudo": 16,
          "navegacao": 5,
          "autorreferencia": 0,
          "divulgacao": 1
        },
        "nao_classificados": []
      },
      "/en/municipalities/porto-moniz": {
        "total": 20,
        "distintas": 18,
        "por_classe": {
          "conteudo": 14,
          "navegacao": 5,
          "autorreferencia": 0,
          "divulgacao": 1
        },
        "nao_classificados": []
      },
      "/en/municipalities/porto-santo": {
        "total": 20,
        "distintas": 18,
        "por_classe": {
          "conteudo": 14,
          "navegacao": 5,
          "autorreferencia": 0,
          "divulgacao": 1
        },
        "nao_classificados": []
      },
      "/en/municipalities/povoa-de-lanhoso": {
        "total": 22,
        "distintas": 20,
        "por_classe": {
          "conteudo": 16,
          "navegacao": 5,
          "autorreferencia": 0,
          "divulgacao": 1
        },
        "nao_classificados": []
      },
      "/en/municipalities/povoa-de-varzim": {
        "total": 22,
        "distintas": 20,
        "por_classe": {
          "conteudo": 16,
          "navegacao": 5,
          "autorreferencia": 0,
          "divulgacao": 1
        },
        "nao_classificados": []
      },
      "/en/municipalities/povoacao": {
        "total": 20,
        "distintas": 18,
        "por_classe": {
          "conteudo": 14,
          "navegacao": 5,
          "autorreferencia": 0,
          "divulgacao": 1
        },
        "nao_classificados": []
      },
      "/en/municipalities/praia-da-vitoria": {
        "total": 20,
        "distintas": 18,
        "por_classe": {
          "conteudo": 14,
          "navegacao": 5,
          "autorreferencia": 0,
          "divulgacao": 1
        },
        "nao_classificados": []
      },
      "/en/municipalities/proenca-a-nova": {
        "total": 22,
        "distintas": 20,
        "por_classe": {
          "conteudo": 16,
          "navegacao": 5,
          "autorreferencia": 0,
          "divulgacao": 1
        },
        "nao_classificados": []
      },
      "/en/municipalities/redondo": {
        "total": 22,
        "distintas": 20,
        "por_classe": {
          "conteudo": 16,
          "navegacao": 5,
          "autorreferencia": 0,
          "divulgacao": 1
        },
        "nao_classificados": []
      },
      "/en/municipalities/reguengos-de-monsaraz": {
        "total": 22,
        "distintas": 20,
        "por_classe": {
          "conteudo": 16,
          "navegacao": 5,
          "autorreferencia": 0,
          "divulgacao": 1
        },
        "nao_classificados": []
      },
      "/en/municipalities/resende": {
        "total": 22,
        "distintas": 20,
        "por_classe": {
          "conteudo": 16,
          "navegacao": 5,
          "autorreferencia": 0,
          "divulgacao": 1
        },
        "nao_classificados": []
      },
      "/en/municipalities/ribeira-brava": {
        "total": 20,
        "distintas": 18,
        "por_classe": {
          "conteudo": 14,
          "navegacao": 5,
          "autorreferencia": 0,
          "divulgacao": 1
        },
        "nao_classificados": []
      },
      "/en/municipalities/ribeira-de-pena": {
        "total": 22,
        "distintas": 20,
        "por_classe": {
          "conteudo": 16,
          "navegacao": 5,
          "autorreferencia": 0,
          "divulgacao": 1
        },
        "nao_classificados": []
      },
      "/en/municipalities/ribeira-grande": {
        "total": 20,
        "distintas": 18,
        "por_classe": {
          "conteudo": 14,
          "navegacao": 5,
          "autorreferencia": 0,
          "divulgacao": 1
        },
        "nao_classificados": []
      },
      "/en/municipalities/rio-maior": {
        "total": 22,
        "distintas": 20,
        "por_classe": {
          "conteudo": 16,
          "navegacao": 5,
          "autorreferencia": 0,
          "divulgacao": 1
        },
        "nao_classificados": []
      },
      "/en/municipalities/sabrosa": {
        "total": 22,
        "distintas": 20,
        "por_classe": {
          "conteudo": 16,
          "navegacao": 5,
          "autorreferencia": 0,
          "divulgacao": 1
        },
        "nao_classificados": []
      },
      "/en/municipalities/sabugal": {
        "total": 22,
        "distintas": 20,
        "por_classe": {
          "conteudo": 16,
          "navegacao": 5,
          "autorreferencia": 0,
          "divulgacao": 1
        },
        "nao_classificados": []
      },
      "/en/municipalities/salvaterra-de-magos": {
        "total": 22,
        "distintas": 20,
        "por_classe": {
          "conteudo": 16,
          "navegacao": 5,
          "autorreferencia": 0,
          "divulgacao": 1
        },
        "nao_classificados": []
      },
      "/en/municipalities/santa-comba-dao": {
        "total": 22,
        "distintas": 20,
        "por_classe": {
          "conteudo": 16,
          "navegacao": 5,
          "autorreferencia": 0,
          "divulgacao": 1
        },
        "nao_classificados": []
      },
      "/en/municipalities/santa-cruz": {
        "total": 20,
        "distintas": 18,
        "por_classe": {
          "conteudo": 14,
          "navegacao": 5,
          "autorreferencia": 0,
          "divulgacao": 1
        },
        "nao_classificados": []
      },
      "/en/municipalities/santa-cruz-da-graciosa": {
        "total": 20,
        "distintas": 18,
        "por_classe": {
          "conteudo": 14,
          "navegacao": 5,
          "autorreferencia": 0,
          "divulgacao": 1
        },
        "nao_classificados": []
      },
      "/en/municipalities/santa-cruz-das-flores": {
        "total": 20,
        "distintas": 18,
        "por_classe": {
          "conteudo": 14,
          "navegacao": 5,
          "autorreferencia": 0,
          "divulgacao": 1
        },
        "nao_classificados": []
      },
      "/en/municipalities/santa-maria-da-feira": {
        "total": 22,
        "distintas": 20,
        "por_classe": {
          "conteudo": 16,
          "navegacao": 5,
          "autorreferencia": 0,
          "divulgacao": 1
        },
        "nao_classificados": []
      },
      "/en/municipalities/santa-marta-de-penaguiao": {
        "total": 22,
        "distintas": 20,
        "por_classe": {
          "conteudo": 16,
          "navegacao": 5,
          "autorreferencia": 0,
          "divulgacao": 1
        },
        "nao_classificados": []
      },
      "/en/municipalities/santana": {
        "total": 20,
        "distintas": 18,
        "por_classe": {
          "conteudo": 14,
          "navegacao": 5,
          "autorreferencia": 0,
          "divulgacao": 1
        },
        "nao_classificados": []
      },
      "/en/municipalities/santarem": {
        "total": 22,
        "distintas": 20,
        "por_classe": {
          "conteudo": 16,
          "navegacao": 5,
          "autorreferencia": 0,
          "divulgacao": 1
        },
        "nao_classificados": []
      },
      "/en/municipalities/santiago-do-cacem": {
        "total": 22,
        "distintas": 20,
        "por_classe": {
          "conteudo": 16,
          "navegacao": 5,
          "autorreferencia": 0,
          "divulgacao": 1
        },
        "nao_classificados": []
      },
      "/en/municipalities/santo-tirso": {
        "total": 22,
        "distintas": 20,
        "por_classe": {
          "conteudo": 16,
          "navegacao": 5,
          "autorreferencia": 0,
          "divulgacao": 1
        },
        "nao_classificados": []
      },
      "/en/municipalities/sao-bras-de-alportel": {
        "total": 22,
        "distintas": 20,
        "por_classe": {
          "conteudo": 16,
          "navegacao": 5,
          "autorreferencia": 0,
          "divulgacao": 1
        },
        "nao_classificados": []
      },
      "/en/municipalities/sao-joao-da-madeira": {
        "total": 22,
        "distintas": 20,
        "por_classe": {
          "conteudo": 16,
          "navegacao": 5,
          "autorreferencia": 0,
          "divulgacao": 1
        },
        "nao_classificados": []
      },
      "/en/municipalities/sao-joao-da-pesqueira": {
        "total": 22,
        "distintas": 20,
        "por_classe": {
          "conteudo": 16,
          "navegacao": 5,
          "autorreferencia": 0,
          "divulgacao": 1
        },
        "nao_classificados": []
      },
      "/en/municipalities/sao-pedro-do-sul": {
        "total": 22,
        "distintas": 20,
        "por_classe": {
          "conteudo": 16,
          "navegacao": 5,
          "autorreferencia": 0,
          "divulgacao": 1
        },
        "nao_classificados": []
      },
      "/en/municipalities/sao-roque-do-pico": {
        "total": 20,
        "distintas": 18,
        "por_classe": {
          "conteudo": 14,
          "navegacao": 5,
          "autorreferencia": 0,
          "divulgacao": 1
        },
        "nao_classificados": []
      },
      "/en/municipalities/sao-vicente": {
        "total": 20,
        "distintas": 18,
        "por_classe": {
          "conteudo": 14,
          "navegacao": 5,
          "autorreferencia": 0,
          "divulgacao": 1
        },
        "nao_classificados": []
      },
      "/en/municipalities/sardoal": {
        "total": 22,
        "distintas": 20,
        "por_classe": {
          "conteudo": 16,
          "navegacao": 5,
          "autorreferencia": 0,
          "divulgacao": 1
        },
        "nao_classificados": []
      },
      "/en/municipalities/satao": {
        "total": 22,
        "distintas": 20,
        "por_classe": {
          "conteudo": 16,
          "navegacao": 5,
          "autorreferencia": 0,
          "divulgacao": 1
        },
        "nao_classificados": []
      },
      "/en/municipalities/seia": {
        "total": 22,
        "distintas": 20,
        "por_classe": {
          "conteudo": 16,
          "navegacao": 5,
          "autorreferencia": 0,
          "divulgacao": 1
        },
        "nao_classificados": []
      },
      "/en/municipalities/seixal": {
        "total": 22,
        "distintas": 20,
        "por_classe": {
          "conteudo": 16,
          "navegacao": 5,
          "autorreferencia": 0,
          "divulgacao": 1
        },
        "nao_classificados": []
      },
      "/en/municipalities/sernancelhe": {
        "total": 22,
        "distintas": 20,
        "por_classe": {
          "conteudo": 16,
          "navegacao": 5,
          "autorreferencia": 0,
          "divulgacao": 1
        },
        "nao_classificados": []
      },
      "/en/municipalities/serpa": {
        "total": 22,
        "distintas": 20,
        "por_classe": {
          "conteudo": 16,
          "navegacao": 5,
          "autorreferencia": 0,
          "divulgacao": 1
        },
        "nao_classificados": []
      },
      "/en/municipalities/serta": {
        "total": 22,
        "distintas": 20,
        "por_classe": {
          "conteudo": 16,
          "navegacao": 5,
          "autorreferencia": 0,
          "divulgacao": 1
        },
        "nao_classificados": []
      },
      "/en/municipalities/sesimbra": {
        "total": 22,
        "distintas": 20,
        "por_classe": {
          "conteudo": 16,
          "navegacao": 5,
          "autorreferencia": 0,
          "divulgacao": 1
        },
        "nao_classificados": []
      },
      "/en/municipalities/setubal": {
        "total": 22,
        "distintas": 20,
        "por_classe": {
          "conteudo": 16,
          "navegacao": 5,
          "autorreferencia": 0,
          "divulgacao": 1
        },
        "nao_classificados": []
      },
      "/en/municipalities/sever-do-vouga": {
        "total": 22,
        "distintas": 20,
        "por_classe": {
          "conteudo": 16,
          "navegacao": 5,
          "autorreferencia": 0,
          "divulgacao": 1
        },
        "nao_classificados": []
      },
      "/en/municipalities/silves": {
        "total": 22,
        "distintas": 20,
        "por_classe": {
          "conteudo": 16,
          "navegacao": 5,
          "autorreferencia": 0,
          "divulgacao": 1
        },
        "nao_classificados": []
      },
      "/en/municipalities/sines": {
        "total": 22,
        "distintas": 20,
        "por_classe": {
          "conteudo": 16,
          "navegacao": 5,
          "autorreferencia": 0,
          "divulgacao": 1
        },
        "nao_classificados": []
      },
      "/en/municipalities/sintra": {
        "total": 22,
        "distintas": 20,
        "por_classe": {
          "conteudo": 16,
          "navegacao": 5,
          "autorreferencia": 0,
          "divulgacao": 1
        },
        "nao_classificados": []
      },
      "/en/municipalities/sobral-de-monte-agraco": {
        "total": 22,
        "distintas": 20,
        "por_classe": {
          "conteudo": 16,
          "navegacao": 5,
          "autorreferencia": 0,
          "divulgacao": 1
        },
        "nao_classificados": []
      },
      "/en/municipalities/soure": {
        "total": 22,
        "distintas": 20,
        "por_classe": {
          "conteudo": 16,
          "navegacao": 5,
          "autorreferencia": 0,
          "divulgacao": 1
        },
        "nao_classificados": []
      },
      "/en/municipalities/sousel": {
        "total": 22,
        "distintas": 20,
        "por_classe": {
          "conteudo": 16,
          "navegacao": 5,
          "autorreferencia": 0,
          "divulgacao": 1
        },
        "nao_classificados": []
      },
      "/en/municipalities/tabua": {
        "total": 22,
        "distintas": 20,
        "por_classe": {
          "conteudo": 16,
          "navegacao": 5,
          "autorreferencia": 0,
          "divulgacao": 1
        },
        "nao_classificados": []
      },
      "/en/municipalities/tabuaco": {
        "total": 22,
        "distintas": 20,
        "por_classe": {
          "conteudo": 16,
          "navegacao": 5,
          "autorreferencia": 0,
          "divulgacao": 1
        },
        "nao_classificados": []
      },
      "/en/municipalities/tarouca": {
        "total": 22,
        "distintas": 20,
        "por_classe": {
          "conteudo": 16,
          "navegacao": 5,
          "autorreferencia": 0,
          "divulgacao": 1
        },
        "nao_classificados": []
      },
      "/en/municipalities/tavira": {
        "total": 22,
        "distintas": 20,
        "por_classe": {
          "conteudo": 16,
          "navegacao": 5,
          "autorreferencia": 0,
          "divulgacao": 1
        },
        "nao_classificados": []
      },
      "/en/municipalities/terras-de-bouro": {
        "total": 22,
        "distintas": 20,
        "por_classe": {
          "conteudo": 16,
          "navegacao": 5,
          "autorreferencia": 0,
          "divulgacao": 1
        },
        "nao_classificados": []
      },
      "/en/municipalities/tomar": {
        "total": 22,
        "distintas": 20,
        "por_classe": {
          "conteudo": 16,
          "navegacao": 5,
          "autorreferencia": 0,
          "divulgacao": 1
        },
        "nao_classificados": []
      },
      "/en/municipalities/tondela": {
        "total": 22,
        "distintas": 20,
        "por_classe": {
          "conteudo": 16,
          "navegacao": 5,
          "autorreferencia": 0,
          "divulgacao": 1
        },
        "nao_classificados": []
      },
      "/en/municipalities/torre-de-moncorvo": {
        "total": 22,
        "distintas": 20,
        "por_classe": {
          "conteudo": 16,
          "navegacao": 5,
          "autorreferencia": 0,
          "divulgacao": 1
        },
        "nao_classificados": []
      },
      "/en/municipalities/torres-novas": {
        "total": 22,
        "distintas": 20,
        "por_classe": {
          "conteudo": 16,
          "navegacao": 5,
          "autorreferencia": 0,
          "divulgacao": 1
        },
        "nao_classificados": []
      },
      "/en/municipalities/torres-vedras": {
        "total": 22,
        "distintas": 20,
        "por_classe": {
          "conteudo": 16,
          "navegacao": 5,
          "autorreferencia": 0,
          "divulgacao": 1
        },
        "nao_classificados": []
      },
      "/en/municipalities/trancoso": {
        "total": 22,
        "distintas": 20,
        "por_classe": {
          "conteudo": 16,
          "navegacao": 5,
          "autorreferencia": 0,
          "divulgacao": 1
        },
        "nao_classificados": []
      },
      "/en/municipalities/trofa": {
        "total": 22,
        "distintas": 20,
        "por_classe": {
          "conteudo": 16,
          "navegacao": 5,
          "autorreferencia": 0,
          "divulgacao": 1
        },
        "nao_classificados": []
      },
      "/en/municipalities/vagos": {
        "total": 22,
        "distintas": 20,
        "por_classe": {
          "conteudo": 16,
          "navegacao": 5,
          "autorreferencia": 0,
          "divulgacao": 1
        },
        "nao_classificados": []
      },
      "/en/municipalities/vale-de-cambra": {
        "total": 22,
        "distintas": 20,
        "por_classe": {
          "conteudo": 16,
          "navegacao": 5,
          "autorreferencia": 0,
          "divulgacao": 1
        },
        "nao_classificados": []
      },
      "/en/municipalities/valenca": {
        "total": 22,
        "distintas": 20,
        "por_classe": {
          "conteudo": 16,
          "navegacao": 5,
          "autorreferencia": 0,
          "divulgacao": 1
        },
        "nao_classificados": []
      },
      "/en/municipalities/valongo": {
        "total": 22,
        "distintas": 20,
        "por_classe": {
          "conteudo": 16,
          "navegacao": 5,
          "autorreferencia": 0,
          "divulgacao": 1
        },
        "nao_classificados": []
      },
      "/en/municipalities/valpacos": {
        "total": 22,
        "distintas": 20,
        "por_classe": {
          "conteudo": 16,
          "navegacao": 5,
          "autorreferencia": 0,
          "divulgacao": 1
        },
        "nao_classificados": []
      },
      "/en/municipalities/velas": {
        "total": 20,
        "distintas": 18,
        "por_classe": {
          "conteudo": 14,
          "navegacao": 5,
          "autorreferencia": 0,
          "divulgacao": 1
        },
        "nao_classificados": []
      },
      "/en/municipalities/vendas-novas": {
        "total": 22,
        "distintas": 20,
        "por_classe": {
          "conteudo": 16,
          "navegacao": 5,
          "autorreferencia": 0,
          "divulgacao": 1
        },
        "nao_classificados": []
      },
      "/en/municipalities/viana-do-alentejo": {
        "total": 22,
        "distintas": 20,
        "por_classe": {
          "conteudo": 16,
          "navegacao": 5,
          "autorreferencia": 0,
          "divulgacao": 1
        },
        "nao_classificados": []
      },
      "/en/municipalities/viana-do-castelo": {
        "total": 22,
        "distintas": 20,
        "por_classe": {
          "conteudo": 16,
          "navegacao": 5,
          "autorreferencia": 0,
          "divulgacao": 1
        },
        "nao_classificados": []
      },
      "/en/municipalities/vidigueira": {
        "total": 22,
        "distintas": 20,
        "por_classe": {
          "conteudo": 16,
          "navegacao": 5,
          "autorreferencia": 0,
          "divulgacao": 1
        },
        "nao_classificados": []
      },
      "/en/municipalities/vieira-do-minho": {
        "total": 22,
        "distintas": 20,
        "por_classe": {
          "conteudo": 16,
          "navegacao": 5,
          "autorreferencia": 0,
          "divulgacao": 1
        },
        "nao_classificados": []
      },
      "/en/municipalities/vila-de-rei": {
        "total": 22,
        "distintas": 20,
        "por_classe": {
          "conteudo": 16,
          "navegacao": 5,
          "autorreferencia": 0,
          "divulgacao": 1
        },
        "nao_classificados": []
      },
      "/en/municipalities/vila-do-bispo": {
        "total": 22,
        "distintas": 20,
        "por_classe": {
          "conteudo": 16,
          "navegacao": 5,
          "autorreferencia": 0,
          "divulgacao": 1
        },
        "nao_classificados": []
      },
      "/en/municipalities/vila-do-conde": {
        "total": 22,
        "distintas": 20,
        "por_classe": {
          "conteudo": 16,
          "navegacao": 5,
          "autorreferencia": 0,
          "divulgacao": 1
        },
        "nao_classificados": []
      },
      "/en/municipalities/vila-do-porto": {
        "total": 20,
        "distintas": 18,
        "por_classe": {
          "conteudo": 14,
          "navegacao": 5,
          "autorreferencia": 0,
          "divulgacao": 1
        },
        "nao_classificados": []
      },
      "/en/municipalities/vila-flor": {
        "total": 22,
        "distintas": 20,
        "por_classe": {
          "conteudo": 16,
          "navegacao": 5,
          "autorreferencia": 0,
          "divulgacao": 1
        },
        "nao_classificados": []
      },
      "/en/municipalities/vila-franca-de-xira": {
        "total": 22,
        "distintas": 20,
        "por_classe": {
          "conteudo": 16,
          "navegacao": 5,
          "autorreferencia": 0,
          "divulgacao": 1
        },
        "nao_classificados": []
      },
      "/en/municipalities/vila-franca-do-campo": {
        "total": 20,
        "distintas": 18,
        "por_classe": {
          "conteudo": 14,
          "navegacao": 5,
          "autorreferencia": 0,
          "divulgacao": 1
        },
        "nao_classificados": []
      },
      "/en/municipalities/vila-nova-da-barquinha": {
        "total": 22,
        "distintas": 20,
        "por_classe": {
          "conteudo": 16,
          "navegacao": 5,
          "autorreferencia": 0,
          "divulgacao": 1
        },
        "nao_classificados": []
      },
      "/en/municipalities/vila-nova-de-cerveira": {
        "total": 22,
        "distintas": 20,
        "por_classe": {
          "conteudo": 16,
          "navegacao": 5,
          "autorreferencia": 0,
          "divulgacao": 1
        },
        "nao_classificados": []
      },
      "/en/municipalities/vila-nova-de-famalicao": {
        "total": 22,
        "distintas": 20,
        "por_classe": {
          "conteudo": 16,
          "navegacao": 5,
          "autorreferencia": 0,
          "divulgacao": 1
        },
        "nao_classificados": []
      },
      "/en/municipalities/vila-nova-de-foz-coa": {
        "total": 22,
        "distintas": 20,
        "por_classe": {
          "conteudo": 16,
          "navegacao": 5,
          "autorreferencia": 0,
          "divulgacao": 1
        },
        "nao_classificados": []
      },
      "/en/municipalities/vila-nova-de-gaia": {
        "total": 22,
        "distintas": 20,
        "por_classe": {
          "conteudo": 16,
          "navegacao": 5,
          "autorreferencia": 0,
          "divulgacao": 1
        },
        "nao_classificados": []
      },
      "/en/municipalities/vila-nova-de-paiva": {
        "total": 22,
        "distintas": 20,
        "por_classe": {
          "conteudo": 16,
          "navegacao": 5,
          "autorreferencia": 0,
          "divulgacao": 1
        },
        "nao_classificados": []
      },
      "/en/municipalities/vila-nova-de-poiares": {
        "total": 22,
        "distintas": 20,
        "por_classe": {
          "conteudo": 16,
          "navegacao": 5,
          "autorreferencia": 0,
          "divulgacao": 1
        },
        "nao_classificados": []
      },
      "/en/municipalities/vila-pouca-de-aguiar": {
        "total": 22,
        "distintas": 20,
        "por_classe": {
          "conteudo": 16,
          "navegacao": 5,
          "autorreferencia": 0,
          "divulgacao": 1
        },
        "nao_classificados": []
      },
      "/en/municipalities/vila-real": {
        "total": 22,
        "distintas": 20,
        "por_classe": {
          "conteudo": 16,
          "navegacao": 5,
          "autorreferencia": 0,
          "divulgacao": 1
        },
        "nao_classificados": []
      },
      "/en/municipalities/vila-real-de-santo-antonio": {
        "total": 22,
        "distintas": 20,
        "por_classe": {
          "conteudo": 16,
          "navegacao": 5,
          "autorreferencia": 0,
          "divulgacao": 1
        },
        "nao_classificados": []
      },
      "/en/municipalities/vila-velha-de-rodao": {
        "total": 22,
        "distintas": 20,
        "por_classe": {
          "conteudo": 16,
          "navegacao": 5,
          "autorreferencia": 0,
          "divulgacao": 1
        },
        "nao_classificados": []
      },
      "/en/municipalities/vila-verde": {
        "total": 22,
        "distintas": 20,
        "por_classe": {
          "conteudo": 16,
          "navegacao": 5,
          "autorreferencia": 0,
          "divulgacao": 1
        },
        "nao_classificados": []
      },
      "/en/municipalities/vila-vicosa": {
        "total": 22,
        "distintas": 20,
        "por_classe": {
          "conteudo": 16,
          "navegacao": 5,
          "autorreferencia": 0,
          "divulgacao": 1
        },
        "nao_classificados": []
      },
      "/en/municipalities/vimioso": {
        "total": 22,
        "distintas": 20,
        "por_classe": {
          "conteudo": 16,
          "navegacao": 5,
          "autorreferencia": 0,
          "divulgacao": 1
        },
        "nao_classificados": []
      },
      "/en/municipalities/vinhais": {
        "total": 22,
        "distintas": 20,
        "por_classe": {
          "conteudo": 16,
          "navegacao": 5,
          "autorreferencia": 0,
          "divulgacao": 1
        },
        "nao_classificados": []
      },
      "/en/municipalities/viseu": {
        "total": 22,
        "distintas": 20,
        "por_classe": {
          "conteudo": 16,
          "navegacao": 5,
          "autorreferencia": 0,
          "divulgacao": 1
        },
        "nao_classificados": []
      },
      "/en/municipalities/vizela": {
        "total": 22,
        "distintas": 20,
        "por_classe": {
          "conteudo": 16,
          "navegacao": 5,
          "autorreferencia": 0,
          "divulgacao": 1
        },
        "nao_classificados": []
      },
      "/en/municipalities/vouzela": {
        "total": 22,
        "distintas": 20,
        "por_classe": {
          "conteudo": 16,
          "navegacao": 5,
          "autorreferencia": 0,
          "divulgacao": 1
        },
        "nao_classificados": []
      },
      "/en/pay-pensions-and-benefits": {
        "total": 27,
        "distintas": 21,
        "por_classe": {
          "conteudo": 16,
          "navegacao": 6,
          "autorreferencia": 0,
          "divulgacao": 1
        },
        "nao_classificados": [
          "Pay, pensions and benefits",
          "Portugal’s figures on pay, pensions and social benefits.",
          "over twelve months, on the Eurostat basis: €"
        ]
      },
      "/en/places": {
        "total": 48,
        "distintas": 40,
        "por_classe": {
          "conteudo": 24,
          "navegacao": 19,
          "autorreferencia": 0,
          "divulgacao": 1
        },
        "nao_classificados": [
          "<lugar>’s figures on municipalities, districts, islands and regions.",
          "Municipal figures",
          "Portugal’s figures on municipalities, districts, islands and regions.",
          "· municipalities"
        ]
      },
      "/en/poverty-and-inequality": {
        "total": 27,
        "distintas": 17,
        "por_classe": {
          "conteudo": 19,
          "navegacao": 5,
          "autorreferencia": 0,
          "divulgacao": 1
        },
        "nao_classificados": [
          "Portugal’s figures on poverty, inequality, household debt and credit."
        ]
      },
      "/en/prices": {
        "total": 24,
        "distintas": 17,
        "por_classe": {
          "conteudo": 16,
          "navegacao": 5,
          "autorreferencia": 0,
          "divulgacao": 1
        },
        "nao_classificados": [
          "Portugal’s figures on the prices of goods and services."
        ]
      },
      "/en/regions": {
        "total": 17,
        "distintas": 17,
        "por_classe": {
          "conteudo": 9,
          "navegacao": 7,
          "autorreferencia": 0,
          "divulgacao": 1
        },
        "nao_classificados": []
      },
      "/en/regions/acores": {
        "total": 9,
        "distintas": 9,
        "por_classe": {
          "conteudo": 2,
          "navegacao": 6,
          "autorreferencia": 0,
          "divulgacao": 1
        },
        "nao_classificados": []
      },
      "/en/regions/alentejo": {
        "total": 10,
        "distintas": 10,
        "por_classe": {
          "conteudo": 3,
          "navegacao": 6,
          "autorreferencia": 0,
          "divulgacao": 1
        },
        "nao_classificados": []
      },
      "/en/regions/algarve": {
        "total": 9,
        "distintas": 9,
        "por_classe": {
          "conteudo": 2,
          "navegacao": 6,
          "autorreferencia": 0,
          "divulgacao": 1
        },
        "nao_classificados": []
      },
      "/en/regions/centro": {
        "total": 9,
        "distintas": 9,
        "por_classe": {
          "conteudo": 2,
          "navegacao": 6,
          "autorreferencia": 0,
          "divulgacao": 1
        },
        "nao_classificados": []
      },
      "/en/regions/grande-lisboa": {
        "total": 9,
        "distintas": 9,
        "por_classe": {
          "conteudo": 2,
          "navegacao": 6,
          "autorreferencia": 0,
          "divulgacao": 1
        },
        "nao_classificados": []
      },
      "/en/regions/madeira": {
        "total": 9,
        "distintas": 9,
        "por_classe": {
          "conteudo": 2,
          "navegacao": 6,
          "autorreferencia": 0,
          "divulgacao": 1
        },
        "nao_classificados": []
      },
      "/en/regions/norte": {
        "total": 9,
        "distintas": 9,
        "por_classe": {
          "conteudo": 2,
          "navegacao": 6,
          "autorreferencia": 0,
          "divulgacao": 1
        },
        "nao_classificados": []
      },
      "/en/regions/oeste-e-vale-do-tejo": {
        "total": 9,
        "distintas": 9,
        "por_classe": {
          "conteudo": 2,
          "navegacao": 6,
          "autorreferencia": 0,
          "divulgacao": 1
        },
        "nao_classificados": []
      },
      "/en/regions/peninsula-de-setubal": {
        "total": 9,
        "distintas": 9,
        "por_classe": {
          "conteudo": 2,
          "navegacao": 6,
          "autorreferencia": 0,
          "divulgacao": 1
        },
        "nao_classificados": []
      },
      "/en/state-and-economy": {
        "total": 56,
        "distintas": 33,
        "por_classe": {
          "conteudo": 46,
          "navegacao": 6,
          "autorreferencia": 0,
          "divulgacao": 1
        },
        "nao_classificados": [
          "Portugal’s figures on public accounts, growth, investment, external accounts, companies and justice.",
          "State and economy"
        ]
      },
      "/en/studies": {
        "total": 15,
        "distintas": 14,
        "por_classe": {
          "conteudo": 8,
          "navegacao": 6,
          "autorreferencia": 0,
          "divulgacao": 1
        },
        "nao_classificados": []
      },
      "/en/studies/agua-nao-faturada": {
        "total": 10,
        "distintas": 9,
        "por_classe": {
          "conteudo": 3,
          "navegacao": 6,
          "autorreferencia": 0,
          "divulgacao": 1
        },
        "nao_classificados": []
      },
      "/en/studies/alentejo-algarve": {
        "total": 9,
        "distintas": 8,
        "por_classe": {
          "conteudo": 3,
          "navegacao": 5,
          "autorreferencia": 0,
          "divulgacao": 1
        },
        "nao_classificados": []
      },
      "/en/studies/avaliacao-economica-regional-de-portugal-2026": {
        "total": 9,
        "distintas": 8,
        "por_classe": {
          "conteudo": 3,
          "navegacao": 5,
          "autorreferencia": 0,
          "divulgacao": 1
        },
        "nao_classificados": []
      },
      "/en/studies/evolucao-de-portugal-desde-1981": {
        "total": 9,
        "distintas": 8,
        "por_classe": {
          "conteudo": 3,
          "navegacao": 5,
          "autorreferencia": 0,
          "divulgacao": 1
        },
        "nao_classificados": []
      },
      "/en/studies/evora-2027-prometido-painel-dinheiro": {
        "total": 9,
        "distintas": 9,
        "por_classe": {
          "conteudo": 2,
          "navegacao": 6,
          "autorreferencia": 0,
          "divulgacao": 1
        },
        "nao_classificados": []
      },
      "/en/studies/evora-economia-investidores-portas-abertas-2026": {
        "total": 9,
        "distintas": 8,
        "por_classe": {
          "conteudo": 3,
          "navegacao": 5,
          "autorreferencia": 0,
          "divulgacao": 1
        },
        "nao_classificados": []
      },
      "/en/studies/evora-orcamentado-pago-devido-2025": {
        "total": 91,
        "distintas": 15,
        "por_classe": {
          "conteudo": 62,
          "navegacao": 28,
          "autorreferencia": 0,
          "divulgacao": 1
        },
        "nao_classificados": []
      },
      "/en/studies/evora-os-pelouros-quem-os-teve-o-que-fizeram": {
        "total": 9,
        "distintas": 8,
        "por_classe": {
          "conteudo": 3,
          "navegacao": 5,
          "autorreferencia": 0,
          "divulgacao": 1
        },
        "nao_classificados": []
      },
      "/en/studies/evora-prometido-pago-auditado-2026": {
        "total": 32,
        "distintas": 16,
        "por_classe": {
          "conteudo": 17,
          "navegacao": 14,
          "autorreferencia": 0,
          "divulgacao": 1
        },
        "nao_classificados": []
      },
      "/en/studies/evora-quinze-anos-cinco-mandatos": {
        "total": 9,
        "distintas": 8,
        "por_classe": {
          "conteudo": 3,
          "navegacao": 5,
          "autorreferencia": 0,
          "divulgacao": 1
        },
        "nao_classificados": []
      },
      "/en/studies/onde-esta-a-agua": {
        "total": 9,
        "distintas": 9,
        "por_classe": {
          "conteudo": 2,
          "navegacao": 6,
          "autorreferencia": 0,
          "divulgacao": 1
        },
        "nao_classificados": []
      },
      "/en/studies/penalizacoes-por-reforma-antecipada-2026": {
        "total": 9,
        "distintas": 8,
        "por_classe": {
          "conteudo": 3,
          "navegacao": 5,
          "autorreferencia": 0,
          "divulgacao": 1
        },
        "nao_classificados": []
      },
      "/en/studies/which-door-is-yours": {
        "total": 9,
        "distintas": 8,
        "por_classe": {
          "conteudo": 3,
          "navegacao": 5,
          "autorreferencia": 0,
          "divulgacao": 1
        },
        "nao_classificados": []
      },
      "/en/themes": {
        "total": 30,
        "distintas": 30,
        "por_classe": {
          "conteudo": 19,
          "navegacao": 7,
          "autorreferencia": 0,
          "divulgacao": 1
        },
        "nao_classificados": [
          "Municipal figures",
          "Municipalities",
          "Portugal’s subjects and places, with a page for each subject’s figures."
        ]
      },
      "/estado-e-economia": {
        "total": 56,
        "distintas": 33,
        "por_classe": {
          "conteudo": 46,
          "navegacao": 6,
          "autorreferencia": 0,
          "divulgacao": 1
        },
        "nao_classificados": [
          "Estado e economia",
          "Os números de Portugal sobre as contas públicas, o crescimento, o investimento, as contas com o exterior, as empresas e a justiça."
        ]
      },
      "/estudos": {
        "total": 14,
        "distintas": 13,
        "por_classe": {
          "conteudo": 8,
          "navegacao": 5,
          "autorreferencia": 0,
          "divulgacao": 1
        },
        "nao_classificados": []
      },
      "/estudos/agua-nao-faturada": {
        "total": 9,
        "distintas": 8,
        "por_classe": {
          "conteudo": 3,
          "navegacao": 5,
          "autorreferencia": 0,
          "divulgacao": 1
        },
        "nao_classificados": []
      },
      "/estudos/alentejo-algarve": {
        "total": 9,
        "distintas": 8,
        "por_classe": {
          "conteudo": 3,
          "navegacao": 5,
          "autorreferencia": 0,
          "divulgacao": 1
        },
        "nao_classificados": []
      },
      "/estudos/avaliacao-economica-regional-de-portugal-2026": {
        "total": 9,
        "distintas": 9,
        "por_classe": {
          "conteudo": 2,
          "navegacao": 6,
          "autorreferencia": 0,
          "divulgacao": 1
        },
        "nao_classificados": []
      },
      "/estudos/evolucao-de-portugal-desde-1981": {
        "total": 9,
        "distintas": 8,
        "por_classe": {
          "conteudo": 3,
          "navegacao": 5,
          "autorreferencia": 0,
          "divulgacao": 1
        },
        "nao_classificados": []
      },
      "/estudos/evora-2027-prometido-painel-dinheiro": {
        "total": 9,
        "distintas": 9,
        "por_classe": {
          "conteudo": 2,
          "navegacao": 6,
          "autorreferencia": 0,
          "divulgacao": 1
        },
        "nao_classificados": []
      },
      "/estudos/evora-economia-investidores-portas-abertas-2026": {
        "total": 43,
        "distintas": 15,
        "por_classe": {
          "conteudo": 26,
          "navegacao": 16,
          "autorreferencia": 0,
          "divulgacao": 1
        },
        "nao_classificados": []
      },
      "/estudos/evora-orcamentado-pago-devido-2025": {
        "total": 91,
        "distintas": 15,
        "por_classe": {
          "conteudo": 62,
          "navegacao": 28,
          "autorreferencia": 0,
          "divulgacao": 1
        },
        "nao_classificados": []
      },
      "/estudos/evora-os-pelouros-quem-os-teve-o-que-fizeram": {
        "total": 31,
        "distintas": 15,
        "por_classe": {
          "conteudo": 17,
          "navegacao": 13,
          "autorreferencia": 0,
          "divulgacao": 1
        },
        "nao_classificados": []
      },
      "/estudos/evora-prometido-pago-auditado-2026": {
        "total": 32,
        "distintas": 16,
        "por_classe": {
          "conteudo": 17,
          "navegacao": 14,
          "autorreferencia": 0,
          "divulgacao": 1
        },
        "nao_classificados": []
      },
      "/estudos/evora-quinze-anos-cinco-mandatos": {
        "total": 75,
        "distintas": 15,
        "por_classe": {
          "conteudo": 50,
          "navegacao": 24,
          "autorreferencia": 0,
          "divulgacao": 1
        },
        "nao_classificados": []
      },
      "/estudos/onde-esta-a-agua": {
        "total": 8,
        "distintas": 8,
        "por_classe": {
          "conteudo": 2,
          "navegacao": 5,
          "autorreferencia": 0,
          "divulgacao": 1
        },
        "nao_classificados": []
      },
      "/estudos/penalizacoes-por-reforma-antecipada-2026": {
        "total": 9,
        "distintas": 8,
        "por_classe": {
          "conteudo": 3,
          "navegacao": 5,
          "autorreferencia": 0,
          "divulgacao": 1
        },
        "nao_classificados": []
      },
      "/estudos/which-door-is-yours": {
        "total": 9,
        "distintas": 8,
        "por_classe": {
          "conteudo": 3,
          "navegacao": 5,
          "autorreferencia": 0,
          "divulgacao": 1
        },
        "nao_classificados": []
      },
      "/habitacao": {
        "total": 30,
        "distintas": 19,
        "por_classe": {
          "conteudo": 21,
          "navegacao": 5,
          "autorreferencia": 0,
          "divulgacao": 1
        },
        "nao_classificados": [
          "Habitação",
          "Os números de Portugal sobre o peso da habitação, as rendas, os preços e a construção."
        ]
      },
      "/livro-razao": {
        "total": 26,
        "distintas": 22,
        "por_classe": {
          "conteudo": 9,
          "navegacao": 16,
          "autorreferencia": 0,
          "divulgacao": 1
        },
        "nao_classificados": []
      },
      "/livro-razao/concelhos": {
        "total": 44,
        "distintas": 44,
        "por_classe": {
          "conteudo": 35,
          "navegacao": 8,
          "autorreferencia": 0,
          "divulgacao": 1
        },
        "nao_classificados": []
      },
      "/livro-razao/concelhos/abrantes": {
        "total": 9,
        "distintas": 9,
        "por_classe": {
          "conteudo": 2,
          "navegacao": 6,
          "autorreferencia": 0,
          "divulgacao": 1
        },
        "nao_classificados": []
      },
      "/livro-razao/concelhos/agueda": {
        "total": 9,
        "distintas": 9,
        "por_classe": {
          "conteudo": 2,
          "navegacao": 6,
          "autorreferencia": 0,
          "divulgacao": 1
        },
        "nao_classificados": []
      },
      "/livro-razao/concelhos/aguiar-da-beira": {
        "total": 9,
        "distintas": 9,
        "por_classe": {
          "conteudo": 2,
          "navegacao": 6,
          "autorreferencia": 0,
          "divulgacao": 1
        },
        "nao_classificados": []
      },
      "/livro-razao/concelhos/alandroal": {
        "total": 9,
        "distintas": 9,
        "por_classe": {
          "conteudo": 2,
          "navegacao": 6,
          "autorreferencia": 0,
          "divulgacao": 1
        },
        "nao_classificados": []
      },
      "/livro-razao/concelhos/albergaria-a-velha": {
        "total": 9,
        "distintas": 9,
        "por_classe": {
          "conteudo": 2,
          "navegacao": 6,
          "autorreferencia": 0,
          "divulgacao": 1
        },
        "nao_classificados": []
      },
      "/livro-razao/concelhos/albufeira": {
        "total": 9,
        "distintas": 9,
        "por_classe": {
          "conteudo": 2,
          "navegacao": 6,
          "autorreferencia": 0,
          "divulgacao": 1
        },
        "nao_classificados": []
      },
      "/livro-razao/concelhos/alcacer-do-sal": {
        "total": 9,
        "distintas": 9,
        "por_classe": {
          "conteudo": 2,
          "navegacao": 6,
          "autorreferencia": 0,
          "divulgacao": 1
        },
        "nao_classificados": []
      },
      "/livro-razao/concelhos/alcanena": {
        "total": 9,
        "distintas": 9,
        "por_classe": {
          "conteudo": 2,
          "navegacao": 6,
          "autorreferencia": 0,
          "divulgacao": 1
        },
        "nao_classificados": []
      },
      "/livro-razao/concelhos/alcobaca": {
        "total": 9,
        "distintas": 9,
        "por_classe": {
          "conteudo": 2,
          "navegacao": 6,
          "autorreferencia": 0,
          "divulgacao": 1
        },
        "nao_classificados": []
      },
      "/livro-razao/concelhos/alcochete": {
        "total": 9,
        "distintas": 9,
        "por_classe": {
          "conteudo": 2,
          "navegacao": 6,
          "autorreferencia": 0,
          "divulgacao": 1
        },
        "nao_classificados": []
      },
      "/livro-razao/concelhos/alcoutim": {
        "total": 9,
        "distintas": 9,
        "por_classe": {
          "conteudo": 2,
          "navegacao": 6,
          "autorreferencia": 0,
          "divulgacao": 1
        },
        "nao_classificados": []
      },
      "/livro-razao/concelhos/alenquer": {
        "total": 9,
        "distintas": 9,
        "por_classe": {
          "conteudo": 2,
          "navegacao": 6,
          "autorreferencia": 0,
          "divulgacao": 1
        },
        "nao_classificados": []
      },
      "/livro-razao/concelhos/alfandega-da-fe": {
        "total": 9,
        "distintas": 9,
        "por_classe": {
          "conteudo": 2,
          "navegacao": 6,
          "autorreferencia": 0,
          "divulgacao": 1
        },
        "nao_classificados": []
      },
      "/livro-razao/concelhos/alijo": {
        "total": 9,
        "distintas": 9,
        "por_classe": {
          "conteudo": 2,
          "navegacao": 6,
          "autorreferencia": 0,
          "divulgacao": 1
        },
        "nao_classificados": []
      },
      "/livro-razao/concelhos/aljezur": {
        "total": 9,
        "distintas": 9,
        "por_classe": {
          "conteudo": 2,
          "navegacao": 6,
          "autorreferencia": 0,
          "divulgacao": 1
        },
        "nao_classificados": []
      },
      "/livro-razao/concelhos/aljustrel": {
        "total": 9,
        "distintas": 9,
        "por_classe": {
          "conteudo": 2,
          "navegacao": 6,
          "autorreferencia": 0,
          "divulgacao": 1
        },
        "nao_classificados": []
      },
      "/livro-razao/concelhos/almada": {
        "total": 9,
        "distintas": 9,
        "por_classe": {
          "conteudo": 2,
          "navegacao": 6,
          "autorreferencia": 0,
          "divulgacao": 1
        },
        "nao_classificados": []
      },
      "/livro-razao/concelhos/almeida": {
        "total": 9,
        "distintas": 9,
        "por_classe": {
          "conteudo": 2,
          "navegacao": 6,
          "autorreferencia": 0,
          "divulgacao": 1
        },
        "nao_classificados": []
      },
      "/livro-razao/concelhos/almeirim": {
        "total": 9,
        "distintas": 9,
        "por_classe": {
          "conteudo": 2,
          "navegacao": 6,
          "autorreferencia": 0,
          "divulgacao": 1
        },
        "nao_classificados": []
      },
      "/livro-razao/concelhos/almodovar": {
        "total": 9,
        "distintas": 9,
        "por_classe": {
          "conteudo": 2,
          "navegacao": 6,
          "autorreferencia": 0,
          "divulgacao": 1
        },
        "nao_classificados": []
      },
      "/livro-razao/concelhos/alpiarca": {
        "total": 9,
        "distintas": 9,
        "por_classe": {
          "conteudo": 2,
          "navegacao": 6,
          "autorreferencia": 0,
          "divulgacao": 1
        },
        "nao_classificados": []
      },
      "/livro-razao/concelhos/alter-do-chao": {
        "total": 9,
        "distintas": 9,
        "por_classe": {
          "conteudo": 2,
          "navegacao": 6,
          "autorreferencia": 0,
          "divulgacao": 1
        },
        "nao_classificados": []
      },
      "/livro-razao/concelhos/alvaiazere": {
        "total": 9,
        "distintas": 9,
        "por_classe": {
          "conteudo": 2,
          "navegacao": 6,
          "autorreferencia": 0,
          "divulgacao": 1
        },
        "nao_classificados": []
      },
      "/livro-razao/concelhos/alvito": {
        "total": 9,
        "distintas": 9,
        "por_classe": {
          "conteudo": 2,
          "navegacao": 6,
          "autorreferencia": 0,
          "divulgacao": 1
        },
        "nao_classificados": []
      },
      "/livro-razao/concelhos/amadora": {
        "total": 9,
        "distintas": 9,
        "por_classe": {
          "conteudo": 2,
          "navegacao": 6,
          "autorreferencia": 0,
          "divulgacao": 1
        },
        "nao_classificados": []
      },
      "/livro-razao/concelhos/amarante": {
        "total": 9,
        "distintas": 9,
        "por_classe": {
          "conteudo": 2,
          "navegacao": 6,
          "autorreferencia": 0,
          "divulgacao": 1
        },
        "nao_classificados": []
      },
      "/livro-razao/concelhos/amares": {
        "total": 9,
        "distintas": 9,
        "por_classe": {
          "conteudo": 2,
          "navegacao": 6,
          "autorreferencia": 0,
          "divulgacao": 1
        },
        "nao_classificados": []
      },
      "/livro-razao/concelhos/anadia": {
        "total": 9,
        "distintas": 9,
        "por_classe": {
          "conteudo": 2,
          "navegacao": 6,
          "autorreferencia": 0,
          "divulgacao": 1
        },
        "nao_classificados": []
      },
      "/livro-razao/concelhos/angra-do-heroismo": {
        "total": 9,
        "distintas": 9,
        "por_classe": {
          "conteudo": 2,
          "navegacao": 6,
          "autorreferencia": 0,
          "divulgacao": 1
        },
        "nao_classificados": []
      },
      "/livro-razao/concelhos/ansiao": {
        "total": 9,
        "distintas": 9,
        "por_classe": {
          "conteudo": 2,
          "navegacao": 6,
          "autorreferencia": 0,
          "divulgacao": 1
        },
        "nao_classificados": []
      },
      "/livro-razao/concelhos/arcos-de-valdevez": {
        "total": 9,
        "distintas": 9,
        "por_classe": {
          "conteudo": 2,
          "navegacao": 6,
          "autorreferencia": 0,
          "divulgacao": 1
        },
        "nao_classificados": []
      },
      "/livro-razao/concelhos/arganil": {
        "total": 9,
        "distintas": 9,
        "por_classe": {
          "conteudo": 2,
          "navegacao": 6,
          "autorreferencia": 0,
          "divulgacao": 1
        },
        "nao_classificados": []
      },
      "/livro-razao/concelhos/armamar": {
        "total": 9,
        "distintas": 9,
        "por_classe": {
          "conteudo": 2,
          "navegacao": 6,
          "autorreferencia": 0,
          "divulgacao": 1
        },
        "nao_classificados": []
      },
      "/livro-razao/concelhos/arouca": {
        "total": 9,
        "distintas": 9,
        "por_classe": {
          "conteudo": 2,
          "navegacao": 6,
          "autorreferencia": 0,
          "divulgacao": 1
        },
        "nao_classificados": []
      },
      "/livro-razao/concelhos/arraiolos": {
        "total": 9,
        "distintas": 9,
        "por_classe": {
          "conteudo": 2,
          "navegacao": 6,
          "autorreferencia": 0,
          "divulgacao": 1
        },
        "nao_classificados": []
      },
      "/livro-razao/concelhos/arronches": {
        "total": 9,
        "distintas": 9,
        "por_classe": {
          "conteudo": 2,
          "navegacao": 6,
          "autorreferencia": 0,
          "divulgacao": 1
        },
        "nao_classificados": []
      },
      "/livro-razao/concelhos/arruda-dos-vinhos": {
        "total": 9,
        "distintas": 9,
        "por_classe": {
          "conteudo": 2,
          "navegacao": 6,
          "autorreferencia": 0,
          "divulgacao": 1
        },
        "nao_classificados": []
      },
      "/livro-razao/concelhos/aveiro": {
        "total": 9,
        "distintas": 9,
        "por_classe": {
          "conteudo": 2,
          "navegacao": 6,
          "autorreferencia": 0,
          "divulgacao": 1
        },
        "nao_classificados": []
      },
      "/livro-razao/concelhos/avis": {
        "total": 9,
        "distintas": 9,
        "por_classe": {
          "conteudo": 2,
          "navegacao": 6,
          "autorreferencia": 0,
          "divulgacao": 1
        },
        "nao_classificados": []
      },
      "/livro-razao/concelhos/azambuja": {
        "total": 9,
        "distintas": 9,
        "por_classe": {
          "conteudo": 2,
          "navegacao": 6,
          "autorreferencia": 0,
          "divulgacao": 1
        },
        "nao_classificados": []
      },
      "/livro-razao/concelhos/baiao": {
        "total": 9,
        "distintas": 9,
        "por_classe": {
          "conteudo": 2,
          "navegacao": 6,
          "autorreferencia": 0,
          "divulgacao": 1
        },
        "nao_classificados": []
      },
      "/livro-razao/concelhos/barcelos": {
        "total": 9,
        "distintas": 9,
        "por_classe": {
          "conteudo": 2,
          "navegacao": 6,
          "autorreferencia": 0,
          "divulgacao": 1
        },
        "nao_classificados": []
      },
      "/livro-razao/concelhos/barrancos": {
        "total": 9,
        "distintas": 9,
        "por_classe": {
          "conteudo": 2,
          "navegacao": 6,
          "autorreferencia": 0,
          "divulgacao": 1
        },
        "nao_classificados": []
      },
      "/livro-razao/concelhos/barreiro": {
        "total": 9,
        "distintas": 9,
        "por_classe": {
          "conteudo": 2,
          "navegacao": 6,
          "autorreferencia": 0,
          "divulgacao": 1
        },
        "nao_classificados": []
      },
      "/livro-razao/concelhos/batalha": {
        "total": 9,
        "distintas": 9,
        "por_classe": {
          "conteudo": 2,
          "navegacao": 6,
          "autorreferencia": 0,
          "divulgacao": 1
        },
        "nao_classificados": []
      },
      "/livro-razao/concelhos/beja": {
        "total": 9,
        "distintas": 9,
        "por_classe": {
          "conteudo": 2,
          "navegacao": 6,
          "autorreferencia": 0,
          "divulgacao": 1
        },
        "nao_classificados": []
      },
      "/livro-razao/concelhos/belmonte": {
        "total": 9,
        "distintas": 9,
        "por_classe": {
          "conteudo": 2,
          "navegacao": 6,
          "autorreferencia": 0,
          "divulgacao": 1
        },
        "nao_classificados": []
      },
      "/livro-razao/concelhos/benavente": {
        "total": 9,
        "distintas": 9,
        "por_classe": {
          "conteudo": 2,
          "navegacao": 6,
          "autorreferencia": 0,
          "divulgacao": 1
        },
        "nao_classificados": []
      },
      "/livro-razao/concelhos/bombarral": {
        "total": 9,
        "distintas": 9,
        "por_classe": {
          "conteudo": 2,
          "navegacao": 6,
          "autorreferencia": 0,
          "divulgacao": 1
        },
        "nao_classificados": []
      },
      "/livro-razao/concelhos/borba": {
        "total": 9,
        "distintas": 9,
        "por_classe": {
          "conteudo": 2,
          "navegacao": 6,
          "autorreferencia": 0,
          "divulgacao": 1
        },
        "nao_classificados": []
      },
      "/livro-razao/concelhos/boticas": {
        "total": 9,
        "distintas": 9,
        "por_classe": {
          "conteudo": 2,
          "navegacao": 6,
          "autorreferencia": 0,
          "divulgacao": 1
        },
        "nao_classificados": []
      },
      "/livro-razao/concelhos/braga": {
        "total": 9,
        "distintas": 9,
        "por_classe": {
          "conteudo": 2,
          "navegacao": 6,
          "autorreferencia": 0,
          "divulgacao": 1
        },
        "nao_classificados": []
      },
      "/livro-razao/concelhos/braganca": {
        "total": 9,
        "distintas": 9,
        "por_classe": {
          "conteudo": 2,
          "navegacao": 6,
          "autorreferencia": 0,
          "divulgacao": 1
        },
        "nao_classificados": []
      },
      "/livro-razao/concelhos/cabeceiras-de-basto": {
        "total": 9,
        "distintas": 9,
        "por_classe": {
          "conteudo": 2,
          "navegacao": 6,
          "autorreferencia": 0,
          "divulgacao": 1
        },
        "nao_classificados": []
      },
      "/livro-razao/concelhos/cadaval": {
        "total": 9,
        "distintas": 9,
        "por_classe": {
          "conteudo": 2,
          "navegacao": 6,
          "autorreferencia": 0,
          "divulgacao": 1
        },
        "nao_classificados": []
      },
      "/livro-razao/concelhos/caldas-da-rainha": {
        "total": 9,
        "distintas": 9,
        "por_classe": {
          "conteudo": 2,
          "navegacao": 6,
          "autorreferencia": 0,
          "divulgacao": 1
        },
        "nao_classificados": []
      },
      "/livro-razao/concelhos/calheta": {
        "total": 9,
        "distintas": 9,
        "por_classe": {
          "conteudo": 2,
          "navegacao": 6,
          "autorreferencia": 0,
          "divulgacao": 1
        },
        "nao_classificados": []
      },
      "/livro-razao/concelhos/calheta-de-sao-jorge": {
        "total": 9,
        "distintas": 9,
        "por_classe": {
          "conteudo": 2,
          "navegacao": 6,
          "autorreferencia": 0,
          "divulgacao": 1
        },
        "nao_classificados": []
      },
      "/livro-razao/concelhos/camara-de-lobos": {
        "total": 9,
        "distintas": 9,
        "por_classe": {
          "conteudo": 2,
          "navegacao": 6,
          "autorreferencia": 0,
          "divulgacao": 1
        },
        "nao_classificados": []
      },
      "/livro-razao/concelhos/caminha": {
        "total": 9,
        "distintas": 9,
        "por_classe": {
          "conteudo": 2,
          "navegacao": 6,
          "autorreferencia": 0,
          "divulgacao": 1
        },
        "nao_classificados": []
      },
      "/livro-razao/concelhos/campo-maior": {
        "total": 9,
        "distintas": 9,
        "por_classe": {
          "conteudo": 2,
          "navegacao": 6,
          "autorreferencia": 0,
          "divulgacao": 1
        },
        "nao_classificados": []
      },
      "/livro-razao/concelhos/cantanhede": {
        "total": 9,
        "distintas": 9,
        "por_classe": {
          "conteudo": 2,
          "navegacao": 6,
          "autorreferencia": 0,
          "divulgacao": 1
        },
        "nao_classificados": []
      },
      "/livro-razao/concelhos/carrazeda-de-ansiaes": {
        "total": 9,
        "distintas": 9,
        "por_classe": {
          "conteudo": 2,
          "navegacao": 6,
          "autorreferencia": 0,
          "divulgacao": 1
        },
        "nao_classificados": []
      },
      "/livro-razao/concelhos/carregal-do-sal": {
        "total": 9,
        "distintas": 9,
        "por_classe": {
          "conteudo": 2,
          "navegacao": 6,
          "autorreferencia": 0,
          "divulgacao": 1
        },
        "nao_classificados": []
      },
      "/livro-razao/concelhos/cartaxo": {
        "total": 9,
        "distintas": 9,
        "por_classe": {
          "conteudo": 2,
          "navegacao": 6,
          "autorreferencia": 0,
          "divulgacao": 1
        },
        "nao_classificados": []
      },
      "/livro-razao/concelhos/cascais": {
        "total": 9,
        "distintas": 9,
        "por_classe": {
          "conteudo": 2,
          "navegacao": 6,
          "autorreferencia": 0,
          "divulgacao": 1
        },
        "nao_classificados": []
      },
      "/livro-razao/concelhos/castanheira-de-pera": {
        "total": 9,
        "distintas": 9,
        "por_classe": {
          "conteudo": 2,
          "navegacao": 6,
          "autorreferencia": 0,
          "divulgacao": 1
        },
        "nao_classificados": []
      },
      "/livro-razao/concelhos/castelo-branco": {
        "total": 9,
        "distintas": 9,
        "por_classe": {
          "conteudo": 2,
          "navegacao": 6,
          "autorreferencia": 0,
          "divulgacao": 1
        },
        "nao_classificados": []
      },
      "/livro-razao/concelhos/castelo-de-paiva": {
        "total": 9,
        "distintas": 9,
        "por_classe": {
          "conteudo": 2,
          "navegacao": 6,
          "autorreferencia": 0,
          "divulgacao": 1
        },
        "nao_classificados": []
      },
      "/livro-razao/concelhos/castelo-de-vide": {
        "total": 9,
        "distintas": 9,
        "por_classe": {
          "conteudo": 2,
          "navegacao": 6,
          "autorreferencia": 0,
          "divulgacao": 1
        },
        "nao_classificados": []
      },
      "/livro-razao/concelhos/castro-daire": {
        "total": 9,
        "distintas": 9,
        "por_classe": {
          "conteudo": 2,
          "navegacao": 6,
          "autorreferencia": 0,
          "divulgacao": 1
        },
        "nao_classificados": []
      },
      "/livro-razao/concelhos/castro-marim": {
        "total": 9,
        "distintas": 9,
        "por_classe": {
          "conteudo": 2,
          "navegacao": 6,
          "autorreferencia": 0,
          "divulgacao": 1
        },
        "nao_classificados": []
      },
      "/livro-razao/concelhos/castro-verde": {
        "total": 9,
        "distintas": 9,
        "por_classe": {
          "conteudo": 2,
          "navegacao": 6,
          "autorreferencia": 0,
          "divulgacao": 1
        },
        "nao_classificados": []
      },
      "/livro-razao/concelhos/celorico-da-beira": {
        "total": 9,
        "distintas": 9,
        "por_classe": {
          "conteudo": 2,
          "navegacao": 6,
          "autorreferencia": 0,
          "divulgacao": 1
        },
        "nao_classificados": []
      },
      "/livro-razao/concelhos/celorico-de-basto": {
        "total": 9,
        "distintas": 9,
        "por_classe": {
          "conteudo": 2,
          "navegacao": 6,
          "autorreferencia": 0,
          "divulgacao": 1
        },
        "nao_classificados": []
      },
      "/livro-razao/concelhos/chamusca": {
        "total": 9,
        "distintas": 9,
        "por_classe": {
          "conteudo": 2,
          "navegacao": 6,
          "autorreferencia": 0,
          "divulgacao": 1
        },
        "nao_classificados": []
      },
      "/livro-razao/concelhos/chaves": {
        "total": 9,
        "distintas": 9,
        "por_classe": {
          "conteudo": 2,
          "navegacao": 6,
          "autorreferencia": 0,
          "divulgacao": 1
        },
        "nao_classificados": []
      },
      "/livro-razao/concelhos/cinfaes": {
        "total": 9,
        "distintas": 9,
        "por_classe": {
          "conteudo": 2,
          "navegacao": 6,
          "autorreferencia": 0,
          "divulgacao": 1
        },
        "nao_classificados": []
      },
      "/livro-razao/concelhos/coimbra": {
        "total": 9,
        "distintas": 9,
        "por_classe": {
          "conteudo": 2,
          "navegacao": 6,
          "autorreferencia": 0,
          "divulgacao": 1
        },
        "nao_classificados": []
      },
      "/livro-razao/concelhos/condeixa-a-nova": {
        "total": 9,
        "distintas": 9,
        "por_classe": {
          "conteudo": 2,
          "navegacao": 6,
          "autorreferencia": 0,
          "divulgacao": 1
        },
        "nao_classificados": []
      },
      "/livro-razao/concelhos/constancia": {
        "total": 9,
        "distintas": 9,
        "por_classe": {
          "conteudo": 2,
          "navegacao": 6,
          "autorreferencia": 0,
          "divulgacao": 1
        },
        "nao_classificados": []
      },
      "/livro-razao/concelhos/coruche": {
        "total": 9,
        "distintas": 9,
        "por_classe": {
          "conteudo": 2,
          "navegacao": 6,
          "autorreferencia": 0,
          "divulgacao": 1
        },
        "nao_classificados": []
      },
      "/livro-razao/concelhos/corvo": {
        "total": 9,
        "distintas": 9,
        "por_classe": {
          "conteudo": 2,
          "navegacao": 6,
          "autorreferencia": 0,
          "divulgacao": 1
        },
        "nao_classificados": []
      },
      "/livro-razao/concelhos/covilha": {
        "total": 9,
        "distintas": 9,
        "por_classe": {
          "conteudo": 2,
          "navegacao": 6,
          "autorreferencia": 0,
          "divulgacao": 1
        },
        "nao_classificados": []
      },
      "/livro-razao/concelhos/crato": {
        "total": 9,
        "distintas": 9,
        "por_classe": {
          "conteudo": 2,
          "navegacao": 6,
          "autorreferencia": 0,
          "divulgacao": 1
        },
        "nao_classificados": []
      },
      "/livro-razao/concelhos/cuba": {
        "total": 9,
        "distintas": 9,
        "por_classe": {
          "conteudo": 2,
          "navegacao": 6,
          "autorreferencia": 0,
          "divulgacao": 1
        },
        "nao_classificados": []
      },
      "/livro-razao/concelhos/elvas": {
        "total": 9,
        "distintas": 9,
        "por_classe": {
          "conteudo": 2,
          "navegacao": 6,
          "autorreferencia": 0,
          "divulgacao": 1
        },
        "nao_classificados": []
      },
      "/livro-razao/concelhos/entroncamento": {
        "total": 9,
        "distintas": 9,
        "por_classe": {
          "conteudo": 2,
          "navegacao": 6,
          "autorreferencia": 0,
          "divulgacao": 1
        },
        "nao_classificados": []
      },
      "/livro-razao/concelhos/espinho": {
        "total": 9,
        "distintas": 9,
        "por_classe": {
          "conteudo": 2,
          "navegacao": 6,
          "autorreferencia": 0,
          "divulgacao": 1
        },
        "nao_classificados": []
      },
      "/livro-razao/concelhos/esposende": {
        "total": 9,
        "distintas": 9,
        "por_classe": {
          "conteudo": 2,
          "navegacao": 6,
          "autorreferencia": 0,
          "divulgacao": 1
        },
        "nao_classificados": []
      },
      "/livro-razao/concelhos/estarreja": {
        "total": 9,
        "distintas": 9,
        "por_classe": {
          "conteudo": 2,
          "navegacao": 6,
          "autorreferencia": 0,
          "divulgacao": 1
        },
        "nao_classificados": []
      },
      "/livro-razao/concelhos/estremoz": {
        "total": 9,
        "distintas": 9,
        "por_classe": {
          "conteudo": 2,
          "navegacao": 6,
          "autorreferencia": 0,
          "divulgacao": 1
        },
        "nao_classificados": []
      },
      "/livro-razao/concelhos/evora": {
        "total": 9,
        "distintas": 9,
        "por_classe": {
          "conteudo": 2,
          "navegacao": 6,
          "autorreferencia": 0,
          "divulgacao": 1
        },
        "nao_classificados": []
      },
      "/livro-razao/concelhos/fafe": {
        "total": 9,
        "distintas": 9,
        "por_classe": {
          "conteudo": 2,
          "navegacao": 6,
          "autorreferencia": 0,
          "divulgacao": 1
        },
        "nao_classificados": []
      },
      "/livro-razao/concelhos/faro": {
        "total": 9,
        "distintas": 9,
        "por_classe": {
          "conteudo": 2,
          "navegacao": 6,
          "autorreferencia": 0,
          "divulgacao": 1
        },
        "nao_classificados": []
      },
      "/livro-razao/concelhos/felgueiras": {
        "total": 9,
        "distintas": 9,
        "por_classe": {
          "conteudo": 2,
          "navegacao": 6,
          "autorreferencia": 0,
          "divulgacao": 1
        },
        "nao_classificados": []
      },
      "/livro-razao/concelhos/ferreira-do-alentejo": {
        "total": 9,
        "distintas": 9,
        "por_classe": {
          "conteudo": 2,
          "navegacao": 6,
          "autorreferencia": 0,
          "divulgacao": 1
        },
        "nao_classificados": []
      },
      "/livro-razao/concelhos/ferreira-do-zezere": {
        "total": 9,
        "distintas": 9,
        "por_classe": {
          "conteudo": 2,
          "navegacao": 6,
          "autorreferencia": 0,
          "divulgacao": 1
        },
        "nao_classificados": []
      },
      "/livro-razao/concelhos/figueira-da-foz": {
        "total": 9,
        "distintas": 9,
        "por_classe": {
          "conteudo": 2,
          "navegacao": 6,
          "autorreferencia": 0,
          "divulgacao": 1
        },
        "nao_classificados": []
      },
      "/livro-razao/concelhos/figueira-de-castelo-rodrigo": {
        "total": 9,
        "distintas": 9,
        "por_classe": {
          "conteudo": 2,
          "navegacao": 6,
          "autorreferencia": 0,
          "divulgacao": 1
        },
        "nao_classificados": []
      },
      "/livro-razao/concelhos/figueiro-dos-vinhos": {
        "total": 9,
        "distintas": 9,
        "por_classe": {
          "conteudo": 2,
          "navegacao": 6,
          "autorreferencia": 0,
          "divulgacao": 1
        },
        "nao_classificados": []
      },
      "/livro-razao/concelhos/fornos-de-algodres": {
        "total": 9,
        "distintas": 9,
        "por_classe": {
          "conteudo": 2,
          "navegacao": 6,
          "autorreferencia": 0,
          "divulgacao": 1
        },
        "nao_classificados": []
      },
      "/livro-razao/concelhos/freixo-de-espada-a-cinta": {
        "total": 9,
        "distintas": 9,
        "por_classe": {
          "conteudo": 2,
          "navegacao": 6,
          "autorreferencia": 0,
          "divulgacao": 1
        },
        "nao_classificados": []
      },
      "/livro-razao/concelhos/fronteira": {
        "total": 9,
        "distintas": 9,
        "por_classe": {
          "conteudo": 2,
          "navegacao": 6,
          "autorreferencia": 0,
          "divulgacao": 1
        },
        "nao_classificados": []
      },
      "/livro-razao/concelhos/funchal": {
        "total": 9,
        "distintas": 9,
        "por_classe": {
          "conteudo": 2,
          "navegacao": 6,
          "autorreferencia": 0,
          "divulgacao": 1
        },
        "nao_classificados": []
      },
      "/livro-razao/concelhos/fundao": {
        "total": 9,
        "distintas": 9,
        "por_classe": {
          "conteudo": 2,
          "navegacao": 6,
          "autorreferencia": 0,
          "divulgacao": 1
        },
        "nao_classificados": []
      },
      "/livro-razao/concelhos/gaviao": {
        "total": 9,
        "distintas": 9,
        "por_classe": {
          "conteudo": 2,
          "navegacao": 6,
          "autorreferencia": 0,
          "divulgacao": 1
        },
        "nao_classificados": []
      },
      "/livro-razao/concelhos/gois": {
        "total": 9,
        "distintas": 9,
        "por_classe": {
          "conteudo": 2,
          "navegacao": 6,
          "autorreferencia": 0,
          "divulgacao": 1
        },
        "nao_classificados": []
      },
      "/livro-razao/concelhos/golega": {
        "total": 9,
        "distintas": 9,
        "por_classe": {
          "conteudo": 2,
          "navegacao": 6,
          "autorreferencia": 0,
          "divulgacao": 1
        },
        "nao_classificados": []
      },
      "/livro-razao/concelhos/gondomar": {
        "total": 9,
        "distintas": 9,
        "por_classe": {
          "conteudo": 2,
          "navegacao": 6,
          "autorreferencia": 0,
          "divulgacao": 1
        },
        "nao_classificados": []
      },
      "/livro-razao/concelhos/gouveia": {
        "total": 9,
        "distintas": 9,
        "por_classe": {
          "conteudo": 2,
          "navegacao": 6,
          "autorreferencia": 0,
          "divulgacao": 1
        },
        "nao_classificados": []
      },
      "/livro-razao/concelhos/grandola": {
        "total": 9,
        "distintas": 9,
        "por_classe": {
          "conteudo": 2,
          "navegacao": 6,
          "autorreferencia": 0,
          "divulgacao": 1
        },
        "nao_classificados": []
      },
      "/livro-razao/concelhos/guarda": {
        "total": 9,
        "distintas": 9,
        "por_classe": {
          "conteudo": 2,
          "navegacao": 6,
          "autorreferencia": 0,
          "divulgacao": 1
        },
        "nao_classificados": []
      },
      "/livro-razao/concelhos/guimaraes": {
        "total": 9,
        "distintas": 9,
        "por_classe": {
          "conteudo": 2,
          "navegacao": 6,
          "autorreferencia": 0,
          "divulgacao": 1
        },
        "nao_classificados": []
      },
      "/livro-razao/concelhos/horta": {
        "total": 9,
        "distintas": 9,
        "por_classe": {
          "conteudo": 2,
          "navegacao": 6,
          "autorreferencia": 0,
          "divulgacao": 1
        },
        "nao_classificados": []
      },
      "/livro-razao/concelhos/idanha-a-nova": {
        "total": 9,
        "distintas": 9,
        "por_classe": {
          "conteudo": 2,
          "navegacao": 6,
          "autorreferencia": 0,
          "divulgacao": 1
        },
        "nao_classificados": []
      },
      "/livro-razao/concelhos/ilhavo": {
        "total": 9,
        "distintas": 9,
        "por_classe": {
          "conteudo": 2,
          "navegacao": 6,
          "autorreferencia": 0,
          "divulgacao": 1
        },
        "nao_classificados": []
      },
      "/livro-razao/concelhos/lagoa-faro": {
        "total": 9,
        "distintas": 9,
        "por_classe": {
          "conteudo": 2,
          "navegacao": 6,
          "autorreferencia": 0,
          "divulgacao": 1
        },
        "nao_classificados": []
      },
      "/livro-razao/concelhos/lagoa-ilha-de-sao-miguel": {
        "total": 9,
        "distintas": 9,
        "por_classe": {
          "conteudo": 2,
          "navegacao": 6,
          "autorreferencia": 0,
          "divulgacao": 1
        },
        "nao_classificados": []
      },
      "/livro-razao/concelhos/lagos": {
        "total": 9,
        "distintas": 9,
        "por_classe": {
          "conteudo": 2,
          "navegacao": 6,
          "autorreferencia": 0,
          "divulgacao": 1
        },
        "nao_classificados": []
      },
      "/livro-razao/concelhos/lajes-das-flores": {
        "total": 9,
        "distintas": 9,
        "por_classe": {
          "conteudo": 2,
          "navegacao": 6,
          "autorreferencia": 0,
          "divulgacao": 1
        },
        "nao_classificados": []
      },
      "/livro-razao/concelhos/lajes-do-pico": {
        "total": 9,
        "distintas": 9,
        "por_classe": {
          "conteudo": 2,
          "navegacao": 6,
          "autorreferencia": 0,
          "divulgacao": 1
        },
        "nao_classificados": []
      },
      "/livro-razao/concelhos/lamego": {
        "total": 9,
        "distintas": 9,
        "por_classe": {
          "conteudo": 2,
          "navegacao": 6,
          "autorreferencia": 0,
          "divulgacao": 1
        },
        "nao_classificados": []
      },
      "/livro-razao/concelhos/leiria": {
        "total": 9,
        "distintas": 9,
        "por_classe": {
          "conteudo": 2,
          "navegacao": 6,
          "autorreferencia": 0,
          "divulgacao": 1
        },
        "nao_classificados": []
      },
      "/livro-razao/concelhos/lisboa": {
        "total": 9,
        "distintas": 9,
        "por_classe": {
          "conteudo": 2,
          "navegacao": 6,
          "autorreferencia": 0,
          "divulgacao": 1
        },
        "nao_classificados": []
      },
      "/livro-razao/concelhos/loule": {
        "total": 9,
        "distintas": 9,
        "por_classe": {
          "conteudo": 2,
          "navegacao": 6,
          "autorreferencia": 0,
          "divulgacao": 1
        },
        "nao_classificados": []
      },
      "/livro-razao/concelhos/loures": {
        "total": 9,
        "distintas": 9,
        "por_classe": {
          "conteudo": 2,
          "navegacao": 6,
          "autorreferencia": 0,
          "divulgacao": 1
        },
        "nao_classificados": []
      },
      "/livro-razao/concelhos/lourinha": {
        "total": 9,
        "distintas": 9,
        "por_classe": {
          "conteudo": 2,
          "navegacao": 6,
          "autorreferencia": 0,
          "divulgacao": 1
        },
        "nao_classificados": []
      },
      "/livro-razao/concelhos/lousa": {
        "total": 9,
        "distintas": 9,
        "por_classe": {
          "conteudo": 2,
          "navegacao": 6,
          "autorreferencia": 0,
          "divulgacao": 1
        },
        "nao_classificados": []
      },
      "/livro-razao/concelhos/lousada": {
        "total": 9,
        "distintas": 9,
        "por_classe": {
          "conteudo": 2,
          "navegacao": 6,
          "autorreferencia": 0,
          "divulgacao": 1
        },
        "nao_classificados": []
      },
      "/livro-razao/concelhos/macao": {
        "total": 9,
        "distintas": 9,
        "por_classe": {
          "conteudo": 2,
          "navegacao": 6,
          "autorreferencia": 0,
          "divulgacao": 1
        },
        "nao_classificados": []
      },
      "/livro-razao/concelhos/macedo-de-cavaleiros": {
        "total": 9,
        "distintas": 9,
        "por_classe": {
          "conteudo": 2,
          "navegacao": 6,
          "autorreferencia": 0,
          "divulgacao": 1
        },
        "nao_classificados": []
      },
      "/livro-razao/concelhos/machico": {
        "total": 9,
        "distintas": 9,
        "por_classe": {
          "conteudo": 2,
          "navegacao": 6,
          "autorreferencia": 0,
          "divulgacao": 1
        },
        "nao_classificados": []
      },
      "/livro-razao/concelhos/madalena": {
        "total": 9,
        "distintas": 9,
        "por_classe": {
          "conteudo": 2,
          "navegacao": 6,
          "autorreferencia": 0,
          "divulgacao": 1
        },
        "nao_classificados": []
      },
      "/livro-razao/concelhos/mafra": {
        "total": 9,
        "distintas": 9,
        "por_classe": {
          "conteudo": 2,
          "navegacao": 6,
          "autorreferencia": 0,
          "divulgacao": 1
        },
        "nao_classificados": []
      },
      "/livro-razao/concelhos/maia": {
        "total": 9,
        "distintas": 9,
        "por_classe": {
          "conteudo": 2,
          "navegacao": 6,
          "autorreferencia": 0,
          "divulgacao": 1
        },
        "nao_classificados": []
      },
      "/livro-razao/concelhos/mangualde": {
        "total": 9,
        "distintas": 9,
        "por_classe": {
          "conteudo": 2,
          "navegacao": 6,
          "autorreferencia": 0,
          "divulgacao": 1
        },
        "nao_classificados": []
      },
      "/livro-razao/concelhos/manteigas": {
        "total": 9,
        "distintas": 9,
        "por_classe": {
          "conteudo": 2,
          "navegacao": 6,
          "autorreferencia": 0,
          "divulgacao": 1
        },
        "nao_classificados": []
      },
      "/livro-razao/concelhos/marco-de-canaveses": {
        "total": 9,
        "distintas": 9,
        "por_classe": {
          "conteudo": 2,
          "navegacao": 6,
          "autorreferencia": 0,
          "divulgacao": 1
        },
        "nao_classificados": []
      },
      "/livro-razao/concelhos/marinha-grande": {
        "total": 9,
        "distintas": 9,
        "por_classe": {
          "conteudo": 2,
          "navegacao": 6,
          "autorreferencia": 0,
          "divulgacao": 1
        },
        "nao_classificados": []
      },
      "/livro-razao/concelhos/marvao": {
        "total": 9,
        "distintas": 9,
        "por_classe": {
          "conteudo": 2,
          "navegacao": 6,
          "autorreferencia": 0,
          "divulgacao": 1
        },
        "nao_classificados": []
      },
      "/livro-razao/concelhos/matosinhos": {
        "total": 9,
        "distintas": 9,
        "por_classe": {
          "conteudo": 2,
          "navegacao": 6,
          "autorreferencia": 0,
          "divulgacao": 1
        },
        "nao_classificados": []
      },
      "/livro-razao/concelhos/mealhada": {
        "total": 9,
        "distintas": 9,
        "por_classe": {
          "conteudo": 2,
          "navegacao": 6,
          "autorreferencia": 0,
          "divulgacao": 1
        },
        "nao_classificados": []
      },
      "/livro-razao/concelhos/meda": {
        "total": 9,
        "distintas": 9,
        "por_classe": {
          "conteudo": 2,
          "navegacao": 6,
          "autorreferencia": 0,
          "divulgacao": 1
        },
        "nao_classificados": []
      },
      "/livro-razao/concelhos/melgaco": {
        "total": 9,
        "distintas": 9,
        "por_classe": {
          "conteudo": 2,
          "navegacao": 6,
          "autorreferencia": 0,
          "divulgacao": 1
        },
        "nao_classificados": []
      },
      "/livro-razao/concelhos/mertola": {
        "total": 9,
        "distintas": 9,
        "por_classe": {
          "conteudo": 2,
          "navegacao": 6,
          "autorreferencia": 0,
          "divulgacao": 1
        },
        "nao_classificados": []
      },
      "/livro-razao/concelhos/mesao-frio": {
        "total": 9,
        "distintas": 9,
        "por_classe": {
          "conteudo": 2,
          "navegacao": 6,
          "autorreferencia": 0,
          "divulgacao": 1
        },
        "nao_classificados": []
      },
      "/livro-razao/concelhos/mira": {
        "total": 9,
        "distintas": 9,
        "por_classe": {
          "conteudo": 2,
          "navegacao": 6,
          "autorreferencia": 0,
          "divulgacao": 1
        },
        "nao_classificados": []
      },
      "/livro-razao/concelhos/miranda-do-corvo": {
        "total": 9,
        "distintas": 9,
        "por_classe": {
          "conteudo": 2,
          "navegacao": 6,
          "autorreferencia": 0,
          "divulgacao": 1
        },
        "nao_classificados": []
      },
      "/livro-razao/concelhos/miranda-do-douro": {
        "total": 9,
        "distintas": 9,
        "por_classe": {
          "conteudo": 2,
          "navegacao": 6,
          "autorreferencia": 0,
          "divulgacao": 1
        },
        "nao_classificados": []
      },
      "/livro-razao/concelhos/mirandela": {
        "total": 9,
        "distintas": 9,
        "por_classe": {
          "conteudo": 2,
          "navegacao": 6,
          "autorreferencia": 0,
          "divulgacao": 1
        },
        "nao_classificados": []
      },
      "/livro-razao/concelhos/mogadouro": {
        "total": 9,
        "distintas": 9,
        "por_classe": {
          "conteudo": 2,
          "navegacao": 6,
          "autorreferencia": 0,
          "divulgacao": 1
        },
        "nao_classificados": []
      },
      "/livro-razao/concelhos/moimenta-da-beira": {
        "total": 9,
        "distintas": 9,
        "por_classe": {
          "conteudo": 2,
          "navegacao": 6,
          "autorreferencia": 0,
          "divulgacao": 1
        },
        "nao_classificados": []
      },
      "/livro-razao/concelhos/moita": {
        "total": 9,
        "distintas": 9,
        "por_classe": {
          "conteudo": 2,
          "navegacao": 6,
          "autorreferencia": 0,
          "divulgacao": 1
        },
        "nao_classificados": []
      },
      "/livro-razao/concelhos/moncao": {
        "total": 9,
        "distintas": 9,
        "por_classe": {
          "conteudo": 2,
          "navegacao": 6,
          "autorreferencia": 0,
          "divulgacao": 1
        },
        "nao_classificados": []
      },
      "/livro-razao/concelhos/monchique": {
        "total": 9,
        "distintas": 9,
        "por_classe": {
          "conteudo": 2,
          "navegacao": 6,
          "autorreferencia": 0,
          "divulgacao": 1
        },
        "nao_classificados": []
      },
      "/livro-razao/concelhos/mondim-de-basto": {
        "total": 9,
        "distintas": 9,
        "por_classe": {
          "conteudo": 2,
          "navegacao": 6,
          "autorreferencia": 0,
          "divulgacao": 1
        },
        "nao_classificados": []
      },
      "/livro-razao/concelhos/monforte": {
        "total": 9,
        "distintas": 9,
        "por_classe": {
          "conteudo": 2,
          "navegacao": 6,
          "autorreferencia": 0,
          "divulgacao": 1
        },
        "nao_classificados": []
      },
      "/livro-razao/concelhos/montalegre": {
        "total": 9,
        "distintas": 9,
        "por_classe": {
          "conteudo": 2,
          "navegacao": 6,
          "autorreferencia": 0,
          "divulgacao": 1
        },
        "nao_classificados": []
      },
      "/livro-razao/concelhos/montemor-o-novo": {
        "total": 9,
        "distintas": 9,
        "por_classe": {
          "conteudo": 2,
          "navegacao": 6,
          "autorreferencia": 0,
          "divulgacao": 1
        },
        "nao_classificados": []
      },
      "/livro-razao/concelhos/montemor-o-velho": {
        "total": 9,
        "distintas": 9,
        "por_classe": {
          "conteudo": 2,
          "navegacao": 6,
          "autorreferencia": 0,
          "divulgacao": 1
        },
        "nao_classificados": []
      },
      "/livro-razao/concelhos/montijo": {
        "total": 9,
        "distintas": 9,
        "por_classe": {
          "conteudo": 2,
          "navegacao": 6,
          "autorreferencia": 0,
          "divulgacao": 1
        },
        "nao_classificados": []
      },
      "/livro-razao/concelhos/mora": {
        "total": 9,
        "distintas": 9,
        "por_classe": {
          "conteudo": 2,
          "navegacao": 6,
          "autorreferencia": 0,
          "divulgacao": 1
        },
        "nao_classificados": []
      },
      "/livro-razao/concelhos/mortagua": {
        "total": 9,
        "distintas": 9,
        "por_classe": {
          "conteudo": 2,
          "navegacao": 6,
          "autorreferencia": 0,
          "divulgacao": 1
        },
        "nao_classificados": []
      },
      "/livro-razao/concelhos/moura": {
        "total": 9,
        "distintas": 9,
        "por_classe": {
          "conteudo": 2,
          "navegacao": 6,
          "autorreferencia": 0,
          "divulgacao": 1
        },
        "nao_classificados": []
      },
      "/livro-razao/concelhos/mourao": {
        "total": 9,
        "distintas": 9,
        "por_classe": {
          "conteudo": 2,
          "navegacao": 6,
          "autorreferencia": 0,
          "divulgacao": 1
        },
        "nao_classificados": []
      },
      "/livro-razao/concelhos/murca": {
        "total": 9,
        "distintas": 9,
        "por_classe": {
          "conteudo": 2,
          "navegacao": 6,
          "autorreferencia": 0,
          "divulgacao": 1
        },
        "nao_classificados": []
      },
      "/livro-razao/concelhos/murtosa": {
        "total": 9,
        "distintas": 9,
        "por_classe": {
          "conteudo": 2,
          "navegacao": 6,
          "autorreferencia": 0,
          "divulgacao": 1
        },
        "nao_classificados": []
      },
      "/livro-razao/concelhos/nazare": {
        "total": 9,
        "distintas": 9,
        "por_classe": {
          "conteudo": 2,
          "navegacao": 6,
          "autorreferencia": 0,
          "divulgacao": 1
        },
        "nao_classificados": []
      },
      "/livro-razao/concelhos/nelas": {
        "total": 9,
        "distintas": 9,
        "por_classe": {
          "conteudo": 2,
          "navegacao": 6,
          "autorreferencia": 0,
          "divulgacao": 1
        },
        "nao_classificados": []
      },
      "/livro-razao/concelhos/nisa": {
        "total": 9,
        "distintas": 9,
        "por_classe": {
          "conteudo": 2,
          "navegacao": 6,
          "autorreferencia": 0,
          "divulgacao": 1
        },
        "nao_classificados": []
      },
      "/livro-razao/concelhos/nordeste": {
        "total": 9,
        "distintas": 9,
        "por_classe": {
          "conteudo": 2,
          "navegacao": 6,
          "autorreferencia": 0,
          "divulgacao": 1
        },
        "nao_classificados": []
      },
      "/livro-razao/concelhos/obidos": {
        "total": 9,
        "distintas": 9,
        "por_classe": {
          "conteudo": 2,
          "navegacao": 6,
          "autorreferencia": 0,
          "divulgacao": 1
        },
        "nao_classificados": []
      },
      "/livro-razao/concelhos/odemira": {
        "total": 9,
        "distintas": 9,
        "por_classe": {
          "conteudo": 2,
          "navegacao": 6,
          "autorreferencia": 0,
          "divulgacao": 1
        },
        "nao_classificados": []
      },
      "/livro-razao/concelhos/odivelas": {
        "total": 9,
        "distintas": 9,
        "por_classe": {
          "conteudo": 2,
          "navegacao": 6,
          "autorreferencia": 0,
          "divulgacao": 1
        },
        "nao_classificados": []
      },
      "/livro-razao/concelhos/oeiras": {
        "total": 9,
        "distintas": 9,
        "por_classe": {
          "conteudo": 2,
          "navegacao": 6,
          "autorreferencia": 0,
          "divulgacao": 1
        },
        "nao_classificados": []
      },
      "/livro-razao/concelhos/oleiros": {
        "total": 9,
        "distintas": 9,
        "por_classe": {
          "conteudo": 2,
          "navegacao": 6,
          "autorreferencia": 0,
          "divulgacao": 1
        },
        "nao_classificados": []
      },
      "/livro-razao/concelhos/olhao": {
        "total": 9,
        "distintas": 9,
        "por_classe": {
          "conteudo": 2,
          "navegacao": 6,
          "autorreferencia": 0,
          "divulgacao": 1
        },
        "nao_classificados": []
      },
      "/livro-razao/concelhos/oliveira-de-azemeis": {
        "total": 9,
        "distintas": 9,
        "por_classe": {
          "conteudo": 2,
          "navegacao": 6,
          "autorreferencia": 0,
          "divulgacao": 1
        },
        "nao_classificados": []
      },
      "/livro-razao/concelhos/oliveira-de-frades": {
        "total": 9,
        "distintas": 9,
        "por_classe": {
          "conteudo": 2,
          "navegacao": 6,
          "autorreferencia": 0,
          "divulgacao": 1
        },
        "nao_classificados": []
      },
      "/livro-razao/concelhos/oliveira-do-bairro": {
        "total": 9,
        "distintas": 9,
        "por_classe": {
          "conteudo": 2,
          "navegacao": 6,
          "autorreferencia": 0,
          "divulgacao": 1
        },
        "nao_classificados": []
      },
      "/livro-razao/concelhos/oliveira-do-hospital": {
        "total": 9,
        "distintas": 9,
        "por_classe": {
          "conteudo": 2,
          "navegacao": 6,
          "autorreferencia": 0,
          "divulgacao": 1
        },
        "nao_classificados": []
      },
      "/livro-razao/concelhos/ourem": {
        "total": 9,
        "distintas": 9,
        "por_classe": {
          "conteudo": 2,
          "navegacao": 6,
          "autorreferencia": 0,
          "divulgacao": 1
        },
        "nao_classificados": []
      },
      "/livro-razao/concelhos/ourique": {
        "total": 9,
        "distintas": 9,
        "por_classe": {
          "conteudo": 2,
          "navegacao": 6,
          "autorreferencia": 0,
          "divulgacao": 1
        },
        "nao_classificados": []
      },
      "/livro-razao/concelhos/ovar": {
        "total": 9,
        "distintas": 9,
        "por_classe": {
          "conteudo": 2,
          "navegacao": 6,
          "autorreferencia": 0,
          "divulgacao": 1
        },
        "nao_classificados": []
      },
      "/livro-razao/concelhos/pacos-de-ferreira": {
        "total": 9,
        "distintas": 9,
        "por_classe": {
          "conteudo": 2,
          "navegacao": 6,
          "autorreferencia": 0,
          "divulgacao": 1
        },
        "nao_classificados": []
      },
      "/livro-razao/concelhos/palmela": {
        "total": 9,
        "distintas": 9,
        "por_classe": {
          "conteudo": 2,
          "navegacao": 6,
          "autorreferencia": 0,
          "divulgacao": 1
        },
        "nao_classificados": []
      },
      "/livro-razao/concelhos/pampilhosa-da-serra": {
        "total": 9,
        "distintas": 9,
        "por_classe": {
          "conteudo": 2,
          "navegacao": 6,
          "autorreferencia": 0,
          "divulgacao": 1
        },
        "nao_classificados": []
      },
      "/livro-razao/concelhos/paredes": {
        "total": 9,
        "distintas": 9,
        "por_classe": {
          "conteudo": 2,
          "navegacao": 6,
          "autorreferencia": 0,
          "divulgacao": 1
        },
        "nao_classificados": []
      },
      "/livro-razao/concelhos/paredes-de-coura": {
        "total": 9,
        "distintas": 9,
        "por_classe": {
          "conteudo": 2,
          "navegacao": 6,
          "autorreferencia": 0,
          "divulgacao": 1
        },
        "nao_classificados": []
      },
      "/livro-razao/concelhos/pedrogao-grande": {
        "total": 9,
        "distintas": 9,
        "por_classe": {
          "conteudo": 2,
          "navegacao": 6,
          "autorreferencia": 0,
          "divulgacao": 1
        },
        "nao_classificados": []
      },
      "/livro-razao/concelhos/penacova": {
        "total": 9,
        "distintas": 9,
        "por_classe": {
          "conteudo": 2,
          "navegacao": 6,
          "autorreferencia": 0,
          "divulgacao": 1
        },
        "nao_classificados": []
      },
      "/livro-razao/concelhos/penafiel": {
        "total": 9,
        "distintas": 9,
        "por_classe": {
          "conteudo": 2,
          "navegacao": 6,
          "autorreferencia": 0,
          "divulgacao": 1
        },
        "nao_classificados": []
      },
      "/livro-razao/concelhos/penalva-do-castelo": {
        "total": 9,
        "distintas": 9,
        "por_classe": {
          "conteudo": 2,
          "navegacao": 6,
          "autorreferencia": 0,
          "divulgacao": 1
        },
        "nao_classificados": []
      },
      "/livro-razao/concelhos/penamacor": {
        "total": 9,
        "distintas": 9,
        "por_classe": {
          "conteudo": 2,
          "navegacao": 6,
          "autorreferencia": 0,
          "divulgacao": 1
        },
        "nao_classificados": []
      },
      "/livro-razao/concelhos/penedono": {
        "total": 9,
        "distintas": 9,
        "por_classe": {
          "conteudo": 2,
          "navegacao": 6,
          "autorreferencia": 0,
          "divulgacao": 1
        },
        "nao_classificados": []
      },
      "/livro-razao/concelhos/penela": {
        "total": 9,
        "distintas": 9,
        "por_classe": {
          "conteudo": 2,
          "navegacao": 6,
          "autorreferencia": 0,
          "divulgacao": 1
        },
        "nao_classificados": []
      },
      "/livro-razao/concelhos/peniche": {
        "total": 9,
        "distintas": 9,
        "por_classe": {
          "conteudo": 2,
          "navegacao": 6,
          "autorreferencia": 0,
          "divulgacao": 1
        },
        "nao_classificados": []
      },
      "/livro-razao/concelhos/peso-da-regua": {
        "total": 9,
        "distintas": 9,
        "por_classe": {
          "conteudo": 2,
          "navegacao": 6,
          "autorreferencia": 0,
          "divulgacao": 1
        },
        "nao_classificados": []
      },
      "/livro-razao/concelhos/pinhel": {
        "total": 9,
        "distintas": 9,
        "por_classe": {
          "conteudo": 2,
          "navegacao": 6,
          "autorreferencia": 0,
          "divulgacao": 1
        },
        "nao_classificados": []
      },
      "/livro-razao/concelhos/pombal": {
        "total": 9,
        "distintas": 9,
        "por_classe": {
          "conteudo": 2,
          "navegacao": 6,
          "autorreferencia": 0,
          "divulgacao": 1
        },
        "nao_classificados": []
      },
      "/livro-razao/concelhos/ponta-delgada": {
        "total": 9,
        "distintas": 9,
        "por_classe": {
          "conteudo": 2,
          "navegacao": 6,
          "autorreferencia": 0,
          "divulgacao": 1
        },
        "nao_classificados": []
      },
      "/livro-razao/concelhos/ponta-do-sol": {
        "total": 9,
        "distintas": 9,
        "por_classe": {
          "conteudo": 2,
          "navegacao": 6,
          "autorreferencia": 0,
          "divulgacao": 1
        },
        "nao_classificados": []
      },
      "/livro-razao/concelhos/ponte-da-barca": {
        "total": 9,
        "distintas": 9,
        "por_classe": {
          "conteudo": 2,
          "navegacao": 6,
          "autorreferencia": 0,
          "divulgacao": 1
        },
        "nao_classificados": []
      },
      "/livro-razao/concelhos/ponte-de-lima": {
        "total": 9,
        "distintas": 9,
        "por_classe": {
          "conteudo": 2,
          "navegacao": 6,
          "autorreferencia": 0,
          "divulgacao": 1
        },
        "nao_classificados": []
      },
      "/livro-razao/concelhos/ponte-de-sor": {
        "total": 9,
        "distintas": 9,
        "por_classe": {
          "conteudo": 2,
          "navegacao": 6,
          "autorreferencia": 0,
          "divulgacao": 1
        },
        "nao_classificados": []
      },
      "/livro-razao/concelhos/portalegre": {
        "total": 9,
        "distintas": 9,
        "por_classe": {
          "conteudo": 2,
          "navegacao": 6,
          "autorreferencia": 0,
          "divulgacao": 1
        },
        "nao_classificados": []
      },
      "/livro-razao/concelhos/portel": {
        "total": 9,
        "distintas": 9,
        "por_classe": {
          "conteudo": 2,
          "navegacao": 6,
          "autorreferencia": 0,
          "divulgacao": 1
        },
        "nao_classificados": []
      },
      "/livro-razao/concelhos/portimao": {
        "total": 9,
        "distintas": 9,
        "por_classe": {
          "conteudo": 2,
          "navegacao": 6,
          "autorreferencia": 0,
          "divulgacao": 1
        },
        "nao_classificados": []
      },
      "/livro-razao/concelhos/porto": {
        "total": 9,
        "distintas": 9,
        "por_classe": {
          "conteudo": 2,
          "navegacao": 6,
          "autorreferencia": 0,
          "divulgacao": 1
        },
        "nao_classificados": []
      },
      "/livro-razao/concelhos/porto-de-mos": {
        "total": 9,
        "distintas": 9,
        "por_classe": {
          "conteudo": 2,
          "navegacao": 6,
          "autorreferencia": 0,
          "divulgacao": 1
        },
        "nao_classificados": []
      },
      "/livro-razao/concelhos/porto-moniz": {
        "total": 9,
        "distintas": 9,
        "por_classe": {
          "conteudo": 2,
          "navegacao": 6,
          "autorreferencia": 0,
          "divulgacao": 1
        },
        "nao_classificados": []
      },
      "/livro-razao/concelhos/porto-santo": {
        "total": 9,
        "distintas": 9,
        "por_classe": {
          "conteudo": 2,
          "navegacao": 6,
          "autorreferencia": 0,
          "divulgacao": 1
        },
        "nao_classificados": []
      },
      "/livro-razao/concelhos/povoa-de-lanhoso": {
        "total": 9,
        "distintas": 9,
        "por_classe": {
          "conteudo": 2,
          "navegacao": 6,
          "autorreferencia": 0,
          "divulgacao": 1
        },
        "nao_classificados": []
      },
      "/livro-razao/concelhos/povoa-de-varzim": {
        "total": 9,
        "distintas": 9,
        "por_classe": {
          "conteudo": 2,
          "navegacao": 6,
          "autorreferencia": 0,
          "divulgacao": 1
        },
        "nao_classificados": []
      },
      "/livro-razao/concelhos/povoacao": {
        "total": 9,
        "distintas": 9,
        "por_classe": {
          "conteudo": 2,
          "navegacao": 6,
          "autorreferencia": 0,
          "divulgacao": 1
        },
        "nao_classificados": []
      },
      "/livro-razao/concelhos/praia-da-vitoria": {
        "total": 9,
        "distintas": 9,
        "por_classe": {
          "conteudo": 2,
          "navegacao": 6,
          "autorreferencia": 0,
          "divulgacao": 1
        },
        "nao_classificados": []
      },
      "/livro-razao/concelhos/proenca-a-nova": {
        "total": 9,
        "distintas": 9,
        "por_classe": {
          "conteudo": 2,
          "navegacao": 6,
          "autorreferencia": 0,
          "divulgacao": 1
        },
        "nao_classificados": []
      },
      "/livro-razao/concelhos/redondo": {
        "total": 9,
        "distintas": 9,
        "por_classe": {
          "conteudo": 2,
          "navegacao": 6,
          "autorreferencia": 0,
          "divulgacao": 1
        },
        "nao_classificados": []
      },
      "/livro-razao/concelhos/reguengos-de-monsaraz": {
        "total": 9,
        "distintas": 9,
        "por_classe": {
          "conteudo": 2,
          "navegacao": 6,
          "autorreferencia": 0,
          "divulgacao": 1
        },
        "nao_classificados": []
      },
      "/livro-razao/concelhos/resende": {
        "total": 9,
        "distintas": 9,
        "por_classe": {
          "conteudo": 2,
          "navegacao": 6,
          "autorreferencia": 0,
          "divulgacao": 1
        },
        "nao_classificados": []
      },
      "/livro-razao/concelhos/ribeira-brava": {
        "total": 9,
        "distintas": 9,
        "por_classe": {
          "conteudo": 2,
          "navegacao": 6,
          "autorreferencia": 0,
          "divulgacao": 1
        },
        "nao_classificados": []
      },
      "/livro-razao/concelhos/ribeira-de-pena": {
        "total": 9,
        "distintas": 9,
        "por_classe": {
          "conteudo": 2,
          "navegacao": 6,
          "autorreferencia": 0,
          "divulgacao": 1
        },
        "nao_classificados": []
      },
      "/livro-razao/concelhos/ribeira-grande": {
        "total": 9,
        "distintas": 9,
        "por_classe": {
          "conteudo": 2,
          "navegacao": 6,
          "autorreferencia": 0,
          "divulgacao": 1
        },
        "nao_classificados": []
      },
      "/livro-razao/concelhos/rio-maior": {
        "total": 9,
        "distintas": 9,
        "por_classe": {
          "conteudo": 2,
          "navegacao": 6,
          "autorreferencia": 0,
          "divulgacao": 1
        },
        "nao_classificados": []
      },
      "/livro-razao/concelhos/sabrosa": {
        "total": 9,
        "distintas": 9,
        "por_classe": {
          "conteudo": 2,
          "navegacao": 6,
          "autorreferencia": 0,
          "divulgacao": 1
        },
        "nao_classificados": []
      },
      "/livro-razao/concelhos/sabugal": {
        "total": 9,
        "distintas": 9,
        "por_classe": {
          "conteudo": 2,
          "navegacao": 6,
          "autorreferencia": 0,
          "divulgacao": 1
        },
        "nao_classificados": []
      },
      "/livro-razao/concelhos/salvaterra-de-magos": {
        "total": 9,
        "distintas": 9,
        "por_classe": {
          "conteudo": 2,
          "navegacao": 6,
          "autorreferencia": 0,
          "divulgacao": 1
        },
        "nao_classificados": []
      },
      "/livro-razao/concelhos/santa-comba-dao": {
        "total": 9,
        "distintas": 9,
        "por_classe": {
          "conteudo": 2,
          "navegacao": 6,
          "autorreferencia": 0,
          "divulgacao": 1
        },
        "nao_classificados": []
      },
      "/livro-razao/concelhos/santa-cruz": {
        "total": 9,
        "distintas": 9,
        "por_classe": {
          "conteudo": 2,
          "navegacao": 6,
          "autorreferencia": 0,
          "divulgacao": 1
        },
        "nao_classificados": []
      },
      "/livro-razao/concelhos/santa-cruz-da-graciosa": {
        "total": 9,
        "distintas": 9,
        "por_classe": {
          "conteudo": 2,
          "navegacao": 6,
          "autorreferencia": 0,
          "divulgacao": 1
        },
        "nao_classificados": []
      },
      "/livro-razao/concelhos/santa-cruz-das-flores": {
        "total": 9,
        "distintas": 9,
        "por_classe": {
          "conteudo": 2,
          "navegacao": 6,
          "autorreferencia": 0,
          "divulgacao": 1
        },
        "nao_classificados": []
      },
      "/livro-razao/concelhos/santa-maria-da-feira": {
        "total": 9,
        "distintas": 9,
        "por_classe": {
          "conteudo": 2,
          "navegacao": 6,
          "autorreferencia": 0,
          "divulgacao": 1
        },
        "nao_classificados": []
      },
      "/livro-razao/concelhos/santa-marta-de-penaguiao": {
        "total": 9,
        "distintas": 9,
        "por_classe": {
          "conteudo": 2,
          "navegacao": 6,
          "autorreferencia": 0,
          "divulgacao": 1
        },
        "nao_classificados": []
      },
      "/livro-razao/concelhos/santana": {
        "total": 9,
        "distintas": 9,
        "por_classe": {
          "conteudo": 2,
          "navegacao": 6,
          "autorreferencia": 0,
          "divulgacao": 1
        },
        "nao_classificados": []
      },
      "/livro-razao/concelhos/santarem": {
        "total": 9,
        "distintas": 9,
        "por_classe": {
          "conteudo": 2,
          "navegacao": 6,
          "autorreferencia": 0,
          "divulgacao": 1
        },
        "nao_classificados": []
      },
      "/livro-razao/concelhos/santiago-do-cacem": {
        "total": 9,
        "distintas": 9,
        "por_classe": {
          "conteudo": 2,
          "navegacao": 6,
          "autorreferencia": 0,
          "divulgacao": 1
        },
        "nao_classificados": []
      },
      "/livro-razao/concelhos/santo-tirso": {
        "total": 9,
        "distintas": 9,
        "por_classe": {
          "conteudo": 2,
          "navegacao": 6,
          "autorreferencia": 0,
          "divulgacao": 1
        },
        "nao_classificados": []
      },
      "/livro-razao/concelhos/sao-bras-de-alportel": {
        "total": 9,
        "distintas": 9,
        "por_classe": {
          "conteudo": 2,
          "navegacao": 6,
          "autorreferencia": 0,
          "divulgacao": 1
        },
        "nao_classificados": []
      },
      "/livro-razao/concelhos/sao-joao-da-madeira": {
        "total": 9,
        "distintas": 9,
        "por_classe": {
          "conteudo": 2,
          "navegacao": 6,
          "autorreferencia": 0,
          "divulgacao": 1
        },
        "nao_classificados": []
      },
      "/livro-razao/concelhos/sao-joao-da-pesqueira": {
        "total": 9,
        "distintas": 9,
        "por_classe": {
          "conteudo": 2,
          "navegacao": 6,
          "autorreferencia": 0,
          "divulgacao": 1
        },
        "nao_classificados": []
      },
      "/livro-razao/concelhos/sao-pedro-do-sul": {
        "total": 9,
        "distintas": 9,
        "por_classe": {
          "conteudo": 2,
          "navegacao": 6,
          "autorreferencia": 0,
          "divulgacao": 1
        },
        "nao_classificados": []
      },
      "/livro-razao/concelhos/sao-roque-do-pico": {
        "total": 9,
        "distintas": 9,
        "por_classe": {
          "conteudo": 2,
          "navegacao": 6,
          "autorreferencia": 0,
          "divulgacao": 1
        },
        "nao_classificados": []
      },
      "/livro-razao/concelhos/sao-vicente": {
        "total": 9,
        "distintas": 9,
        "por_classe": {
          "conteudo": 2,
          "navegacao": 6,
          "autorreferencia": 0,
          "divulgacao": 1
        },
        "nao_classificados": []
      },
      "/livro-razao/concelhos/sardoal": {
        "total": 9,
        "distintas": 9,
        "por_classe": {
          "conteudo": 2,
          "navegacao": 6,
          "autorreferencia": 0,
          "divulgacao": 1
        },
        "nao_classificados": []
      },
      "/livro-razao/concelhos/satao": {
        "total": 9,
        "distintas": 9,
        "por_classe": {
          "conteudo": 2,
          "navegacao": 6,
          "autorreferencia": 0,
          "divulgacao": 1
        },
        "nao_classificados": []
      },
      "/livro-razao/concelhos/seia": {
        "total": 9,
        "distintas": 9,
        "por_classe": {
          "conteudo": 2,
          "navegacao": 6,
          "autorreferencia": 0,
          "divulgacao": 1
        },
        "nao_classificados": []
      },
      "/livro-razao/concelhos/seixal": {
        "total": 9,
        "distintas": 9,
        "por_classe": {
          "conteudo": 2,
          "navegacao": 6,
          "autorreferencia": 0,
          "divulgacao": 1
        },
        "nao_classificados": []
      },
      "/livro-razao/concelhos/sernancelhe": {
        "total": 9,
        "distintas": 9,
        "por_classe": {
          "conteudo": 2,
          "navegacao": 6,
          "autorreferencia": 0,
          "divulgacao": 1
        },
        "nao_classificados": []
      },
      "/livro-razao/concelhos/serpa": {
        "total": 9,
        "distintas": 9,
        "por_classe": {
          "conteudo": 2,
          "navegacao": 6,
          "autorreferencia": 0,
          "divulgacao": 1
        },
        "nao_classificados": []
      },
      "/livro-razao/concelhos/serta": {
        "total": 9,
        "distintas": 9,
        "por_classe": {
          "conteudo": 2,
          "navegacao": 6,
          "autorreferencia": 0,
          "divulgacao": 1
        },
        "nao_classificados": []
      },
      "/livro-razao/concelhos/sesimbra": {
        "total": 9,
        "distintas": 9,
        "por_classe": {
          "conteudo": 2,
          "navegacao": 6,
          "autorreferencia": 0,
          "divulgacao": 1
        },
        "nao_classificados": []
      },
      "/livro-razao/concelhos/setubal": {
        "total": 9,
        "distintas": 9,
        "por_classe": {
          "conteudo": 2,
          "navegacao": 6,
          "autorreferencia": 0,
          "divulgacao": 1
        },
        "nao_classificados": []
      },
      "/livro-razao/concelhos/sever-do-vouga": {
        "total": 9,
        "distintas": 9,
        "por_classe": {
          "conteudo": 2,
          "navegacao": 6,
          "autorreferencia": 0,
          "divulgacao": 1
        },
        "nao_classificados": []
      },
      "/livro-razao/concelhos/silves": {
        "total": 9,
        "distintas": 9,
        "por_classe": {
          "conteudo": 2,
          "navegacao": 6,
          "autorreferencia": 0,
          "divulgacao": 1
        },
        "nao_classificados": []
      },
      "/livro-razao/concelhos/sines": {
        "total": 9,
        "distintas": 9,
        "por_classe": {
          "conteudo": 2,
          "navegacao": 6,
          "autorreferencia": 0,
          "divulgacao": 1
        },
        "nao_classificados": []
      },
      "/livro-razao/concelhos/sintra": {
        "total": 9,
        "distintas": 9,
        "por_classe": {
          "conteudo": 2,
          "navegacao": 6,
          "autorreferencia": 0,
          "divulgacao": 1
        },
        "nao_classificados": []
      },
      "/livro-razao/concelhos/sobral-de-monte-agraco": {
        "total": 9,
        "distintas": 9,
        "por_classe": {
          "conteudo": 2,
          "navegacao": 6,
          "autorreferencia": 0,
          "divulgacao": 1
        },
        "nao_classificados": []
      },
      "/livro-razao/concelhos/soure": {
        "total": 9,
        "distintas": 9,
        "por_classe": {
          "conteudo": 2,
          "navegacao": 6,
          "autorreferencia": 0,
          "divulgacao": 1
        },
        "nao_classificados": []
      },
      "/livro-razao/concelhos/sousel": {
        "total": 9,
        "distintas": 9,
        "por_classe": {
          "conteudo": 2,
          "navegacao": 6,
          "autorreferencia": 0,
          "divulgacao": 1
        },
        "nao_classificados": []
      },
      "/livro-razao/concelhos/tabua": {
        "total": 9,
        "distintas": 9,
        "por_classe": {
          "conteudo": 2,
          "navegacao": 6,
          "autorreferencia": 0,
          "divulgacao": 1
        },
        "nao_classificados": []
      },
      "/livro-razao/concelhos/tabuaco": {
        "total": 9,
        "distintas": 9,
        "por_classe": {
          "conteudo": 2,
          "navegacao": 6,
          "autorreferencia": 0,
          "divulgacao": 1
        },
        "nao_classificados": []
      },
      "/livro-razao/concelhos/tarouca": {
        "total": 9,
        "distintas": 9,
        "por_classe": {
          "conteudo": 2,
          "navegacao": 6,
          "autorreferencia": 0,
          "divulgacao": 1
        },
        "nao_classificados": []
      },
      "/livro-razao/concelhos/tavira": {
        "total": 9,
        "distintas": 9,
        "por_classe": {
          "conteudo": 2,
          "navegacao": 6,
          "autorreferencia": 0,
          "divulgacao": 1
        },
        "nao_classificados": []
      },
      "/livro-razao/concelhos/terras-de-bouro": {
        "total": 9,
        "distintas": 9,
        "por_classe": {
          "conteudo": 2,
          "navegacao": 6,
          "autorreferencia": 0,
          "divulgacao": 1
        },
        "nao_classificados": []
      },
      "/livro-razao/concelhos/tomar": {
        "total": 9,
        "distintas": 9,
        "por_classe": {
          "conteudo": 2,
          "navegacao": 6,
          "autorreferencia": 0,
          "divulgacao": 1
        },
        "nao_classificados": []
      },
      "/livro-razao/concelhos/tondela": {
        "total": 9,
        "distintas": 9,
        "por_classe": {
          "conteudo": 2,
          "navegacao": 6,
          "autorreferencia": 0,
          "divulgacao": 1
        },
        "nao_classificados": []
      },
      "/livro-razao/concelhos/torre-de-moncorvo": {
        "total": 9,
        "distintas": 9,
        "por_classe": {
          "conteudo": 2,
          "navegacao": 6,
          "autorreferencia": 0,
          "divulgacao": 1
        },
        "nao_classificados": []
      },
      "/livro-razao/concelhos/torres-novas": {
        "total": 9,
        "distintas": 9,
        "por_classe": {
          "conteudo": 2,
          "navegacao": 6,
          "autorreferencia": 0,
          "divulgacao": 1
        },
        "nao_classificados": []
      },
      "/livro-razao/concelhos/torres-vedras": {
        "total": 9,
        "distintas": 9,
        "por_classe": {
          "conteudo": 2,
          "navegacao": 6,
          "autorreferencia": 0,
          "divulgacao": 1
        },
        "nao_classificados": []
      },
      "/livro-razao/concelhos/trancoso": {
        "total": 9,
        "distintas": 9,
        "por_classe": {
          "conteudo": 2,
          "navegacao": 6,
          "autorreferencia": 0,
          "divulgacao": 1
        },
        "nao_classificados": []
      },
      "/livro-razao/concelhos/trofa": {
        "total": 9,
        "distintas": 9,
        "por_classe": {
          "conteudo": 2,
          "navegacao": 6,
          "autorreferencia": 0,
          "divulgacao": 1
        },
        "nao_classificados": []
      },
      "/livro-razao/concelhos/vagos": {
        "total": 9,
        "distintas": 9,
        "por_classe": {
          "conteudo": 2,
          "navegacao": 6,
          "autorreferencia": 0,
          "divulgacao": 1
        },
        "nao_classificados": []
      },
      "/livro-razao/concelhos/vale-de-cambra": {
        "total": 9,
        "distintas": 9,
        "por_classe": {
          "conteudo": 2,
          "navegacao": 6,
          "autorreferencia": 0,
          "divulgacao": 1
        },
        "nao_classificados": []
      },
      "/livro-razao/concelhos/valenca": {
        "total": 9,
        "distintas": 9,
        "por_classe": {
          "conteudo": 2,
          "navegacao": 6,
          "autorreferencia": 0,
          "divulgacao": 1
        },
        "nao_classificados": []
      },
      "/livro-razao/concelhos/valongo": {
        "total": 9,
        "distintas": 9,
        "por_classe": {
          "conteudo": 2,
          "navegacao": 6,
          "autorreferencia": 0,
          "divulgacao": 1
        },
        "nao_classificados": []
      },
      "/livro-razao/concelhos/valpacos": {
        "total": 9,
        "distintas": 9,
        "por_classe": {
          "conteudo": 2,
          "navegacao": 6,
          "autorreferencia": 0,
          "divulgacao": 1
        },
        "nao_classificados": []
      },
      "/livro-razao/concelhos/velas": {
        "total": 9,
        "distintas": 9,
        "por_classe": {
          "conteudo": 2,
          "navegacao": 6,
          "autorreferencia": 0,
          "divulgacao": 1
        },
        "nao_classificados": []
      },
      "/livro-razao/concelhos/vendas-novas": {
        "total": 9,
        "distintas": 9,
        "por_classe": {
          "conteudo": 2,
          "navegacao": 6,
          "autorreferencia": 0,
          "divulgacao": 1
        },
        "nao_classificados": []
      },
      "/livro-razao/concelhos/viana-do-alentejo": {
        "total": 9,
        "distintas": 9,
        "por_classe": {
          "conteudo": 2,
          "navegacao": 6,
          "autorreferencia": 0,
          "divulgacao": 1
        },
        "nao_classificados": []
      },
      "/livro-razao/concelhos/viana-do-castelo": {
        "total": 9,
        "distintas": 9,
        "por_classe": {
          "conteudo": 2,
          "navegacao": 6,
          "autorreferencia": 0,
          "divulgacao": 1
        },
        "nao_classificados": []
      },
      "/livro-razao/concelhos/vidigueira": {
        "total": 9,
        "distintas": 9,
        "por_classe": {
          "conteudo": 2,
          "navegacao": 6,
          "autorreferencia": 0,
          "divulgacao": 1
        },
        "nao_classificados": []
      },
      "/livro-razao/concelhos/vieira-do-minho": {
        "total": 9,
        "distintas": 9,
        "por_classe": {
          "conteudo": 2,
          "navegacao": 6,
          "autorreferencia": 0,
          "divulgacao": 1
        },
        "nao_classificados": []
      },
      "/livro-razao/concelhos/vila-de-rei": {
        "total": 9,
        "distintas": 9,
        "por_classe": {
          "conteudo": 2,
          "navegacao": 6,
          "autorreferencia": 0,
          "divulgacao": 1
        },
        "nao_classificados": []
      },
      "/livro-razao/concelhos/vila-do-bispo": {
        "total": 9,
        "distintas": 9,
        "por_classe": {
          "conteudo": 2,
          "navegacao": 6,
          "autorreferencia": 0,
          "divulgacao": 1
        },
        "nao_classificados": []
      },
      "/livro-razao/concelhos/vila-do-conde": {
        "total": 9,
        "distintas": 9,
        "por_classe": {
          "conteudo": 2,
          "navegacao": 6,
          "autorreferencia": 0,
          "divulgacao": 1
        },
        "nao_classificados": []
      },
      "/livro-razao/concelhos/vila-do-porto": {
        "total": 9,
        "distintas": 9,
        "por_classe": {
          "conteudo": 2,
          "navegacao": 6,
          "autorreferencia": 0,
          "divulgacao": 1
        },
        "nao_classificados": []
      },
      "/livro-razao/concelhos/vila-flor": {
        "total": 9,
        "distintas": 9,
        "por_classe": {
          "conteudo": 2,
          "navegacao": 6,
          "autorreferencia": 0,
          "divulgacao": 1
        },
        "nao_classificados": []
      },
      "/livro-razao/concelhos/vila-franca-de-xira": {
        "total": 9,
        "distintas": 9,
        "por_classe": {
          "conteudo": 2,
          "navegacao": 6,
          "autorreferencia": 0,
          "divulgacao": 1
        },
        "nao_classificados": []
      },
      "/livro-razao/concelhos/vila-franca-do-campo": {
        "total": 9,
        "distintas": 9,
        "por_classe": {
          "conteudo": 2,
          "navegacao": 6,
          "autorreferencia": 0,
          "divulgacao": 1
        },
        "nao_classificados": []
      },
      "/livro-razao/concelhos/vila-nova-da-barquinha": {
        "total": 9,
        "distintas": 9,
        "por_classe": {
          "conteudo": 2,
          "navegacao": 6,
          "autorreferencia": 0,
          "divulgacao": 1
        },
        "nao_classificados": []
      },
      "/livro-razao/concelhos/vila-nova-de-cerveira": {
        "total": 9,
        "distintas": 9,
        "por_classe": {
          "conteudo": 2,
          "navegacao": 6,
          "autorreferencia": 0,
          "divulgacao": 1
        },
        "nao_classificados": []
      },
      "/livro-razao/concelhos/vila-nova-de-famalicao": {
        "total": 9,
        "distintas": 9,
        "por_classe": {
          "conteudo": 2,
          "navegacao": 6,
          "autorreferencia": 0,
          "divulgacao": 1
        },
        "nao_classificados": []
      },
      "/livro-razao/concelhos/vila-nova-de-foz-coa": {
        "total": 9,
        "distintas": 9,
        "por_classe": {
          "conteudo": 2,
          "navegacao": 6,
          "autorreferencia": 0,
          "divulgacao": 1
        },
        "nao_classificados": []
      },
      "/livro-razao/concelhos/vila-nova-de-gaia": {
        "total": 9,
        "distintas": 9,
        "por_classe": {
          "conteudo": 2,
          "navegacao": 6,
          "autorreferencia": 0,
          "divulgacao": 1
        },
        "nao_classificados": []
      },
      "/livro-razao/concelhos/vila-nova-de-paiva": {
        "total": 9,
        "distintas": 9,
        "por_classe": {
          "conteudo": 2,
          "navegacao": 6,
          "autorreferencia": 0,
          "divulgacao": 1
        },
        "nao_classificados": []
      },
      "/livro-razao/concelhos/vila-nova-de-poiares": {
        "total": 9,
        "distintas": 9,
        "por_classe": {
          "conteudo": 2,
          "navegacao": 6,
          "autorreferencia": 0,
          "divulgacao": 1
        },
        "nao_classificados": []
      },
      "/livro-razao/concelhos/vila-pouca-de-aguiar": {
        "total": 9,
        "distintas": 9,
        "por_classe": {
          "conteudo": 2,
          "navegacao": 6,
          "autorreferencia": 0,
          "divulgacao": 1
        },
        "nao_classificados": []
      },
      "/livro-razao/concelhos/vila-real": {
        "total": 9,
        "distintas": 9,
        "por_classe": {
          "conteudo": 2,
          "navegacao": 6,
          "autorreferencia": 0,
          "divulgacao": 1
        },
        "nao_classificados": []
      },
      "/livro-razao/concelhos/vila-real-de-santo-antonio": {
        "total": 9,
        "distintas": 9,
        "por_classe": {
          "conteudo": 2,
          "navegacao": 6,
          "autorreferencia": 0,
          "divulgacao": 1
        },
        "nao_classificados": []
      },
      "/livro-razao/concelhos/vila-velha-de-rodao": {
        "total": 9,
        "distintas": 9,
        "por_classe": {
          "conteudo": 2,
          "navegacao": 6,
          "autorreferencia": 0,
          "divulgacao": 1
        },
        "nao_classificados": []
      },
      "/livro-razao/concelhos/vila-verde": {
        "total": 9,
        "distintas": 9,
        "por_classe": {
          "conteudo": 2,
          "navegacao": 6,
          "autorreferencia": 0,
          "divulgacao": 1
        },
        "nao_classificados": []
      },
      "/livro-razao/concelhos/vila-vicosa": {
        "total": 9,
        "distintas": 9,
        "por_classe": {
          "conteudo": 2,
          "navegacao": 6,
          "autorreferencia": 0,
          "divulgacao": 1
        },
        "nao_classificados": []
      },
      "/livro-razao/concelhos/vimioso": {
        "total": 9,
        "distintas": 9,
        "por_classe": {
          "conteudo": 2,
          "navegacao": 6,
          "autorreferencia": 0,
          "divulgacao": 1
        },
        "nao_classificados": []
      },
      "/livro-razao/concelhos/vinhais": {
        "total": 9,
        "distintas": 9,
        "por_classe": {
          "conteudo": 2,
          "navegacao": 6,
          "autorreferencia": 0,
          "divulgacao": 1
        },
        "nao_classificados": []
      },
      "/livro-razao/concelhos/viseu": {
        "total": 9,
        "distintas": 9,
        "por_classe": {
          "conteudo": 2,
          "navegacao": 6,
          "autorreferencia": 0,
          "divulgacao": 1
        },
        "nao_classificados": []
      },
      "/livro-razao/concelhos/vizela": {
        "total": 9,
        "distintas": 9,
        "por_classe": {
          "conteudo": 2,
          "navegacao": 6,
          "autorreferencia": 0,
          "divulgacao": 1
        },
        "nao_classificados": []
      },
      "/livro-razao/concelhos/vouzela": {
        "total": 9,
        "distintas": 9,
        "por_classe": {
          "conteudo": 2,
          "navegacao": 6,
          "autorreferencia": 0,
          "divulgacao": 1
        },
        "nao_classificados": []
      },
      "/lugares": {
        "total": 48,
        "distintas": 40,
        "por_classe": {
          "conteudo": 24,
          "navegacao": 19,
          "autorreferencia": 0,
          "divulgacao": 1
        },
        "nao_classificados": [
          "As medidas dos concelhos",
          "Os números de <lugar> sobre os concelhos, os distritos, as ilhas e as regiões.",
          "Os números de Portugal sobre os concelhos, os distritos, as ilhas e as regiões.",
          "· concelhos"
        ]
      },
      "/municipios/abrantes": {
        "total": 22,
        "distintas": 20,
        "por_classe": {
          "conteudo": 16,
          "navegacao": 5,
          "autorreferencia": 0,
          "divulgacao": 1
        },
        "nao_classificados": []
      },
      "/municipios/agueda": {
        "total": 22,
        "distintas": 20,
        "por_classe": {
          "conteudo": 16,
          "navegacao": 5,
          "autorreferencia": 0,
          "divulgacao": 1
        },
        "nao_classificados": []
      },
      "/municipios/aguiar-da-beira": {
        "total": 22,
        "distintas": 20,
        "por_classe": {
          "conteudo": 16,
          "navegacao": 5,
          "autorreferencia": 0,
          "divulgacao": 1
        },
        "nao_classificados": []
      },
      "/municipios/alandroal": {
        "total": 22,
        "distintas": 20,
        "por_classe": {
          "conteudo": 16,
          "navegacao": 5,
          "autorreferencia": 0,
          "divulgacao": 1
        },
        "nao_classificados": []
      },
      "/municipios/albergaria-a-velha": {
        "total": 22,
        "distintas": 20,
        "por_classe": {
          "conteudo": 16,
          "navegacao": 5,
          "autorreferencia": 0,
          "divulgacao": 1
        },
        "nao_classificados": []
      },
      "/municipios/albufeira": {
        "total": 22,
        "distintas": 20,
        "por_classe": {
          "conteudo": 16,
          "navegacao": 5,
          "autorreferencia": 0,
          "divulgacao": 1
        },
        "nao_classificados": []
      },
      "/municipios/alcacer-do-sal": {
        "total": 22,
        "distintas": 20,
        "por_classe": {
          "conteudo": 16,
          "navegacao": 5,
          "autorreferencia": 0,
          "divulgacao": 1
        },
        "nao_classificados": []
      },
      "/municipios/alcanena": {
        "total": 22,
        "distintas": 20,
        "por_classe": {
          "conteudo": 16,
          "navegacao": 5,
          "autorreferencia": 0,
          "divulgacao": 1
        },
        "nao_classificados": []
      },
      "/municipios/alcobaca": {
        "total": 22,
        "distintas": 20,
        "por_classe": {
          "conteudo": 16,
          "navegacao": 5,
          "autorreferencia": 0,
          "divulgacao": 1
        },
        "nao_classificados": []
      },
      "/municipios/alcochete": {
        "total": 22,
        "distintas": 20,
        "por_classe": {
          "conteudo": 16,
          "navegacao": 5,
          "autorreferencia": 0,
          "divulgacao": 1
        },
        "nao_classificados": []
      },
      "/municipios/alcoutim": {
        "total": 22,
        "distintas": 20,
        "por_classe": {
          "conteudo": 16,
          "navegacao": 5,
          "autorreferencia": 0,
          "divulgacao": 1
        },
        "nao_classificados": []
      },
      "/municipios/alenquer": {
        "total": 22,
        "distintas": 20,
        "por_classe": {
          "conteudo": 16,
          "navegacao": 5,
          "autorreferencia": 0,
          "divulgacao": 1
        },
        "nao_classificados": []
      },
      "/municipios/alfandega-da-fe": {
        "total": 22,
        "distintas": 20,
        "por_classe": {
          "conteudo": 16,
          "navegacao": 5,
          "autorreferencia": 0,
          "divulgacao": 1
        },
        "nao_classificados": []
      },
      "/municipios/alijo": {
        "total": 22,
        "distintas": 20,
        "por_classe": {
          "conteudo": 16,
          "navegacao": 5,
          "autorreferencia": 0,
          "divulgacao": 1
        },
        "nao_classificados": []
      },
      "/municipios/aljezur": {
        "total": 22,
        "distintas": 20,
        "por_classe": {
          "conteudo": 16,
          "navegacao": 5,
          "autorreferencia": 0,
          "divulgacao": 1
        },
        "nao_classificados": []
      },
      "/municipios/aljustrel": {
        "total": 22,
        "distintas": 20,
        "por_classe": {
          "conteudo": 16,
          "navegacao": 5,
          "autorreferencia": 0,
          "divulgacao": 1
        },
        "nao_classificados": []
      },
      "/municipios/almada": {
        "total": 22,
        "distintas": 20,
        "por_classe": {
          "conteudo": 16,
          "navegacao": 5,
          "autorreferencia": 0,
          "divulgacao": 1
        },
        "nao_classificados": []
      },
      "/municipios/almeida": {
        "total": 22,
        "distintas": 20,
        "por_classe": {
          "conteudo": 16,
          "navegacao": 5,
          "autorreferencia": 0,
          "divulgacao": 1
        },
        "nao_classificados": []
      },
      "/municipios/almeirim": {
        "total": 22,
        "distintas": 20,
        "por_classe": {
          "conteudo": 16,
          "navegacao": 5,
          "autorreferencia": 0,
          "divulgacao": 1
        },
        "nao_classificados": []
      },
      "/municipios/almodovar": {
        "total": 22,
        "distintas": 20,
        "por_classe": {
          "conteudo": 16,
          "navegacao": 5,
          "autorreferencia": 0,
          "divulgacao": 1
        },
        "nao_classificados": []
      },
      "/municipios/alpiarca": {
        "total": 22,
        "distintas": 20,
        "por_classe": {
          "conteudo": 16,
          "navegacao": 5,
          "autorreferencia": 0,
          "divulgacao": 1
        },
        "nao_classificados": []
      },
      "/municipios/alter-do-chao": {
        "total": 22,
        "distintas": 20,
        "por_classe": {
          "conteudo": 16,
          "navegacao": 5,
          "autorreferencia": 0,
          "divulgacao": 1
        },
        "nao_classificados": []
      },
      "/municipios/alvaiazere": {
        "total": 22,
        "distintas": 20,
        "por_classe": {
          "conteudo": 16,
          "navegacao": 5,
          "autorreferencia": 0,
          "divulgacao": 1
        },
        "nao_classificados": []
      },
      "/municipios/alvito": {
        "total": 22,
        "distintas": 20,
        "por_classe": {
          "conteudo": 16,
          "navegacao": 5,
          "autorreferencia": 0,
          "divulgacao": 1
        },
        "nao_classificados": []
      },
      "/municipios/amadora": {
        "total": 22,
        "distintas": 20,
        "por_classe": {
          "conteudo": 16,
          "navegacao": 5,
          "autorreferencia": 0,
          "divulgacao": 1
        },
        "nao_classificados": []
      },
      "/municipios/amarante": {
        "total": 22,
        "distintas": 20,
        "por_classe": {
          "conteudo": 16,
          "navegacao": 5,
          "autorreferencia": 0,
          "divulgacao": 1
        },
        "nao_classificados": []
      },
      "/municipios/amares": {
        "total": 22,
        "distintas": 20,
        "por_classe": {
          "conteudo": 16,
          "navegacao": 5,
          "autorreferencia": 0,
          "divulgacao": 1
        },
        "nao_classificados": []
      },
      "/municipios/anadia": {
        "total": 22,
        "distintas": 20,
        "por_classe": {
          "conteudo": 16,
          "navegacao": 5,
          "autorreferencia": 0,
          "divulgacao": 1
        },
        "nao_classificados": []
      },
      "/municipios/angra-do-heroismo": {
        "total": 20,
        "distintas": 18,
        "por_classe": {
          "conteudo": 14,
          "navegacao": 5,
          "autorreferencia": 0,
          "divulgacao": 1
        },
        "nao_classificados": []
      },
      "/municipios/ansiao": {
        "total": 22,
        "distintas": 20,
        "por_classe": {
          "conteudo": 16,
          "navegacao": 5,
          "autorreferencia": 0,
          "divulgacao": 1
        },
        "nao_classificados": []
      },
      "/municipios/arcos-de-valdevez": {
        "total": 22,
        "distintas": 20,
        "por_classe": {
          "conteudo": 16,
          "navegacao": 5,
          "autorreferencia": 0,
          "divulgacao": 1
        },
        "nao_classificados": []
      },
      "/municipios/arganil": {
        "total": 22,
        "distintas": 20,
        "por_classe": {
          "conteudo": 16,
          "navegacao": 5,
          "autorreferencia": 0,
          "divulgacao": 1
        },
        "nao_classificados": []
      },
      "/municipios/armamar": {
        "total": 22,
        "distintas": 20,
        "por_classe": {
          "conteudo": 16,
          "navegacao": 5,
          "autorreferencia": 0,
          "divulgacao": 1
        },
        "nao_classificados": []
      },
      "/municipios/arouca": {
        "total": 22,
        "distintas": 20,
        "por_classe": {
          "conteudo": 16,
          "navegacao": 5,
          "autorreferencia": 0,
          "divulgacao": 1
        },
        "nao_classificados": []
      },
      "/municipios/arraiolos": {
        "total": 22,
        "distintas": 20,
        "por_classe": {
          "conteudo": 16,
          "navegacao": 5,
          "autorreferencia": 0,
          "divulgacao": 1
        },
        "nao_classificados": []
      },
      "/municipios/arronches": {
        "total": 22,
        "distintas": 20,
        "por_classe": {
          "conteudo": 16,
          "navegacao": 5,
          "autorreferencia": 0,
          "divulgacao": 1
        },
        "nao_classificados": []
      },
      "/municipios/arruda-dos-vinhos": {
        "total": 22,
        "distintas": 20,
        "por_classe": {
          "conteudo": 16,
          "navegacao": 5,
          "autorreferencia": 0,
          "divulgacao": 1
        },
        "nao_classificados": []
      },
      "/municipios/aveiro": {
        "total": 22,
        "distintas": 20,
        "por_classe": {
          "conteudo": 16,
          "navegacao": 5,
          "autorreferencia": 0,
          "divulgacao": 1
        },
        "nao_classificados": []
      },
      "/municipios/avis": {
        "total": 22,
        "distintas": 20,
        "por_classe": {
          "conteudo": 16,
          "navegacao": 5,
          "autorreferencia": 0,
          "divulgacao": 1
        },
        "nao_classificados": []
      },
      "/municipios/azambuja": {
        "total": 22,
        "distintas": 20,
        "por_classe": {
          "conteudo": 16,
          "navegacao": 5,
          "autorreferencia": 0,
          "divulgacao": 1
        },
        "nao_classificados": []
      },
      "/municipios/baiao": {
        "total": 22,
        "distintas": 20,
        "por_classe": {
          "conteudo": 16,
          "navegacao": 5,
          "autorreferencia": 0,
          "divulgacao": 1
        },
        "nao_classificados": []
      },
      "/municipios/barcelos": {
        "total": 22,
        "distintas": 20,
        "por_classe": {
          "conteudo": 16,
          "navegacao": 5,
          "autorreferencia": 0,
          "divulgacao": 1
        },
        "nao_classificados": []
      },
      "/municipios/barrancos": {
        "total": 22,
        "distintas": 20,
        "por_classe": {
          "conteudo": 16,
          "navegacao": 5,
          "autorreferencia": 0,
          "divulgacao": 1
        },
        "nao_classificados": []
      },
      "/municipios/barreiro": {
        "total": 22,
        "distintas": 20,
        "por_classe": {
          "conteudo": 16,
          "navegacao": 5,
          "autorreferencia": 0,
          "divulgacao": 1
        },
        "nao_classificados": []
      },
      "/municipios/batalha": {
        "total": 22,
        "distintas": 20,
        "por_classe": {
          "conteudo": 16,
          "navegacao": 5,
          "autorreferencia": 0,
          "divulgacao": 1
        },
        "nao_classificados": []
      },
      "/municipios/beja": {
        "total": 22,
        "distintas": 20,
        "por_classe": {
          "conteudo": 16,
          "navegacao": 5,
          "autorreferencia": 0,
          "divulgacao": 1
        },
        "nao_classificados": []
      },
      "/municipios/belmonte": {
        "total": 22,
        "distintas": 20,
        "por_classe": {
          "conteudo": 16,
          "navegacao": 5,
          "autorreferencia": 0,
          "divulgacao": 1
        },
        "nao_classificados": []
      },
      "/municipios/benavente": {
        "total": 22,
        "distintas": 20,
        "por_classe": {
          "conteudo": 16,
          "navegacao": 5,
          "autorreferencia": 0,
          "divulgacao": 1
        },
        "nao_classificados": []
      },
      "/municipios/bombarral": {
        "total": 22,
        "distintas": 20,
        "por_classe": {
          "conteudo": 16,
          "navegacao": 5,
          "autorreferencia": 0,
          "divulgacao": 1
        },
        "nao_classificados": []
      },
      "/municipios/borba": {
        "total": 22,
        "distintas": 20,
        "por_classe": {
          "conteudo": 16,
          "navegacao": 5,
          "autorreferencia": 0,
          "divulgacao": 1
        },
        "nao_classificados": []
      },
      "/municipios/boticas": {
        "total": 22,
        "distintas": 20,
        "por_classe": {
          "conteudo": 16,
          "navegacao": 5,
          "autorreferencia": 0,
          "divulgacao": 1
        },
        "nao_classificados": []
      },
      "/municipios/braga": {
        "total": 22,
        "distintas": 20,
        "por_classe": {
          "conteudo": 16,
          "navegacao": 5,
          "autorreferencia": 0,
          "divulgacao": 1
        },
        "nao_classificados": []
      },
      "/municipios/braganca": {
        "total": 22,
        "distintas": 20,
        "por_classe": {
          "conteudo": 16,
          "navegacao": 5,
          "autorreferencia": 0,
          "divulgacao": 1
        },
        "nao_classificados": []
      },
      "/municipios/cabeceiras-de-basto": {
        "total": 22,
        "distintas": 20,
        "por_classe": {
          "conteudo": 16,
          "navegacao": 5,
          "autorreferencia": 0,
          "divulgacao": 1
        },
        "nao_classificados": []
      },
      "/municipios/cadaval": {
        "total": 22,
        "distintas": 20,
        "por_classe": {
          "conteudo": 16,
          "navegacao": 5,
          "autorreferencia": 0,
          "divulgacao": 1
        },
        "nao_classificados": []
      },
      "/municipios/caldas-da-rainha": {
        "total": 22,
        "distintas": 20,
        "por_classe": {
          "conteudo": 16,
          "navegacao": 5,
          "autorreferencia": 0,
          "divulgacao": 1
        },
        "nao_classificados": []
      },
      "/municipios/calheta": {
        "total": 20,
        "distintas": 18,
        "por_classe": {
          "conteudo": 14,
          "navegacao": 5,
          "autorreferencia": 0,
          "divulgacao": 1
        },
        "nao_classificados": []
      },
      "/municipios/calheta-de-sao-jorge": {
        "total": 20,
        "distintas": 18,
        "por_classe": {
          "conteudo": 14,
          "navegacao": 5,
          "autorreferencia": 0,
          "divulgacao": 1
        },
        "nao_classificados": []
      },
      "/municipios/camara-de-lobos": {
        "total": 20,
        "distintas": 18,
        "por_classe": {
          "conteudo": 14,
          "navegacao": 5,
          "autorreferencia": 0,
          "divulgacao": 1
        },
        "nao_classificados": []
      },
      "/municipios/caminha": {
        "total": 22,
        "distintas": 20,
        "por_classe": {
          "conteudo": 16,
          "navegacao": 5,
          "autorreferencia": 0,
          "divulgacao": 1
        },
        "nao_classificados": []
      },
      "/municipios/campo-maior": {
        "total": 22,
        "distintas": 20,
        "por_classe": {
          "conteudo": 16,
          "navegacao": 5,
          "autorreferencia": 0,
          "divulgacao": 1
        },
        "nao_classificados": []
      },
      "/municipios/cantanhede": {
        "total": 22,
        "distintas": 20,
        "por_classe": {
          "conteudo": 16,
          "navegacao": 5,
          "autorreferencia": 0,
          "divulgacao": 1
        },
        "nao_classificados": []
      },
      "/municipios/carrazeda-de-ansiaes": {
        "total": 22,
        "distintas": 20,
        "por_classe": {
          "conteudo": 16,
          "navegacao": 5,
          "autorreferencia": 0,
          "divulgacao": 1
        },
        "nao_classificados": []
      },
      "/municipios/carregal-do-sal": {
        "total": 22,
        "distintas": 20,
        "por_classe": {
          "conteudo": 16,
          "navegacao": 5,
          "autorreferencia": 0,
          "divulgacao": 1
        },
        "nao_classificados": []
      },
      "/municipios/cartaxo": {
        "total": 22,
        "distintas": 20,
        "por_classe": {
          "conteudo": 16,
          "navegacao": 5,
          "autorreferencia": 0,
          "divulgacao": 1
        },
        "nao_classificados": []
      },
      "/municipios/cascais": {
        "total": 22,
        "distintas": 20,
        "por_classe": {
          "conteudo": 16,
          "navegacao": 5,
          "autorreferencia": 0,
          "divulgacao": 1
        },
        "nao_classificados": []
      },
      "/municipios/castanheira-de-pera": {
        "total": 22,
        "distintas": 20,
        "por_classe": {
          "conteudo": 16,
          "navegacao": 5,
          "autorreferencia": 0,
          "divulgacao": 1
        },
        "nao_classificados": []
      },
      "/municipios/castelo-branco": {
        "total": 22,
        "distintas": 20,
        "por_classe": {
          "conteudo": 16,
          "navegacao": 5,
          "autorreferencia": 0,
          "divulgacao": 1
        },
        "nao_classificados": []
      },
      "/municipios/castelo-de-paiva": {
        "total": 22,
        "distintas": 20,
        "por_classe": {
          "conteudo": 16,
          "navegacao": 5,
          "autorreferencia": 0,
          "divulgacao": 1
        },
        "nao_classificados": []
      },
      "/municipios/castelo-de-vide": {
        "total": 22,
        "distintas": 20,
        "por_classe": {
          "conteudo": 16,
          "navegacao": 5,
          "autorreferencia": 0,
          "divulgacao": 1
        },
        "nao_classificados": []
      },
      "/municipios/castro-daire": {
        "total": 22,
        "distintas": 20,
        "por_classe": {
          "conteudo": 16,
          "navegacao": 5,
          "autorreferencia": 0,
          "divulgacao": 1
        },
        "nao_classificados": []
      },
      "/municipios/castro-marim": {
        "total": 22,
        "distintas": 20,
        "por_classe": {
          "conteudo": 16,
          "navegacao": 5,
          "autorreferencia": 0,
          "divulgacao": 1
        },
        "nao_classificados": []
      },
      "/municipios/castro-verde": {
        "total": 22,
        "distintas": 20,
        "por_classe": {
          "conteudo": 16,
          "navegacao": 5,
          "autorreferencia": 0,
          "divulgacao": 1
        },
        "nao_classificados": []
      },
      "/municipios/celorico-da-beira": {
        "total": 22,
        "distintas": 20,
        "por_classe": {
          "conteudo": 16,
          "navegacao": 5,
          "autorreferencia": 0,
          "divulgacao": 1
        },
        "nao_classificados": []
      },
      "/municipios/celorico-de-basto": {
        "total": 22,
        "distintas": 20,
        "por_classe": {
          "conteudo": 16,
          "navegacao": 5,
          "autorreferencia": 0,
          "divulgacao": 1
        },
        "nao_classificados": []
      },
      "/municipios/chamusca": {
        "total": 22,
        "distintas": 20,
        "por_classe": {
          "conteudo": 16,
          "navegacao": 5,
          "autorreferencia": 0,
          "divulgacao": 1
        },
        "nao_classificados": []
      },
      "/municipios/chaves": {
        "total": 22,
        "distintas": 20,
        "por_classe": {
          "conteudo": 16,
          "navegacao": 5,
          "autorreferencia": 0,
          "divulgacao": 1
        },
        "nao_classificados": []
      },
      "/municipios/cinfaes": {
        "total": 22,
        "distintas": 20,
        "por_classe": {
          "conteudo": 16,
          "navegacao": 5,
          "autorreferencia": 0,
          "divulgacao": 1
        },
        "nao_classificados": []
      },
      "/municipios/coimbra": {
        "total": 22,
        "distintas": 20,
        "por_classe": {
          "conteudo": 16,
          "navegacao": 5,
          "autorreferencia": 0,
          "divulgacao": 1
        },
        "nao_classificados": []
      },
      "/municipios/condeixa-a-nova": {
        "total": 22,
        "distintas": 20,
        "por_classe": {
          "conteudo": 16,
          "navegacao": 5,
          "autorreferencia": 0,
          "divulgacao": 1
        },
        "nao_classificados": []
      },
      "/municipios/constancia": {
        "total": 22,
        "distintas": 20,
        "por_classe": {
          "conteudo": 16,
          "navegacao": 5,
          "autorreferencia": 0,
          "divulgacao": 1
        },
        "nao_classificados": []
      },
      "/municipios/coruche": {
        "total": 22,
        "distintas": 20,
        "por_classe": {
          "conteudo": 16,
          "navegacao": 5,
          "autorreferencia": 0,
          "divulgacao": 1
        },
        "nao_classificados": []
      },
      "/municipios/corvo": {
        "total": 20,
        "distintas": 18,
        "por_classe": {
          "conteudo": 14,
          "navegacao": 5,
          "autorreferencia": 0,
          "divulgacao": 1
        },
        "nao_classificados": []
      },
      "/municipios/covilha": {
        "total": 22,
        "distintas": 20,
        "por_classe": {
          "conteudo": 16,
          "navegacao": 5,
          "autorreferencia": 0,
          "divulgacao": 1
        },
        "nao_classificados": []
      },
      "/municipios/crato": {
        "total": 22,
        "distintas": 20,
        "por_classe": {
          "conteudo": 16,
          "navegacao": 5,
          "autorreferencia": 0,
          "divulgacao": 1
        },
        "nao_classificados": []
      },
      "/municipios/cuba": {
        "total": 22,
        "distintas": 20,
        "por_classe": {
          "conteudo": 16,
          "navegacao": 5,
          "autorreferencia": 0,
          "divulgacao": 1
        },
        "nao_classificados": []
      },
      "/municipios/elvas": {
        "total": 22,
        "distintas": 20,
        "por_classe": {
          "conteudo": 16,
          "navegacao": 5,
          "autorreferencia": 0,
          "divulgacao": 1
        },
        "nao_classificados": []
      },
      "/municipios/entroncamento": {
        "total": 22,
        "distintas": 20,
        "por_classe": {
          "conteudo": 16,
          "navegacao": 5,
          "autorreferencia": 0,
          "divulgacao": 1
        },
        "nao_classificados": []
      },
      "/municipios/espinho": {
        "total": 22,
        "distintas": 20,
        "por_classe": {
          "conteudo": 16,
          "navegacao": 5,
          "autorreferencia": 0,
          "divulgacao": 1
        },
        "nao_classificados": []
      },
      "/municipios/esposende": {
        "total": 22,
        "distintas": 20,
        "por_classe": {
          "conteudo": 16,
          "navegacao": 5,
          "autorreferencia": 0,
          "divulgacao": 1
        },
        "nao_classificados": []
      },
      "/municipios/estarreja": {
        "total": 22,
        "distintas": 20,
        "por_classe": {
          "conteudo": 16,
          "navegacao": 5,
          "autorreferencia": 0,
          "divulgacao": 1
        },
        "nao_classificados": []
      },
      "/municipios/estremoz": {
        "total": 22,
        "distintas": 20,
        "por_classe": {
          "conteudo": 16,
          "navegacao": 5,
          "autorreferencia": 0,
          "divulgacao": 1
        },
        "nao_classificados": []
      },
      "/municipios/evora": {
        "total": 75,
        "distintas": 46,
        "por_classe": {
          "conteudo": 66,
          "navegacao": 8,
          "autorreferencia": 0,
          "divulgacao": 1
        },
        "nao_classificados": []
      },
      "/municipios/fafe": {
        "total": 22,
        "distintas": 20,
        "por_classe": {
          "conteudo": 16,
          "navegacao": 5,
          "autorreferencia": 0,
          "divulgacao": 1
        },
        "nao_classificados": []
      },
      "/municipios/faro": {
        "total": 22,
        "distintas": 20,
        "por_classe": {
          "conteudo": 16,
          "navegacao": 5,
          "autorreferencia": 0,
          "divulgacao": 1
        },
        "nao_classificados": []
      },
      "/municipios/felgueiras": {
        "total": 22,
        "distintas": 20,
        "por_classe": {
          "conteudo": 16,
          "navegacao": 5,
          "autorreferencia": 0,
          "divulgacao": 1
        },
        "nao_classificados": []
      },
      "/municipios/ferreira-do-alentejo": {
        "total": 22,
        "distintas": 20,
        "por_classe": {
          "conteudo": 16,
          "navegacao": 5,
          "autorreferencia": 0,
          "divulgacao": 1
        },
        "nao_classificados": []
      },
      "/municipios/ferreira-do-zezere": {
        "total": 22,
        "distintas": 20,
        "por_classe": {
          "conteudo": 16,
          "navegacao": 5,
          "autorreferencia": 0,
          "divulgacao": 1
        },
        "nao_classificados": []
      },
      "/municipios/figueira-da-foz": {
        "total": 22,
        "distintas": 20,
        "por_classe": {
          "conteudo": 16,
          "navegacao": 5,
          "autorreferencia": 0,
          "divulgacao": 1
        },
        "nao_classificados": []
      },
      "/municipios/figueira-de-castelo-rodrigo": {
        "total": 22,
        "distintas": 20,
        "por_classe": {
          "conteudo": 16,
          "navegacao": 5,
          "autorreferencia": 0,
          "divulgacao": 1
        },
        "nao_classificados": []
      },
      "/municipios/figueiro-dos-vinhos": {
        "total": 22,
        "distintas": 20,
        "por_classe": {
          "conteudo": 16,
          "navegacao": 5,
          "autorreferencia": 0,
          "divulgacao": 1
        },
        "nao_classificados": []
      },
      "/municipios/fornos-de-algodres": {
        "total": 22,
        "distintas": 20,
        "por_classe": {
          "conteudo": 16,
          "navegacao": 5,
          "autorreferencia": 0,
          "divulgacao": 1
        },
        "nao_classificados": []
      },
      "/municipios/freixo-de-espada-a-cinta": {
        "total": 22,
        "distintas": 20,
        "por_classe": {
          "conteudo": 16,
          "navegacao": 5,
          "autorreferencia": 0,
          "divulgacao": 1
        },
        "nao_classificados": []
      },
      "/municipios/fronteira": {
        "total": 22,
        "distintas": 20,
        "por_classe": {
          "conteudo": 16,
          "navegacao": 5,
          "autorreferencia": 0,
          "divulgacao": 1
        },
        "nao_classificados": []
      },
      "/municipios/funchal": {
        "total": 20,
        "distintas": 18,
        "por_classe": {
          "conteudo": 14,
          "navegacao": 5,
          "autorreferencia": 0,
          "divulgacao": 1
        },
        "nao_classificados": []
      },
      "/municipios/fundao": {
        "total": 22,
        "distintas": 20,
        "por_classe": {
          "conteudo": 16,
          "navegacao": 5,
          "autorreferencia": 0,
          "divulgacao": 1
        },
        "nao_classificados": []
      },
      "/municipios/gaviao": {
        "total": 22,
        "distintas": 20,
        "por_classe": {
          "conteudo": 16,
          "navegacao": 5,
          "autorreferencia": 0,
          "divulgacao": 1
        },
        "nao_classificados": []
      },
      "/municipios/gois": {
        "total": 22,
        "distintas": 20,
        "por_classe": {
          "conteudo": 16,
          "navegacao": 5,
          "autorreferencia": 0,
          "divulgacao": 1
        },
        "nao_classificados": []
      },
      "/municipios/golega": {
        "total": 22,
        "distintas": 20,
        "por_classe": {
          "conteudo": 16,
          "navegacao": 5,
          "autorreferencia": 0,
          "divulgacao": 1
        },
        "nao_classificados": []
      },
      "/municipios/gondomar": {
        "total": 22,
        "distintas": 20,
        "por_classe": {
          "conteudo": 16,
          "navegacao": 5,
          "autorreferencia": 0,
          "divulgacao": 1
        },
        "nao_classificados": []
      },
      "/municipios/gouveia": {
        "total": 22,
        "distintas": 20,
        "por_classe": {
          "conteudo": 16,
          "navegacao": 5,
          "autorreferencia": 0,
          "divulgacao": 1
        },
        "nao_classificados": []
      },
      "/municipios/grandola": {
        "total": 22,
        "distintas": 20,
        "por_classe": {
          "conteudo": 16,
          "navegacao": 5,
          "autorreferencia": 0,
          "divulgacao": 1
        },
        "nao_classificados": []
      },
      "/municipios/guarda": {
        "total": 22,
        "distintas": 20,
        "por_classe": {
          "conteudo": 16,
          "navegacao": 5,
          "autorreferencia": 0,
          "divulgacao": 1
        },
        "nao_classificados": []
      },
      "/municipios/guimaraes": {
        "total": 22,
        "distintas": 20,
        "por_classe": {
          "conteudo": 16,
          "navegacao": 5,
          "autorreferencia": 0,
          "divulgacao": 1
        },
        "nao_classificados": []
      },
      "/municipios/horta": {
        "total": 20,
        "distintas": 18,
        "por_classe": {
          "conteudo": 14,
          "navegacao": 5,
          "autorreferencia": 0,
          "divulgacao": 1
        },
        "nao_classificados": []
      },
      "/municipios/idanha-a-nova": {
        "total": 22,
        "distintas": 20,
        "por_classe": {
          "conteudo": 16,
          "navegacao": 5,
          "autorreferencia": 0,
          "divulgacao": 1
        },
        "nao_classificados": []
      },
      "/municipios/ilhavo": {
        "total": 22,
        "distintas": 20,
        "por_classe": {
          "conteudo": 16,
          "navegacao": 5,
          "autorreferencia": 0,
          "divulgacao": 1
        },
        "nao_classificados": []
      },
      "/municipios/lagoa-faro": {
        "total": 22,
        "distintas": 20,
        "por_classe": {
          "conteudo": 16,
          "navegacao": 5,
          "autorreferencia": 0,
          "divulgacao": 1
        },
        "nao_classificados": []
      },
      "/municipios/lagoa-ilha-de-sao-miguel": {
        "total": 20,
        "distintas": 18,
        "por_classe": {
          "conteudo": 14,
          "navegacao": 5,
          "autorreferencia": 0,
          "divulgacao": 1
        },
        "nao_classificados": []
      },
      "/municipios/lagos": {
        "total": 22,
        "distintas": 20,
        "por_classe": {
          "conteudo": 16,
          "navegacao": 5,
          "autorreferencia": 0,
          "divulgacao": 1
        },
        "nao_classificados": []
      },
      "/municipios/lajes-das-flores": {
        "total": 20,
        "distintas": 18,
        "por_classe": {
          "conteudo": 14,
          "navegacao": 5,
          "autorreferencia": 0,
          "divulgacao": 1
        },
        "nao_classificados": []
      },
      "/municipios/lajes-do-pico": {
        "total": 20,
        "distintas": 18,
        "por_classe": {
          "conteudo": 14,
          "navegacao": 5,
          "autorreferencia": 0,
          "divulgacao": 1
        },
        "nao_classificados": []
      },
      "/municipios/lamego": {
        "total": 22,
        "distintas": 20,
        "por_classe": {
          "conteudo": 16,
          "navegacao": 5,
          "autorreferencia": 0,
          "divulgacao": 1
        },
        "nao_classificados": []
      },
      "/municipios/leiria": {
        "total": 22,
        "distintas": 20,
        "por_classe": {
          "conteudo": 16,
          "navegacao": 5,
          "autorreferencia": 0,
          "divulgacao": 1
        },
        "nao_classificados": []
      },
      "/municipios/lisboa": {
        "total": 22,
        "distintas": 20,
        "por_classe": {
          "conteudo": 16,
          "navegacao": 5,
          "autorreferencia": 0,
          "divulgacao": 1
        },
        "nao_classificados": []
      },
      "/municipios/loule": {
        "total": 22,
        "distintas": 20,
        "por_classe": {
          "conteudo": 16,
          "navegacao": 5,
          "autorreferencia": 0,
          "divulgacao": 1
        },
        "nao_classificados": []
      },
      "/municipios/loures": {
        "total": 22,
        "distintas": 20,
        "por_classe": {
          "conteudo": 16,
          "navegacao": 5,
          "autorreferencia": 0,
          "divulgacao": 1
        },
        "nao_classificados": []
      },
      "/municipios/lourinha": {
        "total": 22,
        "distintas": 20,
        "por_classe": {
          "conteudo": 16,
          "navegacao": 5,
          "autorreferencia": 0,
          "divulgacao": 1
        },
        "nao_classificados": []
      },
      "/municipios/lousa": {
        "total": 22,
        "distintas": 20,
        "por_classe": {
          "conteudo": 16,
          "navegacao": 5,
          "autorreferencia": 0,
          "divulgacao": 1
        },
        "nao_classificados": []
      },
      "/municipios/lousada": {
        "total": 22,
        "distintas": 20,
        "por_classe": {
          "conteudo": 16,
          "navegacao": 5,
          "autorreferencia": 0,
          "divulgacao": 1
        },
        "nao_classificados": []
      },
      "/municipios/macao": {
        "total": 22,
        "distintas": 20,
        "por_classe": {
          "conteudo": 16,
          "navegacao": 5,
          "autorreferencia": 0,
          "divulgacao": 1
        },
        "nao_classificados": []
      },
      "/municipios/macedo-de-cavaleiros": {
        "total": 22,
        "distintas": 20,
        "por_classe": {
          "conteudo": 16,
          "navegacao": 5,
          "autorreferencia": 0,
          "divulgacao": 1
        },
        "nao_classificados": []
      },
      "/municipios/machico": {
        "total": 20,
        "distintas": 18,
        "por_classe": {
          "conteudo": 14,
          "navegacao": 5,
          "autorreferencia": 0,
          "divulgacao": 1
        },
        "nao_classificados": []
      },
      "/municipios/madalena": {
        "total": 20,
        "distintas": 18,
        "por_classe": {
          "conteudo": 14,
          "navegacao": 5,
          "autorreferencia": 0,
          "divulgacao": 1
        },
        "nao_classificados": []
      },
      "/municipios/mafra": {
        "total": 22,
        "distintas": 20,
        "por_classe": {
          "conteudo": 16,
          "navegacao": 5,
          "autorreferencia": 0,
          "divulgacao": 1
        },
        "nao_classificados": []
      },
      "/municipios/maia": {
        "total": 22,
        "distintas": 20,
        "por_classe": {
          "conteudo": 16,
          "navegacao": 5,
          "autorreferencia": 0,
          "divulgacao": 1
        },
        "nao_classificados": []
      },
      "/municipios/mangualde": {
        "total": 22,
        "distintas": 20,
        "por_classe": {
          "conteudo": 16,
          "navegacao": 5,
          "autorreferencia": 0,
          "divulgacao": 1
        },
        "nao_classificados": []
      },
      "/municipios/manteigas": {
        "total": 22,
        "distintas": 20,
        "por_classe": {
          "conteudo": 16,
          "navegacao": 5,
          "autorreferencia": 0,
          "divulgacao": 1
        },
        "nao_classificados": []
      },
      "/municipios/marco-de-canaveses": {
        "total": 22,
        "distintas": 20,
        "por_classe": {
          "conteudo": 16,
          "navegacao": 5,
          "autorreferencia": 0,
          "divulgacao": 1
        },
        "nao_classificados": []
      },
      "/municipios/marinha-grande": {
        "total": 22,
        "distintas": 20,
        "por_classe": {
          "conteudo": 16,
          "navegacao": 5,
          "autorreferencia": 0,
          "divulgacao": 1
        },
        "nao_classificados": []
      },
      "/municipios/marvao": {
        "total": 22,
        "distintas": 20,
        "por_classe": {
          "conteudo": 16,
          "navegacao": 5,
          "autorreferencia": 0,
          "divulgacao": 1
        },
        "nao_classificados": []
      },
      "/municipios/matosinhos": {
        "total": 22,
        "distintas": 20,
        "por_classe": {
          "conteudo": 16,
          "navegacao": 5,
          "autorreferencia": 0,
          "divulgacao": 1
        },
        "nao_classificados": []
      },
      "/municipios/mealhada": {
        "total": 22,
        "distintas": 20,
        "por_classe": {
          "conteudo": 16,
          "navegacao": 5,
          "autorreferencia": 0,
          "divulgacao": 1
        },
        "nao_classificados": []
      },
      "/municipios/meda": {
        "total": 22,
        "distintas": 20,
        "por_classe": {
          "conteudo": 16,
          "navegacao": 5,
          "autorreferencia": 0,
          "divulgacao": 1
        },
        "nao_classificados": []
      },
      "/municipios/melgaco": {
        "total": 22,
        "distintas": 20,
        "por_classe": {
          "conteudo": 16,
          "navegacao": 5,
          "autorreferencia": 0,
          "divulgacao": 1
        },
        "nao_classificados": []
      },
      "/municipios/mertola": {
        "total": 22,
        "distintas": 20,
        "por_classe": {
          "conteudo": 16,
          "navegacao": 5,
          "autorreferencia": 0,
          "divulgacao": 1
        },
        "nao_classificados": []
      },
      "/municipios/mesao-frio": {
        "total": 22,
        "distintas": 20,
        "por_classe": {
          "conteudo": 16,
          "navegacao": 5,
          "autorreferencia": 0,
          "divulgacao": 1
        },
        "nao_classificados": []
      },
      "/municipios/mira": {
        "total": 22,
        "distintas": 20,
        "por_classe": {
          "conteudo": 16,
          "navegacao": 5,
          "autorreferencia": 0,
          "divulgacao": 1
        },
        "nao_classificados": []
      },
      "/municipios/miranda-do-corvo": {
        "total": 22,
        "distintas": 20,
        "por_classe": {
          "conteudo": 16,
          "navegacao": 5,
          "autorreferencia": 0,
          "divulgacao": 1
        },
        "nao_classificados": []
      },
      "/municipios/miranda-do-douro": {
        "total": 22,
        "distintas": 20,
        "por_classe": {
          "conteudo": 16,
          "navegacao": 5,
          "autorreferencia": 0,
          "divulgacao": 1
        },
        "nao_classificados": []
      },
      "/municipios/mirandela": {
        "total": 22,
        "distintas": 20,
        "por_classe": {
          "conteudo": 16,
          "navegacao": 5,
          "autorreferencia": 0,
          "divulgacao": 1
        },
        "nao_classificados": []
      },
      "/municipios/mogadouro": {
        "total": 22,
        "distintas": 20,
        "por_classe": {
          "conteudo": 16,
          "navegacao": 5,
          "autorreferencia": 0,
          "divulgacao": 1
        },
        "nao_classificados": []
      },
      "/municipios/moimenta-da-beira": {
        "total": 22,
        "distintas": 20,
        "por_classe": {
          "conteudo": 16,
          "navegacao": 5,
          "autorreferencia": 0,
          "divulgacao": 1
        },
        "nao_classificados": []
      },
      "/municipios/moita": {
        "total": 22,
        "distintas": 20,
        "por_classe": {
          "conteudo": 16,
          "navegacao": 5,
          "autorreferencia": 0,
          "divulgacao": 1
        },
        "nao_classificados": []
      },
      "/municipios/moncao": {
        "total": 22,
        "distintas": 20,
        "por_classe": {
          "conteudo": 16,
          "navegacao": 5,
          "autorreferencia": 0,
          "divulgacao": 1
        },
        "nao_classificados": []
      },
      "/municipios/monchique": {
        "total": 22,
        "distintas": 20,
        "por_classe": {
          "conteudo": 16,
          "navegacao": 5,
          "autorreferencia": 0,
          "divulgacao": 1
        },
        "nao_classificados": []
      },
      "/municipios/mondim-de-basto": {
        "total": 22,
        "distintas": 20,
        "por_classe": {
          "conteudo": 16,
          "navegacao": 5,
          "autorreferencia": 0,
          "divulgacao": 1
        },
        "nao_classificados": []
      },
      "/municipios/monforte": {
        "total": 22,
        "distintas": 20,
        "por_classe": {
          "conteudo": 16,
          "navegacao": 5,
          "autorreferencia": 0,
          "divulgacao": 1
        },
        "nao_classificados": []
      },
      "/municipios/montalegre": {
        "total": 22,
        "distintas": 20,
        "por_classe": {
          "conteudo": 16,
          "navegacao": 5,
          "autorreferencia": 0,
          "divulgacao": 1
        },
        "nao_classificados": []
      },
      "/municipios/montemor-o-novo": {
        "total": 22,
        "distintas": 20,
        "por_classe": {
          "conteudo": 16,
          "navegacao": 5,
          "autorreferencia": 0,
          "divulgacao": 1
        },
        "nao_classificados": []
      },
      "/municipios/montemor-o-velho": {
        "total": 22,
        "distintas": 20,
        "por_classe": {
          "conteudo": 16,
          "navegacao": 5,
          "autorreferencia": 0,
          "divulgacao": 1
        },
        "nao_classificados": []
      },
      "/municipios/montijo": {
        "total": 22,
        "distintas": 20,
        "por_classe": {
          "conteudo": 16,
          "navegacao": 5,
          "autorreferencia": 0,
          "divulgacao": 1
        },
        "nao_classificados": []
      },
      "/municipios/mora": {
        "total": 22,
        "distintas": 20,
        "por_classe": {
          "conteudo": 16,
          "navegacao": 5,
          "autorreferencia": 0,
          "divulgacao": 1
        },
        "nao_classificados": []
      },
      "/municipios/mortagua": {
        "total": 22,
        "distintas": 20,
        "por_classe": {
          "conteudo": 16,
          "navegacao": 5,
          "autorreferencia": 0,
          "divulgacao": 1
        },
        "nao_classificados": []
      },
      "/municipios/moura": {
        "total": 22,
        "distintas": 20,
        "por_classe": {
          "conteudo": 16,
          "navegacao": 5,
          "autorreferencia": 0,
          "divulgacao": 1
        },
        "nao_classificados": []
      },
      "/municipios/mourao": {
        "total": 22,
        "distintas": 20,
        "por_classe": {
          "conteudo": 16,
          "navegacao": 5,
          "autorreferencia": 0,
          "divulgacao": 1
        },
        "nao_classificados": []
      },
      "/municipios/murca": {
        "total": 22,
        "distintas": 20,
        "por_classe": {
          "conteudo": 16,
          "navegacao": 5,
          "autorreferencia": 0,
          "divulgacao": 1
        },
        "nao_classificados": []
      },
      "/municipios/murtosa": {
        "total": 22,
        "distintas": 20,
        "por_classe": {
          "conteudo": 16,
          "navegacao": 5,
          "autorreferencia": 0,
          "divulgacao": 1
        },
        "nao_classificados": []
      },
      "/municipios/nazare": {
        "total": 22,
        "distintas": 20,
        "por_classe": {
          "conteudo": 16,
          "navegacao": 5,
          "autorreferencia": 0,
          "divulgacao": 1
        },
        "nao_classificados": []
      },
      "/municipios/nelas": {
        "total": 22,
        "distintas": 20,
        "por_classe": {
          "conteudo": 16,
          "navegacao": 5,
          "autorreferencia": 0,
          "divulgacao": 1
        },
        "nao_classificados": []
      },
      "/municipios/nisa": {
        "total": 22,
        "distintas": 20,
        "por_classe": {
          "conteudo": 16,
          "navegacao": 5,
          "autorreferencia": 0,
          "divulgacao": 1
        },
        "nao_classificados": []
      },
      "/municipios/nordeste": {
        "total": 20,
        "distintas": 18,
        "por_classe": {
          "conteudo": 14,
          "navegacao": 5,
          "autorreferencia": 0,
          "divulgacao": 1
        },
        "nao_classificados": []
      },
      "/municipios/obidos": {
        "total": 22,
        "distintas": 20,
        "por_classe": {
          "conteudo": 16,
          "navegacao": 5,
          "autorreferencia": 0,
          "divulgacao": 1
        },
        "nao_classificados": []
      },
      "/municipios/odemira": {
        "total": 22,
        "distintas": 20,
        "por_classe": {
          "conteudo": 16,
          "navegacao": 5,
          "autorreferencia": 0,
          "divulgacao": 1
        },
        "nao_classificados": []
      },
      "/municipios/odivelas": {
        "total": 22,
        "distintas": 20,
        "por_classe": {
          "conteudo": 16,
          "navegacao": 5,
          "autorreferencia": 0,
          "divulgacao": 1
        },
        "nao_classificados": []
      },
      "/municipios/oeiras": {
        "total": 22,
        "distintas": 20,
        "por_classe": {
          "conteudo": 16,
          "navegacao": 5,
          "autorreferencia": 0,
          "divulgacao": 1
        },
        "nao_classificados": []
      },
      "/municipios/oleiros": {
        "total": 22,
        "distintas": 20,
        "por_classe": {
          "conteudo": 16,
          "navegacao": 5,
          "autorreferencia": 0,
          "divulgacao": 1
        },
        "nao_classificados": []
      },
      "/municipios/olhao": {
        "total": 22,
        "distintas": 20,
        "por_classe": {
          "conteudo": 16,
          "navegacao": 5,
          "autorreferencia": 0,
          "divulgacao": 1
        },
        "nao_classificados": []
      },
      "/municipios/oliveira-de-azemeis": {
        "total": 22,
        "distintas": 20,
        "por_classe": {
          "conteudo": 16,
          "navegacao": 5,
          "autorreferencia": 0,
          "divulgacao": 1
        },
        "nao_classificados": []
      },
      "/municipios/oliveira-de-frades": {
        "total": 22,
        "distintas": 20,
        "por_classe": {
          "conteudo": 16,
          "navegacao": 5,
          "autorreferencia": 0,
          "divulgacao": 1
        },
        "nao_classificados": []
      },
      "/municipios/oliveira-do-bairro": {
        "total": 22,
        "distintas": 20,
        "por_classe": {
          "conteudo": 16,
          "navegacao": 5,
          "autorreferencia": 0,
          "divulgacao": 1
        },
        "nao_classificados": []
      },
      "/municipios/oliveira-do-hospital": {
        "total": 22,
        "distintas": 20,
        "por_classe": {
          "conteudo": 16,
          "navegacao": 5,
          "autorreferencia": 0,
          "divulgacao": 1
        },
        "nao_classificados": []
      },
      "/municipios/ourem": {
        "total": 22,
        "distintas": 20,
        "por_classe": {
          "conteudo": 16,
          "navegacao": 5,
          "autorreferencia": 0,
          "divulgacao": 1
        },
        "nao_classificados": []
      },
      "/municipios/ourique": {
        "total": 22,
        "distintas": 20,
        "por_classe": {
          "conteudo": 16,
          "navegacao": 5,
          "autorreferencia": 0,
          "divulgacao": 1
        },
        "nao_classificados": []
      },
      "/municipios/ovar": {
        "total": 22,
        "distintas": 20,
        "por_classe": {
          "conteudo": 16,
          "navegacao": 5,
          "autorreferencia": 0,
          "divulgacao": 1
        },
        "nao_classificados": []
      },
      "/municipios/pacos-de-ferreira": {
        "total": 22,
        "distintas": 20,
        "por_classe": {
          "conteudo": 16,
          "navegacao": 5,
          "autorreferencia": 0,
          "divulgacao": 1
        },
        "nao_classificados": []
      },
      "/municipios/palmela": {
        "total": 22,
        "distintas": 20,
        "por_classe": {
          "conteudo": 16,
          "navegacao": 5,
          "autorreferencia": 0,
          "divulgacao": 1
        },
        "nao_classificados": []
      },
      "/municipios/pampilhosa-da-serra": {
        "total": 22,
        "distintas": 20,
        "por_classe": {
          "conteudo": 16,
          "navegacao": 5,
          "autorreferencia": 0,
          "divulgacao": 1
        },
        "nao_classificados": []
      },
      "/municipios/paredes": {
        "total": 22,
        "distintas": 20,
        "por_classe": {
          "conteudo": 16,
          "navegacao": 5,
          "autorreferencia": 0,
          "divulgacao": 1
        },
        "nao_classificados": []
      },
      "/municipios/paredes-de-coura": {
        "total": 22,
        "distintas": 20,
        "por_classe": {
          "conteudo": 16,
          "navegacao": 5,
          "autorreferencia": 0,
          "divulgacao": 1
        },
        "nao_classificados": []
      },
      "/municipios/pedrogao-grande": {
        "total": 22,
        "distintas": 20,
        "por_classe": {
          "conteudo": 16,
          "navegacao": 5,
          "autorreferencia": 0,
          "divulgacao": 1
        },
        "nao_classificados": []
      },
      "/municipios/penacova": {
        "total": 22,
        "distintas": 20,
        "por_classe": {
          "conteudo": 16,
          "navegacao": 5,
          "autorreferencia": 0,
          "divulgacao": 1
        },
        "nao_classificados": []
      },
      "/municipios/penafiel": {
        "total": 22,
        "distintas": 20,
        "por_classe": {
          "conteudo": 16,
          "navegacao": 5,
          "autorreferencia": 0,
          "divulgacao": 1
        },
        "nao_classificados": []
      },
      "/municipios/penalva-do-castelo": {
        "total": 22,
        "distintas": 20,
        "por_classe": {
          "conteudo": 16,
          "navegacao": 5,
          "autorreferencia": 0,
          "divulgacao": 1
        },
        "nao_classificados": []
      },
      "/municipios/penamacor": {
        "total": 22,
        "distintas": 20,
        "por_classe": {
          "conteudo": 16,
          "navegacao": 5,
          "autorreferencia": 0,
          "divulgacao": 1
        },
        "nao_classificados": []
      },
      "/municipios/penedono": {
        "total": 19,
        "distintas": 19,
        "por_classe": {
          "conteudo": 13,
          "navegacao": 5,
          "autorreferencia": 0,
          "divulgacao": 1
        },
        "nao_classificados": []
      },
      "/municipios/penela": {
        "total": 22,
        "distintas": 20,
        "por_classe": {
          "conteudo": 16,
          "navegacao": 5,
          "autorreferencia": 0,
          "divulgacao": 1
        },
        "nao_classificados": []
      },
      "/municipios/peniche": {
        "total": 22,
        "distintas": 20,
        "por_classe": {
          "conteudo": 16,
          "navegacao": 5,
          "autorreferencia": 0,
          "divulgacao": 1
        },
        "nao_classificados": []
      },
      "/municipios/peso-da-regua": {
        "total": 22,
        "distintas": 20,
        "por_classe": {
          "conteudo": 16,
          "navegacao": 5,
          "autorreferencia": 0,
          "divulgacao": 1
        },
        "nao_classificados": []
      },
      "/municipios/pinhel": {
        "total": 22,
        "distintas": 20,
        "por_classe": {
          "conteudo": 16,
          "navegacao": 5,
          "autorreferencia": 0,
          "divulgacao": 1
        },
        "nao_classificados": []
      },
      "/municipios/pombal": {
        "total": 22,
        "distintas": 20,
        "por_classe": {
          "conteudo": 16,
          "navegacao": 5,
          "autorreferencia": 0,
          "divulgacao": 1
        },
        "nao_classificados": []
      },
      "/municipios/ponta-delgada": {
        "total": 20,
        "distintas": 18,
        "por_classe": {
          "conteudo": 14,
          "navegacao": 5,
          "autorreferencia": 0,
          "divulgacao": 1
        },
        "nao_classificados": []
      },
      "/municipios/ponta-do-sol": {
        "total": 20,
        "distintas": 18,
        "por_classe": {
          "conteudo": 14,
          "navegacao": 5,
          "autorreferencia": 0,
          "divulgacao": 1
        },
        "nao_classificados": []
      },
      "/municipios/ponte-da-barca": {
        "total": 22,
        "distintas": 20,
        "por_classe": {
          "conteudo": 16,
          "navegacao": 5,
          "autorreferencia": 0,
          "divulgacao": 1
        },
        "nao_classificados": []
      },
      "/municipios/ponte-de-lima": {
        "total": 22,
        "distintas": 20,
        "por_classe": {
          "conteudo": 16,
          "navegacao": 5,
          "autorreferencia": 0,
          "divulgacao": 1
        },
        "nao_classificados": []
      },
      "/municipios/ponte-de-sor": {
        "total": 22,
        "distintas": 20,
        "por_classe": {
          "conteudo": 16,
          "navegacao": 5,
          "autorreferencia": 0,
          "divulgacao": 1
        },
        "nao_classificados": []
      },
      "/municipios/portalegre": {
        "total": 22,
        "distintas": 20,
        "por_classe": {
          "conteudo": 16,
          "navegacao": 5,
          "autorreferencia": 0,
          "divulgacao": 1
        },
        "nao_classificados": []
      },
      "/municipios/portel": {
        "total": 22,
        "distintas": 20,
        "por_classe": {
          "conteudo": 16,
          "navegacao": 5,
          "autorreferencia": 0,
          "divulgacao": 1
        },
        "nao_classificados": []
      },
      "/municipios/portimao": {
        "total": 22,
        "distintas": 20,
        "por_classe": {
          "conteudo": 16,
          "navegacao": 5,
          "autorreferencia": 0,
          "divulgacao": 1
        },
        "nao_classificados": []
      },
      "/municipios/porto": {
        "total": 22,
        "distintas": 20,
        "por_classe": {
          "conteudo": 16,
          "navegacao": 5,
          "autorreferencia": 0,
          "divulgacao": 1
        },
        "nao_classificados": []
      },
      "/municipios/porto-de-mos": {
        "total": 22,
        "distintas": 20,
        "por_classe": {
          "conteudo": 16,
          "navegacao": 5,
          "autorreferencia": 0,
          "divulgacao": 1
        },
        "nao_classificados": []
      },
      "/municipios/porto-moniz": {
        "total": 20,
        "distintas": 18,
        "por_classe": {
          "conteudo": 14,
          "navegacao": 5,
          "autorreferencia": 0,
          "divulgacao": 1
        },
        "nao_classificados": []
      },
      "/municipios/porto-santo": {
        "total": 20,
        "distintas": 18,
        "por_classe": {
          "conteudo": 14,
          "navegacao": 5,
          "autorreferencia": 0,
          "divulgacao": 1
        },
        "nao_classificados": []
      },
      "/municipios/povoa-de-lanhoso": {
        "total": 22,
        "distintas": 20,
        "por_classe": {
          "conteudo": 16,
          "navegacao": 5,
          "autorreferencia": 0,
          "divulgacao": 1
        },
        "nao_classificados": []
      },
      "/municipios/povoa-de-varzim": {
        "total": 22,
        "distintas": 20,
        "por_classe": {
          "conteudo": 16,
          "navegacao": 5,
          "autorreferencia": 0,
          "divulgacao": 1
        },
        "nao_classificados": []
      },
      "/municipios/povoacao": {
        "total": 20,
        "distintas": 18,
        "por_classe": {
          "conteudo": 14,
          "navegacao": 5,
          "autorreferencia": 0,
          "divulgacao": 1
        },
        "nao_classificados": []
      },
      "/municipios/praia-da-vitoria": {
        "total": 20,
        "distintas": 18,
        "por_classe": {
          "conteudo": 14,
          "navegacao": 5,
          "autorreferencia": 0,
          "divulgacao": 1
        },
        "nao_classificados": []
      },
      "/municipios/proenca-a-nova": {
        "total": 22,
        "distintas": 20,
        "por_classe": {
          "conteudo": 16,
          "navegacao": 5,
          "autorreferencia": 0,
          "divulgacao": 1
        },
        "nao_classificados": []
      },
      "/municipios/redondo": {
        "total": 22,
        "distintas": 20,
        "por_classe": {
          "conteudo": 16,
          "navegacao": 5,
          "autorreferencia": 0,
          "divulgacao": 1
        },
        "nao_classificados": []
      },
      "/municipios/reguengos-de-monsaraz": {
        "total": 22,
        "distintas": 20,
        "por_classe": {
          "conteudo": 16,
          "navegacao": 5,
          "autorreferencia": 0,
          "divulgacao": 1
        },
        "nao_classificados": []
      },
      "/municipios/resende": {
        "total": 22,
        "distintas": 20,
        "por_classe": {
          "conteudo": 16,
          "navegacao": 5,
          "autorreferencia": 0,
          "divulgacao": 1
        },
        "nao_classificados": []
      },
      "/municipios/ribeira-brava": {
        "total": 20,
        "distintas": 18,
        "por_classe": {
          "conteudo": 14,
          "navegacao": 5,
          "autorreferencia": 0,
          "divulgacao": 1
        },
        "nao_classificados": []
      },
      "/municipios/ribeira-de-pena": {
        "total": 22,
        "distintas": 20,
        "por_classe": {
          "conteudo": 16,
          "navegacao": 5,
          "autorreferencia": 0,
          "divulgacao": 1
        },
        "nao_classificados": []
      },
      "/municipios/ribeira-grande": {
        "total": 20,
        "distintas": 18,
        "por_classe": {
          "conteudo": 14,
          "navegacao": 5,
          "autorreferencia": 0,
          "divulgacao": 1
        },
        "nao_classificados": []
      },
      "/municipios/rio-maior": {
        "total": 22,
        "distintas": 20,
        "por_classe": {
          "conteudo": 16,
          "navegacao": 5,
          "autorreferencia": 0,
          "divulgacao": 1
        },
        "nao_classificados": []
      },
      "/municipios/sabrosa": {
        "total": 22,
        "distintas": 20,
        "por_classe": {
          "conteudo": 16,
          "navegacao": 5,
          "autorreferencia": 0,
          "divulgacao": 1
        },
        "nao_classificados": []
      },
      "/municipios/sabugal": {
        "total": 22,
        "distintas": 20,
        "por_classe": {
          "conteudo": 16,
          "navegacao": 5,
          "autorreferencia": 0,
          "divulgacao": 1
        },
        "nao_classificados": []
      },
      "/municipios/salvaterra-de-magos": {
        "total": 22,
        "distintas": 20,
        "por_classe": {
          "conteudo": 16,
          "navegacao": 5,
          "autorreferencia": 0,
          "divulgacao": 1
        },
        "nao_classificados": []
      },
      "/municipios/santa-comba-dao": {
        "total": 22,
        "distintas": 20,
        "por_classe": {
          "conteudo": 16,
          "navegacao": 5,
          "autorreferencia": 0,
          "divulgacao": 1
        },
        "nao_classificados": []
      },
      "/municipios/santa-cruz": {
        "total": 20,
        "distintas": 18,
        "por_classe": {
          "conteudo": 14,
          "navegacao": 5,
          "autorreferencia": 0,
          "divulgacao": 1
        },
        "nao_classificados": []
      },
      "/municipios/santa-cruz-da-graciosa": {
        "total": 20,
        "distintas": 18,
        "por_classe": {
          "conteudo": 14,
          "navegacao": 5,
          "autorreferencia": 0,
          "divulgacao": 1
        },
        "nao_classificados": []
      },
      "/municipios/santa-cruz-das-flores": {
        "total": 20,
        "distintas": 18,
        "por_classe": {
          "conteudo": 14,
          "navegacao": 5,
          "autorreferencia": 0,
          "divulgacao": 1
        },
        "nao_classificados": []
      },
      "/municipios/santa-maria-da-feira": {
        "total": 22,
        "distintas": 20,
        "por_classe": {
          "conteudo": 16,
          "navegacao": 5,
          "autorreferencia": 0,
          "divulgacao": 1
        },
        "nao_classificados": []
      },
      "/municipios/santa-marta-de-penaguiao": {
        "total": 22,
        "distintas": 20,
        "por_classe": {
          "conteudo": 16,
          "navegacao": 5,
          "autorreferencia": 0,
          "divulgacao": 1
        },
        "nao_classificados": []
      },
      "/municipios/santana": {
        "total": 20,
        "distintas": 18,
        "por_classe": {
          "conteudo": 14,
          "navegacao": 5,
          "autorreferencia": 0,
          "divulgacao": 1
        },
        "nao_classificados": []
      },
      "/municipios/santarem": {
        "total": 22,
        "distintas": 20,
        "por_classe": {
          "conteudo": 16,
          "navegacao": 5,
          "autorreferencia": 0,
          "divulgacao": 1
        },
        "nao_classificados": []
      },
      "/municipios/santiago-do-cacem": {
        "total": 22,
        "distintas": 20,
        "por_classe": {
          "conteudo": 16,
          "navegacao": 5,
          "autorreferencia": 0,
          "divulgacao": 1
        },
        "nao_classificados": []
      },
      "/municipios/santo-tirso": {
        "total": 22,
        "distintas": 20,
        "por_classe": {
          "conteudo": 16,
          "navegacao": 5,
          "autorreferencia": 0,
          "divulgacao": 1
        },
        "nao_classificados": []
      },
      "/municipios/sao-bras-de-alportel": {
        "total": 22,
        "distintas": 20,
        "por_classe": {
          "conteudo": 16,
          "navegacao": 5,
          "autorreferencia": 0,
          "divulgacao": 1
        },
        "nao_classificados": []
      },
      "/municipios/sao-joao-da-madeira": {
        "total": 22,
        "distintas": 20,
        "por_classe": {
          "conteudo": 16,
          "navegacao": 5,
          "autorreferencia": 0,
          "divulgacao": 1
        },
        "nao_classificados": []
      },
      "/municipios/sao-joao-da-pesqueira": {
        "total": 22,
        "distintas": 20,
        "por_classe": {
          "conteudo": 16,
          "navegacao": 5,
          "autorreferencia": 0,
          "divulgacao": 1
        },
        "nao_classificados": []
      },
      "/municipios/sao-pedro-do-sul": {
        "total": 22,
        "distintas": 20,
        "por_classe": {
          "conteudo": 16,
          "navegacao": 5,
          "autorreferencia": 0,
          "divulgacao": 1
        },
        "nao_classificados": []
      },
      "/municipios/sao-roque-do-pico": {
        "total": 20,
        "distintas": 18,
        "por_classe": {
          "conteudo": 14,
          "navegacao": 5,
          "autorreferencia": 0,
          "divulgacao": 1
        },
        "nao_classificados": []
      },
      "/municipios/sao-vicente": {
        "total": 20,
        "distintas": 18,
        "por_classe": {
          "conteudo": 14,
          "navegacao": 5,
          "autorreferencia": 0,
          "divulgacao": 1
        },
        "nao_classificados": []
      },
      "/municipios/sardoal": {
        "total": 22,
        "distintas": 20,
        "por_classe": {
          "conteudo": 16,
          "navegacao": 5,
          "autorreferencia": 0,
          "divulgacao": 1
        },
        "nao_classificados": []
      },
      "/municipios/satao": {
        "total": 22,
        "distintas": 20,
        "por_classe": {
          "conteudo": 16,
          "navegacao": 5,
          "autorreferencia": 0,
          "divulgacao": 1
        },
        "nao_classificados": []
      },
      "/municipios/seia": {
        "total": 22,
        "distintas": 20,
        "por_classe": {
          "conteudo": 16,
          "navegacao": 5,
          "autorreferencia": 0,
          "divulgacao": 1
        },
        "nao_classificados": []
      },
      "/municipios/seixal": {
        "total": 22,
        "distintas": 20,
        "por_classe": {
          "conteudo": 16,
          "navegacao": 5,
          "autorreferencia": 0,
          "divulgacao": 1
        },
        "nao_classificados": []
      },
      "/municipios/sernancelhe": {
        "total": 22,
        "distintas": 20,
        "por_classe": {
          "conteudo": 16,
          "navegacao": 5,
          "autorreferencia": 0,
          "divulgacao": 1
        },
        "nao_classificados": []
      },
      "/municipios/serpa": {
        "total": 22,
        "distintas": 20,
        "por_classe": {
          "conteudo": 16,
          "navegacao": 5,
          "autorreferencia": 0,
          "divulgacao": 1
        },
        "nao_classificados": []
      },
      "/municipios/serta": {
        "total": 22,
        "distintas": 20,
        "por_classe": {
          "conteudo": 16,
          "navegacao": 5,
          "autorreferencia": 0,
          "divulgacao": 1
        },
        "nao_classificados": []
      },
      "/municipios/sesimbra": {
        "total": 22,
        "distintas": 20,
        "por_classe": {
          "conteudo": 16,
          "navegacao": 5,
          "autorreferencia": 0,
          "divulgacao": 1
        },
        "nao_classificados": []
      },
      "/municipios/setubal": {
        "total": 22,
        "distintas": 20,
        "por_classe": {
          "conteudo": 16,
          "navegacao": 5,
          "autorreferencia": 0,
          "divulgacao": 1
        },
        "nao_classificados": []
      },
      "/municipios/sever-do-vouga": {
        "total": 22,
        "distintas": 20,
        "por_classe": {
          "conteudo": 16,
          "navegacao": 5,
          "autorreferencia": 0,
          "divulgacao": 1
        },
        "nao_classificados": []
      },
      "/municipios/silves": {
        "total": 22,
        "distintas": 20,
        "por_classe": {
          "conteudo": 16,
          "navegacao": 5,
          "autorreferencia": 0,
          "divulgacao": 1
        },
        "nao_classificados": []
      },
      "/municipios/sines": {
        "total": 22,
        "distintas": 20,
        "por_classe": {
          "conteudo": 16,
          "navegacao": 5,
          "autorreferencia": 0,
          "divulgacao": 1
        },
        "nao_classificados": []
      },
      "/municipios/sintra": {
        "total": 22,
        "distintas": 20,
        "por_classe": {
          "conteudo": 16,
          "navegacao": 5,
          "autorreferencia": 0,
          "divulgacao": 1
        },
        "nao_classificados": []
      },
      "/municipios/sobral-de-monte-agraco": {
        "total": 22,
        "distintas": 20,
        "por_classe": {
          "conteudo": 16,
          "navegacao": 5,
          "autorreferencia": 0,
          "divulgacao": 1
        },
        "nao_classificados": []
      },
      "/municipios/soure": {
        "total": 22,
        "distintas": 20,
        "por_classe": {
          "conteudo": 16,
          "navegacao": 5,
          "autorreferencia": 0,
          "divulgacao": 1
        },
        "nao_classificados": []
      },
      "/municipios/sousel": {
        "total": 22,
        "distintas": 20,
        "por_classe": {
          "conteudo": 16,
          "navegacao": 5,
          "autorreferencia": 0,
          "divulgacao": 1
        },
        "nao_classificados": []
      },
      "/municipios/tabua": {
        "total": 22,
        "distintas": 20,
        "por_classe": {
          "conteudo": 16,
          "navegacao": 5,
          "autorreferencia": 0,
          "divulgacao": 1
        },
        "nao_classificados": []
      },
      "/municipios/tabuaco": {
        "total": 22,
        "distintas": 20,
        "por_classe": {
          "conteudo": 16,
          "navegacao": 5,
          "autorreferencia": 0,
          "divulgacao": 1
        },
        "nao_classificados": []
      },
      "/municipios/tarouca": {
        "total": 22,
        "distintas": 20,
        "por_classe": {
          "conteudo": 16,
          "navegacao": 5,
          "autorreferencia": 0,
          "divulgacao": 1
        },
        "nao_classificados": []
      },
      "/municipios/tavira": {
        "total": 22,
        "distintas": 20,
        "por_classe": {
          "conteudo": 16,
          "navegacao": 5,
          "autorreferencia": 0,
          "divulgacao": 1
        },
        "nao_classificados": []
      },
      "/municipios/terras-de-bouro": {
        "total": 22,
        "distintas": 20,
        "por_classe": {
          "conteudo": 16,
          "navegacao": 5,
          "autorreferencia": 0,
          "divulgacao": 1
        },
        "nao_classificados": []
      },
      "/municipios/tomar": {
        "total": 22,
        "distintas": 20,
        "por_classe": {
          "conteudo": 16,
          "navegacao": 5,
          "autorreferencia": 0,
          "divulgacao": 1
        },
        "nao_classificados": []
      },
      "/municipios/tondela": {
        "total": 22,
        "distintas": 20,
        "por_classe": {
          "conteudo": 16,
          "navegacao": 5,
          "autorreferencia": 0,
          "divulgacao": 1
        },
        "nao_classificados": []
      },
      "/municipios/torre-de-moncorvo": {
        "total": 22,
        "distintas": 20,
        "por_classe": {
          "conteudo": 16,
          "navegacao": 5,
          "autorreferencia": 0,
          "divulgacao": 1
        },
        "nao_classificados": []
      },
      "/municipios/torres-novas": {
        "total": 22,
        "distintas": 20,
        "por_classe": {
          "conteudo": 16,
          "navegacao": 5,
          "autorreferencia": 0,
          "divulgacao": 1
        },
        "nao_classificados": []
      },
      "/municipios/torres-vedras": {
        "total": 22,
        "distintas": 20,
        "por_classe": {
          "conteudo": 16,
          "navegacao": 5,
          "autorreferencia": 0,
          "divulgacao": 1
        },
        "nao_classificados": []
      },
      "/municipios/trancoso": {
        "total": 22,
        "distintas": 20,
        "por_classe": {
          "conteudo": 16,
          "navegacao": 5,
          "autorreferencia": 0,
          "divulgacao": 1
        },
        "nao_classificados": []
      },
      "/municipios/trofa": {
        "total": 22,
        "distintas": 20,
        "por_classe": {
          "conteudo": 16,
          "navegacao": 5,
          "autorreferencia": 0,
          "divulgacao": 1
        },
        "nao_classificados": []
      },
      "/municipios/vagos": {
        "total": 22,
        "distintas": 20,
        "por_classe": {
          "conteudo": 16,
          "navegacao": 5,
          "autorreferencia": 0,
          "divulgacao": 1
        },
        "nao_classificados": []
      },
      "/municipios/vale-de-cambra": {
        "total": 22,
        "distintas": 20,
        "por_classe": {
          "conteudo": 16,
          "navegacao": 5,
          "autorreferencia": 0,
          "divulgacao": 1
        },
        "nao_classificados": []
      },
      "/municipios/valenca": {
        "total": 22,
        "distintas": 20,
        "por_classe": {
          "conteudo": 16,
          "navegacao": 5,
          "autorreferencia": 0,
          "divulgacao": 1
        },
        "nao_classificados": []
      },
      "/municipios/valongo": {
        "total": 22,
        "distintas": 20,
        "por_classe": {
          "conteudo": 16,
          "navegacao": 5,
          "autorreferencia": 0,
          "divulgacao": 1
        },
        "nao_classificados": []
      },
      "/municipios/valpacos": {
        "total": 22,
        "distintas": 20,
        "por_classe": {
          "conteudo": 16,
          "navegacao": 5,
          "autorreferencia": 0,
          "divulgacao": 1
        },
        "nao_classificados": []
      },
      "/municipios/velas": {
        "total": 20,
        "distintas": 18,
        "por_classe": {
          "conteudo": 14,
          "navegacao": 5,
          "autorreferencia": 0,
          "divulgacao": 1
        },
        "nao_classificados": []
      },
      "/municipios/vendas-novas": {
        "total": 22,
        "distintas": 20,
        "por_classe": {
          "conteudo": 16,
          "navegacao": 5,
          "autorreferencia": 0,
          "divulgacao": 1
        },
        "nao_classificados": []
      },
      "/municipios/viana-do-alentejo": {
        "total": 22,
        "distintas": 20,
        "por_classe": {
          "conteudo": 16,
          "navegacao": 5,
          "autorreferencia": 0,
          "divulgacao": 1
        },
        "nao_classificados": []
      },
      "/municipios/viana-do-castelo": {
        "total": 22,
        "distintas": 20,
        "por_classe": {
          "conteudo": 16,
          "navegacao": 5,
          "autorreferencia": 0,
          "divulgacao": 1
        },
        "nao_classificados": []
      },
      "/municipios/vidigueira": {
        "total": 22,
        "distintas": 20,
        "por_classe": {
          "conteudo": 16,
          "navegacao": 5,
          "autorreferencia": 0,
          "divulgacao": 1
        },
        "nao_classificados": []
      },
      "/municipios/vieira-do-minho": {
        "total": 22,
        "distintas": 20,
        "por_classe": {
          "conteudo": 16,
          "navegacao": 5,
          "autorreferencia": 0,
          "divulgacao": 1
        },
        "nao_classificados": []
      },
      "/municipios/vila-de-rei": {
        "total": 22,
        "distintas": 20,
        "por_classe": {
          "conteudo": 16,
          "navegacao": 5,
          "autorreferencia": 0,
          "divulgacao": 1
        },
        "nao_classificados": []
      },
      "/municipios/vila-do-bispo": {
        "total": 22,
        "distintas": 20,
        "por_classe": {
          "conteudo": 16,
          "navegacao": 5,
          "autorreferencia": 0,
          "divulgacao": 1
        },
        "nao_classificados": []
      },
      "/municipios/vila-do-conde": {
        "total": 22,
        "distintas": 20,
        "por_classe": {
          "conteudo": 16,
          "navegacao": 5,
          "autorreferencia": 0,
          "divulgacao": 1
        },
        "nao_classificados": []
      },
      "/municipios/vila-do-porto": {
        "total": 20,
        "distintas": 18,
        "por_classe": {
          "conteudo": 14,
          "navegacao": 5,
          "autorreferencia": 0,
          "divulgacao": 1
        },
        "nao_classificados": []
      },
      "/municipios/vila-flor": {
        "total": 22,
        "distintas": 20,
        "por_classe": {
          "conteudo": 16,
          "navegacao": 5,
          "autorreferencia": 0,
          "divulgacao": 1
        },
        "nao_classificados": []
      },
      "/municipios/vila-franca-de-xira": {
        "total": 22,
        "distintas": 20,
        "por_classe": {
          "conteudo": 16,
          "navegacao": 5,
          "autorreferencia": 0,
          "divulgacao": 1
        },
        "nao_classificados": []
      },
      "/municipios/vila-franca-do-campo": {
        "total": 20,
        "distintas": 18,
        "por_classe": {
          "conteudo": 14,
          "navegacao": 5,
          "autorreferencia": 0,
          "divulgacao": 1
        },
        "nao_classificados": []
      },
      "/municipios/vila-nova-da-barquinha": {
        "total": 22,
        "distintas": 20,
        "por_classe": {
          "conteudo": 16,
          "navegacao": 5,
          "autorreferencia": 0,
          "divulgacao": 1
        },
        "nao_classificados": []
      },
      "/municipios/vila-nova-de-cerveira": {
        "total": 22,
        "distintas": 20,
        "por_classe": {
          "conteudo": 16,
          "navegacao": 5,
          "autorreferencia": 0,
          "divulgacao": 1
        },
        "nao_classificados": []
      },
      "/municipios/vila-nova-de-famalicao": {
        "total": 22,
        "distintas": 20,
        "por_classe": {
          "conteudo": 16,
          "navegacao": 5,
          "autorreferencia": 0,
          "divulgacao": 1
        },
        "nao_classificados": []
      },
      "/municipios/vila-nova-de-foz-coa": {
        "total": 22,
        "distintas": 20,
        "por_classe": {
          "conteudo": 16,
          "navegacao": 5,
          "autorreferencia": 0,
          "divulgacao": 1
        },
        "nao_classificados": []
      },
      "/municipios/vila-nova-de-gaia": {
        "total": 22,
        "distintas": 20,
        "por_classe": {
          "conteudo": 16,
          "navegacao": 5,
          "autorreferencia": 0,
          "divulgacao": 1
        },
        "nao_classificados": []
      },
      "/municipios/vila-nova-de-paiva": {
        "total": 22,
        "distintas": 20,
        "por_classe": {
          "conteudo": 16,
          "navegacao": 5,
          "autorreferencia": 0,
          "divulgacao": 1
        },
        "nao_classificados": []
      },
      "/municipios/vila-nova-de-poiares": {
        "total": 22,
        "distintas": 20,
        "por_classe": {
          "conteudo": 16,
          "navegacao": 5,
          "autorreferencia": 0,
          "divulgacao": 1
        },
        "nao_classificados": []
      },
      "/municipios/vila-pouca-de-aguiar": {
        "total": 22,
        "distintas": 20,
        "por_classe": {
          "conteudo": 16,
          "navegacao": 5,
          "autorreferencia": 0,
          "divulgacao": 1
        },
        "nao_classificados": []
      },
      "/municipios/vila-real": {
        "total": 22,
        "distintas": 20,
        "por_classe": {
          "conteudo": 16,
          "navegacao": 5,
          "autorreferencia": 0,
          "divulgacao": 1
        },
        "nao_classificados": []
      },
      "/municipios/vila-real-de-santo-antonio": {
        "total": 22,
        "distintas": 20,
        "por_classe": {
          "conteudo": 16,
          "navegacao": 5,
          "autorreferencia": 0,
          "divulgacao": 1
        },
        "nao_classificados": []
      },
      "/municipios/vila-velha-de-rodao": {
        "total": 22,
        "distintas": 20,
        "por_classe": {
          "conteudo": 16,
          "navegacao": 5,
          "autorreferencia": 0,
          "divulgacao": 1
        },
        "nao_classificados": []
      },
      "/municipios/vila-verde": {
        "total": 22,
        "distintas": 20,
        "por_classe": {
          "conteudo": 16,
          "navegacao": 5,
          "autorreferencia": 0,
          "divulgacao": 1
        },
        "nao_classificados": []
      },
      "/municipios/vila-vicosa": {
        "total": 22,
        "distintas": 20,
        "por_classe": {
          "conteudo": 16,
          "navegacao": 5,
          "autorreferencia": 0,
          "divulgacao": 1
        },
        "nao_classificados": []
      },
      "/municipios/vimioso": {
        "total": 22,
        "distintas": 20,
        "por_classe": {
          "conteudo": 16,
          "navegacao": 5,
          "autorreferencia": 0,
          "divulgacao": 1
        },
        "nao_classificados": []
      },
      "/municipios/vinhais": {
        "total": 22,
        "distintas": 20,
        "por_classe": {
          "conteudo": 16,
          "navegacao": 5,
          "autorreferencia": 0,
          "divulgacao": 1
        },
        "nao_classificados": []
      },
      "/municipios/viseu": {
        "total": 22,
        "distintas": 20,
        "por_classe": {
          "conteudo": 16,
          "navegacao": 5,
          "autorreferencia": 0,
          "divulgacao": 1
        },
        "nao_classificados": []
      },
      "/municipios/vizela": {
        "total": 22,
        "distintas": 20,
        "por_classe": {
          "conteudo": 16,
          "navegacao": 5,
          "autorreferencia": 0,
          "divulgacao": 1
        },
        "nao_classificados": []
      },
      "/municipios/vouzela": {
        "total": 22,
        "distintas": 20,
        "por_classe": {
          "conteudo": 16,
          "navegacao": 5,
          "autorreferencia": 0,
          "divulgacao": 1
        },
        "nao_classificados": []
      },
      "/pobreza-e-desigualdade": {
        "total": 27,
        "distintas": 18,
        "por_classe": {
          "conteudo": 18,
          "navegacao": 5,
          "autorreferencia": 0,
          "divulgacao": 1
        },
        "nao_classificados": [
          "Os números de Portugal sobre a pobreza, a desigualdade, as dívidas e o crédito das famílias.",
          "Pobreza e desigualdade"
        ]
      },
      "/precos": {
        "total": 24,
        "distintas": 18,
        "por_classe": {
          "conteudo": 15,
          "navegacao": 5,
          "autorreferencia": 0,
          "divulgacao": 1
        },
        "nao_classificados": [
          "Os números de Portugal sobre os preços dos bens e serviços.",
          "Preços"
        ]
      },
      "/regioes": {
        "total": 17,
        "distintas": 17,
        "por_classe": {
          "conteudo": 9,
          "navegacao": 7,
          "autorreferencia": 0,
          "divulgacao": 1
        },
        "nao_classificados": []
      },
      "/regioes/acores": {
        "total": 9,
        "distintas": 9,
        "por_classe": {
          "conteudo": 2,
          "navegacao": 6,
          "autorreferencia": 0,
          "divulgacao": 1
        },
        "nao_classificados": []
      },
      "/regioes/alentejo": {
        "total": 10,
        "distintas": 10,
        "por_classe": {
          "conteudo": 3,
          "navegacao": 6,
          "autorreferencia": 0,
          "divulgacao": 1
        },
        "nao_classificados": []
      },
      "/regioes/algarve": {
        "total": 9,
        "distintas": 9,
        "por_classe": {
          "conteudo": 2,
          "navegacao": 6,
          "autorreferencia": 0,
          "divulgacao": 1
        },
        "nao_classificados": []
      },
      "/regioes/centro": {
        "total": 9,
        "distintas": 9,
        "por_classe": {
          "conteudo": 2,
          "navegacao": 6,
          "autorreferencia": 0,
          "divulgacao": 1
        },
        "nao_classificados": []
      },
      "/regioes/grande-lisboa": {
        "total": 9,
        "distintas": 9,
        "por_classe": {
          "conteudo": 2,
          "navegacao": 6,
          "autorreferencia": 0,
          "divulgacao": 1
        },
        "nao_classificados": []
      },
      "/regioes/madeira": {
        "total": 9,
        "distintas": 9,
        "por_classe": {
          "conteudo": 2,
          "navegacao": 6,
          "autorreferencia": 0,
          "divulgacao": 1
        },
        "nao_classificados": []
      },
      "/regioes/norte": {
        "total": 9,
        "distintas": 9,
        "por_classe": {
          "conteudo": 2,
          "navegacao": 6,
          "autorreferencia": 0,
          "divulgacao": 1
        },
        "nao_classificados": []
      },
      "/regioes/oeste-e-vale-do-tejo": {
        "total": 9,
        "distintas": 9,
        "por_classe": {
          "conteudo": 2,
          "navegacao": 6,
          "autorreferencia": 0,
          "divulgacao": 1
        },
        "nao_classificados": []
      },
      "/regioes/peninsula-de-setubal": {
        "total": 9,
        "distintas": 9,
        "por_classe": {
          "conteudo": 2,
          "navegacao": 6,
          "autorreferencia": 0,
          "divulgacao": 1
        },
        "nao_classificados": []
      },
      "/salarios-pensoes-e-apoios": {
        "total": 26,
        "distintas": 20,
        "por_classe": {
          "conteudo": 16,
          "navegacao": 5,
          "autorreferencia": 0,
          "divulgacao": 1
        },
        "nao_classificados": [
          "Os números de Portugal sobre os salários, as pensões e os apoios sociais.",
          "Salários, pensões e apoios",
          "em doze meses, na base do Eurostat: €"
        ]
      },
      "/temas": {
        "total": 30,
        "distintas": 30,
        "por_classe": {
          "conteudo": 20,
          "navegacao": 5,
          "autorreferencia": 0,
          "divulgacao": 1
        },
        "nao_classificados": [
          "As medidas dos concelhos",
          "As regiões",
          "Os assuntos e os lugares de Portugal, com uma página para os números de cada assunto.",
          "Os distritos e as ilhas"
        ]
      },
      "/uniao-europeia": {
        "total": 114,
        "distintas": 40,
        "por_classe": {
          "conteudo": 49,
          "navegacao": 64,
          "autorreferencia": 0,
          "divulgacao": 1
        },
        "nao_classificados": []
      }
    },
    "declaracoes": {
      "total": 1415,
      "vivas": 785,
      "retiradas": 630,
      "rendidas": 1078,
      "sem_estado": [],
      "retiradas_sem_razao": [],
      "rendidas_nas_isentas": 479,
      "vivas_que_nao_rendem": [
        {
          "n": 750,
          "classe": "navegacao",
          "bloco": "lugar",
          "texto": "Como ler"
        },
        {
          "n": 752,
          "classe": "navegacao",
          "bloco": "lugar",
          "texto": "How to read"
        },
        {
          "n": 1362,
          "classe": "navegacao",
          "bloco": "lugar",
          "texto": "Um domínio é um assunto da carta dos conteúdos; uma área de governo é um ministério."
        },
        {
          "n": 1363,
          "classe": "navegacao",
          "bloco": "lugar",
          "texto": "A domain is a subject from the content charter; a government area is a ministry."
        },
        {
          "n": 1963,
          "classe": "navegacao",
          "bloco": "dominio",
          "texto": "Domínios"
        },
        {
          "n": 1964,
          "classe": "navegacao",
          "bloco": "dominio",
          "texto": "Domains"
        },
        {
          "n": 1967,
          "classe": "navegacao",
          "bloco": "dominio",
          "texto": "Por domínio"
        },
        {
          "n": 1968,
          "classe": "navegacao",
          "bloco": "dominio",
          "texto": "By domain"
        },
        {
          "n": 1981,
          "classe": "conteudo",
          "bloco": "dominio",
          "texto": "As medidas de <nome>, com a fonte, o período e as datas de cada uma."
        },
        {
          "n": 1982,
          "classe": "conteudo",
          "bloco": "dominio",
          "texto": "The measures of <nome>, with the source, the period and the dates of each one."
        },
        {
          "n": 1986,
          "classe": "conteudo",
          "bloco": "dominio",
          "texto": "Quanto cresce a economia por pessoa?"
        },
        {
          "n": 1987,
          "classe": "conteudo",
          "bloco": "dominio",
          "texto": "As contas públicas estão em equilíbrio?"
        },
        {
          "n": 1988,
          "classe": "conteudo",
          "bloco": "dominio",
          "texto": "Quanto deve o Estado?"
        },
        {
          "n": 1989,
          "classe": "conteudo",
          "bloco": "dominio",
          "texto": "O Estado gasta dentro da regra europeia?"
        },
        {
          "n": 1991,
          "classe": "conteudo",
          "bloco": "dominio",
          "texto": "Quantas pessoas trabalham?"
        },
        {
          "n": 1992,
          "classe": "conteudo",
          "bloco": "dominio",
          "texto": "Quantas procuram trabalho e não encontram?"
        },
        {
          "n": 1994,
          "classe": "conteudo",
          "bloco": "dominio",
          "texto": "As mulheres ganham o mesmo?"
        },
        {
          "n": 1995,
          "classe": "conteudo",
          "bloco": "dominio",
          "texto": "Qual é o salário mínimo em vigor?"
        },
        {
          "n": 1997,
          "classe": "conteudo",
          "bloco": "dominio",
          "texto": "How much does the economy grow per person?"
        },
        {
          "n": 1998,
          "classe": "conteudo",
          "bloco": "dominio",
          "texto": "Are the public accounts in balance?"
        },
        {
          "n": 1999,
          "classe": "conteudo",
          "bloco": "dominio",
          "texto": "How much does the State owe?"
        },
        {
          "n": 2000,
          "classe": "conteudo",
          "bloco": "dominio",
          "texto": "Does the State spend within the European rule?"
        },
        {
          "n": 2002,
          "classe": "conteudo",
          "bloco": "dominio",
          "texto": "How many people work?"
        },
        {
          "n": 2003,
          "classe": "conteudo",
          "bloco": "dominio",
          "texto": "How many are looking for work and not finding it?"
        },
        {
          "n": 2005,
          "classe": "conteudo",
          "bloco": "dominio",
          "texto": "Do women earn the same?"
        },
        {
          "n": 2006,
          "classe": "conteudo",
          "bloco": "dominio",
          "texto": "What is the minimum wage in force?"
        },
        {
          "n": 2032,
          "classe": "conteudo",
          "bloco": "dominio",
          "texto": "o limite legal"
        },
        {
          "n": 2033,
          "classe": "conteudo",
          "bloco": "dominio",
          "texto": "the legal cap"
        },
        {
          "n": 2034,
          "classe": "conteudo",
          "bloco": "dominio",
          "texto": "em doze meses, na base do Eurostat"
        },
        {
          "n": 2035,
          "classe": "conteudo",
          "bloco": "dominio",
          "texto": "over twelve months, on the Eurostat basis"
        },
        {
          "n": 2743,
          "classe": "navegacao",
          "bloco": "lugar",
          "texto": "Os domínios da carta dos conteúdos, cada um com a contagem das suas medidas e a porta para a sua página."
        },
        {
          "n": 2744,
          "classe": "navegacao",
          "bloco": "lugar",
          "texto": "The domains of the content charter, each with the count of its measures and the door to its page."
        },
        {
          "n": 2749,
          "classe": "conteudo",
          "bloco": "lugar",
          "texto": "Este domínio mede as contas do Estado, o que a economia produz por pessoa, a dívida das câmaras e o que se ganha e se trabalha em Portugal; não mede a produtividade, que é pergunta de estudo, nem o produto abaixo das regiões, nem a disparidade salarial entre sexos ao nível do concelho, para a qual não há número público."
        },
        {
          "n": 2750,
          "classe": "conteudo",
          "bloco": "lugar",
          "texto": "This domain measures the State’s accounts, what the economy produces per person, municipal debt, and what is earned and worked in Portugal; it does not measure productivity, which is a question for a study, nor output below the regions, nor the gender pay gap at municipal level, for which there is no published figure."
        },
        {
          "n": 2752,
          "classe": "navegacao",
          "bloco": "lugar",
          "texto": "das medidas deste domínio"
        },
        {
          "n": 2756,
          "classe": "navegacao",
          "bloco": "lugar",
          "texto": "of the measures of this domain"
        },
        {
          "n": 2871,
          "classe": "navegacao",
          "bloco": "palavras-do-rodape",
          "texto": "medida"
        },
        {
          "n": 2872,
          "classe": "navegacao",
          "bloco": "palavras-do-rodape",
          "texto": "medidas"
        },
        {
          "n": 2873,
          "classe": "navegacao",
          "bloco": "palavras-do-rodape",
          "texto": "measure"
        },
        {
          "n": 2874,
          "classe": "navegacao",
          "bloco": "palavras-do-rodape",
          "texto": "measures"
        },
        {
          "n": 2875,
          "classe": "conteudo",
          "bloco": "palavras-do-rodape",
          "texto": "A dívida pública é % do PIB, acima do valor de referência de %; o saldo das administrações públicas é % do PIB, acima do valor de referência de − %."
        },
        {
          "n": 2876,
          "classe": "conteudo",
          "bloco": "palavras-do-rodape",
          "texto": "Government debt is % of GDP, above the reference value of %; the general government balance is % of GDP, above the reference value of − %."
        },
        {
          "n": 2879,
          "classe": "conteudo",
          "bloco": "palavras-do-rodape",
          "texto": "O valor de referência é o limite de défice que os Estados-Membros se comprometeram a respeitar no Pacto de Estabilidade e Crescimento."
        },
        {
          "n": 2880,
          "classe": "conteudo",
          "bloco": "palavras-do-rodape",
          "texto": "The reference value is the deficit limit that Member States pledged to keep to under the Stability and Growth Pact."
        },
        {
          "n": 2881,
          "classe": "conteudo",
          "bloco": "palavras-do-rodape",
          "texto": "O valor de referência é a taxa de crescimento da trajetória da despesa líquida com que Portugal se comprometeu e que o Conselho da União Europeia aprovou."
        },
        {
          "n": 2882,
          "classe": "conteudo",
          "bloco": "palavras-do-rodape",
          "texto": "The reference value is the growth rate of the net expenditure path that Portugal committed to and that the Council of the European Union approved."
        },
        {
          "n": 3082,
          "classe": "navegacao",
          "bloco": "b1-peca3-correcao2",
          "texto": "Todas as medidas do país, por tema, cada uma com o seu valor, a sua fonte e o seu recibo."
        },
        {
          "n": 3083,
          "classe": "navegacao",
          "bloco": "b1-peca3-correcao2",
          "texto": "All the country's measures, by theme, each with its value, its source and its receipt."
        },
        {
          "n": 3487,
          "classe": "navegacao",
          "bloco": "pp1",
          "texto": "O meu dinheiro"
        },
        {
          "n": 3488,
          "classe": "navegacao",
          "bloco": "pp1",
          "texto": "My money"
        },
        {
          "n": 3489,
          "classe": "navegacao",
          "bloco": "pp1",
          "texto": "O meu trabalho"
        },
        {
          "n": 3490,
          "classe": "navegacao",
          "bloco": "pp1",
          "texto": "My work"
        },
        {
          "n": 3491,
          "classe": "navegacao",
          "bloco": "pp1",
          "texto": "A minha casa"
        },
        {
          "n": 3492,
          "classe": "navegacao",
          "bloco": "pp1",
          "texto": "My home"
        },
        {
          "n": 3493,
          "classe": "navegacao",
          "bloco": "pp1",
          "texto": "A escola e a saúde"
        },
        {
          "n": 3494,
          "classe": "navegacao",
          "bloco": "pp1",
          "texto": "School and health"
        },
        {
          "n": 3495,
          "classe": "navegacao",
          "bloco": "pp1",
          "texto": "O Estado e a economia"
        },
        {
          "n": 3496,
          "classe": "navegacao",
          "bloco": "pp1",
          "texto": "The state and the economy"
        },
        {
          "n": 3497,
          "classe": "navegacao",
          "bloco": "pp1",
          "texto": "Os preços, os salários, as pensões e os apoios."
        },
        {
          "n": 3498,
          "classe": "navegacao",
          "bloco": "pp1",
          "texto": "Prices, pay, pensions and benefits."
        },
        {
          "n": 3499,
          "classe": "navegacao",
          "bloco": "pp1",
          "texto": "O emprego, o desemprego e os jovens."
        },
        {
          "n": 3500,
          "classe": "navegacao",
          "bloco": "pp1",
          "texto": "Employment, unemployment and young people."
        },
        {
          "n": 3501,
          "classe": "navegacao",
          "bloco": "pp1",
          "texto": "O peso da habitação, as rendas e os preços."
        },
        {
          "n": 3502,
          "classe": "navegacao",
          "bloco": "pp1",
          "texto": "The cost of housing, rents and prices."
        },
        {
          "n": 3503,
          "classe": "navegacao",
          "bloco": "pp1",
          "texto": "O abandono escolar, a creche e o acesso aos cuidados."
        },
        {
          "n": 3504,
          "classe": "navegacao",
          "bloco": "pp1",
          "texto": "Early school leaving, childcare and access to care."
        },
        {
          "n": 3505,
          "classe": "navegacao",
          "bloco": "pp1",
          "texto": "<nome>, childcare and access to care."
        },
        {
          "n": 3506,
          "classe": "navegacao",
          "bloco": "pp1",
          "texto": "A dívida, o défice, o crescimento e as contas com o exterior."
        },
        {
          "n": 3507,
          "classe": "navegacao",
          "bloco": "pp1",
          "texto": "Debt, the deficit, growth and the external accounts."
        }
      ],
      "retiradas_que_rendem": [
        {
          "n": 863,
          "bloco": "grelha-2",
          "razao": "o rótulo de cobertura «Com página» saiu com a vista que o rendia (bloco dos 308, `44ef280`)",
          "texto": "With a page",
          "dentro": "Portugal’s subjects and places, with a page for each subject’s figures."
        }
      ]
    }
  },
  "voz": {
    "ficheiro": "design/especime-v3/VOZ-MARCADORES.md",
    "erros": [],
    "marcadores": 65,
    "excecoes": 15,
    "excecoes_de_registo": 0,
    "excecoes_por_usar": [
      "planned completion date has passed with no completion recorded",
      "que a lei garante"
    ],
    "frases_varridas": 1059,
    "ocorrencias_varridas": 23708,
    "achados": [
      {
        "texto": "It is the national minimum wage: the lowest monthly pay the law guarantees to employees, in force on the mainland in .",
        "marcadores": [
          "guarantee"
        ],
        "classe": "conteudo",
        "rotas": 1,
        "rota": "/en/pay-pensions-and-benefits"
      },
      {
        "texto": "É o que um trabalhador por conta de outrem a tempo completo ganhou por mês, em média, em , com o que lhe é pago com caráter regular pelas horas normais e extraordinárias, antes de descontos.",
        "marcadores": [
          "complet"
        ],
        "classe": "conteudo",
        "rotas": 1,
        "rota": "/salarios-pensoes-e-apoios"
      },
      {
        "texto": "É o salário mínimo nacional: o valor mensal mínimo que a lei garante a quem trabalha por conta de outrem, em vigor no continente em .",
        "marcadores": [
          "garant"
        ],
        "classe": "conteudo",
        "rotas": 1,
        "rota": "/salarios-pensoes-e-apoios"
      }
    ],
    "rotulos_em_span": {
      "eyebrow": 6742
    },
    "nomes_declarados": {
      "por_fonte": {
        "areas": 54,
        "regioes": 0,
        "dominios": 1880,
        "figuras": 220,
        "medidas": 52,
        "projeto": 830,
        "oficial": 0,
        "concelho": 4928
      },
      "fora_da_fonte": []
    }
  },
  "detalhe": {
    "sem_porta": [],
    "front_sem_selo": [],
    "front_selo_errado": [],
    "localizadores_internos": [
      "beneficiarios-do-rsi-por-mil-2023: Dados[\"2023\"], geocod=PT",
      "beneficiarios-do-rsi-por-mil-2024: Dados[\"2024\"], geocod=PT",
      "ipc-alimentacao-variacao-homologa-periodo-anterior: Dados[\"Julho de 2026\"], geocod=PT, dim_3=01",
      "ipc-alimentacao-variacao-homologa: Dados[\"Agosto de 2026\"], geocod=PT, dim_3=01",
      "ipc-combustiveis-variacao-homologa-periodo-anterior: Dados[\"Julho de 2026\"], geocod=PT, dim_3=0722",
      "ipc-combustiveis-variacao-homologa: Dados[\"Agosto de 2026\"], geocod=PT, dim_3=0722",
      "ipc-energia-em-casa-variacao-homologa-periodo-anterior: Dados[\"Julho de 2026\"], geocod=PT, dim_3=045",
      "ipc-energia-em-casa-variacao-homologa: Dados[\"Agosto de 2026\"], geocod=PT, dim_3=045",
      "ipc-rendas-variacao-homologa-periodo-anterior: Dados[\"Julho de 2026\"], geocod=PT, dim_3=041",
      "ipc-rendas-variacao-homologa: Dados[\"Agosto de 2026\"], geocod=PT, dim_3=041",
      "ipc-sem-habitacao-variacao-media-12-meses-periodo-anterior: Dados[\"Julho de 2026\"], geocod=PT, dim_3=001",
      "ipc-sem-habitacao-variacao-media-12-meses: Dados[\"Agosto de 2026\"], geocod=PT, dim_3=001",
      "ipc-variacao-homologa-periodo-anterior: Dados[\"Julho de 2026\"], geocod=PT, dim_3=T",
      "ipc-variacao-homologa: Dados[\"Agosto de 2026\"], geocod=PT, dim_3=T",
      "ipc-variacao-media-12-meses-periodo-anterior: Dados[\"Julho de 2026\"], geocod=PT, dim_3=T",
      "ipc-variacao-media-12-meses: Dados[\"Agosto de 2026\"], geocod=PT, dim_3=T",
      "pensao-media-anual-2024: Dados[\"2024\"], geocod=PT, dim_3=T",
      "pensao-media-anual-2025: Dados[\"2025\"], geocod=PT, dim_3=T",
      "remuneracao-bruta-mensal-media-periodo-anterior: Dados[\"Junho de 2025\"], geocod=PT, dim_3=T, dim_4=T",
      "remuneracao-bruta-mensal-media: Dados[\"Junho de 2026\"], geocod=PT, dim_3=T, dim_4=T"
    ],
    "molduras": [
      {
        "n": 3717,
        "paginas": 3717,
        "texto": "Texto gerado por inteligência artificial, segundo o Método ."
      },
      {
        "n": 3717,
        "paginas": 3717,
        "texto": "Text generated by artificial intelligence, according to the Method ."
      },
      {
        "n": 3009,
        "paginas": 3009,
        "texto": "Corrections and updates to this row"
      },
      {
        "n": 3009,
        "paginas": 3009,
        "texto": "Corrections: public, dated, permanent The whole policy →"
      },
      {
        "n": 3009,
        "paginas": 3009,
        "texto": "This row in the Portuguese edition →"
      },
      {
        "n": 3009,
        "paginas": 3009,
        "texto": "Back to Numbers and sources How this is made"
      },
      {
        "n": 3009,
        "paginas": 3009,
        "texto": "Correções e atualizações desta linha"
      },
      {
        "n": 3009,
        "paginas": 3009,
        "texto": "Correções: públicas, datadas, permanentes A política inteira →"
      },
      {
        "n": 3009,
        "paginas": 3009,
        "texto": "O conjunto inteiro: CSV · JSON"
      },
      {
        "n": 3009,
        "paginas": 3009,
        "texto": "Esta linha na edição inglesa →"
      },
      {
        "n": 3009,
        "paginas": 3009,
        "texto": "Voltar a Números e fontes Como isto é feito"
      },
      {
        "n": 2977,
        "paginas": 2977,
        "texto": "This row has never been corrected or updated."
      },
      {
        "n": 2977,
        "paginas": 2977,
        "texto": "Esta linha nunca foi corrigida nem atualizada."
      },
      {
        "n": 2572,
        "paginas": 2572,
        "texto": "Transcribed from the source, word for word."
      },
      {
        "n": 2572,
        "paginas": 2572,
        "texto": "Transcrito da fonte, palavra por palavra."
      },
      {
        "n": 334,
        "paginas": 334,
        "texto": "The same sum as an expression."
      },
      {
        "n": 330,
        "paginas": 330,
        "texto": "This row quotes no sentence: the value is calculated from other rows, and the documentary proof is theirs."
      },
      {
        "n": 330,
        "paginas": 330,
        "texto": "Calculated value, not published"
      },
      {
        "n": 330,
        "paginas": 330,
        "texto": "Esta linha não cita nenhuma frase: o valor é calculado a partir de outras linhas, e a prova documental é a delas."
      },
      {
        "n": 330,
        "paginas": 330,
        "texto": "Valor calculado, não publicado"
      },
      {
        "n": 329,
        "paginas": 329,
        "texto": "Recomputed at every build from its sources The re-reading rule →"
      },
      {
        "n": 329,
        "paginas": 329,
        "texto": "Recalculada em cada construção a partir das suas origens A regra da releitura →"
      },
      {
        "n": 309,
        "paginas": 309,
        "texto": "Municipalities: the central measures"
      },
      {
        "n": 309,
        "paginas": 309,
        "texto": "Concelhos: as medidas centrais"
      },
      {
        "n": 308,
        "paginas": 308,
        "texto": "The municipality page The municipalities in Numbers and sources Numbers and sources, the whole index"
      },
      {
        "n": 308,
        "paginas": 308,
        "texto": "Integrated business accounts; each enterprise counts in a single municipality."
      },
      {
        "n": 308,
        "paginas": 308,
        "texto": "What the council owes at the end of the year, from the annual series of the Directorate-General for Local Authorities."
      },
      {
        "n": 308,
        "paginas": 308,
        "texto": "Days the council takes to pay its suppliers, from the annual list of the Directorate-General for Local Authorities."
      },
      {
        "n": 308,
        "paginas": 308,
        "texto": "Purchasing power per capita, published for every municipality."
      },
      {
        "n": 308,
        "paginas": 308,
        "texto": "Debt as a percentage of the average net current revenue that the municipality collected in the previous three years; the law allows one and a half tim"
      },
      {
        "n": 308,
        "paginas": 308,
        "texto": "Registered with the employment service at month end, monthly file by municipality."
      },
      {
        "n": 308,
        "paginas": 308,
        "texto": "Staff records of the labour ministry’s strategy and planning office; full-time employees on full pay."
      },
      {
        "n": 308,
        "paginas": 308,
        "texto": "The statistics institute’s annual estimate for the municipality."
      },
      {
        "n": 308,
        "paginas": 308,
        "texto": "A página do concelho Os concelhos em Números e fontes Números e fontes, o índice inteiro"
      },
      {
        "n": 308,
        "paginas": 308,
        "texto": "Sistema de contas integradas das empresas; cada empresa conta num único concelho."
      },
      {
        "n": 308,
        "paginas": 308,
        "texto": "O que a câmara deve no fim do ano, pela série anual da Direção-Geral das Autarquias Locais."
      },
      {
        "n": 308,
        "paginas": 308,
        "texto": "Dias que a câmara demora a pagar aos fornecedores, pela lista anual da Direção-Geral das Autarquias Locais."
      },
      {
        "n": 308,
        "paginas": 308,
        "texto": "Poder de compra per capita, publicado pelo INE para todos os concelhos."
      },
      {
        "n": 308,
        "paginas": 308,
        "texto": "A dívida em percentagem da média da receita corrente líquida cobrada nos três anos anteriores; a lei permite uma vez e meia essa média."
      },
      {
        "n": 308,
        "paginas": 308,
        "texto": "Inscritos no fim do mês nos serviços de emprego, ficheiro mensal por concelho."
      },
      {
        "n": 308,
        "paginas": 308,
        "texto": "Quadros de Pessoal do Gabinete de Estratégia e Planeamento do Ministério do Trabalho; trabalhadores por conta de outrem a tempo completo com remuneraç"
      },
      {
        "n": 308,
        "paginas": 308,
        "texto": "Estimativa anual do INE para o concelho."
      },
      {
        "n": 91,
        "paginas": 91,
        "texto": "Excerpt composed from the source&#39;s response."
      },
      {
        "n": 91,
        "paginas": 91,
        "texto": "Excerto composto a partir da resposta da fonte."
      },
      {
        "n": 44,
        "paginas": 44,
        "texto": "none yet The re-reading rule →"
      },
      {
        "n": 44,
        "paginas": 44,
        "texto": "ainda nenhuma A regra da releitura →"
      },
      {
        "n": 29,
        "paginas": 29,
        "texto": "Places The map of municipalities"
      },
      {
        "n": 10,
        "paginas": 10,
        "texto": "This series in the Portuguese edition"
      },
      {
        "n": 10,
        "paginas": 10,
        "texto": "O que quer dizer este marcador →"
      },
      {
        "n": 9,
        "paginas": 9,
        "texto": "As áreas de governo Números e fontes Os concelhos"
      },
      {
        "n": 9,
        "paginas": 9,
        "texto": "The areas of government Numbers and sources The municipalities"
      },
      {
        "n": 9,
        "paginas": 9,
        "texto": "The regions of Portugal Portugal"
      },
      {
        "n": 9,
        "paginas": 9,
        "texto": "As regiões de Portugal Portugal"
      },
      {
        "n": 8,
        "paginas": 8,
        "texto": "The marked fields have not been confirmed against the source. The published value does not change because of it; what is missing is the documentary pr"
      },
      {
        "n": 8,
        "paginas": 8,
        "texto": "The definition is the one in Eurostat’s response, as the response writes it."
      },
      {
        "n": 8,
        "paginas": 8,
        "texto": "Os campos assinalados não foram confirmados contra a fonte. O valor publicado não muda por isso; o que falta é a prova documental, e enquanto faltar a"
      },
      {
        "n": 8,
        "paginas": 8,
        "texto": "A definição é a da resposta do Eurostat, tal como ela a escreve."
      },
      {
        "n": 5,
        "paginas": 5,
        "texto": "Este total mistura situações muito diferentes, e a Comissão Europeia diz que deve ler-se com a estrutura por regime de ocupação."
      },
      {
        "n": 5,
        "paginas": 5,
        "texto": "This total mixes very different situations, and the European Commission says it should be read together with the breakdown by tenure status."
      },
      {
        "n": 5,
        "paginas": 5,
        "texto": "This row quotes no sentence because there is none to quote: the value is a count of this publication&#39;s own record, re-evaluated every time the sit"
      },
      {
        "n": 5,
        "paginas": 5,
        "texto": "This site does not host these files. The dataset they came from declares, on dados.gov.pt, the licence &quot;Licença não especificada&quot; (licence n"
      },
      {
        "n": 5,
        "paginas": 5,
        "texto": "Esta linha não cita nenhuma frase porque não há nenhuma para citar: o valor é uma contagem do próprio registo deste projeto, e é reavaliado a cada con"
      },
      {
        "n": 5,
        "paginas": 5,
        "texto": "Este sítio não aloja estes ficheiros. O conjunto de onde vieram declara, em dados.gov.pt, a licença «Licença não especificada», e redistribuir um fich"
      },
      {
        "n": 4,
        "paginas": 4,
        "texto": "Quanto devem as administrações públicas, em percentagem do PIB?"
      },
      {
        "n": 4,
        "paginas": 4,
        "texto": "Quanto mudaram os preços de transação das casas compradas pelas famílias?"
      },
      {
        "n": 4,
        "paginas": 4,
        "texto": "Quantas vezes é maior o rendimento total do quinto da população com mais rendimento do que o do quinto com menos?"
      },
      {
        "n": 4,
        "paginas": 4,
        "texto": "Que parte da população está em risco de pobreza, em privação material e social grave ou num agregado com intensidade de trabalho muito baixa, contando"
      },
      {
        "n": 4,
        "paginas": 4,
        "texto": "How much does general government owe, as a percentage of GDP?"
      },
      {
        "n": 4,
        "paginas": 4,
        "texto": "How much have the transaction prices of homes purchased by households changed?"
      },
      {
        "n": 4,
        "paginas": 4,
        "texto": "How many times greater is the total income of the fifth of the population with the highest income than that of the fifth with the lowest?"
      },
      {
        "n": 4,
        "paginas": 4,
        "texto": "What share of the population is at risk of poverty, severely materially and socially deprived or living in a household with very low work intensity, c"
      },
      {
        "n": 3,
        "paginas": 3,
        "texto": "Quanto mudou em três anos o índice nominal do custo unitário do trabalho, por hora trabalhada?"
      },
      {
        "n": 3,
        "paginas": 3,
        "texto": "Quanto mudou em três anos o desempenho das exportações do país face às economias avançadas?"
      },
      {
        "n": 3,
        "paginas": 3,
        "texto": "Quanto mudou em três anos a percentagem de pessoas ativas, empregadas ou desempregadas, na população comparável?"
      },
      {
        "n": 3,
        "paginas": 3,
        "texto": "Quanto recebe por mês, em média e antes de descontos, quem trabalha por conta de outrem?"
      },
      {
        "n": 3,
        "paginas": 3,
        "texto": "Qual é o valor anual médio das pensões pagas pela Segurança Social por pensionista?"
      },
      {
        "n": 3,
        "paginas": 3,
        "texto": "Quantas pessoas recebem o rendimento social de inserção por cada mil pessoas em idade ativa?"
      },
      {
        "n": 3,
        "paginas": 3,
        "texto": "Abaixo de que rendimento anual fica em risco de pobreza uma pessoa que vive sozinha?"
      },
      {
        "n": 3,
        "paginas": 3,
        "texto": "How much has the nominal unit labour cost index, per hour worked, changed over three years?"
      },
      {
        "n": 3,
        "paginas": 3,
        "texto": "How much has the country’s export performance against advanced economies changed over three years?"
      },
      {
        "n": 3,
        "paginas": 3,
        "texto": "How much has the percentage of active people, employed or unemployed, in the comparable total population changed over three years?"
      },
      {
        "n": 3,
        "paginas": 3,
        "texto": "How much do employees receive per month, on average and before deductions?"
      },
      {
        "n": 3,
        "paginas": 3,
        "texto": "What is the average annual amount of pensions paid by Social Security per pensioner?"
      },
      {
        "n": 3,
        "paginas": 3,
        "texto": "How many people receive social insertion income for every thousand people of working age?"
      },
      {
        "n": 3,
        "paginas": 3,
        "texto": "Below what annual income is a person living alone at risk of poverty?"
      },
      {
        "n": 3,
        "paginas": 3,
        "texto": "What Évora’s bid for European Capital of Culture promised, what the European Commission’s expert panel wrote about it, and the money written into publ"
      },
      {
        "n": 3,
        "paginas": 3,
        "texto": "This row quotes no sentence because the source publishes none: the value is the line count of the file this site hosts, above, and it is re-counted at"
      },
      {
        "n": 3,
        "paginas": 3,
        "texto": "Economic assessment of Portugal’s regions."
      },
      {
        "n": 3,
        "paginas": 3,
        "texto": "Financiamento público em Portugal."
      },
      {
        "n": 3,
        "paginas": 3,
        "texto": "O que a candidatura de Évora a Capital Europeia da Cultura prometeu, o que o painel de peritos da Comissão Europeia escreveu sobre isso, e o dinheiro "
      },
      {
        "n": 3,
        "paginas": 3,
        "texto": "Nenhum concelho com esse nome."
      },
      {
        "n": 3,
        "paginas": 3,
        "texto": "Esta linha não cita nenhuma frase porque a fonte não publica nenhuma: o valor é a contagem das linhas do ficheiro que este sítio aloja, acima, e é rec"
      },
      {
        "n": 2,
        "paginas": 2,
        "texto": "internacionalização das empresas"
      },
      {
        "n": 2,
        "paginas": 2,
        "texto": "os programas financiados por fundos europeus, nomeadamente no âmbito da política de coesão da União Europeia e do Plano de Recuperação e Resiliência ("
      },
      {
        "n": 2,
        "paginas": 2,
        "texto": "as orientações em matéria de competências digitais"
      },
      {
        "n": 2,
        "paginas": 2,
        "texto": "a política financeira do Estado"
      },
      {
        "n": 2,
        "paginas": 2,
        "texto": "relações laborais e condições de trabalho"
      },
      {
        "n": 2,
        "paginas": 2,
        "texto": "combate à pobreza e de promoção da inclusão social"
      },
      {
        "n": 2,
        "paginas": 2,
        "texto": "Os jovens e as diferenças entre homens e mulheres"
      },
      {
        "n": 2,
        "paginas": 2,
        "texto": "Young people and the gaps between men and women"
      },
      {
        "n": 2,
        "paginas": 2,
        "texto": "What is the difference between residents’ financial assets and liabilities relative to the rest of the world, as a percentage of GDP?"
      },
      {
        "n": 2,
        "paginas": 2,
        "texto": "How much do non-financial corporations owe in consolidated debt, as a percentage of GDP?"
      },
      {
        "n": 2,
        "paginas": 2,
        "texto": "How much do households and non-profit institutions serving them owe in consolidated debt, as a percentage of GDP?"
      },
      {
        "n": 2,
        "paginas": 2,
        "texto": "What percentage of non-financial corporations’ debt in the previous period does their consolidated credit flow represent, excluding foreign direct inv"
      },
      {
        "n": 2,
        "paginas": 2,
        "texto": "What percentage of the debt of households and non-profit institutions serving them in the previous period does their consolidated credit flow represen"
      },
      {
        "n": 2,
        "paginas": 2,
        "texto": "What is the current account balance as a percentage of GDP, on a three-year backward moving average?"
      },
      {
        "n": 2,
        "paginas": 2,
        "texto": "How much have rents actually paid for housing changed since the same month a year earlier?"
      },
      {
        "n": 2,
        "paginas": 2,
        "texto": "How much has the average level of consumer prices excluding housing changed over the last twelve months?"
      },
      {
        "n": 2,
        "paginas": 2,
        "texto": "This map did not open. The door goes to its own page."
      },
      {
        "n": 2,
        "paginas": 2,
        "texto": "How much have consumer prices in Portugal changed since the same month a year earlier, on the harmonised measure used to compare European Union countr"
      },
      {
        "n": 2,
        "paginas": 2,
        "texto": "How much have food and non-alcoholic beverage prices changed since the same month a year earlier?"
      },
      {
        "n": 2,
        "paginas": 2,
        "texto": "How much have fuel and lubricant prices for vehicles changed since the same month a year earlier?"
      },
      {
        "n": 2,
        "paginas": 2,
        "texto": "How much have the prices of electricity, gas and other fuels used at home changed since the same month a year earlier?"
      },
      {
        "n": 2,
        "paginas": 2,
        "texto": "How much have consumer prices changed since the same month a year earlier?"
      },
      {
        "n": 2,
        "paginas": 2,
        "texto": "How much has the average level of consumer prices changed over the last twelve months compared with the previous twelve months?"
      },
      {
        "n": 2,
        "paginas": 2,
        "texto": "Portugal › Oeste e Vale do Tejo › Santarém › Abrantes"
      },
      {
        "n": 2,
        "paginas": 2,
        "texto": "Portugal › Centro › Aveiro › Águeda"
      },
      {
        "n": 2,
        "paginas": 2,
        "texto": "Portugal › Centro › Guarda › Aguiar da Beira"
      },
      {
        "n": 2,
        "paginas": 2,
        "texto": "Portugal › Alentejo › Évora › Alandroal"
      },
      {
        "n": 2,
        "paginas": 2,
        "texto": "Portugal › Centro › Aveiro › Albergaria-a-Velha"
      },
      {
        "n": 2,
        "paginas": 2,
        "texto": "Portugal › Algarve › Faro › Albufeira"
      },
      {
        "n": 2,
        "paginas": 2,
        "texto": "Portugal › Alentejo › Setúbal › Alcácer do Sal"
      },
      {
        "n": 2,
        "paginas": 2,
        "texto": "Portugal › Oeste e Vale do Tejo › Santarém › Alcanena"
      },
      {
        "n": 2,
        "paginas": 2,
        "texto": "Portugal › Oeste e Vale do Tejo › Leiria › Alcobaça"
      },
      {
        "n": 2,
        "paginas": 2,
        "texto": "Portugal › Algarve › Faro › Alcoutim"
      },
      {
        "n": 2,
        "paginas": 2,
        "texto": "Portugal › Oeste e Vale do Tejo › Lisboa › Alenquer"
      },
      {
        "n": 2,
        "paginas": 2,
        "texto": "Portugal › Norte › Bragança › Alfândega da Fé"
      },
      {
        "n": 2,
        "paginas": 2,
        "texto": "Portugal › Norte › Vila Real › Alijó"
      },
      {
        "n": 2,
        "paginas": 2,
        "texto": "Portugal › Algarve › Faro › Aljezur"
      },
      {
        "n": 2,
        "paginas": 2,
        "texto": "Portugal › Alentejo › Beja › Aljustrel"
      },
      {
        "n": 2,
        "paginas": 2,
        "texto": "Portugal › Centro › Guarda › Almeida"
      },
      {
        "n": 2,
        "paginas": 2,
        "texto": "Portugal › Oeste e Vale do Tejo › Santarém › Almeirim"
      },
      {
        "n": 2,
        "paginas": 2,
        "texto": "Portugal › Alentejo › Beja › Almodôvar"
      },
      {
        "n": 2,
        "paginas": 2,
        "texto": "Portugal › Oeste e Vale do Tejo › Santarém › Alpiarça"
      },
      {
        "n": 2,
        "paginas": 2,
        "texto": "Portugal › Alentejo › Portalegre › Alter do Chão"
      },
      {
        "n": 2,
        "paginas": 2,
        "texto": "Portugal › Centro › Leiria › Alvaiázere"
      },
      {
        "n": 2,
        "paginas": 2,
        "texto": "Portugal › Alentejo › Beja › Alvito"
      },
      {
        "n": 2,
        "paginas": 2,
        "texto": "Portugal › Norte › Porto › Amarante"
      },
      {
        "n": 2,
        "paginas": 2,
        "texto": "Portugal › Norte › Braga › Amares"
      },
      {
        "n": 2,
        "paginas": 2,
        "texto": "Portugal › Centro › Aveiro › Anadia"
      },
      {
        "n": 2,
        "paginas": 2,
        "texto": "Portugal › Centro › Leiria › Ansião"
      },
      {
        "n": 2,
        "paginas": 2,
        "texto": "Portugal › Norte › Viana do Castelo › Arcos de Valdevez"
      },
      {
        "n": 2,
        "paginas": 2,
        "texto": "Portugal › Centro › Coimbra › Arganil"
      },
      {
        "n": 2,
        "paginas": 2,
        "texto": "Portugal › Norte › Viseu › Armamar"
      },
      {
        "n": 2,
        "paginas": 2,
        "texto": "Portugal › Norte › Aveiro › Arouca"
      },
      {
        "n": 2,
        "paginas": 2,
        "texto": "Portugal › Alentejo › Évora › Arraiolos"
      },
      {
        "n": 2,
        "paginas": 2,
        "texto": "Portugal › Alentejo › Portalegre › Arronches"
      },
      {
        "n": 2,
        "paginas": 2,
        "texto": "Portugal › Oeste e Vale do Tejo › Lisboa › Arruda dos Vinhos"
      },
      {
        "n": 2,
        "paginas": 2,
        "texto": "Portugal › Centro › Aveiro › Aveiro"
      },
      {
        "n": 2,
        "paginas": 2,
        "texto": "Portugal › Alentejo › Portalegre › Avis"
      },
      {
        "n": 2,
        "paginas": 2,
        "texto": "Portugal › Oeste e Vale do Tejo › Lisboa › Azambuja"
      },
      {
        "n": 2,
        "paginas": 2,
        "texto": "Portugal › Norte › Porto › Baião"
      },
      {
        "n": 2,
        "paginas": 2,
        "texto": "Portugal › Norte › Braga › Barcelos"
      },
      {
        "n": 2,
        "paginas": 2,
        "texto": "Portugal › Alentejo › Beja › Barrancos"
      },
      {
        "n": 2,
        "paginas": 2,
        "texto": "Portugal › Centro › Leiria › Batalha"
      },
      {
        "n": 2,
        "paginas": 2,
        "texto": "Portugal › Alentejo › Beja › Beja"
      },
      {
        "n": 2,
        "paginas": 2,
        "texto": "Portugal › Centro › Castelo Branco › Belmonte"
      },
      {
        "n": 2,
        "paginas": 2,
        "texto": "Portugal › Oeste e Vale do Tejo › Santarém › Benavente"
      },
      {
        "n": 2,
        "paginas": 2,
        "texto": "Portugal › Oeste e Vale do Tejo › Leiria › Bombarral"
      },
      {
        "n": 2,
        "paginas": 2,
        "texto": "Portugal › Alentejo › Évora › Borba"
      },
      {
        "n": 2,
        "paginas": 2,
        "texto": "Portugal › Norte › Vila Real › Boticas"
      },
      {
        "n": 2,
        "paginas": 2,
        "texto": "Portugal › Norte › Braga › Braga"
      },
      {
        "n": 2,
        "paginas": 2,
        "texto": "Portugal › Norte › Bragança › Bragança"
      },
      {
        "n": 2,
        "paginas": 2,
        "texto": "Portugal › Norte › Braga › Cabeceiras de Basto"
      },
      {
        "n": 2,
        "paginas": 2,
        "texto": "Portugal › Oeste e Vale do Tejo › Lisboa › Cadaval"
      },
      {
        "n": 2,
        "paginas": 2,
        "texto": "Portugal › Oeste e Vale do Tejo › Leiria › Caldas da Rainha"
      },
      {
        "n": 2,
        "paginas": 2,
        "texto": "Portugal › Madeira › Ilha da Madeira › Calheta"
      },
      {
        "n": 2,
        "paginas": 2,
        "texto": "Portugal › Madeira › Ilha da Madeira › Câmara de Lobos"
      },
      {
        "n": 2,
        "paginas": 2,
        "texto": "Portugal › Norte › Viana do Castelo › Caminha"
      },
      {
        "n": 2,
        "paginas": 2,
        "texto": "Portugal › Alentejo › Portalegre › Campo Maior"
      },
      {
        "n": 2,
        "paginas": 2,
        "texto": "Portugal › Centro › Coimbra › Cantanhede"
      },
      {
        "n": 2,
        "paginas": 2,
        "texto": "Portugal › Norte › Bragança › Carrazeda de Ansiães"
      },
      {
        "n": 2,
        "paginas": 2,
        "texto": "Portugal › Centro › Viseu › Carregal do Sal"
      },
      {
        "n": 2,
        "paginas": 2,
        "texto": "Portugal › Oeste e Vale do Tejo › Santarém › Cartaxo"
      },
      {
        "n": 2,
        "paginas": 2,
        "texto": "Portugal › Centro › Leiria › Castanheira de Pêra"
      },
      {
        "n": 2,
        "paginas": 2,
        "texto": "Portugal › Centro › Castelo Branco › Castelo Branco"
      },
      {
        "n": 2,
        "paginas": 2,
        "texto": "Portugal › Norte › Aveiro › Castelo de Paiva"
      },
      {
        "n": 2,
        "paginas": 2,
        "texto": "Portugal › Alentejo › Portalegre › Castelo de Vide"
      },
      {
        "n": 2,
        "paginas": 2,
        "texto": "Portugal › Centro › Viseu › Castro Daire"
      },
      {
        "n": 2,
        "paginas": 2,
        "texto": "Portugal › Algarve › Faro › Castro Marim"
      },
      {
        "n": 2,
        "paginas": 2,
        "texto": "Portugal › Alentejo › Beja › Castro Verde"
      },
      {
        "n": 2,
        "paginas": 2,
        "texto": "Portugal › Centro › Guarda › Celorico da Beira"
      },
      {
        "n": 2,
        "paginas": 2,
        "texto": "Portugal › Norte › Braga › Celorico de Basto"
      },
      {
        "n": 2,
        "paginas": 2,
        "texto": "Portugal › Oeste e Vale do Tejo › Santarém › Chamusca"
      },
      {
        "n": 2,
        "paginas": 2,
        "texto": "Portugal › Norte › Vila Real › Chaves"
      },
      {
        "n": 2,
        "paginas": 2,
        "texto": "Portugal › Norte › Viseu › Cinfães"
      },
      {
        "n": 2,
        "paginas": 2,
        "texto": "Portugal › Centro › Coimbra › Coimbra"
      },
      {
        "n": 2,
        "paginas": 2,
        "texto": "Portugal › Centro › Coimbra › Condeixa-a-Nova"
      },
      {
        "n": 2,
        "paginas": 2,
        "texto": "Portugal › Oeste e Vale do Tejo › Santarém › Constância"
      },
      {
        "n": 2,
        "paginas": 2,
        "texto": "Portugal › Oeste e Vale do Tejo › Santarém › Coruche"
      },
      {
        "n": 2,
        "paginas": 2,
        "texto": "Portugal › Centro › Castelo Branco › Covilhã"
      },
      {
        "n": 2,
        "paginas": 2,
        "texto": "Portugal › Alentejo › Portalegre › Crato"
      },
      {
        "n": 2,
        "paginas": 2,
        "texto": "Portugal › Alentejo › Beja › Cuba"
      },
      {
        "n": 2,
        "paginas": 2,
        "texto": "Portugal › Alentejo › Portalegre › Elvas"
      },
      {
        "n": 2,
        "paginas": 2,
        "texto": "Portugal › Oeste e Vale do Tejo › Santarém › Entroncamento"
      },
      {
        "n": 2,
        "paginas": 2,
        "texto": "Portugal › Norte › Aveiro › Espinho"
      },
      {
        "n": 2,
        "paginas": 2,
        "texto": "Portugal › Norte › Braga › Esposende"
      },
      {
        "n": 2,
        "paginas": 2,
        "texto": "Portugal › Centro › Aveiro › Estarreja"
      },
      {
        "n": 2,
        "paginas": 2,
        "texto": "Portugal › Alentejo › Évora › Estremoz"
      },
      {
        "n": 2,
        "paginas": 2,
        "texto": "Portugal › Alentejo › Évora › Évora"
      },
      {
        "n": 2,
        "paginas": 2,
        "texto": "Portugal › Norte › Braga › Fafe"
      },
      {
        "n": 2,
        "paginas": 2,
        "texto": "Portugal › Algarve › Faro › Faro"
      },
      {
        "n": 2,
        "paginas": 2,
        "texto": "Portugal › Norte › Porto › Felgueiras"
      },
      {
        "n": 2,
        "paginas": 2,
        "texto": "Portugal › Alentejo › Beja › Ferreira do Alentejo"
      },
      {
        "n": 2,
        "paginas": 2,
        "texto": "Portugal › Oeste e Vale do Tejo › Santarém › Ferreira do Zêzere"
      },
      {
        "n": 2,
        "paginas": 2,
        "texto": "Portugal › Centro › Coimbra › Figueira da Foz"
      },
      {
        "n": 2,
        "paginas": 2,
        "texto": "Portugal › Centro › Guarda › Figueira de Castelo Rodrigo"
      },
      {
        "n": 2,
        "paginas": 2,
        "texto": "Portugal › Centro › Leiria › Figueiró dos Vinhos"
      },
      {
        "n": 2,
        "paginas": 2,
        "texto": "Portugal › Centro › Guarda › Fornos de Algodres"
      },
      {
        "n": 2,
        "paginas": 2,
        "texto": "Portugal › Norte › Bragança › Freixo de Espada à Cinta"
      },
      {
        "n": 2,
        "paginas": 2,
        "texto": "Portugal › Alentejo › Portalegre › Fronteira"
      },
      {
        "n": 2,
        "paginas": 2,
        "texto": "Portugal › Madeira › Ilha da Madeira › Funchal"
      },
      {
        "n": 2,
        "paginas": 2,
        "texto": "Portugal › Centro › Castelo Branco › Fundão"
      },
      {
        "n": 2,
        "paginas": 2,
        "texto": "Portugal › Alentejo › Portalegre › Gavião"
      },
      {
        "n": 2,
        "paginas": 2,
        "texto": "Portugal › Centro › Coimbra › Góis"
      },
      {
        "n": 2,
        "paginas": 2,
        "texto": "Portugal › Oeste e Vale do Tejo › Santarém › Golegã"
      },
      {
        "n": 2,
        "paginas": 2,
        "texto": "Portugal › Norte › Porto › Gondomar"
      },
      {
        "n": 2,
        "paginas": 2,
        "texto": "Portugal › Centro › Guarda › Gouveia"
      },
      {
        "n": 2,
        "paginas": 2,
        "texto": "Portugal › Alentejo › Setúbal › Grândola"
      },
      {
        "n": 2,
        "paginas": 2,
        "texto": "Portugal › Centro › Guarda › Guarda"
      },
      {
        "n": 2,
        "paginas": 2,
        "texto": "Portugal › Norte › Braga › Guimarães"
      },
      {
        "n": 2,
        "paginas": 2,
        "texto": "Portugal › Centro › Castelo Branco › Idanha-a-Nova"
      },
      {
        "n": 2,
        "paginas": 2,
        "texto": "Portugal › Centro › Aveiro › Ílhavo"
      },
      {
        "n": 2,
        "paginas": 2,
        "texto": "Portugal › Algarve › Faro › Lagoa"
      },
      {
        "n": 2,
        "paginas": 2,
        "texto": "Portugal › Algarve › Faro › Lagos"
      },
      {
        "n": 2,
        "paginas": 2,
        "texto": "Portugal › Norte › Viseu › Lamego"
      },
      {
        "n": 2,
        "paginas": 2,
        "texto": "Portugal › Centro › Leiria › Leiria"
      },
      {
        "n": 2,
        "paginas": 2,
        "texto": "Portugal › Algarve › Faro › Loulé"
      },
      {
        "n": 2,
        "paginas": 2,
        "texto": "Portugal › Oeste e Vale do Tejo › Lisboa › Lourinhã"
      },
      {
        "n": 2,
        "paginas": 2,
        "texto": "Portugal › Centro › Coimbra › Lousã"
      },
      {
        "n": 2,
        "paginas": 2,
        "texto": "Portugal › Norte › Porto › Lousada"
      },
      {
        "n": 2,
        "paginas": 2,
        "texto": "Portugal › Oeste e Vale do Tejo › Santarém › Mação"
      },
      {
        "n": 2,
        "paginas": 2,
        "texto": "Portugal › Norte › Bragança › Macedo de Cavaleiros"
      },
      {
        "n": 2,
        "paginas": 2,
        "texto": "Portugal › Madeira › Ilha da Madeira › Machico"
      },
      {
        "n": 2,
        "paginas": 2,
        "texto": "Portugal › Norte › Porto › Maia"
      },
      {
        "n": 2,
        "paginas": 2,
        "texto": "Portugal › Centro › Viseu › Mangualde"
      },
      {
        "n": 2,
        "paginas": 2,
        "texto": "Portugal › Centro › Guarda › Manteigas"
      },
      {
        "n": 2,
        "paginas": 2,
        "texto": "Portugal › Norte › Porto › Marco de Canaveses"
      },
      {
        "n": 2,
        "paginas": 2,
        "texto": "Portugal › Centro › Leiria › Marinha Grande"
      },
      {
        "n": 2,
        "paginas": 2,
        "texto": "Portugal › Alentejo › Portalegre › Marvão"
      },
      {
        "n": 2,
        "paginas": 2,
        "texto": "Portugal › Norte › Porto › Matosinhos"
      },
      {
        "n": 2,
        "paginas": 2,
        "texto": "Portugal › Centro › Aveiro › Mealhada"
      },
      {
        "n": 2,
        "paginas": 2,
        "texto": "Portugal › Centro › Guarda › Mêda"
      },
      {
        "n": 2,
        "paginas": 2,
        "texto": "Portugal › Norte › Viana do Castelo › Melgaço"
      },
      {
        "n": 2,
        "paginas": 2,
        "texto": "Portugal › Alentejo › Beja › Mértola"
      },
      {
        "n": 2,
        "paginas": 2,
        "texto": "Portugal › Norte › Vila Real › Mesão Frio"
      },
      {
        "n": 2,
        "paginas": 2,
        "texto": "Portugal › Centro › Coimbra › Mira"
      },
      {
        "n": 2,
        "paginas": 2,
        "texto": "Portugal › Centro › Coimbra › Miranda do Corvo"
      },
      {
        "n": 2,
        "paginas": 2,
        "texto": "Portugal › Norte › Bragança › Miranda do Douro"
      },
      {
        "n": 2,
        "paginas": 2,
        "texto": "Portugal › Norte › Bragança › Mirandela"
      },
      {
        "n": 2,
        "paginas": 2,
        "texto": "Portugal › Norte › Bragança › Mogadouro"
      },
      {
        "n": 2,
        "paginas": 2,
        "texto": "Portugal › Norte › Viseu › Moimenta da Beira"
      },
      {
        "n": 2,
        "paginas": 2,
        "texto": "Portugal › Norte › Viana do Castelo › Monção"
      },
      {
        "n": 2,
        "paginas": 2,
        "texto": "Portugal › Algarve › Faro › Monchique"
      },
      {
        "n": 2,
        "paginas": 2,
        "texto": "Portugal › Norte › Vila Real › Mondim de Basto"
      },
      {
        "n": 2,
        "paginas": 2,
        "texto": "Portugal › Alentejo › Portalegre › Monforte"
      },
      {
        "n": 2,
        "paginas": 2,
        "texto": "Portugal › Norte › Vila Real › Montalegre"
      },
      {
        "n": 2,
        "paginas": 2,
        "texto": "Portugal › Alentejo › Évora › Montemor-o-Novo"
      },
      {
        "n": 2,
        "paginas": 2,
        "texto": "Portugal › Centro › Coimbra › Montemor-o-Velho"
      },
      {
        "n": 2,
        "paginas": 2,
        "texto": "Portugal › Alentejo › Évora › Mora"
      },
      {
        "n": 2,
        "paginas": 2,
        "texto": "Portugal › Centro › Viseu › Mortágua"
      },
      {
        "n": 2,
        "paginas": 2,
        "texto": "Portugal › Alentejo › Beja › Moura"
      },
      {
        "n": 2,
        "paginas": 2,
        "texto": "Portugal › Alentejo › Évora › Mourão"
      },
      {
        "n": 2,
        "paginas": 2,
        "texto": "Portugal › Norte › Vila Real › Murça"
      },
      {
        "n": 2,
        "paginas": 2,
        "texto": "Portugal › Centro › Aveiro › Murtosa"
      },
      {
        "n": 2,
        "paginas": 2,
        "texto": "Portugal › Oeste e Vale do Tejo › Leiria › Nazaré"
      },
      {
        "n": 2,
        "paginas": 2,
        "texto": "Portugal › Centro › Viseu › Nelas"
      },
      {
        "n": 2,
        "paginas": 2,
        "texto": "Portugal › Alentejo › Portalegre › Nisa"
      },
      {
        "n": 2,
        "paginas": 2,
        "texto": "Portugal › Oeste e Vale do Tejo › Leiria › Óbidos"
      },
      {
        "n": 2,
        "paginas": 2,
        "texto": "Portugal › Alentejo › Beja › Odemira"
      },
      {
        "n": 2,
        "paginas": 2,
        "texto": "Portugal › Centro › Castelo Branco › Oleiros"
      },
      {
        "n": 2,
        "paginas": 2,
        "texto": "Portugal › Algarve › Faro › Olhão"
      },
      {
        "n": 2,
        "paginas": 2,
        "texto": "Portugal › Norte › Aveiro › Oliveira de Azeméis"
      },
      {
        "n": 2,
        "paginas": 2,
        "texto": "Portugal › Centro › Viseu › Oliveira de Frades"
      },
      {
        "n": 2,
        "paginas": 2,
        "texto": "Portugal › Centro › Aveiro › Oliveira do Bairro"
      },
      {
        "n": 2,
        "paginas": 2,
        "texto": "Portugal › Centro › Coimbra › Oliveira do Hospital"
      },
      {
        "n": 2,
        "paginas": 2,
        "texto": "Portugal › Oeste e Vale do Tejo › Santarém › Ourém"
      },
      {
        "n": 2,
        "paginas": 2,
        "texto": "Portugal › Alentejo › Beja › Ourique"
      },
      {
        "n": 2,
        "paginas": 2,
        "texto": "Portugal › Centro › Aveiro › Ovar"
      },
      {
        "n": 2,
        "paginas": 2,
        "texto": "Portugal › Norte › Porto › Paços de Ferreira"
      },
      {
        "n": 2,
        "paginas": 2,
        "texto": "Portugal › Centro › Coimbra › Pampilhosa da Serra"
      },
      {
        "n": 2,
        "paginas": 2,
        "texto": "Portugal › Norte › Viana do Castelo › Paredes de Coura"
      },
      {
        "n": 2,
        "paginas": 2,
        "texto": "Portugal › Norte › Porto › Paredes"
      },
      {
        "n": 2,
        "paginas": 2,
        "texto": "Portugal › Centro › Leiria › Pedrógão Grande"
      },
      {
        "n": 2,
        "paginas": 2,
        "texto": "Portugal › Centro › Coimbra › Penacova"
      },
      {
        "n": 2,
        "paginas": 2,
        "texto": "Portugal › Norte › Porto › Penafiel"
      },
      {
        "n": 2,
        "paginas": 2,
        "texto": "Portugal › Centro › Viseu › Penalva do Castelo"
      },
      {
        "n": 2,
        "paginas": 2,
        "texto": "Portugal › Centro › Castelo Branco › Penamacor"
      },
      {
        "n": 2,
        "paginas": 2,
        "texto": "Portugal › Norte › Viseu › Penedono"
      },
      {
        "n": 2,
        "paginas": 2,
        "texto": "Portugal › Centro › Coimbra › Penela"
      },
      {
        "n": 2,
        "paginas": 2,
        "texto": "Portugal › Oeste e Vale do Tejo › Leiria › Peniche"
      },
      {
        "n": 2,
        "paginas": 2,
        "texto": "Portugal › Norte › Vila Real › Peso da Régua"
      },
      {
        "n": 2,
        "paginas": 2,
        "texto": "Portugal › Centro › Guarda › Pinhel"
      },
      {
        "n": 2,
        "paginas": 2,
        "texto": "Portugal › Centro › Leiria › Pombal"
      },
      {
        "n": 2,
        "paginas": 2,
        "texto": "Portugal › Madeira › Ilha da Madeira › Ponta do Sol"
      },
      {
        "n": 2,
        "paginas": 2,
        "texto": "Portugal › Norte › Viana do Castelo › Ponte da Barca"
      },
      {
        "n": 2,
        "paginas": 2,
        "texto": "Portugal › Norte › Viana do Castelo › Ponte de Lima"
      },
      {
        "n": 2,
        "paginas": 2,
        "texto": "Portugal › Alentejo › Portalegre › Ponte de Sor"
      },
      {
        "n": 2,
        "paginas": 2,
        "texto": "Portugal › Alentejo › Portalegre › Portalegre"
      },
      {
        "n": 2,
        "paginas": 2,
        "texto": "Portugal › Alentejo › Évora › Portel"
      },
      {
        "n": 2,
        "paginas": 2,
        "texto": "Portugal › Algarve › Faro › Portimão"
      },
      {
        "n": 2,
        "paginas": 2,
        "texto": "Portugal › Centro › Leiria › Porto de Mós"
      },
      {
        "n": 2,
        "paginas": 2,
        "texto": "Portugal › Madeira › Ilha da Madeira › Porto Moniz"
      },
      {
        "n": 2,
        "paginas": 2,
        "texto": "Portugal › Madeira › Ilha de Porto Santo › Porto Santo"
      },
      {
        "n": 2,
        "paginas": 2,
        "texto": "Portugal › Norte › Porto › Porto"
      },
      {
        "n": 2,
        "paginas": 2,
        "texto": "Portugal › Norte › Braga › Póvoa de Lanhoso"
      },
      {
        "n": 2,
        "paginas": 2,
        "texto": "Portugal › Norte › Porto › Póvoa de Varzim"
      },
      {
        "n": 2,
        "paginas": 2,
        "texto": "Portugal › Centro › Castelo Branco › Proença-a-Nova"
      },
      {
        "n": 2,
        "paginas": 2,
        "texto": "Portugal › Alentejo › Évora › Redondo"
      },
      {
        "n": 2,
        "paginas": 2,
        "texto": "Portugal › Alentejo › Évora › Reguengos de Monsaraz"
      },
      {
        "n": 2,
        "paginas": 2,
        "texto": "Portugal › Norte › Viseu › Resende"
      },
      {
        "n": 2,
        "paginas": 2,
        "texto": "Portugal › Madeira › Ilha da Madeira › Ribeira Brava"
      },
      {
        "n": 2,
        "paginas": 2,
        "texto": "Portugal › Norte › Vila Real › Ribeira de Pena"
      },
      {
        "n": 2,
        "paginas": 2,
        "texto": "Portugal › Oeste e Vale do Tejo › Santarém › Rio Maior"
      },
      {
        "n": 2,
        "paginas": 2,
        "texto": "Portugal › Norte › Vila Real › Sabrosa"
      },
      {
        "n": 2,
        "paginas": 2,
        "texto": "Portugal › Centro › Guarda › Sabugal"
      },
      {
        "n": 2,
        "paginas": 2,
        "texto": "Portugal › Oeste e Vale do Tejo › Santarém › Salvaterra de Magos"
      },
      {
        "n": 2,
        "paginas": 2,
        "texto": "Portugal › Centro › Viseu › Santa Comba Dão"
      },
      {
        "n": 2,
        "paginas": 2,
        "texto": "Portugal › Madeira › Ilha da Madeira › Santa Cruz"
      },
      {
        "n": 2,
        "paginas": 2,
        "texto": "Portugal › Norte › Aveiro › Santa Maria da Feira"
      },
      {
        "n": 2,
        "paginas": 2,
        "texto": "Portugal › Norte › Vila Real › Santa Marta de Penaguião"
      },
      {
        "n": 2,
        "paginas": 2,
        "texto": "Portugal › Madeira › Ilha da Madeira › Santana"
      },
      {
        "n": 2,
        "paginas": 2,
        "texto": "Portugal › Oeste e Vale do Tejo › Santarém › Santarém"
      },
      {
        "n": 2,
        "paginas": 2,
        "texto": "Portugal › Alentejo › Setúbal › Santiago do Cacém"
      },
      {
        "n": 2,
        "paginas": 2,
        "texto": "Portugal › Norte › Porto › Santo Tirso"
      },
      {
        "n": 2,
        "paginas": 2,
        "texto": "Portugal › Algarve › Faro › São Brás de Alportel"
      },
      {
        "n": 2,
        "paginas": 2,
        "texto": "Portugal › Norte › Aveiro › São João da Madeira"
      },
      {
        "n": 2,
        "paginas": 2,
        "texto": "Portugal › Norte › Viseu › São João da Pesqueira"
      },
      {
        "n": 2,
        "paginas": 2,
        "texto": "Portugal › Centro › Viseu › São Pedro do Sul"
      },
      {
        "n": 2,
        "paginas": 2,
        "texto": "Portugal › Madeira › Ilha da Madeira › São Vicente"
      },
      {
        "n": 2,
        "paginas": 2,
        "texto": "Portugal › Oeste e Vale do Tejo › Santarém › Sardoal"
      },
      {
        "n": 2,
        "paginas": 2,
        "texto": "Portugal › Centro › Viseu › Sátão"
      },
      {
        "n": 2,
        "paginas": 2,
        "texto": "Portugal › Centro › Guarda › Seia"
      },
      {
        "n": 2,
        "paginas": 2,
        "texto": "Portugal › Norte › Viseu › Sernancelhe"
      },
      {
        "n": 2,
        "paginas": 2,
        "texto": "Portugal › Alentejo › Beja › Serpa"
      },
      {
        "n": 2,
        "paginas": 2,
        "texto": "Portugal › Centro › Castelo Branco › Sertã"
      },
      {
        "n": 2,
        "paginas": 2,
        "texto": "Portugal › Centro › Aveiro › Sever do Vouga"
      },
      {
        "n": 2,
        "paginas": 2,
        "texto": "Portugal › Algarve › Faro › Silves"
      },
      {
        "n": 2,
        "paginas": 2,
        "texto": "Portugal › Alentejo › Setúbal › Sines"
      },
      {
        "n": 2,
        "paginas": 2,
        "texto": "Portugal › Oeste e Vale do Tejo › Lisboa › Sobral de Monte Agraço"
      },
      {
        "n": 2,
        "paginas": 2,
        "texto": "Portugal › Centro › Coimbra › Soure"
      },
      {
        "n": 2,
        "paginas": 2,
        "texto": "Portugal › Alentejo › Portalegre › Sousel"
      },
      {
        "n": 2,
        "paginas": 2,
        "texto": "Portugal › Centro › Coimbra › Tábua"
      },
      {
        "n": 2,
        "paginas": 2,
        "texto": "Portugal › Norte › Viseu › Tabuaço"
      },
      {
        "n": 2,
        "paginas": 2,
        "texto": "Portugal › Norte › Viseu › Tarouca"
      },
      {
        "n": 2,
        "paginas": 2,
        "texto": "Portugal › Algarve › Faro › Tavira"
      },
      {
        "n": 2,
        "paginas": 2,
        "texto": "Portugal › Norte › Braga › Terras de Bouro"
      },
      {
        "n": 2,
        "paginas": 2,
        "texto": "Portugal › Oeste e Vale do Tejo › Santarém › Tomar"
      },
      {
        "n": 2,
        "paginas": 2,
        "texto": "Portugal › Centro › Viseu › Tondela"
      },
      {
        "n": 2,
        "paginas": 2,
        "texto": "Portugal › Norte › Bragança › Torre de Moncorvo"
      },
      {
        "n": 2,
        "paginas": 2,
        "texto": "Portugal › Oeste e Vale do Tejo › Santarém › Torres Novas"
      },
      {
        "n": 2,
        "paginas": 2,
        "texto": "Portugal › Oeste e Vale do Tejo › Lisboa › Torres Vedras"
      },
      {
        "n": 2,
        "paginas": 2,
        "texto": "Portugal › Centro › Guarda › Trancoso"
      },
      {
        "n": 2,
        "paginas": 2,
        "texto": "Portugal › Norte › Porto › Trofa"
      },
      {
        "n": 2,
        "paginas": 2,
        "texto": "Portugal › Centro › Aveiro › Vagos"
      },
      {
        "n": 2,
        "paginas": 2,
        "texto": "Portugal › Norte › Aveiro › Vale de Cambra"
      },
      {
        "n": 2,
        "paginas": 2,
        "texto": "Portugal › Norte › Viana do Castelo › Valença"
      },
      {
        "n": 2,
        "paginas": 2,
        "texto": "Portugal › Norte › Porto › Valongo"
      },
      {
        "n": 2,
        "paginas": 2,
        "texto": "Portugal › Norte › Vila Real › Valpaços"
      },
      {
        "n": 2,
        "paginas": 2,
        "texto": "Portugal › Alentejo › Évora › Vendas Novas"
      },
      {
        "n": 2,
        "paginas": 2,
        "texto": "Portugal › Alentejo › Évora › Viana do Alentejo"
      },
      {
        "n": 2,
        "paginas": 2,
        "texto": "Portugal › Norte › Viana do Castelo › Viana do Castelo"
      },
      {
        "n": 2,
        "paginas": 2,
        "texto": "Portugal › Alentejo › Beja › Vidigueira"
      },
      {
        "n": 2,
        "paginas": 2,
        "texto": "Portugal › Norte › Braga › Vieira do Minho"
      },
      {
        "n": 2,
        "paginas": 2,
        "texto": "Portugal › Centro › Castelo Branco › Vila de Rei"
      },
      {
        "n": 2,
        "paginas": 2,
        "texto": "Portugal › Algarve › Faro › Vila do Bispo"
      },
      {
        "n": 2,
        "paginas": 2,
        "texto": "Portugal › Norte › Porto › Vila do Conde"
      },
      {
        "n": 2,
        "paginas": 2,
        "texto": "Portugal › Norte › Bragança › Vila Flor"
      },
      {
        "n": 2,
        "paginas": 2,
        "texto": "Portugal › Oeste e Vale do Tejo › Santarém › Vila Nova da Barquinha"
      },
      {
        "n": 2,
        "paginas": 2,
        "texto": "Portugal › Norte › Viana do Castelo › Vila Nova de Cerveira"
      },
      {
        "n": 2,
        "paginas": 2,
        "texto": "Portugal › Norte › Braga › Vila Nova de Famalicão"
      },
      {
        "n": 2,
        "paginas": 2,
        "texto": "Portugal › Norte › Guarda › Vila Nova de Foz Côa"
      },
      {
        "n": 2,
        "paginas": 2,
        "texto": "Portugal › Norte › Porto › Vila Nova de Gaia"
      },
      {
        "n": 2,
        "paginas": 2,
        "texto": "Portugal › Centro › Viseu › Vila Nova de Paiva"
      },
      {
        "n": 2,
        "paginas": 2,
        "texto": "Portugal › Centro › Coimbra › Vila Nova de Poiares"
      },
      {
        "n": 2,
        "paginas": 2,
        "texto": "Portugal › Norte › Vila Real › Vila Pouca de Aguiar"
      },
      {
        "n": 2,
        "paginas": 2,
        "texto": "Portugal › Algarve › Faro › Vila Real de Santo António"
      },
      {
        "n": 2,
        "paginas": 2,
        "texto": "Portugal › Norte › Vila Real › Vila Real"
      },
      {
        "n": 2,
        "paginas": 2,
        "texto": "Portugal › Centro › Castelo Branco › Vila Velha de Ródão"
      },
      {
        "n": 2,
        "paginas": 2,
        "texto": "Portugal › Norte › Braga › Vila Verde"
      },
      {
        "n": 2,
        "paginas": 2,
        "texto": "Portugal › Alentejo › Évora › Vila Viçosa"
      },
      {
        "n": 2,
        "paginas": 2,
        "texto": "Portugal › Norte › Bragança › Vimioso"
      },
      {
        "n": 2,
        "paginas": 2,
        "texto": "Portugal › Norte › Bragança › Vinhais"
      },
      {
        "n": 2,
        "paginas": 2,
        "texto": "Portugal › Centro › Viseu › Viseu"
      },
      {
        "n": 2,
        "paginas": 2,
        "texto": "Portugal › Norte › Braga › Vizela"
      },
      {
        "n": 2,
        "paginas": 2,
        "texto": "Portugal › Centro › Viseu › Vouzela"
      },
      {
        "n": 2,
        "paginas": 2,
        "texto": "Non-revenue water in Portugal’s public supply systems."
      },
      {
        "n": 2,
        "paginas": 2,
        "texto": "Economy, society and strategy in the Alentejo and the Algarve."
      },
      {
        "n": 2,
        "paginas": 2,
        "texto": "Long series on the country’s evolution."
      },
      {
        "n": 2,
        "paginas": 2,
        "texto": "O crescimento e o investimento"
      },
      {
        "n": 2,
        "paginas": 2,
        "texto": "Qual é o saldo da balança corrente em percentagem do PIB, na média móvel de três anos para trás?"
      },
      {
        "n": 2,
        "paginas": 2,
        "texto": "Qual é a diferença entre os ativos financeiros e os passivos dos residentes face ao resto do mundo, em percentagem do PIB?"
      },
      {
        "n": 2,
        "paginas": 2,
        "texto": "Quanto devem as sociedades não financeiras, em dívida consolidada e em percentagem do PIB?"
      },
      {
        "n": 2,
        "paginas": 2,
        "texto": "Quanto representa o fluxo de crédito consolidado às sociedades não financeiras na dívida que tinham no período anterior, excluindo o investimento dire"
      },
      {
        "n": 2,
        "paginas": 2,
        "texto": "Avaliação económica das regiões de Portugal."
      },
      {
        "n": 2,
        "paginas": 2,
        "texto": "Água não faturada nos sistemas de abastecimento em Portugal."
      },
      {
        "n": 2,
        "paginas": 2,
        "texto": "Economia, sociedade e estratégia no Alentejo e no Algarve."
      },
      {
        "n": 2,
        "paginas": 2,
        "texto": "Séries longas sobre a evolução do país."
      },
      {
        "n": 2,
        "paginas": 2,
        "texto": "Quanto mudaram as rendas efetivamente pagas pela habitação face ao mesmo mês do ano anterior?"
      },
      {
        "n": 2,
        "paginas": 2,
        "texto": "Quanto mudou o nível médio dos preços no consumidor sem a habitação nos últimos doze meses?"
      },
      {
        "n": 2,
        "paginas": 2,
        "texto": "O mapa desta área não abriu. A porta leva à página dela."
      },
      {
        "n": 2,
        "paginas": 2,
        "texto": "Quanto mudaram os preços no consumidor em Portugal face ao mesmo mês do ano anterior, na medida harmonizada que permite comparar os países da União Eu"
      },
      {
        "n": 2,
        "paginas": 2,
        "texto": "Quanto mudaram os preços dos alimentos e das bebidas não alcoólicas face ao mesmo mês do ano anterior?"
      },
      {
        "n": 2,
        "paginas": 2,
        "texto": "Quanto mudaram os preços dos combustíveis e dos lubrificantes para os veículos face ao mesmo mês do ano anterior?"
      },
      {
        "n": 2,
        "paginas": 2,
        "texto": "Quanto mudaram os preços da eletricidade, do gás e dos outros combustíveis usados em casa face ao mesmo mês do ano anterior?"
      },
      {
        "n": 2,
        "paginas": 2,
        "texto": "Quanto mudaram os preços no consumidor face ao mesmo mês do ano anterior?"
      },
      {
        "n": 2,
        "paginas": 2,
        "texto": "Quanto mudou o nível médio dos preços no consumidor nos últimos doze meses face aos doze meses anteriores?"
      },
      {
        "n": 2,
        "paginas": 2,
        "texto": "As dívidas e o crédito das famílias"
      },
      {
        "n": 2,
        "paginas": 2,
        "texto": "Quanto devem as famílias e as instituições sem fim lucrativo ao seu serviço, em dívida consolidada e em percentagem do PIB?"
      },
      {
        "n": 2,
        "paginas": 2,
        "texto": "Que percentagem da dívida das famílias e das instituições sem fim lucrativo ao seu serviço no período anterior representa o fluxo de crédito consolida"
      }
    ]
  }
}
