
> o-estado-do-pais@0.1.0 verify
> npm run ledger:check && npm run check:registo && npm run check:cruzamento && npm run check:documentos && npm run check:briefs && npm run gate:html && npm run check:css && npm run check:datas && npm run check:moldura && npm run check:alvos && npm run check:cabeca && npm run check:fontes && npm run check:cadeia && npm run check:dados && npm run mapa:unidades -- --verifica && npm run check:mapa && npm run check:regioes && npm run check:areas && npm run check:formas && npm run check:alcance && npm run check:lugares && npm run check:pais && npm run check:voz && npm run check:lingua && npm run check:formato && npm run check:lugar && npm run provar:eyetext && npm run provar:guardas && npm run check:mortos && npm run check:indice && npm run check:cartao && npm run check:navegacao && npm run check:primeira && npm run sinais && npm run check:nomes && npm run check:palavras && npm run design:feixe && npm run check:privacidade && npm run check:sugestoes


> o-estado-do-pais@0.1.0 ledger:check
> node tests/linha/cadeias-proveniencia.mjs && node scripts/check-ledger.mjs && node tests/linha/historia-da-proveniencia.mjs && node tests/linha/historia-do-valor.mjs

{
  "controlos": [
    {
      "nome": "cadeia de source",
      "passou": true
    },
    {
      "nome": "cadeia de source_url",
      "passou": true
    },
    {
      "nome": "cadeia de document.title",
      "passou": true
    },
    {
      "nome": "cadeia de document.edition",
      "passou": true
    },
    {
      "nome": "cadeia de document.locator",
      "passou": true
    },
    {
      "nome": "cadeia de access_date",
      "passou": true
    },
    {
      "nome": "cadeia de excerpt",
      "passou": true
    },
    {
      "nome": "instantâneo com as cinco condições",
      "passou": true
    }
  ],
  "plantas": [
    {
      "nome": "source: último valor diferente da linha",
      "mordeu": true,
      "falha": "[ensaio] história de \"source\": o último \"new_value\" é Depois, mas a linha declara Atual."
    },
    {
      "nome": "source: continuidade quebrada",
      "mordeu": true,
      "falha": "[ensaio] história de \"source\" a 2026-08-03: cadeia contraditória; \"old_value\" é Antes, mas antes vigorava Depois."
    },
    {
      "nome": "source: antes do primeiro acesso",
      "mordeu": true,
      "falha": "[ensaio] história de \"source\" a 2026-07-31: a entrada é anterior ao acesso em vigor (2026-08-01)."
    },
    {
      "nome": "source_url: último valor diferente da linha",
      "mordeu": true,
      "falha": "[ensaio] história de \"source_url\": o último \"new_value\" é https://fonte.invalid/b, mas a linha declara https://fonte.invalid/c."
    },
    {
      "nome": "source_url: continuidade quebrada",
      "mordeu": true,
      "falha": "[ensaio] história de \"source_url\" a 2026-08-03: cadeia contraditória; \"old_value\" é https://fonte.invalid/a, mas antes vigorava https://fonte.invalid/b."
    },
    {
      "nome": "source_url: antes do primeiro acesso",
      "mordeu": true,
      "falha": "[ensaio] história de \"source_url\" a 2026-07-31: a entrada é anterior ao acesso em vigor (2026-08-01)."
    },
    {
      "nome": "document.title: último valor diferente da linha",
      "mordeu": true,
      "falha": "[ensaio] história de \"document.title\": o último \"new_value\" é Depois, mas a linha declara Atual."
    },
    {
      "nome": "document.title: continuidade quebrada",
      "mordeu": true,
      "falha": "[ensaio] história de \"document.title\" a 2026-08-03: cadeia contraditória; \"old_value\" é Antes, mas antes vigorava Depois."
    },
    {
      "nome": "document.title: antes do primeiro acesso",
      "mordeu": true,
      "falha": "[ensaio] história de \"document.title\" a 2026-07-31: a entrada é anterior ao acesso em vigor (2026-08-01)."
    },
    {
      "nome": "document.edition: último valor diferente da linha",
      "mordeu": true,
      "falha": "[ensaio] história de \"document.edition\": o último \"new_value\" é Depois, mas a linha declara Atual."
    },
    {
      "nome": "document.edition: continuidade quebrada",
      "mordeu": true,
      "falha": "[ensaio] história de \"document.edition\" a 2026-08-03: cadeia contraditória; \"old_value\" é Antes, mas antes vigorava Depois."
    },
    {
      "nome": "document.edition: antes do primeiro acesso",
      "mordeu": true,
      "falha": "[ensaio] história de \"document.edition\" a 2026-07-31: a entrada é anterior ao acesso em vigor (2026-08-01)."
    },
    {
      "nome": "document.locator: último valor diferente da linha",
      "mordeu": true,
      "falha": "[ensaio] história de \"document.locator\": o último \"new_value\" é Depois, mas a linha declara Atual."
    },
    {
      "nome": "document.locator: continuidade quebrada",
      "mordeu": true,
      "falha": "[ensaio] história de \"document.locator\" a 2026-08-03: cadeia contraditória; \"old_value\" é Antes, mas antes vigorava Depois."
    },
    {
      "nome": "document.locator: antes do primeiro acesso",
      "mordeu": true,
      "falha": "[ensaio] história de \"document.locator\" a 2026-07-31: a entrada é anterior ao acesso em vigor (2026-08-01)."
    },
    {
      "nome": "access_date: último valor diferente da linha",
      "mordeu": true,
      "falha": "[ensaio] história de \"access_date\": o último \"new_value\" é 2026-08-02, mas a linha declara 2026-08-03."
    },
    {
      "nome": "access_date: continuidade quebrada",
      "mordeu": true,
      "falha": "[ensaio] história de \"access_date\" a 2026-08-03: cadeia contraditória; \"old_value\" é 2026-08-01, mas antes vigorava 2026-08-02."
    },
    {
      "nome": "access_date: antes do primeiro acesso",
      "mordeu": true,
      "falha": "[ensaio] história de \"access_date\" a 2026-07-31: o acesso não pode ser posterior à mudança que o declara."
    },
    {
      "nome": "excerpt: último valor diferente da linha",
      "mordeu": true,
      "falha": "[ensaio] história de \"excerpt\": o último \"new_value\" é Depois, mas a linha declara Atual."
    },
    {
      "nome": "excerpt: continuidade quebrada",
      "mordeu": true,
      "falha": "[ensaio] história de \"excerpt\" a 2026-08-03: cadeia contraditória; \"old_value\" é Antes, mas antes vigorava Depois."
    },
    {
      "nome": "excerpt: antes do primeiro acesso",
      "mordeu": true,
      "falha": "[ensaio] história de \"excerpt\" a 2026-07-31: a entrada é anterior ao acesso em vigor (2026-08-01)."
    },
    {
      "nome": "documento sem classe ficheiro",
      "mordeu": true,
      "falha": "[ensaio] história de \"source_url\" a 2026-08-18: cadeia contraditória; \"old_value\" é https://dados.gov.pt/s/resources/dataset-estrutura-de-missao-prr-entidades-1/20260817-203527-9f913853/listagem-de-entidades-prr-20260817.xlsx, mas antes vigorava https://dados.gov.pt/datasets/dataset-estrutura-de-missao-prr-entidades-1."
    },
    {
      "nome": "documento sem lista de ficheiros",
      "mordeu": true,
      "falha": "[ensaio] história de \"source_url\" a 2026-08-18: cadeia contraditória; \"old_value\" é https://dados.gov.pt/s/resources/dataset-estrutura-de-missao-prr-entidades-1/20260817-203527-9f913853/listagem-de-entidades-prr-20260817.xlsx, mas antes vigorava https://dados.gov.pt/datasets/dataset-estrutura-de-missao-prr-entidades-1."
    },
    {
      "nome": "endereço novo diferente do vigente",
      "mordeu": true,
      "falha": "[ensaio] história de \"source_url\" a 2026-08-18: cadeia contraditória; \"old_value\" é https://dados.gov.pt/s/resources/outro/20260817-203527-9f913853/listagem-de-entidades-prr-20260817.xlsx, mas antes vigorava https://dados.gov.pt/datasets/dataset-estrutura-de-missao-prr-entidades-1."
    },
    {
      "nome": "recurso de outro conjunto",
      "mordeu": true,
      "falha": "[ensaio] história de \"source_url\" a 2026-08-18: cadeia contraditória; \"old_value\" é https://dados.gov.pt/s/resources/outro-estrutura-de-missao-prr-entidades-1/20260817-203527-9f913853/listagem-de-entidades-prr-20260817.xlsx, mas antes vigorava https://dados.gov.pt/datasets/dataset-estrutura-de-missao-prr-entidades-1."
    },
    {
      "nome": "recurso posterior à entrada",
      "mordeu": true,
      "falha": "[ensaio] história de \"source_url\" a 2026-08-18: cadeia contraditória; \"old_value\" é https://dados.gov.pt/s/resources/dataset-estrutura-de-missao-prr-entidades-1/20260819-203527-9f913853/listagem-de-entidades-prr-20260819.xlsx, mas antes vigorava https://dados.gov.pt/datasets/dataset-estrutura-de-missao-prr-entidades-1."
    },
    {
      "nome": "ficheiro sem a data do recurso",
      "mordeu": true,
      "falha": "[ensaio] história de \"source_url\" a 2026-08-18: cadeia contraditória; \"old_value\" é https://dados.gov.pt/s/resources/dataset-estrutura-de-missao-prr-entidades-1/20260817-203527-9f913853/listagem.xlsx, mas antes vigorava https://dados.gov.pt/datasets/dataset-estrutura-de-missao-prr-entidades-1."
    },
    {
      "nome": "razão portuguesa sem endereço",
      "mordeu": true,
      "falha": "[ensaio] história de \"source_url\" a 2026-08-18: cadeia contraditória; \"old_value\" é https://dados.gov.pt/s/resources/dataset-estrutura-de-missao-prr-entidades-1/20260817-203527-9f913853/listagem-de-entidades-prr-20260817.xlsx, mas antes vigorava https://dados.gov.pt/datasets/dataset-estrutura-de-missao-prr-entidades-1."
    },
    {
      "nome": "razão inglesa sem endereço",
      "mordeu": true,
      "falha": "[ensaio] história de \"source_url\" a 2026-08-18: cadeia contraditória; \"old_value\" é https://dados.gov.pt/s/resources/dataset-estrutura-de-missao-prr-entidades-1/20260817-203527-9f913853/listagem-de-entidades-prr-20260817.xlsx, mas antes vigorava https://dados.gov.pt/datasets/dataset-estrutura-de-missao-prr-entidades-1."
    }
  ],
  "contagens": {
    "controlos": 8,
    "plantas": 29
  },
  "erros_do_livro": [
    "[despesa-por-funcao-2024-gf01-es.yml] declara a bandeira \"p\" mas o \"excerpt\" não conserva a bandeira junto do valor. A fonte escreve a bandeira a seguir ao valor, separada por um espaço: transcreva-a assim.",
    "[despesa-por-funcao-2024-gf01-es.yml] \"study\" é \"oe-2026\", que não consta de src/data/studies.mjs.\n    Estudos aceites: evora-contas-da-camara-2010-2025, evora-quem-governou-a-camara-2009-2025, evora-economia-e-dinheiro-publico-de-fora-da-camara, evora-2027-capital-europeia-da-cultura, evora-quinze-anos-cinco-mandatos, evora-economia-investidores-portas-abertas-2026, evora-orcamentado-pago-devido-2025, evora-os-pelouros-quem-os-teve-o-que-fizeram, evora-prometido-pago-auditado-2026, evora-2027-prometido-painel-dinheiro, onde-esta-a-agua, agua-nao-faturada, avaliacao-economica-regional-de-portugal-2026, which-door-is-yours, alentejo-algarve, evolucao-de-portugal-desde-1981, penalizacoes-por-reforma-antecipada-2026, o-estado-do-pais, quadro-institucional, concelhos-2026, dominios-2026",
    "[despesa-por-funcao-2024-gf01-pt.yml] declara a bandeira \"p\" mas o \"excerpt\" não conserva a bandeira junto do valor. A fonte escreve a bandeira a seguir ao valor, separada por um espaço: transcreva-a assim.",
    "[despesa-por-funcao-2024-gf01-pt.yml] \"study\" é \"oe-2026\", que não consta de src/data/studies.mjs.\n    Estudos aceites: evora-contas-da-camara-2010-2025, evora-quem-governou-a-camara-2009-2025, evora-economia-e-dinheiro-publico-de-fora-da-camara, evora-2027-capital-europeia-da-cultura, evora-quinze-anos-cinco-mandatos, evora-economia-investidores-portas-abertas-2026, evora-orcamentado-pago-devido-2025, evora-os-pelouros-quem-os-teve-o-que-fizeram, evora-prometido-pago-auditado-2026, evora-2027-prometido-painel-dinheiro, onde-esta-a-agua, agua-nao-faturada, avaliacao-economica-regional-de-portugal-2026, which-door-is-yours, alentejo-algarve, evolucao-de-portugal-desde-1981, penalizacoes-por-reforma-antecipada-2026, o-estado-do-pais, quadro-institucional, concelhos-2026, dominios-2026",
    "[despesa-por-funcao-2024-gf01-ue.yml] \"study\" é \"oe-2026\", que não consta de src/data/studies.mjs.\n    Estudos aceites: evora-contas-da-camara-2010-2025, evora-quem-governou-a-camara-2009-2025, evora-economia-e-dinheiro-publico-de-fora-da-camara, evora-2027-capital-europeia-da-cultura, evora-quinze-anos-cinco-mandatos, evora-economia-investidores-portas-abertas-2026, evora-orcamentado-pago-devido-2025, evora-os-pelouros-quem-os-teve-o-que-fizeram, evora-prometido-pago-auditado-2026, evora-2027-prometido-painel-dinheiro, onde-esta-a-agua, agua-nao-faturada, avaliacao-economica-regional-de-portugal-2026, which-door-is-yours, alentejo-algarve, evolucao-de-portugal-desde-1981, penalizacoes-por-reforma-antecipada-2026, o-estado-do-pais, quadro-institucional, concelhos-2026, dominios-2026",
    "[despesa-por-funcao-2024-gf02-es.yml] declara a bandeira \"p\" mas o \"excerpt\" não conserva a bandeira junto do valor. A fonte escreve a bandeira a seguir ao valor, separada por um espaço: transcreva-a assim.",
    "[despesa-por-funcao-2024-gf02-es.yml] \"study\" é \"oe-2026\", que não consta de src/data/studies.mjs.\n    Estudos aceites: evora-contas-da-camara-2010-2025, evora-quem-governou-a-camara-2009-2025, evora-economia-e-dinheiro-publico-de-fora-da-camara, evora-2027-capital-europeia-da-cultura, evora-quinze-anos-cinco-mandatos, evora-economia-investidores-portas-abertas-2026, evora-orcamentado-pago-devido-2025, evora-os-pelouros-quem-os-teve-o-que-fizeram, evora-prometido-pago-auditado-2026, evora-2027-prometido-painel-dinheiro, onde-esta-a-agua, agua-nao-faturada, avaliacao-economica-regional-de-portugal-2026, which-door-is-yours, alentejo-algarve, evolucao-de-portugal-desde-1981, penalizacoes-por-reforma-antecipada-2026, o-estado-do-pais, quadro-institucional, concelhos-2026, dominios-2026",
    "[despesa-por-funcao-2024-gf02-pt.yml] declara a bandeira \"p\" mas o \"excerpt\" não conserva a bandeira junto do valor. A fonte escreve a bandeira a seguir ao valor, separada por um espaço: transcreva-a assim.",
    "[despesa-por-funcao-2024-gf02-pt.yml] \"study\" é \"oe-2026\", que não consta de src/data/studies.mjs.\n    Estudos aceites: evora-contas-da-camara-2010-2025, evora-quem-governou-a-camara-2009-2025, evora-economia-e-dinheiro-publico-de-fora-da-camara, evora-2027-capital-europeia-da-cultura, evora-quinze-anos-cinco-mandatos, evora-economia-investidores-portas-abertas-2026, evora-orcamentado-pago-devido-2025, evora-os-pelouros-quem-os-teve-o-que-fizeram, evora-prometido-pago-auditado-2026, evora-2027-prometido-painel-dinheiro, onde-esta-a-agua, agua-nao-faturada, avaliacao-economica-regional-de-portugal-2026, which-door-is-yours, alentejo-algarve, evolucao-de-portugal-desde-1981, penalizacoes-por-reforma-antecipada-2026, o-estado-do-pais, quadro-institucional, concelhos-2026, dominios-2026",
    "[despesa-por-funcao-2024-gf02-ue.yml] \"study\" é \"oe-2026\", que não consta de src/data/studies.mjs.\n    Estudos aceites: evora-contas-da-camara-2010-2025, evora-quem-governou-a-camara-2009-2025, evora-economia-e-dinheiro-publico-de-fora-da-camara, evora-2027-capital-europeia-da-cultura, evora-quinze-anos-cinco-mandatos, evora-economia-investidores-portas-abertas-2026, evora-orcamentado-pago-devido-2025, evora-os-pelouros-quem-os-teve-o-que-fizeram, evora-prometido-pago-auditado-2026, evora-2027-prometido-painel-dinheiro, onde-esta-a-agua, agua-nao-faturada, avaliacao-economica-regional-de-portugal-2026, which-door-is-yours, alentejo-algarve, evolucao-de-portugal-desde-1981, penalizacoes-por-reforma-antecipada-2026, o-estado-do-pais, quadro-institucional, concelhos-2026, dominios-2026",
    "[despesa-por-funcao-2024-gf03-es.yml] declara a bandeira \"p\" mas o \"excerpt\" não conserva a bandeira junto do valor. A fonte escreve a bandeira a seguir ao valor, separada por um espaço: transcreva-a assim.",
    "[despesa-por-funcao-2024-gf03-es.yml] \"study\" é \"oe-2026\", que não consta de src/data/studies.mjs.\n    Estudos aceites: evora-contas-da-camara-2010-2025, evora-quem-governou-a-camara-2009-2025, evora-economia-e-dinheiro-publico-de-fora-da-camara, evora-2027-capital-europeia-da-cultura, evora-quinze-anos-cinco-mandatos, evora-economia-investidores-portas-abertas-2026, evora-orcamentado-pago-devido-2025, evora-os-pelouros-quem-os-teve-o-que-fizeram, evora-prometido-pago-auditado-2026, evora-2027-prometido-painel-dinheiro, onde-esta-a-agua, agua-nao-faturada, avaliacao-economica-regional-de-portugal-2026, which-door-is-yours, alentejo-algarve, evolucao-de-portugal-desde-1981, penalizacoes-por-reforma-antecipada-2026, o-estado-do-pais, quadro-institucional, concelhos-2026, dominios-2026",
    "[despesa-por-funcao-2024-gf03-pt.yml] declara a bandeira \"p\" mas o \"excerpt\" não conserva a bandeira junto do valor. A fonte escreve a bandeira a seguir ao valor, separada por um espaço: transcreva-a assim.",
    "[despesa-por-funcao-2024-gf03-pt.yml] \"study\" é \"oe-2026\", que não consta de src/data/studies.mjs.\n    Estudos aceites: evora-contas-da-camara-2010-2025, evora-quem-governou-a-camara-2009-2025, evora-economia-e-dinheiro-publico-de-fora-da-camara, evora-2027-capital-europeia-da-cultura, evora-quinze-anos-cinco-mandatos, evora-economia-investidores-portas-abertas-2026, evora-orcamentado-pago-devido-2025, evora-os-pelouros-quem-os-teve-o-que-fizeram, evora-prometido-pago-auditado-2026, evora-2027-prometido-painel-dinheiro, onde-esta-a-agua, agua-nao-faturada, avaliacao-economica-regional-de-portugal-2026, which-door-is-yours, alentejo-algarve, evolucao-de-portugal-desde-1981, penalizacoes-por-reforma-antecipada-2026, o-estado-do-pais, quadro-institucional, concelhos-2026, dominios-2026",
    "[despesa-por-funcao-2024-gf03-ue.yml] \"study\" é \"oe-2026\", que não consta de src/data/studies.mjs.\n    Estudos aceites: evora-contas-da-camara-2010-2025, evora-quem-governou-a-camara-2009-2025, evora-economia-e-dinheiro-publico-de-fora-da-camara, evora-2027-capital-europeia-da-cultura, evora-quinze-anos-cinco-mandatos, evora-economia-investidores-portas-abertas-2026, evora-orcamentado-pago-devido-2025, evora-os-pelouros-quem-os-teve-o-que-fizeram, evora-prometido-pago-auditado-2026, evora-2027-prometido-painel-dinheiro, onde-esta-a-agua, agua-nao-faturada, avaliacao-economica-regional-de-portugal-2026, which-door-is-yours, alentejo-algarve, evolucao-de-portugal-desde-1981, penalizacoes-por-reforma-antecipada-2026, o-estado-do-pais, quadro-institucional, concelhos-2026, dominios-2026",
    "[despesa-por-funcao-2024-gf04-es.yml] declara a bandeira \"p\" mas o \"excerpt\" não conserva a bandeira junto do valor. A fonte escreve a bandeira a seguir ao valor, separada por um espaço: transcreva-a assim.",
    "[despesa-por-funcao-2024-gf04-es.yml] \"study\" é \"oe-2026\", que não consta de src/data/studies.mjs.\n    Estudos aceites: evora-contas-da-camara-2010-2025, evora-quem-governou-a-camara-2009-2025, evora-economia-e-dinheiro-publico-de-fora-da-camara, evora-2027-capital-europeia-da-cultura, evora-quinze-anos-cinco-mandatos, evora-economia-investidores-portas-abertas-2026, evora-orcamentado-pago-devido-2025, evora-os-pelouros-quem-os-teve-o-que-fizeram, evora-prometido-pago-auditado-2026, evora-2027-prometido-painel-dinheiro, onde-esta-a-agua, agua-nao-faturada, avaliacao-economica-regional-de-portugal-2026, which-door-is-yours, alentejo-algarve, evolucao-de-portugal-desde-1981, penalizacoes-por-reforma-antecipada-2026, o-estado-do-pais, quadro-institucional, concelhos-2026, dominios-2026",
    "[despesa-por-funcao-2024-gf04-pt.yml] declara a bandeira \"p\" mas o \"excerpt\" não conserva a bandeira junto do valor. A fonte escreve a bandeira a seguir ao valor, separada por um espaço: transcreva-a assim.",
    "[despesa-por-funcao-2024-gf04-pt.yml] \"study\" é \"oe-2026\", que não consta de src/data/studies.mjs.\n    Estudos aceites: evora-contas-da-camara-2010-2025, evora-quem-governou-a-camara-2009-2025, evora-economia-e-dinheiro-publico-de-fora-da-camara, evora-2027-capital-europeia-da-cultura, evora-quinze-anos-cinco-mandatos, evora-economia-investidores-portas-abertas-2026, evora-orcamentado-pago-devido-2025, evora-os-pelouros-quem-os-teve-o-que-fizeram, evora-prometido-pago-auditado-2026, evora-2027-prometido-painel-dinheiro, onde-esta-a-agua, agua-nao-faturada, avaliacao-economica-regional-de-portugal-2026, which-door-is-yours, alentejo-algarve, evolucao-de-portugal-desde-1981, penalizacoes-por-reforma-antecipada-2026, o-estado-do-pais, quadro-institucional, concelhos-2026, dominios-2026",
    "[despesa-por-funcao-2024-gf04-ue.yml] \"study\" é \"oe-2026\", que não consta de src/data/studies.mjs.\n    Estudos aceites: evora-contas-da-camara-2010-2025, evora-quem-governou-a-camara-2009-2025, evora-economia-e-dinheiro-publico-de-fora-da-camara, evora-2027-capital-europeia-da-cultura, evora-quinze-anos-cinco-mandatos, evora-economia-investidores-portas-abertas-2026, evora-orcamentado-pago-devido-2025, evora-os-pelouros-quem-os-teve-o-que-fizeram, evora-prometido-pago-auditado-2026, evora-2027-prometido-painel-dinheiro, onde-esta-a-agua, agua-nao-faturada, avaliacao-economica-regional-de-portugal-2026, which-door-is-yours, alentejo-algarve, evolucao-de-portugal-desde-1981, penalizacoes-por-reforma-antecipada-2026, o-estado-do-pais, quadro-institucional, concelhos-2026, dominios-2026",
    "[despesa-por-funcao-2024-gf05-es.yml] declara a bandeira \"p\" mas o \"excerpt\" não conserva a bandeira junto do valor. A fonte escreve a bandeira a seguir ao valor, separada por um espaço: transcreva-a assim.",
    "[despesa-por-funcao-2024-gf05-es.yml] \"study\" é \"oe-2026\", que não consta de src/data/studies.mjs.\n    Estudos aceites: evora-contas-da-camara-2010-2025, evora-quem-governou-a-camara-2009-2025, evora-economia-e-dinheiro-publico-de-fora-da-camara, evora-2027-capital-europeia-da-cultura, evora-quinze-anos-cinco-mandatos, evora-economia-investidores-portas-abertas-2026, evora-orcamentado-pago-devido-2025, evora-os-pelouros-quem-os-teve-o-que-fizeram, evora-prometido-pago-auditado-2026, evora-2027-prometido-painel-dinheiro, onde-esta-a-agua, agua-nao-faturada, avaliacao-economica-regional-de-portugal-2026, which-door-is-yours, alentejo-algarve, evolucao-de-portugal-desde-1981, penalizacoes-por-reforma-antecipada-2026, o-estado-do-pais, quadro-institucional, concelhos-2026, dominios-2026",
    "[despesa-por-funcao-2024-gf05-pt.yml] declara a bandeira \"p\" mas o \"excerpt\" não conserva a bandeira junto do valor. A fonte escreve a bandeira a seguir ao valor, separada por um espaço: transcreva-a assim.",
    "[despesa-por-funcao-2024-gf05-pt.yml] \"study\" é \"oe-2026\", que não consta de src/data/studies.mjs.\n    Estudos aceites: evora-contas-da-camara-2010-2025, evora-quem-governou-a-camara-2009-2025, evora-economia-e-dinheiro-publico-de-fora-da-camara, evora-2027-capital-europeia-da-cultura, evora-quinze-anos-cinco-mandatos, evora-economia-investidores-portas-abertas-2026, evora-orcamentado-pago-devido-2025, evora-os-pelouros-quem-os-teve-o-que-fizeram, evora-prometido-pago-auditado-2026, evora-2027-prometido-painel-dinheiro, onde-esta-a-agua, agua-nao-faturada, avaliacao-economica-regional-de-portugal-2026, which-door-is-yours, alentejo-algarve, evolucao-de-portugal-desde-1981, penalizacoes-por-reforma-antecipada-2026, o-estado-do-pais, quadro-institucional, concelhos-2026, dominios-2026",
    "[despesa-por-funcao-2024-gf05-ue.yml] \"study\" é \"oe-2026\", que não consta de src/data/studies.mjs.\n    Estudos aceites: evora-contas-da-camara-2010-2025, evora-quem-governou-a-camara-2009-2025, evora-economia-e-dinheiro-publico-de-fora-da-camara, evora-2027-capital-europeia-da-cultura, evora-quinze-anos-cinco-mandatos, evora-economia-investidores-portas-abertas-2026, evora-orcamentado-pago-devido-2025, evora-os-pelouros-quem-os-teve-o-que-fizeram, evora-prometido-pago-auditado-2026, evora-2027-prometido-painel-dinheiro, onde-esta-a-agua, agua-nao-faturada, avaliacao-economica-regional-de-portugal-2026, which-door-is-yours, alentejo-algarve, evolucao-de-portugal-desde-1981, penalizacoes-por-reforma-antecipada-2026, o-estado-do-pais, quadro-institucional, concelhos-2026, dominios-2026",
    "[despesa-por-funcao-2024-gf06-es.yml] declara a bandeira \"p\" mas o \"excerpt\" não conserva a bandeira junto do valor. A fonte escreve a bandeira a seguir ao valor, separada por um espaço: transcreva-a assim.",
    "[despesa-por-funcao-2024-gf06-es.yml] \"study\" é \"oe-2026\", que não consta de src/data/studies.mjs.\n    Estudos aceites: evora-contas-da-camara-2010-2025, evora-quem-governou-a-camara-2009-2025, evora-economia-e-dinheiro-publico-de-fora-da-camara, evora-2027-capital-europeia-da-cultura, evora-quinze-anos-cinco-mandatos, evora-economia-investidores-portas-abertas-2026, evora-orcamentado-pago-devido-2025, evora-os-pelouros-quem-os-teve-o-que-fizeram, evora-prometido-pago-auditado-2026, evora-2027-prometido-painel-dinheiro, onde-esta-a-agua, agua-nao-faturada, avaliacao-economica-regional-de-portugal-2026, which-door-is-yours, alentejo-algarve, evolucao-de-portugal-desde-1981, penalizacoes-por-reforma-antecipada-2026, o-estado-do-pais, quadro-institucional, concelhos-2026, dominios-2026",
    "[despesa-por-funcao-2024-gf06-pt.yml] declara a bandeira \"p\" mas o \"excerpt\" não conserva a bandeira junto do valor. A fonte escreve a bandeira a seguir ao valor, separada por um espaço: transcreva-a assim.",
    "[despesa-por-funcao-2024-gf06-pt.yml] \"study\" é \"oe-2026\", que não consta de src/data/studies.mjs.\n    Estudos aceites: evora-contas-da-camara-2010-2025, evora-quem-governou-a-camara-2009-2025, evora-economia-e-dinheiro-publico-de-fora-da-camara, evora-2027-capital-europeia-da-cultura, evora-quinze-anos-cinco-mandatos, evora-economia-investidores-portas-abertas-2026, evora-orcamentado-pago-devido-2025, evora-os-pelouros-quem-os-teve-o-que-fizeram, evora-prometido-pago-auditado-2026, evora-2027-prometido-painel-dinheiro, onde-esta-a-agua, agua-nao-faturada, avaliacao-economica-regional-de-portugal-2026, which-door-is-yours, alentejo-algarve, evolucao-de-portugal-desde-1981, penalizacoes-por-reforma-antecipada-2026, o-estado-do-pais, quadro-institucional, concelhos-2026, dominios-2026",
    "[despesa-por-funcao-2024-gf06-ue.yml] \"study\" é \"oe-2026\", que não consta de src/data/studies.mjs.\n    Estudos aceites: evora-contas-da-camara-2010-2025, evora-quem-governou-a-camara-2009-2025, evora-economia-e-dinheiro-publico-de-fora-da-camara, evora-2027-capital-europeia-da-cultura, evora-quinze-anos-cinco-mandatos, evora-economia-investidores-portas-abertas-2026, evora-orcamentado-pago-devido-2025, evora-os-pelouros-quem-os-teve-o-que-fizeram, evora-prometido-pago-auditado-2026, evora-2027-prometido-painel-dinheiro, onde-esta-a-agua, agua-nao-faturada, avaliacao-economica-regional-de-portugal-2026, which-door-is-yours, alentejo-algarve, evolucao-de-portugal-desde-1981, penalizacoes-por-reforma-antecipada-2026, o-estado-do-pais, quadro-institucional, concelhos-2026, dominios-2026",
    "[despesa-por-funcao-2024-gf07-es.yml] declara a bandeira \"p\" mas o \"excerpt\" não conserva a bandeira junto do valor. A fonte escreve a bandeira a seguir ao valor, separada por um espaço: transcreva-a assim.",
    "[despesa-por-funcao-2024-gf07-es.yml] \"study\" é \"oe-2026\", que não consta de src/data/studies.mjs.\n    Estudos aceites: evora-contas-da-camara-2010-2025, evora-quem-governou-a-camara-2009-2025, evora-economia-e-dinheiro-publico-de-fora-da-camara, evora-2027-capital-europeia-da-cultura, evora-quinze-anos-cinco-mandatos, evora-economia-investidores-portas-abertas-2026, evora-orcamentado-pago-devido-2025, evora-os-pelouros-quem-os-teve-o-que-fizeram, evora-prometido-pago-auditado-2026, evora-2027-prometido-painel-dinheiro, onde-esta-a-agua, agua-nao-faturada, avaliacao-economica-regional-de-portugal-2026, which-door-is-yours, alentejo-algarve, evolucao-de-portugal-desde-1981, penalizacoes-por-reforma-antecipada-2026, o-estado-do-pais, quadro-institucional, concelhos-2026, dominios-2026",
    "[despesa-por-funcao-2024-gf07-pt.yml] declara a bandeira \"p\" mas o \"excerpt\" não conserva a bandeira junto do valor. A fonte escreve a bandeira a seguir ao valor, separada por um espaço: transcreva-a assim.",
    "[despesa-por-funcao-2024-gf07-pt.yml] \"study\" é \"oe-2026\", que não consta de src/data/studies.mjs.\n    Estudos aceites: evora-contas-da-camara-2010-2025, evora-quem-governou-a-camara-2009-2025, evora-economia-e-dinheiro-publico-de-fora-da-camara, evora-2027-capital-europeia-da-cultura, evora-quinze-anos-cinco-mandatos, evora-economia-investidores-portas-abertas-2026, evora-orcamentado-pago-devido-2025, evora-os-pelouros-quem-os-teve-o-que-fizeram, evora-prometido-pago-auditado-2026, evora-2027-prometido-painel-dinheiro, onde-esta-a-agua, agua-nao-faturada, avaliacao-economica-regional-de-portugal-2026, which-door-is-yours, alentejo-algarve, evolucao-de-portugal-desde-1981, penalizacoes-por-reforma-antecipada-2026, o-estado-do-pais, quadro-institucional, concelhos-2026, dominios-2026",
    "[despesa-por-funcao-2024-gf07-ue.yml] \"study\" é \"oe-2026\", que não consta de src/data/studies.mjs.\n    Estudos aceites: evora-contas-da-camara-2010-2025, evora-quem-governou-a-camara-2009-2025, evora-economia-e-dinheiro-publico-de-fora-da-camara, evora-2027-capital-europeia-da-cultura, evora-quinze-anos-cinco-mandatos, evora-economia-investidores-portas-abertas-2026, evora-orcamentado-pago-devido-2025, evora-os-pelouros-quem-os-teve-o-que-fizeram, evora-prometido-pago-auditado-2026, evora-2027-prometido-painel-dinheiro, onde-esta-a-agua, agua-nao-faturada, avaliacao-economica-regional-de-portugal-2026, which-door-is-yours, alentejo-algarve, evolucao-de-portugal-desde-1981, penalizacoes-por-reforma-antecipada-2026, o-estado-do-pais, quadro-institucional, concelhos-2026, dominios-2026",
    "[despesa-por-funcao-2024-gf08-es.yml] declara a bandeira \"p\" mas o \"excerpt\" não conserva a bandeira junto do valor. A fonte escreve a bandeira a seguir ao valor, separada por um espaço: transcreva-a assim.",
    "[despesa-por-funcao-2024-gf08-es.yml] \"study\" é \"oe-2026\", que não consta de src/data/studies.mjs.\n    Estudos aceites: evora-contas-da-camara-2010-2025, evora-quem-governou-a-camara-2009-2025, evora-economia-e-dinheiro-publico-de-fora-da-camara, evora-2027-capital-europeia-da-cultura, evora-quinze-anos-cinco-mandatos, evora-economia-investidores-portas-abertas-2026, evora-orcamentado-pago-devido-2025, evora-os-pelouros-quem-os-teve-o-que-fizeram, evora-prometido-pago-auditado-2026, evora-2027-prometido-painel-dinheiro, onde-esta-a-agua, agua-nao-faturada, avaliacao-economica-regional-de-portugal-2026, which-door-is-yours, alentejo-algarve, evolucao-de-portugal-desde-1981, penalizacoes-por-reforma-antecipada-2026, o-estado-do-pais, quadro-institucional, concelhos-2026, dominios-2026",
    "[despesa-por-funcao-2024-gf08-pt.yml] declara a bandeira \"p\" mas o \"excerpt\" não conserva a bandeira junto do valor. A fonte escreve a bandeira a seguir ao valor, separada por um espaço: transcreva-a assim.",
    "[despesa-por-funcao-2024-gf08-pt.yml] \"study\" é \"oe-2026\", que não consta de src/data/studies.mjs.\n    Estudos aceites: evora-contas-da-camara-2010-2025, evora-quem-governou-a-camara-2009-2025, evora-economia-e-dinheiro-publico-de-fora-da-camara, evora-2027-capital-europeia-da-cultura, evora-quinze-anos-cinco-mandatos, evora-economia-investidores-portas-abertas-2026, evora-orcamentado-pago-devido-2025, evora-os-pelouros-quem-os-teve-o-que-fizeram, evora-prometido-pago-auditado-2026, evora-2027-prometido-painel-dinheiro, onde-esta-a-agua, agua-nao-faturada, avaliacao-economica-regional-de-portugal-2026, which-door-is-yours, alentejo-algarve, evolucao-de-portugal-desde-1981, penalizacoes-por-reforma-antecipada-2026, o-estado-do-pais, quadro-institucional, concelhos-2026, dominios-2026",
    "[despesa-por-funcao-2024-gf08-ue.yml] \"study\" é \"oe-2026\", que não consta de src/data/studies.mjs.\n    Estudos aceites: evora-contas-da-camara-2010-2025, evora-quem-governou-a-camara-2009-2025, evora-economia-e-dinheiro-publico-de-fora-da-camara, evora-2027-capital-europeia-da-cultura, evora-quinze-anos-cinco-mandatos, evora-economia-investidores-portas-abertas-2026, evora-orcamentado-pago-devido-2025, evora-os-pelouros-quem-os-teve-o-que-fizeram, evora-prometido-pago-auditado-2026, evora-2027-prometido-painel-dinheiro, onde-esta-a-agua, agua-nao-faturada, avaliacao-economica-regional-de-portugal-2026, which-door-is-yours, alentejo-algarve, evolucao-de-portugal-desde-1981, penalizacoes-por-reforma-antecipada-2026, o-estado-do-pais, quadro-institucional, concelhos-2026, dominios-2026",
    "[despesa-por-funcao-2024-gf09-es.yml] declara a bandeira \"p\" mas o \"excerpt\" não conserva a bandeira junto do valor. A fonte escreve a bandeira a seguir ao valor, separada por um espaço: transcreva-a assim.",
    "[despesa-por-funcao-2024-gf09-es.yml] \"study\" é \"oe-2026\", que não consta de src/data/studies.mjs.\n    Estudos aceites: evora-contas-da-camara-2010-2025, evora-quem-governou-a-camara-2009-2025, evora-economia-e-dinheiro-publico-de-fora-da-camara, evora-2027-capital-europeia-da-cultura, evora-quinze-anos-cinco-mandatos, evora-economia-investidores-portas-abertas-2026, evora-orcamentado-pago-devido-2025, evora-os-pelouros-quem-os-teve-o-que-fizeram, evora-prometido-pago-auditado-2026, evora-2027-prometido-painel-dinheiro, onde-esta-a-agua, agua-nao-faturada, avaliacao-economica-regional-de-portugal-2026, which-door-is-yours, alentejo-algarve, evolucao-de-portugal-desde-1981, penalizacoes-por-reforma-antecipada-2026, o-estado-do-pais, quadro-institucional, concelhos-2026, dominios-2026",
    "[despesa-por-funcao-2024-gf09-pt.yml] declara a bandeira \"p\" mas o \"excerpt\" não conserva a bandeira junto do valor. A fonte escreve a bandeira a seguir ao valor, separada por um espaço: transcreva-a assim.",
    "[despesa-por-funcao-2024-gf09-pt.yml] \"study\" é \"oe-2026\", que não consta de src/data/studies.mjs.\n    Estudos aceites: evora-contas-da-camara-2010-2025, evora-quem-governou-a-camara-2009-2025, evora-economia-e-dinheiro-publico-de-fora-da-camara, evora-2027-capital-europeia-da-cultura, evora-quinze-anos-cinco-mandatos, evora-economia-investidores-portas-abertas-2026, evora-orcamentado-pago-devido-2025, evora-os-pelouros-quem-os-teve-o-que-fizeram, evora-prometido-pago-auditado-2026, evora-2027-prometido-painel-dinheiro, onde-esta-a-agua, agua-nao-faturada, avaliacao-economica-regional-de-portugal-2026, which-door-is-yours, alentejo-algarve, evolucao-de-portugal-desde-1981, penalizacoes-por-reforma-antecipada-2026, o-estado-do-pais, quadro-institucional, concelhos-2026, dominios-2026",
    "[despesa-por-funcao-2024-gf09-ue.yml] \"study\" é \"oe-2026\", que não consta de src/data/studies.mjs.\n    Estudos aceites: evora-contas-da-camara-2010-2025, evora-quem-governou-a-camara-2009-2025, evora-economia-e-dinheiro-publico-de-fora-da-camara, evora-2027-capital-europeia-da-cultura, evora-quinze-anos-cinco-mandatos, evora-economia-investidores-portas-abertas-2026, evora-orcamentado-pago-devido-2025, evora-os-pelouros-quem-os-teve-o-que-fizeram, evora-prometido-pago-auditado-2026, evora-2027-prometido-painel-dinheiro, onde-esta-a-agua, agua-nao-faturada, avaliacao-economica-regional-de-portugal-2026, which-door-is-yours, alentejo-algarve, evolucao-de-portugal-desde-1981, penalizacoes-por-reforma-antecipada-2026, o-estado-do-pais, quadro-institucional, concelhos-2026, dominios-2026",
    "[despesa-por-funcao-2024-gf10-es.yml] declara a bandeira \"p\" mas o \"excerpt\" não conserva a bandeira junto do valor. A fonte escreve a bandeira a seguir ao valor, separada por um espaço: transcreva-a assim.",
    "[despesa-por-funcao-2024-gf10-es.yml] \"study\" é \"oe-2026\", que não consta de src/data/studies.mjs.\n    Estudos aceites: evora-contas-da-camara-2010-2025, evora-quem-governou-a-camara-2009-2025, evora-economia-e-dinheiro-publico-de-fora-da-camara, evora-2027-capital-europeia-da-cultura, evora-quinze-anos-cinco-mandatos, evora-economia-investidores-portas-abertas-2026, evora-orcamentado-pago-devido-2025, evora-os-pelouros-quem-os-teve-o-que-fizeram, evora-prometido-pago-auditado-2026, evora-2027-prometido-painel-dinheiro, onde-esta-a-agua, agua-nao-faturada, avaliacao-economica-regional-de-portugal-2026, which-door-is-yours, alentejo-algarve, evolucao-de-portugal-desde-1981, penalizacoes-por-reforma-antecipada-2026, o-estado-do-pais, quadro-institucional, concelhos-2026, dominios-2026",
    "[despesa-por-funcao-2024-gf10-pt.yml] declara a bandeira \"p\" mas o \"excerpt\" não conserva a bandeira junto do valor. A fonte escreve a bandeira a seguir ao valor, separada por um espaço: transcreva-a assim.",
    "[despesa-por-funcao-2024-gf10-pt.yml] \"study\" é \"oe-2026\", que não consta de src/data/studies.mjs.\n    Estudos aceites: evora-contas-da-camara-2010-2025, evora-quem-governou-a-camara-2009-2025, evora-economia-e-dinheiro-publico-de-fora-da-camara, evora-2027-capital-europeia-da-cultura, evora-quinze-anos-cinco-mandatos, evora-economia-investidores-portas-abertas-2026, evora-orcamentado-pago-devido-2025, evora-os-pelouros-quem-os-teve-o-que-fizeram, evora-prometido-pago-auditado-2026, evora-2027-prometido-painel-dinheiro, onde-esta-a-agua, agua-nao-faturada, avaliacao-economica-regional-de-portugal-2026, which-door-is-yours, alentejo-algarve, evolucao-de-portugal-desde-1981, penalizacoes-por-reforma-antecipada-2026, o-estado-do-pais, quadro-institucional, concelhos-2026, dominios-2026",
    "[despesa-por-funcao-2024-gf10-ue.yml] \"study\" é \"oe-2026\", que não consta de src/data/studies.mjs.\n    Estudos aceites: evora-contas-da-camara-2010-2025, evora-quem-governou-a-camara-2009-2025, evora-economia-e-dinheiro-publico-de-fora-da-camara, evora-2027-capital-europeia-da-cultura, evora-quinze-anos-cinco-mandatos, evora-economia-investidores-portas-abertas-2026, evora-orcamentado-pago-devido-2025, evora-os-pelouros-quem-os-teve-o-que-fizeram, evora-prometido-pago-auditado-2026, evora-2027-prometido-painel-dinheiro, onde-esta-a-agua, agua-nao-faturada, avaliacao-economica-regional-de-portugal-2026, which-door-is-yours, alentejo-algarve, evolucao-de-portugal-desde-1981, penalizacoes-por-reforma-antecipada-2026, o-estado-do-pais, quadro-institucional, concelhos-2026, dominios-2026",
    "[execucao-2026-07-ativos-e-passivos-da-despesa-administracao-central.yml] \"study\" é \"oe-2026\", que não consta de src/data/studies.mjs.\n    Estudos aceites: evora-contas-da-camara-2010-2025, evora-quem-governou-a-camara-2009-2025, evora-economia-e-dinheiro-publico-de-fora-da-camara, evora-2027-capital-europeia-da-cultura, evora-quinze-anos-cinco-mandatos, evora-economia-investidores-portas-abertas-2026, evora-orcamentado-pago-devido-2025, evora-os-pelouros-quem-os-teve-o-que-fizeram, evora-prometido-pago-auditado-2026, evora-2027-prometido-painel-dinheiro, onde-esta-a-agua, agua-nao-faturada, avaliacao-economica-regional-de-portugal-2026, which-door-is-yours, alentejo-algarve, evolucao-de-portugal-desde-1981, penalizacoes-por-reforma-antecipada-2026, o-estado-do-pais, quadro-institucional, concelhos-2026, dominios-2026",
    "[execucao-2026-07-ativos-e-passivos-da-receita-administracao-central.yml] \"study\" é \"oe-2026\", que não consta de src/data/studies.mjs.\n    Estudos aceites: evora-contas-da-camara-2010-2025, evora-quem-governou-a-camara-2009-2025, evora-economia-e-dinheiro-publico-de-fora-da-camara, evora-2027-capital-europeia-da-cultura, evora-quinze-anos-cinco-mandatos, evora-economia-investidores-portas-abertas-2026, evora-orcamentado-pago-devido-2025, evora-os-pelouros-quem-os-teve-o-que-fizeram, evora-prometido-pago-auditado-2026, evora-2027-prometido-painel-dinheiro, onde-esta-a-agua, agua-nao-faturada, avaliacao-economica-regional-de-portugal-2026, which-door-is-yours, alentejo-algarve, evolucao-de-portugal-desde-1981, penalizacoes-por-reforma-antecipada-2026, o-estado-do-pais, quadro-institucional, concelhos-2026, dominios-2026",
    "[execucao-2026-07-cem-euros-funcao-01.yml] \"study\" é \"oe-2026\", que não consta de src/data/studies.mjs.\n    Estudos aceites: evora-contas-da-camara-2010-2025, evora-quem-governou-a-camara-2009-2025, evora-economia-e-dinheiro-publico-de-fora-da-camara, evora-2027-capital-europeia-da-cultura, evora-quinze-anos-cinco-mandatos, evora-economia-investidores-portas-abertas-2026, evora-orcamentado-pago-devido-2025, evora-os-pelouros-quem-os-teve-o-que-fizeram, evora-prometido-pago-auditado-2026, evora-2027-prometido-painel-dinheiro, onde-esta-a-agua, agua-nao-faturada, avaliacao-economica-regional-de-portugal-2026, which-door-is-yours, alentejo-algarve, evolucao-de-portugal-desde-1981, penalizacoes-por-reforma-antecipada-2026, o-estado-do-pais, quadro-institucional, concelhos-2026, dominios-2026",
    "[execucao-2026-07-cem-euros-funcao-02.yml] \"study\" é \"oe-2026\", que não consta de src/data/studies.mjs.\n    Estudos aceites: evora-contas-da-camara-2010-2025, evora-quem-governou-a-camara-2009-2025, evora-economia-e-dinheiro-publico-de-fora-da-camara, evora-2027-capital-europeia-da-cultura, evora-quinze-anos-cinco-mandatos, evora-economia-investidores-portas-abertas-2026, evora-orcamentado-pago-devido-2025, evora-os-pelouros-quem-os-teve-o-que-fizeram, evora-prometido-pago-auditado-2026, evora-2027-prometido-painel-dinheiro, onde-esta-a-agua, agua-nao-faturada, avaliacao-economica-regional-de-portugal-2026, which-door-is-yours, alentejo-algarve, evolucao-de-portugal-desde-1981, penalizacoes-por-reforma-antecipada-2026, o-estado-do-pais, quadro-institucional, concelhos-2026, dominios-2026",
    "[execucao-2026-07-cem-euros-funcao-03.yml] \"study\" é \"oe-2026\", que não consta de src/data/studies.mjs.\n    Estudos aceites: evora-contas-da-camara-2010-2025, evora-quem-governou-a-camara-2009-2025, evora-economia-e-dinheiro-publico-de-fora-da-camara, evora-2027-capital-europeia-da-cultura, evora-quinze-anos-cinco-mandatos, evora-economia-investidores-portas-abertas-2026, evora-orcamentado-pago-devido-2025, evora-os-pelouros-quem-os-teve-o-que-fizeram, evora-prometido-pago-auditado-2026, evora-2027-prometido-painel-dinheiro, onde-esta-a-agua, agua-nao-faturada, avaliacao-economica-regional-de-portugal-2026, which-door-is-yours, alentejo-algarve, evolucao-de-portugal-desde-1981, penalizacoes-por-reforma-antecipada-2026, o-estado-do-pais, quadro-institucional, concelhos-2026, dominios-2026",
    "[execucao-2026-07-cem-euros-funcao-04.yml] \"study\" é \"oe-2026\", que não consta de src/data/studies.mjs.\n    Estudos aceites: evora-contas-da-camara-2010-2025, evora-quem-governou-a-camara-2009-2025, evora-economia-e-dinheiro-publico-de-fora-da-camara, evora-2027-capital-europeia-da-cultura, evora-quinze-anos-cinco-mandatos, evora-economia-investidores-portas-abertas-2026, evora-orcamentado-pago-devido-2025, evora-os-pelouros-quem-os-teve-o-que-fizeram, evora-prometido-pago-auditado-2026, evora-2027-prometido-painel-dinheiro, onde-esta-a-agua, agua-nao-faturada, avaliacao-economica-regional-de-portugal-2026, which-door-is-yours, alentejo-algarve, evolucao-de-portugal-desde-1981, penalizacoes-por-reforma-antecipada-2026, o-estado-do-pais, quadro-institucional, concelhos-2026, dominios-2026",
    "[execucao-2026-07-cem-euros-funcao-05.yml] \"study\" é \"oe-2026\", que não consta de src/data/studies.mjs.\n    Estudos aceites: evora-contas-da-camara-2010-2025, evora-quem-governou-a-camara-2009-2025, evora-economia-e-dinheiro-publico-de-fora-da-camara, evora-2027-capital-europeia-da-cultura, evora-quinze-anos-cinco-mandatos, evora-economia-investidores-portas-abertas-2026, evora-orcamentado-pago-devido-2025, evora-os-pelouros-quem-os-teve-o-que-fizeram, evora-prometido-pago-auditado-2026, evora-2027-prometido-painel-dinheiro, onde-esta-a-agua, agua-nao-faturada, avaliacao-economica-regional-de-portugal-2026, which-door-is-yours, alentejo-algarve, evolucao-de-portugal-desde-1981, penalizacoes-por-reforma-antecipada-2026, o-estado-do-pais, quadro-institucional, concelhos-2026, dominios-2026",
    "[execucao-2026-07-cem-euros-funcao-06.yml] \"study\" é \"oe-2026\", que não consta de src/data/studies.mjs.\n    Estudos aceites: evora-contas-da-camara-2010-2025, evora-quem-governou-a-camara-2009-2025, evora-economia-e-dinheiro-publico-de-fora-da-camara, evora-2027-capital-europeia-da-cultura, evora-quinze-anos-cinco-mandatos, evora-economia-investidores-portas-abertas-2026, evora-orcamentado-pago-devido-2025, evora-os-pelouros-quem-os-teve-o-que-fizeram, evora-prometido-pago-auditado-2026, evora-2027-prometido-painel-dinheiro, onde-esta-a-agua, agua-nao-faturada, avaliacao-economica-regional-de-portugal-2026, which-door-is-yours, alentejo-algarve, evolucao-de-portugal-desde-1981, penalizacoes-por-reforma-antecipada-2026, o-estado-do-pais, quadro-institucional, concelhos-2026, dominios-2026",
    "[execucao-2026-07-cem-euros-funcao-07.yml] \"study\" é \"oe-2026\", que não consta de src/data/studies.mjs.\n    Estudos aceites: evora-contas-da-camara-2010-2025, evora-quem-governou-a-camara-2009-2025, evora-economia-e-dinheiro-publico-de-fora-da-camara, evora-2027-capital-europeia-da-cultura, evora-quinze-anos-cinco-mandatos, evora-economia-investidores-portas-abertas-2026, evora-orcamentado-pago-devido-2025, evora-os-pelouros-quem-os-teve-o-que-fizeram, evora-prometido-pago-auditado-2026, evora-2027-prometido-painel-dinheiro, onde-esta-a-agua, agua-nao-faturada, avaliacao-economica-regional-de-portugal-2026, which-door-is-yours, alentejo-algarve, evolucao-de-portugal-desde-1981, penalizacoes-por-reforma-antecipada-2026, o-estado-do-pais, quadro-institucional, concelhos-2026, dominios-2026",
    "[execucao-2026-07-cem-euros-funcao-08.yml] \"study\" é \"oe-2026\", que não consta de src/data/studies.mjs.\n    Estudos aceites: evora-contas-da-camara-2010-2025, evora-quem-governou-a-camara-2009-2025, evora-economia-e-dinheiro-publico-de-fora-da-camara, evora-2027-capital-europeia-da-cultura, evora-quinze-anos-cinco-mandatos, evora-economia-investidores-portas-abertas-2026, evora-orcamentado-pago-devido-2025, evora-os-pelouros-quem-os-teve-o-que-fizeram, evora-prometido-pago-auditado-2026, evora-2027-prometido-painel-dinheiro, onde-esta-a-agua, agua-nao-faturada, avaliacao-economica-regional-de-portugal-2026, which-door-is-yours, alentejo-algarve, evolucao-de-portugal-desde-1981, penalizacoes-por-reforma-antecipada-2026, o-estado-do-pais, quadro-institucional, concelhos-2026, dominios-2026",
    "[execucao-2026-07-cem-euros-funcao-09.yml] \"study\" é \"oe-2026\", que não consta de src/data/studies.mjs.\n    Estudos aceites: evora-contas-da-camara-2010-2025, evora-quem-governou-a-camara-2009-2025, evora-economia-e-dinheiro-publico-de-fora-da-camara, evora-2027-capital-europeia-da-cultura, evora-quinze-anos-cinco-mandatos, evora-economia-investidores-portas-abertas-2026, evora-orcamentado-pago-devido-2025, evora-os-pelouros-quem-os-teve-o-que-fizeram, evora-prometido-pago-auditado-2026, evora-2027-prometido-painel-dinheiro, onde-esta-a-agua, agua-nao-faturada, avaliacao-economica-regional-de-portugal-2026, which-door-is-yours, alentejo-algarve, evolucao-de-portugal-desde-1981, penalizacoes-por-reforma-antecipada-2026, o-estado-do-pais, quadro-institucional, concelhos-2026, dominios-2026",
    "[execucao-2026-07-cem-euros-funcao-10.yml] \"study\" é \"oe-2026\", que não consta de src/data/studies.mjs.\n    Estudos aceites: evora-contas-da-camara-2010-2025, evora-quem-governou-a-camara-2009-2025, evora-economia-e-dinheiro-publico-de-fora-da-camara, evora-2027-capital-europeia-da-cultura, evora-quinze-anos-cinco-mandatos, evora-economia-investidores-portas-abertas-2026, evora-orcamentado-pago-devido-2025, evora-os-pelouros-quem-os-teve-o-que-fizeram, evora-prometido-pago-auditado-2026, evora-2027-prometido-painel-dinheiro, onde-esta-a-agua, agua-nao-faturada, avaliacao-economica-regional-de-portugal-2026, which-door-is-yours, alentejo-algarve, evolucao-de-portugal-desde-1981, penalizacoes-por-reforma-antecipada-2026, o-estado-do-pais, quadro-institucional, concelhos-2026, dominios-2026",
    "[execucao-2026-07-despesa-efetiva-administracao-central.yml] \"study\" é \"oe-2026\", que não consta de src/data/studies.mjs.\n    Estudos aceites: evora-contas-da-camara-2010-2025, evora-quem-governou-a-camara-2009-2025, evora-economia-e-dinheiro-publico-de-fora-da-camara, evora-2027-capital-europeia-da-cultura, evora-quinze-anos-cinco-mandatos, evora-economia-investidores-portas-abertas-2026, evora-orcamentado-pago-devido-2025, evora-os-pelouros-quem-os-teve-o-que-fizeram, evora-prometido-pago-auditado-2026, evora-2027-prometido-painel-dinheiro, onde-esta-a-agua, agua-nao-faturada, avaliacao-economica-regional-de-portugal-2026, which-door-is-yours, alentejo-algarve, evolucao-de-portugal-desde-1981, penalizacoes-por-reforma-antecipada-2026, o-estado-do-pais, quadro-institucional, concelhos-2026, dominios-2026",
    "[execucao-2026-07-despesa-funcao-01.yml] \"study\" é \"oe-2026\", que não consta de src/data/studies.mjs.\n    Estudos aceites: evora-contas-da-camara-2010-2025, evora-quem-governou-a-camara-2009-2025, evora-economia-e-dinheiro-publico-de-fora-da-camara, evora-2027-capital-europeia-da-cultura, evora-quinze-anos-cinco-mandatos, evora-economia-investidores-portas-abertas-2026, evora-orcamentado-pago-devido-2025, evora-os-pelouros-quem-os-teve-o-que-fizeram, evora-prometido-pago-auditado-2026, evora-2027-prometido-painel-dinheiro, onde-esta-a-agua, agua-nao-faturada, avaliacao-economica-regional-de-portugal-2026, which-door-is-yours, alentejo-algarve, evolucao-de-portugal-desde-1981, penalizacoes-por-reforma-antecipada-2026, o-estado-do-pais, quadro-institucional, concelhos-2026, dominios-2026",
    "[execucao-2026-07-despesa-funcao-02.yml] \"study\" é \"oe-2026\", que não consta de src/data/studies.mjs.\n    Estudos aceites: evora-contas-da-camara-2010-2025, evora-quem-governou-a-camara-2009-2025, evora-economia-e-dinheiro-publico-de-fora-da-camara, evora-2027-capital-europeia-da-cultura, evora-quinze-anos-cinco-mandatos, evora-economia-investidores-portas-abertas-2026, evora-orcamentado-pago-devido-2025, evora-os-pelouros-quem-os-teve-o-que-fizeram, evora-prometido-pago-auditado-2026, evora-2027-prometido-painel-dinheiro, onde-esta-a-agua, agua-nao-faturada, avaliacao-economica-regional-de-portugal-2026, which-door-is-yours, alentejo-algarve, evolucao-de-portugal-desde-1981, penalizacoes-por-reforma-antecipada-2026, o-estado-do-pais, quadro-institucional, concelhos-2026, dominios-2026",
    "[execucao-2026-07-despesa-funcao-03.yml] \"study\" é \"oe-2026\", que não consta de src/data/studies.mjs.\n    Estudos aceites: evora-contas-da-camara-2010-2025, evora-quem-governou-a-camara-2009-2025, evora-economia-e-dinheiro-publico-de-fora-da-camara, evora-2027-capital-europeia-da-cultura, evora-quinze-anos-cinco-mandatos, evora-economia-investidores-portas-abertas-2026, evora-orcamentado-pago-devido-2025, evora-os-pelouros-quem-os-teve-o-que-fizeram, evora-prometido-pago-auditado-2026, evora-2027-prometido-painel-dinheiro, onde-esta-a-agua, agua-nao-faturada, avaliacao-economica-regional-de-portugal-2026, which-door-is-yours, alentejo-algarve, evolucao-de-portugal-desde-1981, penalizacoes-por-reforma-antecipada-2026, o-estado-do-pais, quadro-institucional, concelhos-2026, dominios-2026",
    "[execucao-2026-07-despesa-funcao-04.yml] \"study\" é \"oe-2026\", que não consta de src/data/studies.mjs.\n    Estudos aceites: evora-contas-da-camara-2010-2025, evora-quem-governou-a-camara-2009-2025, evora-economia-e-dinheiro-publico-de-fora-da-camara, evora-2027-capital-europeia-da-cultura, evora-quinze-anos-cinco-mandatos, evora-economia-investidores-portas-abertas-2026, evora-orcamentado-pago-devido-2025, evora-os-pelouros-quem-os-teve-o-que-fizeram, evora-prometido-pago-auditado-2026, evora-2027-prometido-painel-dinheiro, onde-esta-a-agua, agua-nao-faturada, avaliacao-economica-regional-de-portugal-2026, which-door-is-yours, alentejo-algarve, evolucao-de-portugal-desde-1981, penalizacoes-por-reforma-antecipada-2026, o-estado-do-pais, quadro-institucional, concelhos-2026, dominios-2026",
    "[execucao-2026-07-despesa-funcao-05.yml] \"study\" é \"oe-2026\", que não consta de src/data/studies.mjs.\n    Estudos aceites: evora-contas-da-camara-2010-2025, evora-quem-governou-a-camara-2009-2025, evora-economia-e-dinheiro-publico-de-fora-da-camara, evora-2027-capital-europeia-da-cultura, evora-quinze-anos-cinco-mandatos, evora-economia-investidores-portas-abertas-2026, evora-orcamentado-pago-devido-2025, evora-os-pelouros-quem-os-teve-o-que-fizeram, evora-prometido-pago-auditado-2026, evora-2027-prometido-painel-dinheiro, onde-esta-a-agua, agua-nao-faturada, avaliacao-economica-regional-de-portugal-2026, which-door-is-yours, alentejo-algarve, evolucao-de-portugal-desde-1981, penalizacoes-por-reforma-antecipada-2026, o-estado-do-pais, quadro-institucional, concelhos-2026, dominios-2026",
    "[execucao-2026-07-despesa-funcao-06.yml] \"study\" é \"oe-2026\", que não consta de src/data/studies.mjs.\n    Estudos aceites: evora-contas-da-camara-2010-2025, evora-quem-governou-a-camara-2009-2025, evora-economia-e-dinheiro-publico-de-fora-da-camara, evora-2027-capital-europeia-da-cultura, evora-quinze-anos-cinco-mandatos, evora-economia-investidores-portas-abertas-2026, evora-orcamentado-pago-devido-2025, evora-os-pelouros-quem-os-teve-o-que-fizeram, evora-prometido-pago-auditado-2026, evora-2027-prometido-painel-dinheiro, onde-esta-a-agua, agua-nao-faturada, avaliacao-economica-regional-de-portugal-2026, which-door-is-yours, alentejo-algarve, evolucao-de-portugal-desde-1981, penalizacoes-por-reforma-antecipada-2026, o-estado-do-pais, quadro-institucional, concelhos-2026, dominios-2026",
    "[execucao-2026-07-despesa-funcao-07.yml] \"study\" é \"oe-2026\", que não consta de src/data/studies.mjs.\n    Estudos aceites: evora-contas-da-camara-2010-2025, evora-quem-governou-a-camara-2009-2025, evora-economia-e-dinheiro-publico-de-fora-da-camara, evora-2027-capital-europeia-da-cultura, evora-quinze-anos-cinco-mandatos, evora-economia-investidores-portas-abertas-2026, evora-orcamentado-pago-devido-2025, evora-os-pelouros-quem-os-teve-o-que-fizeram, evora-prometido-pago-auditado-2026, evora-2027-prometido-painel-dinheiro, onde-esta-a-agua, agua-nao-faturada, avaliacao-economica-regional-de-portugal-2026, which-door-is-yours, alentejo-algarve, evolucao-de-portugal-desde-1981, penalizacoes-por-reforma-antecipada-2026, o-estado-do-pais, quadro-institucional, concelhos-2026, dominios-2026",
    "[execucao-2026-07-despesa-funcao-08.yml] \"study\" é \"oe-2026\", que não consta de src/data/studies.mjs.\n    Estudos aceites: evora-contas-da-camara-2010-2025, evora-quem-governou-a-camara-2009-2025, evora-economia-e-dinheiro-publico-de-fora-da-camara, evora-2027-capital-europeia-da-cultura, evora-quinze-anos-cinco-mandatos, evora-economia-investidores-portas-abertas-2026, evora-orcamentado-pago-devido-2025, evora-os-pelouros-quem-os-teve-o-que-fizeram, evora-prometido-pago-auditado-2026, evora-2027-prometido-painel-dinheiro, onde-esta-a-agua, agua-nao-faturada, avaliacao-economica-regional-de-portugal-2026, which-door-is-yours, alentejo-algarve, evolucao-de-portugal-desde-1981, penalizacoes-por-reforma-antecipada-2026, o-estado-do-pais, quadro-institucional, concelhos-2026, dominios-2026",
    "[execucao-2026-07-despesa-funcao-09.yml] \"study\" é \"oe-2026\", que não consta de src/data/studies.mjs.\n    Estudos aceites: evora-contas-da-camara-2010-2025, evora-quem-governou-a-camara-2009-2025, evora-economia-e-dinheiro-publico-de-fora-da-camara, evora-2027-capital-europeia-da-cultura, evora-quinze-anos-cinco-mandatos, evora-economia-investidores-portas-abertas-2026, evora-orcamentado-pago-devido-2025, evora-os-pelouros-quem-os-teve-o-que-fizeram, evora-prometido-pago-auditado-2026, evora-2027-prometido-painel-dinheiro, onde-esta-a-agua, agua-nao-faturada, avaliacao-economica-regional-de-portugal-2026, which-door-is-yours, alentejo-algarve, evolucao-de-portugal-desde-1981, penalizacoes-por-reforma-antecipada-2026, o-estado-do-pais, quadro-institucional, concelhos-2026, dominios-2026",
    "[execucao-2026-07-despesa-funcao-10.yml] \"study\" é \"oe-2026\", que não consta de src/data/studies.mjs.\n    Estudos aceites: evora-contas-da-camara-2010-2025, evora-quem-governou-a-camara-2009-2025, evora-economia-e-dinheiro-publico-de-fora-da-camara, evora-2027-capital-europeia-da-cultura, evora-quinze-anos-cinco-mandatos, evora-economia-investidores-portas-abertas-2026, evora-orcamentado-pago-devido-2025, evora-os-pelouros-quem-os-teve-o-que-fizeram, evora-prometido-pago-auditado-2026, evora-2027-prometido-painel-dinheiro, onde-esta-a-agua, agua-nao-faturada, avaliacao-economica-regional-de-portugal-2026, which-door-is-yours, alentejo-algarve, evolucao-de-portugal-desde-1981, penalizacoes-por-reforma-antecipada-2026, o-estado-do-pais, quadro-institucional, concelhos-2026, dominios-2026",
    "[execucao-2026-07-despesa-orcamental-administracao-central.yml] \"study\" é \"oe-2026\", que não consta de src/data/studies.mjs.\n    Estudos aceites: evora-contas-da-camara-2010-2025, evora-quem-governou-a-camara-2009-2025, evora-economia-e-dinheiro-publico-de-fora-da-camara, evora-2027-capital-europeia-da-cultura, evora-quinze-anos-cinco-mandatos, evora-economia-investidores-portas-abertas-2026, evora-orcamentado-pago-devido-2025, evora-os-pelouros-quem-os-teve-o-que-fizeram, evora-prometido-pago-auditado-2026, evora-2027-prometido-painel-dinheiro, onde-esta-a-agua, agua-nao-faturada, avaliacao-economica-regional-de-portugal-2026, which-door-is-yours, alentejo-algarve, evolucao-de-portugal-desde-1981, penalizacoes-por-reforma-antecipada-2026, o-estado-do-pais, quadro-institucional, concelhos-2026, dominios-2026",
    "[execucao-2026-07-despesa-primaria-administracao-central.yml] \"study\" é \"oe-2026\", que não consta de src/data/studies.mjs.\n    Estudos aceites: evora-contas-da-camara-2010-2025, evora-quem-governou-a-camara-2009-2025, evora-economia-e-dinheiro-publico-de-fora-da-camara, evora-2027-capital-europeia-da-cultura, evora-quinze-anos-cinco-mandatos, evora-economia-investidores-portas-abertas-2026, evora-orcamentado-pago-devido-2025, evora-os-pelouros-quem-os-teve-o-que-fizeram, evora-prometido-pago-auditado-2026, evora-2027-prometido-painel-dinheiro, onde-esta-a-agua, agua-nao-faturada, avaliacao-economica-regional-de-portugal-2026, which-door-is-yours, alentejo-algarve, evolucao-de-portugal-desde-1981, penalizacoes-por-reforma-antecipada-2026, o-estado-do-pais, quadro-institucional, concelhos-2026, dominios-2026",
    "[execucao-2026-07-diferencas-consolidacao-funcional.yml] \"study\" é \"oe-2026\", que não consta de src/data/studies.mjs.\n    Estudos aceites: evora-contas-da-camara-2010-2025, evora-quem-governou-a-camara-2009-2025, evora-economia-e-dinheiro-publico-de-fora-da-camara, evora-2027-capital-europeia-da-cultura, evora-quinze-anos-cinco-mandatos, evora-economia-investidores-portas-abertas-2026, evora-orcamentado-pago-devido-2025, evora-os-pelouros-quem-os-teve-o-que-fizeram, evora-prometido-pago-auditado-2026, evora-2027-prometido-painel-dinheiro, onde-esta-a-agua, agua-nao-faturada, avaliacao-economica-regional-de-portugal-2026, which-door-is-yours, alentejo-algarve, evolucao-de-portugal-desde-1981, penalizacoes-por-reforma-antecipada-2026, o-estado-do-pais, quadro-institucional, concelhos-2026, dominios-2026",
    "[execucao-2026-07-receita-efetiva-administracao-central.yml] \"study\" é \"oe-2026\", que não consta de src/data/studies.mjs.\n    Estudos aceites: evora-contas-da-camara-2010-2025, evora-quem-governou-a-camara-2009-2025, evora-economia-e-dinheiro-publico-de-fora-da-camara, evora-2027-capital-europeia-da-cultura, evora-quinze-anos-cinco-mandatos, evora-economia-investidores-portas-abertas-2026, evora-orcamentado-pago-devido-2025, evora-os-pelouros-quem-os-teve-o-que-fizeram, evora-prometido-pago-auditado-2026, evora-2027-prometido-painel-dinheiro, onde-esta-a-agua, agua-nao-faturada, avaliacao-economica-regional-de-portugal-2026, which-door-is-yours, alentejo-algarve, evolucao-de-portugal-desde-1981, penalizacoes-por-reforma-antecipada-2026, o-estado-do-pais, quadro-institucional, concelhos-2026, dominios-2026",
    "[execucao-2026-07-receita-orcamental-administracao-central.yml] \"study\" é \"oe-2026\", que não consta de src/data/studies.mjs.\n    Estudos aceites: evora-contas-da-camara-2010-2025, evora-quem-governou-a-camara-2009-2025, evora-economia-e-dinheiro-publico-de-fora-da-camara, evora-2027-capital-europeia-da-cultura, evora-quinze-anos-cinco-mandatos, evora-economia-investidores-portas-abertas-2026, evora-orcamentado-pago-devido-2025, evora-os-pelouros-quem-os-teve-o-que-fizeram, evora-prometido-pago-auditado-2026, evora-2027-prometido-painel-dinheiro, onde-esta-a-agua, agua-nao-faturada, avaliacao-economica-regional-de-portugal-2026, which-door-is-yours, alentejo-algarve, evolucao-de-portugal-desde-1981, penalizacoes-por-reforma-antecipada-2026, o-estado-do-pais, quadro-institucional, concelhos-2026, dominios-2026",
    "[execucao-2026-07-saldo-global-administracao-central.yml] \"study\" é \"oe-2026\", que não consta de src/data/studies.mjs.\n    Estudos aceites: evora-contas-da-camara-2010-2025, evora-quem-governou-a-camara-2009-2025, evora-economia-e-dinheiro-publico-de-fora-da-camara, evora-2027-capital-europeia-da-cultura, evora-quinze-anos-cinco-mandatos, evora-economia-investidores-portas-abertas-2026, evora-orcamentado-pago-devido-2025, evora-os-pelouros-quem-os-teve-o-que-fizeram, evora-prometido-pago-auditado-2026, evora-2027-prometido-painel-dinheiro, onde-esta-a-agua, agua-nao-faturada, avaliacao-economica-regional-de-portugal-2026, which-door-is-yours, alentejo-algarve, evolucao-de-portugal-desde-1981, penalizacoes-por-reforma-antecipada-2026, o-estado-do-pais, quadro-institucional, concelhos-2026, dominios-2026",
    "[execucao-2026-07-saldo-global-administracoes-publicas-contabilidade-publica.yml] \"study\" é \"oe-2026\", que não consta de src/data/studies.mjs.\n    Estudos aceites: evora-contas-da-camara-2010-2025, evora-quem-governou-a-camara-2009-2025, evora-economia-e-dinheiro-publico-de-fora-da-camara, evora-2027-capital-europeia-da-cultura, evora-quinze-anos-cinco-mandatos, evora-economia-investidores-portas-abertas-2026, evora-orcamentado-pago-devido-2025, evora-os-pelouros-quem-os-teve-o-que-fizeram, evora-prometido-pago-auditado-2026, evora-2027-prometido-painel-dinheiro, onde-esta-a-agua, agua-nao-faturada, avaliacao-economica-regional-de-portugal-2026, which-door-is-yours, alentejo-algarve, evolucao-de-portugal-desde-1981, penalizacoes-por-reforma-antecipada-2026, o-estado-do-pais, quadro-institucional, concelhos-2026, dominios-2026",
    "[execucao-2026-07-saldo-primario-administracao-central.yml] \"study\" é \"oe-2026\", que não consta de src/data/studies.mjs.\n    Estudos aceites: evora-contas-da-camara-2010-2025, evora-quem-governou-a-camara-2009-2025, evora-economia-e-dinheiro-publico-de-fora-da-camara, evora-2027-capital-europeia-da-cultura, evora-quinze-anos-cinco-mandatos, evora-economia-investidores-portas-abertas-2026, evora-orcamentado-pago-devido-2025, evora-os-pelouros-quem-os-teve-o-que-fizeram, evora-prometido-pago-auditado-2026, evora-2027-prometido-painel-dinheiro, onde-esta-a-agua, agua-nao-faturada, avaliacao-economica-regional-de-portugal-2026, which-door-is-yours, alentejo-algarve, evolucao-de-portugal-desde-1981, penalizacoes-por-reforma-antecipada-2026, o-estado-do-pais, quadro-institucional, concelhos-2026, dominios-2026",
    "[execucao-2026-08-ativos-financeiros-liquidos-administracao-central-seguranca-social.yml] \"study\" é \"oe-2026\", que não consta de src/data/studies.mjs.\n    Estudos aceites: evora-contas-da-camara-2010-2025, evora-quem-governou-a-camara-2009-2025, evora-economia-e-dinheiro-publico-de-fora-da-camara, evora-2027-capital-europeia-da-cultura, evora-quinze-anos-cinco-mandatos, evora-economia-investidores-portas-abertas-2026, evora-orcamentado-pago-devido-2025, evora-os-pelouros-quem-os-teve-o-que-fizeram, evora-prometido-pago-auditado-2026, evora-2027-prometido-painel-dinheiro, onde-esta-a-agua, agua-nao-faturada, avaliacao-economica-regional-de-portugal-2026, which-door-is-yours, alentejo-algarve, evolucao-de-portugal-desde-1981, penalizacoes-por-reforma-antecipada-2026, o-estado-do-pais, quadro-institucional, concelhos-2026, dominios-2026",
    "[execucao-2026-08-despesa-efetiva-administracao-central-seguranca-social.yml] \"study\" é \"oe-2026\", que não consta de src/data/studies.mjs.\n    Estudos aceites: evora-contas-da-camara-2010-2025, evora-quem-governou-a-camara-2009-2025, evora-economia-e-dinheiro-publico-de-fora-da-camara, evora-2027-capital-europeia-da-cultura, evora-quinze-anos-cinco-mandatos, evora-economia-investidores-portas-abertas-2026, evora-orcamentado-pago-devido-2025, evora-os-pelouros-quem-os-teve-o-que-fizeram, evora-prometido-pago-auditado-2026, evora-2027-prometido-painel-dinheiro, onde-esta-a-agua, agua-nao-faturada, avaliacao-economica-regional-de-portugal-2026, which-door-is-yours, alentejo-algarve, evolucao-de-portugal-desde-1981, penalizacoes-por-reforma-antecipada-2026, o-estado-do-pais, quadro-institucional, concelhos-2026, dominios-2026",
    "[execucao-2026-08-despesa-efetiva-administracao-central.yml] \"study\" é \"oe-2026\", que não consta de src/data/studies.mjs.\n    Estudos aceites: evora-contas-da-camara-2010-2025, evora-quem-governou-a-camara-2009-2025, evora-economia-e-dinheiro-publico-de-fora-da-camara, evora-2027-capital-europeia-da-cultura, evora-quinze-anos-cinco-mandatos, evora-economia-investidores-portas-abertas-2026, evora-orcamentado-pago-devido-2025, evora-os-pelouros-quem-os-teve-o-que-fizeram, evora-prometido-pago-auditado-2026, evora-2027-prometido-painel-dinheiro, onde-esta-a-agua, agua-nao-faturada, avaliacao-economica-regional-de-portugal-2026, which-door-is-yours, alentejo-algarve, evolucao-de-portugal-desde-1981, penalizacoes-por-reforma-antecipada-2026, o-estado-do-pais, quadro-institucional, concelhos-2026, dominios-2026",
    "[execucao-2026-08-despesa-programa-001.yml] \"study\" é \"oe-2026\", que não consta de src/data/studies.mjs.\n    Estudos aceites: evora-contas-da-camara-2010-2025, evora-quem-governou-a-camara-2009-2025, evora-economia-e-dinheiro-publico-de-fora-da-camara, evora-2027-capital-europeia-da-cultura, evora-quinze-anos-cinco-mandatos, evora-economia-investidores-portas-abertas-2026, evora-orcamentado-pago-devido-2025, evora-os-pelouros-quem-os-teve-o-que-fizeram, evora-prometido-pago-auditado-2026, evora-2027-prometido-painel-dinheiro, onde-esta-a-agua, agua-nao-faturada, avaliacao-economica-regional-de-portugal-2026, which-door-is-yours, alentejo-algarve, evolucao-de-portugal-desde-1981, penalizacoes-por-reforma-antecipada-2026, o-estado-do-pais, quadro-institucional, concelhos-2026, dominios-2026",
    "[execucao-2026-08-despesa-programa-002.yml] \"study\" é \"oe-2026\", que não consta de src/data/studies.mjs.\n    Estudos aceites: evora-contas-da-camara-2010-2025, evora-quem-governou-a-camara-2009-2025, evora-economia-e-dinheiro-publico-de-fora-da-camara, evora-2027-capital-europeia-da-cultura, evora-quinze-anos-cinco-mandatos, evora-economia-investidores-portas-abertas-2026, evora-orcamentado-pago-devido-2025, evora-os-pelouros-quem-os-teve-o-que-fizeram, evora-prometido-pago-auditado-2026, evora-2027-prometido-painel-dinheiro, onde-esta-a-agua, agua-nao-faturada, avaliacao-economica-regional-de-portugal-2026, which-door-is-yours, alentejo-algarve, evolucao-de-portugal-desde-1981, penalizacoes-por-reforma-antecipada-2026, o-estado-do-pais, quadro-institucional, concelhos-2026, dominios-2026",
    "[execucao-2026-08-despesa-programa-003.yml] \"study\" é \"oe-2026\", que não consta de src/data/studies.mjs.\n    Estudos aceites: evora-contas-da-camara-2010-2025, evora-quem-governou-a-camara-2009-2025, evora-economia-e-dinheiro-publico-de-fora-da-camara, evora-2027-capital-europeia-da-cultura, evora-quinze-anos-cinco-mandatos, evora-economia-investidores-portas-abertas-2026, evora-orcamentado-pago-devido-2025, evora-os-pelouros-quem-os-teve-o-que-fizeram, evora-prometido-pago-auditado-2026, evora-2027-prometido-painel-dinheiro, onde-esta-a-agua, agua-nao-faturada, avaliacao-economica-regional-de-portugal-2026, which-door-is-yours, alentejo-algarve, evolucao-de-portugal-desde-1981, penalizacoes-por-reforma-antecipada-2026, o-estado-do-pais, quadro-institucional, concelhos-2026, dominios-2026",
    "[execucao-2026-08-despesa-programa-004.yml] \"study\" é \"oe-2026\", que não consta de src/data/studies.mjs.\n    Estudos aceites: evora-contas-da-camara-2010-2025, evora-quem-governou-a-camara-2009-2025, evora-economia-e-dinheiro-publico-de-fora-da-camara, evora-2027-capital-europeia-da-cultura, evora-quinze-anos-cinco-mandatos, evora-economia-investidores-portas-abertas-2026, evora-orcamentado-pago-devido-2025, evora-os-pelouros-quem-os-teve-o-que-fizeram, evora-prometido-pago-auditado-2026, evora-2027-prometido-painel-dinheiro, onde-esta-a-agua, agua-nao-faturada, avaliacao-economica-regional-de-portugal-2026, which-door-is-yours, alentejo-algarve, evolucao-de-portugal-desde-1981, penalizacoes-por-reforma-antecipada-2026, o-estado-do-pais, quadro-institucional, concelhos-2026, dominios-2026",
    "[execucao-2026-08-despesa-programa-005.yml] \"study\" é \"oe-2026\", que não consta de src/data/studies.mjs.\n    Estudos aceites: evora-contas-da-camara-2010-2025, evora-quem-governou-a-camara-2009-2025, evora-economia-e-dinheiro-publico-de-fora-da-camara, evora-2027-capital-europeia-da-cultura, evora-quinze-anos-cinco-mandatos, evora-economia-investidores-portas-abertas-2026, evora-orcamentado-pago-devido-2025, evora-os-pelouros-quem-os-teve-o-que-fizeram, evora-prometido-pago-auditado-2026, evora-2027-prometido-painel-dinheiro, onde-esta-a-agua, agua-nao-faturada, avaliacao-economica-regional-de-portugal-2026, which-door-is-yours, alentejo-algarve, evolucao-de-portugal-desde-1981, penalizacoes-por-reforma-antecipada-2026, o-estado-do-pais, quadro-institucional, concelhos-2026, dominios-2026",
    "[execucao-2026-08-despesa-programa-006.yml] \"study\" é \"oe-2026\", que não consta de src/data/studies.mjs.\n    Estudos aceites: evora-contas-da-camara-2010-2025, evora-quem-governou-a-camara-2009-2025, evora-economia-e-dinheiro-publico-de-fora-da-camara, evora-2027-capital-europeia-da-cultura, evora-quinze-anos-cinco-mandatos, evora-economia-investidores-portas-abertas-2026, evora-orcamentado-pago-devido-2025, evora-os-pelouros-quem-os-teve-o-que-fizeram, evora-prometido-pago-auditado-2026, evora-2027-prometido-painel-dinheiro, onde-esta-a-agua, agua-nao-faturada, avaliacao-economica-regional-de-portugal-2026, which-door-is-yours, alentejo-algarve, evolucao-de-portugal-desde-1981, penalizacoes-por-reforma-antecipada-2026, o-estado-do-pais, quadro-institucional, concelhos-2026, dominios-2026",
    "[execucao-2026-08-despesa-programa-007.yml] \"study\" é \"oe-2026\", que não consta de src/data/studies.mjs.\n    Estudos aceites: evora-contas-da-camara-2010-2025, evora-quem-governou-a-camara-2009-2025, evora-economia-e-dinheiro-publico-de-fora-da-camara, evora-2027-capital-europeia-da-cultura, evora-quinze-anos-cinco-mandatos, evora-economia-investidores-portas-abertas-2026, evora-orcamentado-pago-devido-2025, evora-os-pelouros-quem-os-teve-o-que-fizeram, evora-prometido-pago-auditado-2026, evora-2027-prometido-painel-dinheiro, onde-esta-a-agua, agua-nao-faturada, avaliacao-economica-regional-de-portugal-2026, which-door-is-yours, alentejo-algarve, evolucao-de-portugal-desde-1981, penalizacoes-por-reforma-antecipada-2026, o-estado-do-pais, quadro-institucional, concelhos-2026, dominios-2026",
    "[execucao-2026-08-despesa-programa-008.yml] \"study\" é \"oe-2026\", que não consta de src/data/studies.mjs.\n    Estudos aceites: evora-contas-da-camara-2010-2025, evora-quem-governou-a-camara-2009-2025, evora-economia-e-dinheiro-publico-de-fora-da-camara, evora-2027-capital-europeia-da-cultura, evora-quinze-anos-cinco-mandatos, evora-economia-investidores-portas-abertas-2026, evora-orcamentado-pago-devido-2025, evora-os-pelouros-quem-os-teve-o-que-fizeram, evora-prometido-pago-auditado-2026, evora-2027-prometido-painel-dinheiro, onde-esta-a-agua, agua-nao-faturada, avaliacao-economica-regional-de-portugal-2026, which-door-is-yours, alentejo-algarve, evolucao-de-portugal-desde-1981, penalizacoes-por-reforma-antecipada-2026, o-estado-do-pais, quadro-institucional, concelhos-2026, dominios-2026",
    "[execucao-2026-08-despesa-programa-009.yml] \"study\" é \"oe-2026\", que não consta de src/data/studies.mjs.\n    Estudos aceites: evora-contas-da-camara-2010-2025, evora-quem-governou-a-camara-2009-2025, evora-economia-e-dinheiro-publico-de-fora-da-camara, evora-2027-capital-europeia-da-cultura, evora-quinze-anos-cinco-mandatos, evora-economia-investidores-portas-abertas-2026, evora-orcamentado-pago-devido-2025, evora-os-pelouros-quem-os-teve-o-que-fizeram, evora-prometido-pago-auditado-2026, evora-2027-prometido-painel-dinheiro, onde-esta-a-agua, agua-nao-faturada, avaliacao-economica-regional-de-portugal-2026, which-door-is-yours, alentejo-algarve, evolucao-de-portugal-desde-1981, penalizacoes-por-reforma-antecipada-2026, o-estado-do-pais, quadro-institucional, concelhos-2026, dominios-2026",
    "[execucao-2026-08-despesa-programa-010.yml] \"study\" é \"oe-2026\", que não consta de src/data/studies.mjs.\n    Estudos aceites: evora-contas-da-camara-2010-2025, evora-quem-governou-a-camara-2009-2025, evora-economia-e-dinheiro-publico-de-fora-da-camara, evora-2027-capital-europeia-da-cultura, evora-quinze-anos-cinco-mandatos, evora-economia-investidores-portas-abertas-2026, evora-orcamentado-pago-devido-2025, evora-os-pelouros-quem-os-teve-o-que-fizeram, evora-prometido-pago-auditado-2026, evora-2027-prometido-painel-dinheiro, onde-esta-a-agua, agua-nao-faturada, avaliacao-economica-regional-de-portugal-2026, which-door-is-yours, alentejo-algarve, evolucao-de-portugal-desde-1981, penalizacoes-por-reforma-antecipada-2026, o-estado-do-pais, quadro-institucional, concelhos-2026, dominios-2026",
    "[execucao-2026-08-despesa-programa-011.yml] \"study\" é \"oe-2026\", que não consta de src/data/studies.mjs.\n    Estudos aceites: evora-contas-da-camara-2010-2025, evora-quem-governou-a-camara-2009-2025, evora-economia-e-dinheiro-publico-de-fora-da-camara, evora-2027-capital-europeia-da-cultura, evora-quinze-anos-cinco-mandatos, evora-economia-investidores-portas-abertas-2026, evora-orcamentado-pago-devido-2025, evora-os-pelouros-quem-os-teve-o-que-fizeram, evora-prometido-pago-auditado-2026, evora-2027-prometido-painel-dinheiro, onde-esta-a-agua, agua-nao-faturada, avaliacao-economica-regional-de-portugal-2026, which-door-is-yours, alentejo-algarve, evolucao-de-portugal-desde-1981, penalizacoes-por-reforma-antecipada-2026, o-estado-do-pais, quadro-institucional, concelhos-2026, dominios-2026",
    "[execucao-2026-08-despesa-programa-012.yml] \"study\" é \"oe-2026\", que não consta de src/data/studies.mjs.\n    Estudos aceites: evora-contas-da-camara-2010-2025, evora-quem-governou-a-camara-2009-2025, evora-economia-e-dinheiro-publico-de-fora-da-camara, evora-2027-capital-europeia-da-cultura, evora-quinze-anos-cinco-mandatos, evora-economia-investidores-portas-abertas-2026, evora-orcamentado-pago-devido-2025, evora-os-pelouros-quem-os-teve-o-que-fizeram, evora-prometido-pago-auditado-2026, evora-2027-prometido-painel-dinheiro, onde-esta-a-agua, agua-nao-faturada, avaliacao-economica-regional-de-portugal-2026, which-door-is-yours, alentejo-algarve, evolucao-de-portugal-desde-1981, penalizacoes-por-reforma-antecipada-2026, o-estado-do-pais, quadro-institucional, concelhos-2026, dominios-2026",
    "[execucao-2026-08-despesa-programa-013.yml] \"study\" é \"oe-2026\", que não consta de src/data/studies.mjs.\n    Estudos aceites: evora-contas-da-camara-2010-2025, evora-quem-governou-a-camara-2009-2025, evora-economia-e-dinheiro-publico-de-fora-da-camara, evora-2027-capital-europeia-da-cultura, evora-quinze-anos-cinco-mandatos, evora-economia-investidores-portas-abertas-2026, evora-orcamentado-pago-devido-2025, evora-os-pelouros-quem-os-teve-o-que-fizeram, evora-prometido-pago-auditado-2026, evora-2027-prometido-painel-dinheiro, onde-esta-a-agua, agua-nao-faturada, avaliacao-economica-regional-de-portugal-2026, which-door-is-yours, alentejo-algarve, evolucao-de-portugal-desde-1981, penalizacoes-por-reforma-antecipada-2026, o-estado-do-pais, quadro-institucional, concelhos-2026, dominios-2026",
    "[execucao-2026-08-despesa-programa-014.yml] \"study\" é \"oe-2026\", que não consta de src/data/studies.mjs.\n    Estudos aceites: evora-contas-da-camara-2010-2025, evora-quem-governou-a-camara-2009-2025, evora-economia-e-dinheiro-publico-de-fora-da-camara, evora-2027-capital-europeia-da-cultura, evora-quinze-anos-cinco-mandatos, evora-economia-investidores-portas-abertas-2026, evora-orcamentado-pago-devido-2025, evora-os-pelouros-quem-os-teve-o-que-fizeram, evora-prometido-pago-auditado-2026, evora-2027-prometido-painel-dinheiro, onde-esta-a-agua, agua-nao-faturada, avaliacao-economica-regional-de-portugal-2026, which-door-is-yours, alentejo-algarve, evolucao-de-portugal-desde-1981, penalizacoes-por-reforma-antecipada-2026, o-estado-do-pais, quadro-institucional, concelhos-2026, dominios-2026",
    "[execucao-2026-08-despesa-programa-015.yml] \"study\" é \"oe-2026\", que não consta de src/data/studies.mjs.\n    Estudos aceites: evora-contas-da-camara-2010-2025, evora-quem-governou-a-camara-2009-2025, evora-economia-e-dinheiro-publico-de-fora-da-camara, evora-2027-capital-europeia-da-cultura, evora-quinze-anos-cinco-mandatos, evora-economia-investidores-portas-abertas-2026, evora-orcamentado-pago-devido-2025, evora-os-pelouros-quem-os-teve-o-que-fizeram, evora-prometido-pago-auditado-2026, evora-2027-prometido-painel-dinheiro, onde-esta-a-agua, agua-nao-faturada, avaliacao-economica-regional-de-portugal-2026, which-door-is-yours, alentejo-algarve, evolucao-de-portugal-desde-1981, penalizacoes-por-reforma-antecipada-2026, o-estado-do-pais, quadro-institucional, concelhos-2026, dominios-2026",
    "[execucao-2026-08-despesa-programa-016.yml] \"study\" é \"oe-2026\", que não consta de src/data/studies.mjs.\n    Estudos aceites: evora-contas-da-camara-2010-2025, evora-quem-governou-a-camara-2009-2025, evora-economia-e-dinheiro-publico-de-fora-da-camara, evora-2027-capital-europeia-da-cultura, evora-quinze-anos-cinco-mandatos, evora-economia-investidores-portas-abertas-2026, evora-orcamentado-pago-devido-2025, evora-os-pelouros-quem-os-teve-o-que-fizeram, evora-prometido-pago-auditado-2026, evora-2027-prometido-painel-dinheiro, onde-esta-a-agua, agua-nao-faturada, avaliacao-economica-regional-de-portugal-2026, which-door-is-yours, alentejo-algarve, evolucao-de-portugal-desde-1981, penalizacoes-por-reforma-antecipada-2026, o-estado-do-pais, quadro-institucional, concelhos-2026, dominios-2026",
    "[execucao-2026-08-despesa-programa-017.yml] \"study\" é \"oe-2026\", que não consta de src/data/studies.mjs.\n    Estudos aceites: evora-contas-da-camara-2010-2025, evora-quem-governou-a-camara-2009-2025, evora-economia-e-dinheiro-publico-de-fora-da-camara, evora-2027-capital-europeia-da-cultura, evora-quinze-anos-cinco-mandatos, evora-economia-investidores-portas-abertas-2026, evora-orcamentado-pago-devido-2025, evora-os-pelouros-quem-os-teve-o-que-fizeram, evora-prometido-pago-auditado-2026, evora-2027-prometido-painel-dinheiro, onde-esta-a-agua, agua-nao-faturada, avaliacao-economica-regional-de-portugal-2026, which-door-is-yours, alentejo-algarve, evolucao-de-portugal-desde-1981, penalizacoes-por-reforma-antecipada-2026, o-estado-do-pais, quadro-institucional, concelhos-2026, dominios-2026",
    "[execucao-2026-08-despesa-programa-018.yml] \"study\" é \"oe-2026\", que não consta de src/data/studies.mjs.\n    Estudos aceites: evora-contas-da-camara-2010-2025, evora-quem-governou-a-camara-2009-2025, evora-economia-e-dinheiro-publico-de-fora-da-camara, evora-2027-capital-europeia-da-cultura, evora-quinze-anos-cinco-mandatos, evora-economia-investidores-portas-abertas-2026, evora-orcamentado-pago-devido-2025, evora-os-pelouros-quem-os-teve-o-que-fizeram, evora-prometido-pago-auditado-2026, evora-2027-prometido-painel-dinheiro, onde-esta-a-agua, agua-nao-faturada, avaliacao-economica-regional-de-portugal-2026, which-door-is-yours, alentejo-algarve, evolucao-de-portugal-desde-1981, penalizacoes-por-reforma-antecipada-2026, o-estado-do-pais, quadro-institucional, concelhos-2026, dominios-2026",
    "[execucao-2026-08-despesa-programa-019.yml] \"study\" é \"oe-2026\", que não consta de src/data/studies.mjs.\n    Estudos aceites: evora-contas-da-camara-2010-2025, evora-quem-governou-a-camara-2009-2025, evora-economia-e-dinheiro-publico-de-fora-da-camara, evora-2027-capital-europeia-da-cultura, evora-quinze-anos-cinco-mandatos, evora-economia-investidores-portas-abertas-2026, evora-orcamentado-pago-devido-2025, evora-os-pelouros-quem-os-teve-o-que-fizeram, evora-prometido-pago-auditado-2026, evora-2027-prometido-painel-dinheiro, onde-esta-a-agua, agua-nao-faturada, avaliacao-economica-regional-de-portugal-2026, which-door-is-yours, alentejo-algarve, evolucao-de-portugal-desde-1981, penalizacoes-por-reforma-antecipada-2026, o-estado-do-pais, quadro-institucional, concelhos-2026, dominios-2026",
    "[execucao-2026-08-despesa-programa-020.yml] \"study\" é \"oe-2026\", que não consta de src/data/studies.mjs.\n    Estudos aceites: evora-contas-da-camara-2010-2025, evora-quem-governou-a-camara-2009-2025, evora-economia-e-dinheiro-publico-de-fora-da-camara, evora-2027-capital-europeia-da-cultura, evora-quinze-anos-cinco-mandatos, evora-economia-investidores-portas-abertas-2026, evora-orcamentado-pago-devido-2025, evora-os-pelouros-quem-os-teve-o-que-fizeram, evora-prometido-pago-auditado-2026, evora-2027-prometido-painel-dinheiro, onde-esta-a-agua, agua-nao-faturada, avaliacao-economica-regional-de-portugal-2026, which-door-is-yours, alentejo-algarve, evolucao-de-portugal-desde-1981, penalizacoes-por-reforma-antecipada-2026, o-estado-do-pais, quadro-institucional, concelhos-2026, dominios-2026",
    "[execucao-2026-08-diferencas-consolidacao-programas.yml] \"study\" é \"oe-2026\", que não consta de src/data/studies.mjs.\n    Estudos aceites: evora-contas-da-camara-2010-2025, evora-quem-governou-a-camara-2009-2025, evora-economia-e-dinheiro-publico-de-fora-da-camara, evora-2027-capital-europeia-da-cultura, evora-quinze-anos-cinco-mandatos, evora-economia-investidores-portas-abertas-2026, evora-orcamentado-pago-devido-2025, evora-os-pelouros-quem-os-teve-o-que-fizeram, evora-prometido-pago-auditado-2026, evora-2027-prometido-painel-dinheiro, onde-esta-a-agua, agua-nao-faturada, avaliacao-economica-regional-de-portugal-2026, which-door-is-yours, alentejo-algarve, evolucao-de-portugal-desde-1981, penalizacoes-por-reforma-antecipada-2026, o-estado-do-pais, quadro-institucional, concelhos-2026, dominios-2026",
    "[execucao-2026-08-fluxos-entre-programas.yml] \"study\" é \"oe-2026\", que não consta de src/data/studies.mjs.\n    Estudos aceites: evora-contas-da-camara-2010-2025, evora-quem-governou-a-camara-2009-2025, evora-economia-e-dinheiro-publico-de-fora-da-camara, evora-2027-capital-europeia-da-cultura, evora-quinze-anos-cinco-mandatos, evora-economia-investidores-portas-abertas-2026, evora-orcamentado-pago-devido-2025, evora-os-pelouros-quem-os-teve-o-que-fizeram, evora-prometido-pago-auditado-2026, evora-2027-prometido-painel-dinheiro, onde-esta-a-agua, agua-nao-faturada, avaliacao-economica-regional-de-portugal-2026, which-door-is-yours, alentejo-algarve, evolucao-de-portugal-desde-1981, penalizacoes-por-reforma-antecipada-2026, o-estado-do-pais, quadro-institucional, concelhos-2026, dominios-2026",
    "[execucao-2026-08-passivos-financeiros-liquidos-administracao-central-seguranca-social.yml] \"study\" é \"oe-2026\", que não consta de src/data/studies.mjs.\n    Estudos aceites: evora-contas-da-camara-2010-2025, evora-quem-governou-a-camara-2009-2025, evora-economia-e-dinheiro-publico-de-fora-da-camara, evora-2027-capital-europeia-da-cultura, evora-quinze-anos-cinco-mandatos, evora-economia-investidores-portas-abertas-2026, evora-orcamentado-pago-devido-2025, evora-os-pelouros-quem-os-teve-o-que-fizeram, evora-prometido-pago-auditado-2026, evora-2027-prometido-painel-dinheiro, onde-esta-a-agua, agua-nao-faturada, avaliacao-economica-regional-de-portugal-2026, which-door-is-yours, alentejo-algarve, evolucao-de-portugal-desde-1981, penalizacoes-por-reforma-antecipada-2026, o-estado-do-pais, quadro-institucional, concelhos-2026, dominios-2026",
    "[execucao-2026-08-receita-efetiva-administracao-central-seguranca-social.yml] \"study\" é \"oe-2026\", que não consta de src/data/studies.mjs.\n    Estudos aceites: evora-contas-da-camara-2010-2025, evora-quem-governou-a-camara-2009-2025, evora-economia-e-dinheiro-publico-de-fora-da-camara, evora-2027-capital-europeia-da-cultura, evora-quinze-anos-cinco-mandatos, evora-economia-investidores-portas-abertas-2026, evora-orcamentado-pago-devido-2025, evora-os-pelouros-quem-os-teve-o-que-fizeram, evora-prometido-pago-auditado-2026, evora-2027-prometido-painel-dinheiro, onde-esta-a-agua, agua-nao-faturada, avaliacao-economica-regional-de-portugal-2026, which-door-is-yours, alentejo-algarve, evolucao-de-portugal-desde-1981, penalizacoes-por-reforma-antecipada-2026, o-estado-do-pais, quadro-institucional, concelhos-2026, dominios-2026",
    "[execucao-2026-08-receita-efetiva-administracao-central.yml] \"study\" é \"oe-2026\", que não consta de src/data/studies.mjs.\n    Estudos aceites: evora-contas-da-camara-2010-2025, evora-quem-governou-a-camara-2009-2025, evora-economia-e-dinheiro-publico-de-fora-da-camara, evora-2027-capital-europeia-da-cultura, evora-quinze-anos-cinco-mandatos, evora-economia-investidores-portas-abertas-2026, evora-orcamentado-pago-devido-2025, evora-os-pelouros-quem-os-teve-o-que-fizeram, evora-prometido-pago-auditado-2026, evora-2027-prometido-painel-dinheiro, onde-esta-a-agua, agua-nao-faturada, avaliacao-economica-regional-de-portugal-2026, which-door-is-yours, alentejo-algarve, evolucao-de-portugal-desde-1981, penalizacoes-por-reforma-antecipada-2026, o-estado-do-pais, quadro-institucional, concelhos-2026, dominios-2026",
    "[execucao-2026-08-saldo-global-administracao-central-seguranca-social.yml] \"study\" é \"oe-2026\", que não consta de src/data/studies.mjs.\n    Estudos aceites: evora-contas-da-camara-2010-2025, evora-quem-governou-a-camara-2009-2025, evora-economia-e-dinheiro-publico-de-fora-da-camara, evora-2027-capital-europeia-da-cultura, evora-quinze-anos-cinco-mandatos, evora-economia-investidores-portas-abertas-2026, evora-orcamentado-pago-devido-2025, evora-os-pelouros-quem-os-teve-o-que-fizeram, evora-prometido-pago-auditado-2026, evora-2027-prometido-painel-dinheiro, onde-esta-a-agua, agua-nao-faturada, avaliacao-economica-regional-de-portugal-2026, which-door-is-yours, alentejo-algarve, evolucao-de-portugal-desde-1981, penalizacoes-por-reforma-antecipada-2026, o-estado-do-pais, quadro-institucional, concelhos-2026, dominios-2026",
    "[execucao-2026-08-saldo-global-administracao-central.yml] \"study\" é \"oe-2026\", que não consta de src/data/studies.mjs.\n    Estudos aceites: evora-contas-da-camara-2010-2025, evora-quem-governou-a-camara-2009-2025, evora-economia-e-dinheiro-publico-de-fora-da-camara, evora-2027-capital-europeia-da-cultura, evora-quinze-anos-cinco-mandatos, evora-economia-investidores-portas-abertas-2026, evora-orcamentado-pago-devido-2025, evora-os-pelouros-quem-os-teve-o-que-fizeram, evora-prometido-pago-auditado-2026, evora-2027-prometido-painel-dinheiro, onde-esta-a-agua, agua-nao-faturada, avaliacao-economica-regional-de-portugal-2026, which-door-is-yours, alentejo-algarve, evolucao-de-portugal-desde-1981, penalizacoes-por-reforma-antecipada-2026, o-estado-do-pais, quadro-institucional, concelhos-2026, dominios-2026",
    "[execucao-2026-08-subtotal-programas.yml] \"study\" é \"oe-2026\", que não consta de src/data/studies.mjs.\n    Estudos aceites: evora-contas-da-camara-2010-2025, evora-quem-governou-a-camara-2009-2025, evora-economia-e-dinheiro-publico-de-fora-da-camara, evora-2027-capital-europeia-da-cultura, evora-quinze-anos-cinco-mandatos, evora-economia-investidores-portas-abertas-2026, evora-orcamentado-pago-devido-2025, evora-os-pelouros-quem-os-teve-o-que-fizeram, evora-prometido-pago-auditado-2026, evora-2027-prometido-painel-dinheiro, onde-esta-a-agua, agua-nao-faturada, avaliacao-economica-regional-de-portugal-2026, which-door-is-yours, alentejo-algarve, evolucao-de-portugal-desde-1981, penalizacoes-por-reforma-antecipada-2026, o-estado-do-pais, quadro-institucional, concelhos-2026, dominios-2026",
    "[oe-2026-ativos-e-passivos-da-despesa-administracao-central.yml] \"study\" é \"oe-2026\", que não consta de src/data/studies.mjs.\n    Estudos aceites: evora-contas-da-camara-2010-2025, evora-quem-governou-a-camara-2009-2025, evora-economia-e-dinheiro-publico-de-fora-da-camara, evora-2027-capital-europeia-da-cultura, evora-quinze-anos-cinco-mandatos, evora-economia-investidores-portas-abertas-2026, evora-orcamentado-pago-devido-2025, evora-os-pelouros-quem-os-teve-o-que-fizeram, evora-prometido-pago-auditado-2026, evora-2027-prometido-painel-dinheiro, onde-esta-a-agua, agua-nao-faturada, avaliacao-economica-regional-de-portugal-2026, which-door-is-yours, alentejo-algarve, evolucao-de-portugal-desde-1981, penalizacoes-por-reforma-antecipada-2026, o-estado-do-pais, quadro-institucional, concelhos-2026, dominios-2026",
    "[oe-2026-ativos-e-passivos-da-receita-administracao-central.yml] \"study\" é \"oe-2026\", que não consta de src/data/studies.mjs.\n    Estudos aceites: evora-contas-da-camara-2010-2025, evora-quem-governou-a-camara-2009-2025, evora-economia-e-dinheiro-publico-de-fora-da-camara, evora-2027-capital-europeia-da-cultura, evora-quinze-anos-cinco-mandatos, evora-economia-investidores-portas-abertas-2026, evora-orcamentado-pago-devido-2025, evora-os-pelouros-quem-os-teve-o-que-fizeram, evora-prometido-pago-auditado-2026, evora-2027-prometido-painel-dinheiro, onde-esta-a-agua, agua-nao-faturada, avaliacao-economica-regional-de-portugal-2026, which-door-is-yours, alentejo-algarve, evolucao-de-portugal-desde-1981, penalizacoes-por-reforma-antecipada-2026, o-estado-do-pais, quadro-institucional, concelhos-2026, dominios-2026",
    "[oe-2026-ativos-financeiros-liquidos-administracao-central-seguranca-social.yml] \"study\" é \"oe-2026\", que não consta de src/data/studies.mjs.\n    Estudos aceites: evora-contas-da-camara-2010-2025, evora-quem-governou-a-camara-2009-2025, evora-economia-e-dinheiro-publico-de-fora-da-camara, evora-2027-capital-europeia-da-cultura, evora-quinze-anos-cinco-mandatos, evora-economia-investidores-portas-abertas-2026, evora-orcamentado-pago-devido-2025, evora-os-pelouros-quem-os-teve-o-que-fizeram, evora-prometido-pago-auditado-2026, evora-2027-prometido-painel-dinheiro, onde-esta-a-agua, agua-nao-faturada, avaliacao-economica-regional-de-portugal-2026, which-door-is-yours, alentejo-algarve, evolucao-de-portugal-desde-1981, penalizacoes-por-reforma-antecipada-2026, o-estado-do-pais, quadro-institucional, concelhos-2026, dominios-2026",
    "[oe-2026-cem-euros-funcao-01.yml] \"study\" é \"oe-2026\", que não consta de src/data/studies.mjs.\n    Estudos aceites: evora-contas-da-camara-2010-2025, evora-quem-governou-a-camara-2009-2025, evora-economia-e-dinheiro-publico-de-fora-da-camara, evora-2027-capital-europeia-da-cultura, evora-quinze-anos-cinco-mandatos, evora-economia-investidores-portas-abertas-2026, evora-orcamentado-pago-devido-2025, evora-os-pelouros-quem-os-teve-o-que-fizeram, evora-prometido-pago-auditado-2026, evora-2027-prometido-painel-dinheiro, onde-esta-a-agua, agua-nao-faturada, avaliacao-economica-regional-de-portugal-2026, which-door-is-yours, alentejo-algarve, evolucao-de-portugal-desde-1981, penalizacoes-por-reforma-antecipada-2026, o-estado-do-pais, quadro-institucional, concelhos-2026, dominios-2026",
    "[oe-2026-cem-euros-funcao-02.yml] \"study\" é \"oe-2026\", que não consta de src/data/studies.mjs.\n    Estudos aceites: evora-contas-da-camara-2010-2025, evora-quem-governou-a-camara-2009-2025, evora-economia-e-dinheiro-publico-de-fora-da-camara, evora-2027-capital-europeia-da-cultura, evora-quinze-anos-cinco-mandatos, evora-economia-investidores-portas-abertas-2026, evora-orcamentado-pago-devido-2025, evora-os-pelouros-quem-os-teve-o-que-fizeram, evora-prometido-pago-auditado-2026, evora-2027-prometido-painel-dinheiro, onde-esta-a-agua, agua-nao-faturada, avaliacao-economica-regional-de-portugal-2026, which-door-is-yours, alentejo-algarve, evolucao-de-portugal-desde-1981, penalizacoes-por-reforma-antecipada-2026, o-estado-do-pais, quadro-institucional, concelhos-2026, dominios-2026",
    "[oe-2026-cem-euros-funcao-03.yml] \"study\" é \"oe-2026\", que não consta de src/data/studies.mjs.\n    Estudos aceites: evora-contas-da-camara-2010-2025, evora-quem-governou-a-camara-2009-2025, evora-economia-e-dinheiro-publico-de-fora-da-camara, evora-2027-capital-europeia-da-cultura, evora-quinze-anos-cinco-mandatos, evora-economia-investidores-portas-abertas-2026, evora-orcamentado-pago-devido-2025, evora-os-pelouros-quem-os-teve-o-que-fizeram, evora-prometido-pago-auditado-2026, evora-2027-prometido-painel-dinheiro, onde-esta-a-agua, agua-nao-faturada, avaliacao-economica-regional-de-portugal-2026, which-door-is-yours, alentejo-algarve, evolucao-de-portugal-desde-1981, penalizacoes-por-reforma-antecipada-2026, o-estado-do-pais, quadro-institucional, concelhos-2026, dominios-2026",
    "[oe-2026-cem-euros-funcao-04.yml] \"study\" é \"oe-2026\", que não consta de src/data/studies.mjs.\n    Estudos aceites: evora-contas-da-camara-2010-2025, evora-quem-governou-a-camara-2009-2025, evora-economia-e-dinheiro-publico-de-fora-da-camara, evora-2027-capital-europeia-da-cultura, evora-quinze-anos-cinco-mandatos, evora-economia-investidores-portas-abertas-2026, evora-orcamentado-pago-devido-2025, evora-os-pelouros-quem-os-teve-o-que-fizeram, evora-prometido-pago-auditado-2026, evora-2027-prometido-painel-dinheiro, onde-esta-a-agua, agua-nao-faturada, avaliacao-economica-regional-de-portugal-2026, which-door-is-yours, alentejo-algarve, evolucao-de-portugal-desde-1981, penalizacoes-por-reforma-antecipada-2026, o-estado-do-pais, quadro-institucional, concelhos-2026, dominios-2026",
    "[oe-2026-cem-euros-funcao-05.yml] \"study\" é \"oe-2026\", que não consta de src/data/studies.mjs.\n    Estudos aceites: evora-contas-da-camara-2010-2025, evora-quem-governou-a-camara-2009-2025, evora-economia-e-dinheiro-publico-de-fora-da-camara, evora-2027-capital-europeia-da-cultura, evora-quinze-anos-cinco-mandatos, evora-economia-investidores-portas-abertas-2026, evora-orcamentado-pago-devido-2025, evora-os-pelouros-quem-os-teve-o-que-fizeram, evora-prometido-pago-auditado-2026, evora-2027-prometido-painel-dinheiro, onde-esta-a-agua, agua-nao-faturada, avaliacao-economica-regional-de-portugal-2026, which-door-is-yours, alentejo-algarve, evolucao-de-portugal-desde-1981, penalizacoes-por-reforma-antecipada-2026, o-estado-do-pais, quadro-institucional, concelhos-2026, dominios-2026",
    "[oe-2026-cem-euros-funcao-06.yml] \"study\" é \"oe-2026\", que não consta de src/data/studies.mjs.\n    Estudos aceites: evora-contas-da-camara-2010-2025, evora-quem-governou-a-camara-2009-2025, evora-economia-e-dinheiro-publico-de-fora-da-camara, evora-2027-capital-europeia-da-cultura, evora-quinze-anos-cinco-mandatos, evora-economia-investidores-portas-abertas-2026, evora-orcamentado-pago-devido-2025, evora-os-pelouros-quem-os-teve-o-que-fizeram, evora-prometido-pago-auditado-2026, evora-2027-prometido-painel-dinheiro, onde-esta-a-agua, agua-nao-faturada, avaliacao-economica-regional-de-portugal-2026, which-door-is-yours, alentejo-algarve, evolucao-de-portugal-desde-1981, penalizacoes-por-reforma-antecipada-2026, o-estado-do-pais, quadro-institucional, concelhos-2026, dominios-2026",
    "[oe-2026-cem-euros-funcao-07.yml] \"study\" é \"oe-2026\", que não consta de src/data/studies.mjs.\n    Estudos aceites: evora-contas-da-camara-2010-2025, evora-quem-governou-a-camara-2009-2025, evora-economia-e-dinheiro-publico-de-fora-da-camara, evora-2027-capital-europeia-da-cultura, evora-quinze-anos-cinco-mandatos, evora-economia-investidores-portas-abertas-2026, evora-orcamentado-pago-devido-2025, evora-os-pelouros-quem-os-teve-o-que-fizeram, evora-prometido-pago-auditado-2026, evora-2027-prometido-painel-dinheiro, onde-esta-a-agua, agua-nao-faturada, avaliacao-economica-regional-de-portugal-2026, which-door-is-yours, alentejo-algarve, evolucao-de-portugal-desde-1981, penalizacoes-por-reforma-antecipada-2026, o-estado-do-pais, quadro-institucional, concelhos-2026, dominios-2026",
    "[oe-2026-cem-euros-funcao-08.yml] \"study\" é \"oe-2026\", que não consta de src/data/studies.mjs.\n    Estudos aceites: evora-contas-da-camara-2010-2025, evora-quem-governou-a-camara-2009-2025, evora-economia-e-dinheiro-publico-de-fora-da-camara, evora-2027-capital-europeia-da-cultura, evora-quinze-anos-cinco-mandatos, evora-economia-investidores-portas-abertas-2026, evora-orcamentado-pago-devido-2025, evora-os-pelouros-quem-os-teve-o-que-fizeram, evora-prometido-pago-auditado-2026, evora-2027-prometido-painel-dinheiro, onde-esta-a-agua, agua-nao-faturada, avaliacao-economica-regional-de-portugal-2026, which-door-is-yours, alentejo-algarve, evolucao-de-portugal-desde-1981, penalizacoes-por-reforma-antecipada-2026, o-estado-do-pais, quadro-institucional, concelhos-2026, dominios-2026",
    "[oe-2026-cem-euros-funcao-09.yml] \"study\" é \"oe-2026\", que não consta de src/data/studies.mjs.\n    Estudos aceites: evora-contas-da-camara-2010-2025, evora-quem-governou-a-camara-2009-2025, evora-economia-e-dinheiro-publico-de-fora-da-camara, evora-2027-capital-europeia-da-cultura, evora-quinze-anos-cinco-mandatos, evora-economia-investidores-portas-abertas-2026, evora-orcamentado-pago-devido-2025, evora-os-pelouros-quem-os-teve-o-que-fizeram, evora-prometido-pago-auditado-2026, evora-2027-prometido-painel-dinheiro, onde-esta-a-agua, agua-nao-faturada, avaliacao-economica-regional-de-portugal-2026, which-door-is-yours, alentejo-algarve, evolucao-de-portugal-desde-1981, penalizacoes-por-reforma-antecipada-2026, o-estado-do-pais, quadro-institucional, concelhos-2026, dominios-2026",
    "[oe-2026-cem-euros-funcao-10.yml] \"study\" é \"oe-2026\", que não consta de src/data/studies.mjs.\n    Estudos aceites: evora-contas-da-camara-2010-2025, evora-quem-governou-a-camara-2009-2025, evora-economia-e-dinheiro-publico-de-fora-da-camara, evora-2027-capital-europeia-da-cultura, evora-quinze-anos-cinco-mandatos, evora-economia-investidores-portas-abertas-2026, evora-orcamentado-pago-devido-2025, evora-os-pelouros-quem-os-teve-o-que-fizeram, evora-prometido-pago-auditado-2026, evora-2027-prometido-painel-dinheiro, onde-esta-a-agua, agua-nao-faturada, avaliacao-economica-regional-de-portugal-2026, which-door-is-yours, alentejo-algarve, evolucao-de-portugal-desde-1981, penalizacoes-por-reforma-antecipada-2026, o-estado-do-pais, quadro-institucional, concelhos-2026, dominios-2026",
    "[oe-2026-cem-euros-ministerio-administracao-interna.yml] \"study\" é \"oe-2026\", que não consta de src/data/studies.mjs.\n    Estudos aceites: evora-contas-da-camara-2010-2025, evora-quem-governou-a-camara-2009-2025, evora-economia-e-dinheiro-publico-de-fora-da-camara, evora-2027-capital-europeia-da-cultura, evora-quinze-anos-cinco-mandatos, evora-economia-investidores-portas-abertas-2026, evora-orcamentado-pago-devido-2025, evora-os-pelouros-quem-os-teve-o-que-fizeram, evora-prometido-pago-auditado-2026, evora-2027-prometido-painel-dinheiro, onde-esta-a-agua, agua-nao-faturada, avaliacao-economica-regional-de-portugal-2026, which-door-is-yours, alentejo-algarve, evolucao-de-portugal-desde-1981, penalizacoes-por-reforma-antecipada-2026, o-estado-do-pais, quadro-institucional, concelhos-2026, dominios-2026",
    "[oe-2026-cem-euros-ministerio-agricultura-e-mar.yml] \"study\" é \"oe-2026\", que não consta de src/data/studies.mjs.\n    Estudos aceites: evora-contas-da-camara-2010-2025, evora-quem-governou-a-camara-2009-2025, evora-economia-e-dinheiro-publico-de-fora-da-camara, evora-2027-capital-europeia-da-cultura, evora-quinze-anos-cinco-mandatos, evora-economia-investidores-portas-abertas-2026, evora-orcamentado-pago-devido-2025, evora-os-pelouros-quem-os-teve-o-que-fizeram, evora-prometido-pago-auditado-2026, evora-2027-prometido-painel-dinheiro, onde-esta-a-agua, agua-nao-faturada, avaliacao-economica-regional-de-portugal-2026, which-door-is-yours, alentejo-algarve, evolucao-de-portugal-desde-1981, penalizacoes-por-reforma-antecipada-2026, o-estado-do-pais, quadro-institucional, concelhos-2026, dominios-2026",
    "[oe-2026-cem-euros-ministerio-ambiente-e-energia.yml] \"study\" é \"oe-2026\", que não consta de src/data/studies.mjs.\n    Estudos aceites: evora-contas-da-camara-2010-2025, evora-quem-governou-a-camara-2009-2025, evora-economia-e-dinheiro-publico-de-fora-da-camara, evora-2027-capital-europeia-da-cultura, evora-quinze-anos-cinco-mandatos, evora-economia-investidores-portas-abertas-2026, evora-orcamentado-pago-devido-2025, evora-os-pelouros-quem-os-teve-o-que-fizeram, evora-prometido-pago-auditado-2026, evora-2027-prometido-painel-dinheiro, onde-esta-a-agua, agua-nao-faturada, avaliacao-economica-regional-de-portugal-2026, which-door-is-yours, alentejo-algarve, evolucao-de-portugal-desde-1981, penalizacoes-por-reforma-antecipada-2026, o-estado-do-pais, quadro-institucional, concelhos-2026, dominios-2026",
    "[oe-2026-cem-euros-ministerio-cultura-juventude-e-desporto.yml] \"study\" é \"oe-2026\", que não consta de src/data/studies.mjs.\n    Estudos aceites: evora-contas-da-camara-2010-2025, evora-quem-governou-a-camara-2009-2025, evora-economia-e-dinheiro-publico-de-fora-da-camara, evora-2027-capital-europeia-da-cultura, evora-quinze-anos-cinco-mandatos, evora-economia-investidores-portas-abertas-2026, evora-orcamentado-pago-devido-2025, evora-os-pelouros-quem-os-teve-o-que-fizeram, evora-prometido-pago-auditado-2026, evora-2027-prometido-painel-dinheiro, onde-esta-a-agua, agua-nao-faturada, avaliacao-economica-regional-de-portugal-2026, which-door-is-yours, alentejo-algarve, evolucao-de-portugal-desde-1981, penalizacoes-por-reforma-antecipada-2026, o-estado-do-pais, quadro-institucional, concelhos-2026, dominios-2026",
    "[oe-2026-cem-euros-ministerio-defesa-nacional.yml] \"study\" é \"oe-2026\", que não consta de src/data/studies.mjs.\n    Estudos aceites: evora-contas-da-camara-2010-2025, evora-quem-governou-a-camara-2009-2025, evora-economia-e-dinheiro-publico-de-fora-da-camara, evora-2027-capital-europeia-da-cultura, evora-quinze-anos-cinco-mandatos, evora-economia-investidores-portas-abertas-2026, evora-orcamentado-pago-devido-2025, evora-os-pelouros-quem-os-teve-o-que-fizeram, evora-prometido-pago-auditado-2026, evora-2027-prometido-painel-dinheiro, onde-esta-a-agua, agua-nao-faturada, avaliacao-economica-regional-de-portugal-2026, which-door-is-yours, alentejo-algarve, evolucao-de-portugal-desde-1981, penalizacoes-por-reforma-antecipada-2026, o-estado-do-pais, quadro-institucional, concelhos-2026, dominios-2026",
    "[oe-2026-cem-euros-ministerio-economia-e-coesao-territorial.yml] \"study\" é \"oe-2026\", que não consta de src/data/studies.mjs.\n    Estudos aceites: evora-contas-da-camara-2010-2025, evora-quem-governou-a-camara-2009-2025, evora-economia-e-dinheiro-publico-de-fora-da-camara, evora-2027-capital-europeia-da-cultura, evora-quinze-anos-cinco-mandatos, evora-economia-investidores-portas-abertas-2026, evora-orcamentado-pago-devido-2025, evora-os-pelouros-quem-os-teve-o-que-fizeram, evora-prometido-pago-auditado-2026, evora-2027-prometido-painel-dinheiro, onde-esta-a-agua, agua-nao-faturada, avaliacao-economica-regional-de-portugal-2026, which-door-is-yours, alentejo-algarve, evolucao-de-portugal-desde-1981, penalizacoes-por-reforma-antecipada-2026, o-estado-do-pais, quadro-institucional, concelhos-2026, dominios-2026",
    "[oe-2026-cem-euros-ministerio-educacao-ciencia-e-inovacao.yml] \"study\" é \"oe-2026\", que não consta de src/data/studies.mjs.\n    Estudos aceites: evora-contas-da-camara-2010-2025, evora-quem-governou-a-camara-2009-2025, evora-economia-e-dinheiro-publico-de-fora-da-camara, evora-2027-capital-europeia-da-cultura, evora-quinze-anos-cinco-mandatos, evora-economia-investidores-portas-abertas-2026, evora-orcamentado-pago-devido-2025, evora-os-pelouros-quem-os-teve-o-que-fizeram, evora-prometido-pago-auditado-2026, evora-2027-prometido-painel-dinheiro, onde-esta-a-agua, agua-nao-faturada, avaliacao-economica-regional-de-portugal-2026, which-door-is-yours, alentejo-algarve, evolucao-de-portugal-desde-1981, penalizacoes-por-reforma-antecipada-2026, o-estado-do-pais, quadro-institucional, concelhos-2026, dominios-2026",
    "[oe-2026-cem-euros-ministerio-encargos-gerais-do-estado.yml] \"study\" é \"oe-2026\", que não consta de src/data/studies.mjs.\n    Estudos aceites: evora-contas-da-camara-2010-2025, evora-quem-governou-a-camara-2009-2025, evora-economia-e-dinheiro-publico-de-fora-da-camara, evora-2027-capital-europeia-da-cultura, evora-quinze-anos-cinco-mandatos, evora-economia-investidores-portas-abertas-2026, evora-orcamentado-pago-devido-2025, evora-os-pelouros-quem-os-teve-o-que-fizeram, evora-prometido-pago-auditado-2026, evora-2027-prometido-painel-dinheiro, onde-esta-a-agua, agua-nao-faturada, avaliacao-economica-regional-de-portugal-2026, which-door-is-yours, alentejo-algarve, evolucao-de-portugal-desde-1981, penalizacoes-por-reforma-antecipada-2026, o-estado-do-pais, quadro-institucional, concelhos-2026, dominios-2026",
    "[oe-2026-cem-euros-ministerio-financas.yml] \"study\" é \"oe-2026\", que não consta de src/data/studies.mjs.\n    Estudos aceites: evora-contas-da-camara-2010-2025, evora-quem-governou-a-camara-2009-2025, evora-economia-e-dinheiro-publico-de-fora-da-camara, evora-2027-capital-europeia-da-cultura, evora-quinze-anos-cinco-mandatos, evora-economia-investidores-portas-abertas-2026, evora-orcamentado-pago-devido-2025, evora-os-pelouros-quem-os-teve-o-que-fizeram, evora-prometido-pago-auditado-2026, evora-2027-prometido-painel-dinheiro, onde-esta-a-agua, agua-nao-faturada, avaliacao-economica-regional-de-portugal-2026, which-door-is-yours, alentejo-algarve, evolucao-de-portugal-desde-1981, penalizacoes-por-reforma-antecipada-2026, o-estado-do-pais, quadro-institucional, concelhos-2026, dominios-2026",
    "[oe-2026-cem-euros-ministerio-infraestruturas-e-habitacao.yml] \"study\" é \"oe-2026\", que não consta de src/data/studies.mjs.\n    Estudos aceites: evora-contas-da-camara-2010-2025, evora-quem-governou-a-camara-2009-2025, evora-economia-e-dinheiro-publico-de-fora-da-camara, evora-2027-capital-europeia-da-cultura, evora-quinze-anos-cinco-mandatos, evora-economia-investidores-portas-abertas-2026, evora-orcamentado-pago-devido-2025, evora-os-pelouros-quem-os-teve-o-que-fizeram, evora-prometido-pago-auditado-2026, evora-2027-prometido-painel-dinheiro, onde-esta-a-agua, agua-nao-faturada, avaliacao-economica-regional-de-portugal-2026, which-door-is-yours, alentejo-algarve, evolucao-de-portugal-desde-1981, penalizacoes-por-reforma-antecipada-2026, o-estado-do-pais, quadro-institucional, concelhos-2026, dominios-2026",
    "[oe-2026-cem-euros-ministerio-justica.yml] \"study\" é \"oe-2026\", que não consta de src/data/studies.mjs.\n    Estudos aceites: evora-contas-da-camara-2010-2025, evora-quem-governou-a-camara-2009-2025, evora-economia-e-dinheiro-publico-de-fora-da-camara, evora-2027-capital-europeia-da-cultura, evora-quinze-anos-cinco-mandatos, evora-economia-investidores-portas-abertas-2026, evora-orcamentado-pago-devido-2025, evora-os-pelouros-quem-os-teve-o-que-fizeram, evora-prometido-pago-auditado-2026, evora-2027-prometido-painel-dinheiro, onde-esta-a-agua, agua-nao-faturada, avaliacao-economica-regional-de-portugal-2026, which-door-is-yours, alentejo-algarve, evolucao-de-portugal-desde-1981, penalizacoes-por-reforma-antecipada-2026, o-estado-do-pais, quadro-institucional, concelhos-2026, dominios-2026",
    "[oe-2026-cem-euros-ministerio-negocios-estrangeiros.yml] \"study\" é \"oe-2026\", que não consta de src/data/studies.mjs.\n    Estudos aceites: evora-contas-da-camara-2010-2025, evora-quem-governou-a-camara-2009-2025, evora-economia-e-dinheiro-publico-de-fora-da-camara, evora-2027-capital-europeia-da-cultura, evora-quinze-anos-cinco-mandatos, evora-economia-investidores-portas-abertas-2026, evora-orcamentado-pago-devido-2025, evora-os-pelouros-quem-os-teve-o-que-fizeram, evora-prometido-pago-auditado-2026, evora-2027-prometido-painel-dinheiro, onde-esta-a-agua, agua-nao-faturada, avaliacao-economica-regional-de-portugal-2026, which-door-is-yours, alentejo-algarve, evolucao-de-portugal-desde-1981, penalizacoes-por-reforma-antecipada-2026, o-estado-do-pais, quadro-institucional, concelhos-2026, dominios-2026",
    "[oe-2026-cem-euros-ministerio-presidencia-do-conselho-de-ministros.yml] \"study\" é \"oe-2026\", que não consta de src/data/studies.mjs.\n    Estudos aceites: evora-contas-da-camara-2010-2025, evora-quem-governou-a-camara-2009-2025, evora-economia-e-dinheiro-publico-de-fora-da-camara, evora-2027-capital-europeia-da-cultura, evora-quinze-anos-cinco-mandatos, evora-economia-investidores-portas-abertas-2026, evora-orcamentado-pago-devido-2025, evora-os-pelouros-quem-os-teve-o-que-fizeram, evora-prometido-pago-auditado-2026, evora-2027-prometido-painel-dinheiro, onde-esta-a-agua, agua-nao-faturada, avaliacao-economica-regional-de-portugal-2026, which-door-is-yours, alentejo-algarve, evolucao-de-portugal-desde-1981, penalizacoes-por-reforma-antecipada-2026, o-estado-do-pais, quadro-institucional, concelhos-2026, dominios-2026",
    "[oe-2026-cem-euros-ministerio-reforma-do-estado.yml] \"study\" é \"oe-2026\", que não consta de src/data/studies.mjs.\n    Estudos aceites: evora-contas-da-camara-2010-2025, evora-quem-governou-a-camara-2009-2025, evora-economia-e-dinheiro-publico-de-fora-da-camara, evora-2027-capital-europeia-da-cultura, evora-quinze-anos-cinco-mandatos, evora-economia-investidores-portas-abertas-2026, evora-orcamentado-pago-devido-2025, evora-os-pelouros-quem-os-teve-o-que-fizeram, evora-prometido-pago-auditado-2026, evora-2027-prometido-painel-dinheiro, onde-esta-a-agua, agua-nao-faturada, avaliacao-economica-regional-de-portugal-2026, which-door-is-yours, alentejo-algarve, evolucao-de-portugal-desde-1981, penalizacoes-por-reforma-antecipada-2026, o-estado-do-pais, quadro-institucional, concelhos-2026, dominios-2026",
    "[oe-2026-cem-euros-ministerio-saude.yml] \"study\" é \"oe-2026\", que não consta de src/data/studies.mjs.\n    Estudos aceites: evora-contas-da-camara-2010-2025, evora-quem-governou-a-camara-2009-2025, evora-economia-e-dinheiro-publico-de-fora-da-camara, evora-2027-capital-europeia-da-cultura, evora-quinze-anos-cinco-mandatos, evora-economia-investidores-portas-abertas-2026, evora-orcamentado-pago-devido-2025, evora-os-pelouros-quem-os-teve-o-que-fizeram, evora-prometido-pago-auditado-2026, evora-2027-prometido-painel-dinheiro, onde-esta-a-agua, agua-nao-faturada, avaliacao-economica-regional-de-portugal-2026, which-door-is-yours, alentejo-algarve, evolucao-de-portugal-desde-1981, penalizacoes-por-reforma-antecipada-2026, o-estado-do-pais, quadro-institucional, concelhos-2026, dominios-2026",
    "[oe-2026-cem-euros-ministerio-trabalho-solidariedade-e-seguranca-social.yml] \"study\" é \"oe-2026\", que não consta de src/data/studies.mjs.\n    Estudos aceites: evora-contas-da-camara-2010-2025, evora-quem-governou-a-camara-2009-2025, evora-economia-e-dinheiro-publico-de-fora-da-camara, evora-2027-capital-europeia-da-cultura, evora-quinze-anos-cinco-mandatos, evora-economia-investidores-portas-abertas-2026, evora-orcamentado-pago-devido-2025, evora-os-pelouros-quem-os-teve-o-que-fizeram, evora-prometido-pago-auditado-2026, evora-2027-prometido-painel-dinheiro, onde-esta-a-agua, agua-nao-faturada, avaliacao-economica-regional-de-portugal-2026, which-door-is-yours, alentejo-algarve, evolucao-de-portugal-desde-1981, penalizacoes-por-reforma-antecipada-2026, o-estado-do-pais, quadro-institucional, concelhos-2026, dominios-2026",
    "[oe-2026-despesa-bruta-administracao-central.yml] \"study\" é \"oe-2026\", que não consta de src/data/studies.mjs.\n    Estudos aceites: evora-contas-da-camara-2010-2025, evora-quem-governou-a-camara-2009-2025, evora-economia-e-dinheiro-publico-de-fora-da-camara, evora-2027-capital-europeia-da-cultura, evora-quinze-anos-cinco-mandatos, evora-economia-investidores-portas-abertas-2026, evora-orcamentado-pago-devido-2025, evora-os-pelouros-quem-os-teve-o-que-fizeram, evora-prometido-pago-auditado-2026, evora-2027-prometido-painel-dinheiro, onde-esta-a-agua, agua-nao-faturada, avaliacao-economica-regional-de-portugal-2026, which-door-is-yours, alentejo-algarve, evolucao-de-portugal-desde-1981, penalizacoes-por-reforma-antecipada-2026, o-estado-do-pais, quadro-institucional, concelhos-2026, dominios-2026",
    "[oe-2026-despesa-consolidada-administracao-central.yml] \"study\" é \"oe-2026\", que não consta de src/data/studies.mjs.\n    Estudos aceites: evora-contas-da-camara-2010-2025, evora-quem-governou-a-camara-2009-2025, evora-economia-e-dinheiro-publico-de-fora-da-camara, evora-2027-capital-europeia-da-cultura, evora-quinze-anos-cinco-mandatos, evora-economia-investidores-portas-abertas-2026, evora-orcamentado-pago-devido-2025, evora-os-pelouros-quem-os-teve-o-que-fizeram, evora-prometido-pago-auditado-2026, evora-2027-prometido-painel-dinheiro, onde-esta-a-agua, agua-nao-faturada, avaliacao-economica-regional-de-portugal-2026, which-door-is-yours, alentejo-algarve, evolucao-de-portugal-desde-1981, penalizacoes-por-reforma-antecipada-2026, o-estado-do-pais, quadro-institucional, concelhos-2026, dominios-2026",
    "[oe-2026-despesa-consolidada-seguranca-social.yml] \"study\" é \"oe-2026\", que não consta de src/data/studies.mjs.\n    Estudos aceites: evora-contas-da-camara-2010-2025, evora-quem-governou-a-camara-2009-2025, evora-economia-e-dinheiro-publico-de-fora-da-camara, evora-2027-capital-europeia-da-cultura, evora-quinze-anos-cinco-mandatos, evora-economia-investidores-portas-abertas-2026, evora-orcamentado-pago-devido-2025, evora-os-pelouros-quem-os-teve-o-que-fizeram, evora-prometido-pago-auditado-2026, evora-2027-prometido-painel-dinheiro, onde-esta-a-agua, agua-nao-faturada, avaliacao-economica-regional-de-portugal-2026, which-door-is-yours, alentejo-algarve, evolucao-de-portugal-desde-1981, penalizacoes-por-reforma-antecipada-2026, o-estado-do-pais, quadro-institucional, concelhos-2026, dominios-2026",
    "[oe-2026-despesa-efetiva-administracao-central-seguranca-social.yml] \"study\" é \"oe-2026\", que não consta de src/data/studies.mjs.\n    Estudos aceites: evora-contas-da-camara-2010-2025, evora-quem-governou-a-camara-2009-2025, evora-economia-e-dinheiro-publico-de-fora-da-camara, evora-2027-capital-europeia-da-cultura, evora-quinze-anos-cinco-mandatos, evora-economia-investidores-portas-abertas-2026, evora-orcamentado-pago-devido-2025, evora-os-pelouros-quem-os-teve-o-que-fizeram, evora-prometido-pago-auditado-2026, evora-2027-prometido-painel-dinheiro, onde-esta-a-agua, agua-nao-faturada, avaliacao-economica-regional-de-portugal-2026, which-door-is-yours, alentejo-algarve, evolucao-de-portugal-desde-1981, penalizacoes-por-reforma-antecipada-2026, o-estado-do-pais, quadro-institucional, concelhos-2026, dominios-2026",
    "[oe-2026-despesa-efetiva-administracao-central.yml] \"study\" é \"oe-2026\", que não consta de src/data/studies.mjs.\n    Estudos aceites: evora-contas-da-camara-2010-2025, evora-quem-governou-a-camara-2009-2025, evora-economia-e-dinheiro-publico-de-fora-da-camara, evora-2027-capital-europeia-da-cultura, evora-quinze-anos-cinco-mandatos, evora-economia-investidores-portas-abertas-2026, evora-orcamentado-pago-devido-2025, evora-os-pelouros-quem-os-teve-o-que-fizeram, evora-prometido-pago-auditado-2026, evora-2027-prometido-painel-dinheiro, onde-esta-a-agua, agua-nao-faturada, avaliacao-economica-regional-de-portugal-2026, which-door-is-yours, alentejo-algarve, evolucao-de-portugal-desde-1981, penalizacoes-por-reforma-antecipada-2026, o-estado-do-pais, quadro-institucional, concelhos-2026, dominios-2026",
    "[oe-2026-despesa-funcao-01.yml] \"study\" é \"oe-2026\", que não consta de src/data/studies.mjs.\n    Estudos aceites: evora-contas-da-camara-2010-2025, evora-quem-governou-a-camara-2009-2025, evora-economia-e-dinheiro-publico-de-fora-da-camara, evora-2027-capital-europeia-da-cultura, evora-quinze-anos-cinco-mandatos, evora-economia-investidores-portas-abertas-2026, evora-orcamentado-pago-devido-2025, evora-os-pelouros-quem-os-teve-o-que-fizeram, evora-prometido-pago-auditado-2026, evora-2027-prometido-painel-dinheiro, onde-esta-a-agua, agua-nao-faturada, avaliacao-economica-regional-de-portugal-2026, which-door-is-yours, alentejo-algarve, evolucao-de-portugal-desde-1981, penalizacoes-por-reforma-antecipada-2026, o-estado-do-pais, quadro-institucional, concelhos-2026, dominios-2026",
    "[oe-2026-despesa-funcao-02.yml] \"study\" é \"oe-2026\", que não consta de src/data/studies.mjs.\n    Estudos aceites: evora-contas-da-camara-2010-2025, evora-quem-governou-a-camara-2009-2025, evora-economia-e-dinheiro-publico-de-fora-da-camara, evora-2027-capital-europeia-da-cultura, evora-quinze-anos-cinco-mandatos, evora-economia-investidores-portas-abertas-2026, evora-orcamentado-pago-devido-2025, evora-os-pelouros-quem-os-teve-o-que-fizeram, evora-prometido-pago-auditado-2026, evora-2027-prometido-painel-dinheiro, onde-esta-a-agua, agua-nao-faturada, avaliacao-economica-regional-de-portugal-2026, which-door-is-yours, alentejo-algarve, evolucao-de-portugal-desde-1981, penalizacoes-por-reforma-antecipada-2026, o-estado-do-pais, quadro-institucional, concelhos-2026, dominios-2026",
    "[oe-2026-despesa-funcao-03.yml] \"study\" é \"oe-2026\", que não consta de src/data/studies.mjs.\n    Estudos aceites: evora-contas-da-camara-2010-2025, evora-quem-governou-a-camara-2009-2025, evora-economia-e-dinheiro-publico-de-fora-da-camara, evora-2027-capital-europeia-da-cultura, evora-quinze-anos-cinco-mandatos, evora-economia-investidores-portas-abertas-2026, evora-orcamentado-pago-devido-2025, evora-os-pelouros-quem-os-teve-o-que-fizeram, evora-prometido-pago-auditado-2026, evora-2027-prometido-painel-dinheiro, onde-esta-a-agua, agua-nao-faturada, avaliacao-economica-regional-de-portugal-2026, which-door-is-yours, alentejo-algarve, evolucao-de-portugal-desde-1981, penalizacoes-por-reforma-antecipada-2026, o-estado-do-pais, quadro-institucional, concelhos-2026, dominios-2026",
    "[oe-2026-despesa-funcao-04.yml] \"study\" é \"oe-2026\", que não consta de src/data/studies.mjs.\n    Estudos aceites: evora-contas-da-camara-2010-2025, evora-quem-governou-a-camara-2009-2025, evora-economia-e-dinheiro-publico-de-fora-da-camara, evora-2027-capital-europeia-da-cultura, evora-quinze-anos-cinco-mandatos, evora-economia-investidores-portas-abertas-2026, evora-orcamentado-pago-devido-2025, evora-os-pelouros-quem-os-teve-o-que-fizeram, evora-prometido-pago-auditado-2026, evora-2027-prometido-painel-dinheiro, onde-esta-a-agua, agua-nao-faturada, avaliacao-economica-regional-de-portugal-2026, which-door-is-yours, alentejo-algarve, evolucao-de-portugal-desde-1981, penalizacoes-por-reforma-antecipada-2026, o-estado-do-pais, quadro-institucional, concelhos-2026, dominios-2026",
    "[oe-2026-despesa-funcao-05.yml] \"study\" é \"oe-2026\", que não consta de src/data/studies.mjs.\n    Estudos aceites: evora-contas-da-camara-2010-2025, evora-quem-governou-a-camara-2009-2025, evora-economia-e-dinheiro-publico-de-fora-da-camara, evora-2027-capital-europeia-da-cultura, evora-quinze-anos-cinco-mandatos, evora-economia-investidores-portas-abertas-2026, evora-orcamentado-pago-devido-2025, evora-os-pelouros-quem-os-teve-o-que-fizeram, evora-prometido-pago-auditado-2026, evora-2027-prometido-painel-dinheiro, onde-esta-a-agua, agua-nao-faturada, avaliacao-economica-regional-de-portugal-2026, which-door-is-yours, alentejo-algarve, evolucao-de-portugal-desde-1981, penalizacoes-por-reforma-antecipada-2026, o-estado-do-pais, quadro-institucional, concelhos-2026, dominios-2026",
    "[oe-2026-despesa-funcao-06.yml] \"study\" é \"oe-2026\", que não consta de src/data/studies.mjs.\n    Estudos aceites: evora-contas-da-camara-2010-2025, evora-quem-governou-a-camara-2009-2025, evora-economia-e-dinheiro-publico-de-fora-da-camara, evora-2027-capital-europeia-da-cultura, evora-quinze-anos-cinco-mandatos, evora-economia-investidores-portas-abertas-2026, evora-orcamentado-pago-devido-2025, evora-os-pelouros-quem-os-teve-o-que-fizeram, evora-prometido-pago-auditado-2026, evora-2027-prometido-painel-dinheiro, onde-esta-a-agua, agua-nao-faturada, avaliacao-economica-regional-de-portugal-2026, which-door-is-yours, alentejo-algarve, evolucao-de-portugal-desde-1981, penalizacoes-por-reforma-antecipada-2026, o-estado-do-pais, quadro-institucional, concelhos-2026, dominios-2026",
    "[oe-2026-despesa-funcao-07.yml] \"study\" é \"oe-2026\", que não consta de src/data/studies.mjs.\n    Estudos aceites: evora-contas-da-camara-2010-2025, evora-quem-governou-a-camara-2009-2025, evora-economia-e-dinheiro-publico-de-fora-da-camara, evora-2027-capital-europeia-da-cultura, evora-quinze-anos-cinco-mandatos, evora-economia-investidores-portas-abertas-2026, evora-orcamentado-pago-devido-2025, evora-os-pelouros-quem-os-teve-o-que-fizeram, evora-prometido-pago-auditado-2026, evora-2027-prometido-painel-dinheiro, onde-esta-a-agua, agua-nao-faturada, avaliacao-economica-regional-de-portugal-2026, which-door-is-yours, alentejo-algarve, evolucao-de-portugal-desde-1981, penalizacoes-por-reforma-antecipada-2026, o-estado-do-pais, quadro-institucional, concelhos-2026, dominios-2026",
    "[oe-2026-despesa-funcao-08.yml] \"study\" é \"oe-2026\", que não consta de src/data/studies.mjs.\n    Estudos aceites: evora-contas-da-camara-2010-2025, evora-quem-governou-a-camara-2009-2025, evora-economia-e-dinheiro-publico-de-fora-da-camara, evora-2027-capital-europeia-da-cultura, evora-quinze-anos-cinco-mandatos, evora-economia-investidores-portas-abertas-2026, evora-orcamentado-pago-devido-2025, evora-os-pelouros-quem-os-teve-o-que-fizeram, evora-prometido-pago-auditado-2026, evora-2027-prometido-painel-dinheiro, onde-esta-a-agua, agua-nao-faturada, avaliacao-economica-regional-de-portugal-2026, which-door-is-yours, alentejo-algarve, evolucao-de-portugal-desde-1981, penalizacoes-por-reforma-antecipada-2026, o-estado-do-pais, quadro-institucional, concelhos-2026, dominios-2026",
    "[oe-2026-despesa-funcao-09.yml] \"study\" é \"oe-2026\", que não consta de src/data/studies.mjs.\n    Estudos aceites: evora-contas-da-camara-2010-2025, evora-quem-governou-a-camara-2009-2025, evora-economia-e-dinheiro-publico-de-fora-da-camara, evora-2027-capital-europeia-da-cultura, evora-quinze-anos-cinco-mandatos, evora-economia-investidores-portas-abertas-2026, evora-orcamentado-pago-devido-2025, evora-os-pelouros-quem-os-teve-o-que-fizeram, evora-prometido-pago-auditado-2026, evora-2027-prometido-painel-dinheiro, onde-esta-a-agua, agua-nao-faturada, avaliacao-economica-regional-de-portugal-2026, which-door-is-yours, alentejo-algarve, evolucao-de-portugal-desde-1981, penalizacoes-por-reforma-antecipada-2026, o-estado-do-pais, quadro-institucional, concelhos-2026, dominios-2026",
    "[oe-2026-despesa-funcao-10.yml] \"study\" é \"oe-2026\", que não consta de src/data/studies.mjs.\n    Estudos aceites: evora-contas-da-camara-2010-2025, evora-quem-governou-a-camara-2009-2025, evora-economia-e-dinheiro-publico-de-fora-da-camara, evora-2027-capital-europeia-da-cultura, evora-quinze-anos-cinco-mandatos, evora-economia-investidores-portas-abertas-2026, evora-orcamentado-pago-devido-2025, evora-os-pelouros-quem-os-teve-o-que-fizeram, evora-prometido-pago-auditado-2026, evora-2027-prometido-painel-dinheiro, onde-esta-a-agua, agua-nao-faturada, avaliacao-economica-regional-de-portugal-2026, which-door-is-yours, alentejo-algarve, evolucao-de-portugal-desde-1981, penalizacoes-por-reforma-antecipada-2026, o-estado-do-pais, quadro-institucional, concelhos-2026, dominios-2026",
    "[oe-2026-despesa-ministerio-administracao-interna.yml] \"study\" é \"oe-2026\", que não consta de src/data/studies.mjs.\n    Estudos aceites: evora-contas-da-camara-2010-2025, evora-quem-governou-a-camara-2009-2025, evora-economia-e-dinheiro-publico-de-fora-da-camara, evora-2027-capital-europeia-da-cultura, evora-quinze-anos-cinco-mandatos, evora-economia-investidores-portas-abertas-2026, evora-orcamentado-pago-devido-2025, evora-os-pelouros-quem-os-teve-o-que-fizeram, evora-prometido-pago-auditado-2026, evora-2027-prometido-painel-dinheiro, onde-esta-a-agua, agua-nao-faturada, avaliacao-economica-regional-de-portugal-2026, which-door-is-yours, alentejo-algarve, evolucao-de-portugal-desde-1981, penalizacoes-por-reforma-antecipada-2026, o-estado-do-pais, quadro-institucional, concelhos-2026, dominios-2026",
    "[oe-2026-despesa-ministerio-agricultura-e-mar.yml] \"study\" é \"oe-2026\", que não consta de src/data/studies.mjs.\n    Estudos aceites: evora-contas-da-camara-2010-2025, evora-quem-governou-a-camara-2009-2025, evora-economia-e-dinheiro-publico-de-fora-da-camara, evora-2027-capital-europeia-da-cultura, evora-quinze-anos-cinco-mandatos, evora-economia-investidores-portas-abertas-2026, evora-orcamentado-pago-devido-2025, evora-os-pelouros-quem-os-teve-o-que-fizeram, evora-prometido-pago-auditado-2026, evora-2027-prometido-painel-dinheiro, onde-esta-a-agua, agua-nao-faturada, avaliacao-economica-regional-de-portugal-2026, which-door-is-yours, alentejo-algarve, evolucao-de-portugal-desde-1981, penalizacoes-por-reforma-antecipada-2026, o-estado-do-pais, quadro-institucional, concelhos-2026, dominios-2026",
    "[oe-2026-despesa-ministerio-ambiente-e-energia.yml] \"study\" é \"oe-2026\", que não consta de src/data/studies.mjs.\n    Estudos aceites: evora-contas-da-camara-2010-2025, evora-quem-governou-a-camara-2009-2025, evora-economia-e-dinheiro-publico-de-fora-da-camara, evora-2027-capital-europeia-da-cultura, evora-quinze-anos-cinco-mandatos, evora-economia-investidores-portas-abertas-2026, evora-orcamentado-pago-devido-2025, evora-os-pelouros-quem-os-teve-o-que-fizeram, evora-prometido-pago-auditado-2026, evora-2027-prometido-painel-dinheiro, onde-esta-a-agua, agua-nao-faturada, avaliacao-economica-regional-de-portugal-2026, which-door-is-yours, alentejo-algarve, evolucao-de-portugal-desde-1981, penalizacoes-por-reforma-antecipada-2026, o-estado-do-pais, quadro-institucional, concelhos-2026, dominios-2026",
    "[oe-2026-despesa-ministerio-cultura-juventude-e-desporto.yml] \"study\" é \"oe-2026\", que não consta de src/data/studies.mjs.\n    Estudos aceites: evora-contas-da-camara-2010-2025, evora-quem-governou-a-camara-2009-2025, evora-economia-e-dinheiro-publico-de-fora-da-camara, evora-2027-capital-europeia-da-cultura, evora-quinze-anos-cinco-mandatos, evora-economia-investidores-portas-abertas-2026, evora-orcamentado-pago-devido-2025, evora-os-pelouros-quem-os-teve-o-que-fizeram, evora-prometido-pago-auditado-2026, evora-2027-prometido-painel-dinheiro, onde-esta-a-agua, agua-nao-faturada, avaliacao-economica-regional-de-portugal-2026, which-door-is-yours, alentejo-algarve, evolucao-de-portugal-desde-1981, penalizacoes-por-reforma-antecipada-2026, o-estado-do-pais, quadro-institucional, concelhos-2026, dominios-2026",
    "[oe-2026-despesa-ministerio-defesa-nacional.yml] \"study\" é \"oe-2026\", que não consta de src/data/studies.mjs.\n    Estudos aceites: evora-contas-da-camara-2010-2025, evora-quem-governou-a-camara-2009-2025, evora-economia-e-dinheiro-publico-de-fora-da-camara, evora-2027-capital-europeia-da-cultura, evora-quinze-anos-cinco-mandatos, evora-economia-investidores-portas-abertas-2026, evora-orcamentado-pago-devido-2025, evora-os-pelouros-quem-os-teve-o-que-fizeram, evora-prometido-pago-auditado-2026, evora-2027-prometido-painel-dinheiro, onde-esta-a-agua, agua-nao-faturada, avaliacao-economica-regional-de-portugal-2026, which-door-is-yours, alentejo-algarve, evolucao-de-portugal-desde-1981, penalizacoes-por-reforma-antecipada-2026, o-estado-do-pais, quadro-institucional, concelhos-2026, dominios-2026",
    "[oe-2026-despesa-ministerio-economia-e-coesao-territorial.yml] \"study\" é \"oe-2026\", que não consta de src/data/studies.mjs.\n    Estudos aceites: evora-contas-da-camara-2010-2025, evora-quem-governou-a-camara-2009-2025, evora-economia-e-dinheiro-publico-de-fora-da-camara, evora-2027-capital-europeia-da-cultura, evora-quinze-anos-cinco-mandatos, evora-economia-investidores-portas-abertas-2026, evora-orcamentado-pago-devido-2025, evora-os-pelouros-quem-os-teve-o-que-fizeram, evora-prometido-pago-auditado-2026, evora-2027-prometido-painel-dinheiro, onde-esta-a-agua, agua-nao-faturada, avaliacao-economica-regional-de-portugal-2026, which-door-is-yours, alentejo-algarve, evolucao-de-portugal-desde-1981, penalizacoes-por-reforma-antecipada-2026, o-estado-do-pais, quadro-institucional, concelhos-2026, dominios-2026",
    "[oe-2026-despesa-ministerio-educacao-ciencia-e-inovacao.yml] \"study\" é \"oe-2026\", que não consta de src/data/studies.mjs.\n    Estudos aceites: evora-contas-da-camara-2010-2025, evora-quem-governou-a-camara-2009-2025, evora-economia-e-dinheiro-publico-de-fora-da-camara, evora-2027-capital-europeia-da-cultura, evora-quinze-anos-cinco-mandatos, evora-economia-investidores-portas-abertas-2026, evora-orcamentado-pago-devido-2025, evora-os-pelouros-quem-os-teve-o-que-fizeram, evora-prometido-pago-auditado-2026, evora-2027-prometido-painel-dinheiro, onde-esta-a-agua, agua-nao-faturada, avaliacao-economica-regional-de-portugal-2026, which-door-is-yours, alentejo-algarve, evolucao-de-portugal-desde-1981, penalizacoes-por-reforma-antecipada-2026, o-estado-do-pais, quadro-institucional, concelhos-2026, dominios-2026",
    "[oe-2026-despesa-ministerio-encargos-gerais-do-estado.yml] \"study\" é \"oe-2026\", que não consta de src/data/studies.mjs.\n    Estudos aceites: evora-contas-da-camara-2010-2025, evora-quem-governou-a-camara-2009-2025, evora-economia-e-dinheiro-publico-de-fora-da-camara, evora-2027-capital-europeia-da-cultura, evora-quinze-anos-cinco-mandatos, evora-economia-investidores-portas-abertas-2026, evora-orcamentado-pago-devido-2025, evora-os-pelouros-quem-os-teve-o-que-fizeram, evora-prometido-pago-auditado-2026, evora-2027-prometido-painel-dinheiro, onde-esta-a-agua, agua-nao-faturada, avaliacao-economica-regional-de-portugal-2026, which-door-is-yours, alentejo-algarve, evolucao-de-portugal-desde-1981, penalizacoes-por-reforma-antecipada-2026, o-estado-do-pais, quadro-institucional, concelhos-2026, dominios-2026",
    "[oe-2026-despesa-ministerio-financas.yml] \"study\" é \"oe-2026\", que não consta de src/data/studies.mjs.\n    Estudos aceites: evora-contas-da-camara-2010-2025, evora-quem-governou-a-camara-2009-2025, evora-economia-e-dinheiro-publico-de-fora-da-camara, evora-2027-capital-europeia-da-cultura, evora-quinze-anos-cinco-mandatos, evora-economia-investidores-portas-abertas-2026, evora-orcamentado-pago-devido-2025, evora-os-pelouros-quem-os-teve-o-que-fizeram, evora-prometido-pago-auditado-2026, evora-2027-prometido-painel-dinheiro, onde-esta-a-agua, agua-nao-faturada, avaliacao-economica-regional-de-portugal-2026, which-door-is-yours, alentejo-algarve, evolucao-de-portugal-desde-1981, penalizacoes-por-reforma-antecipada-2026, o-estado-do-pais, quadro-institucional, concelhos-2026, dominios-2026",
    "[oe-2026-despesa-ministerio-infraestruturas-e-habitacao.yml] \"study\" é \"oe-2026\", que não consta de src/data/studies.mjs.\n    Estudos aceites: evora-contas-da-camara-2010-2025, evora-quem-governou-a-camara-2009-2025, evora-economia-e-dinheiro-publico-de-fora-da-camara, evora-2027-capital-europeia-da-cultura, evora-quinze-anos-cinco-mandatos, evora-economia-investidores-portas-abertas-2026, evora-orcamentado-pago-devido-2025, evora-os-pelouros-quem-os-teve-o-que-fizeram, evora-prometido-pago-auditado-2026, evora-2027-prometido-painel-dinheiro, onde-esta-a-agua, agua-nao-faturada, avaliacao-economica-regional-de-portugal-2026, which-door-is-yours, alentejo-algarve, evolucao-de-portugal-desde-1981, penalizacoes-por-reforma-antecipada-2026, o-estado-do-pais, quadro-institucional, concelhos-2026, dominios-2026",
    "[oe-2026-despesa-ministerio-justica.yml] \"study\" é \"oe-2026\", que não consta de src/data/studies.mjs.\n    Estudos aceites: evora-contas-da-camara-2010-2025, evora-quem-governou-a-camara-2009-2025, evora-economia-e-dinheiro-publico-de-fora-da-camara, evora-2027-capital-europeia-da-cultura, evora-quinze-anos-cinco-mandatos, evora-economia-investidores-portas-abertas-2026, evora-orcamentado-pago-devido-2025, evora-os-pelouros-quem-os-teve-o-que-fizeram, evora-prometido-pago-auditado-2026, evora-2027-prometido-painel-dinheiro, onde-esta-a-agua, agua-nao-faturada, avaliacao-economica-regional-de-portugal-2026, which-door-is-yours, alentejo-algarve, evolucao-de-portugal-desde-1981, penalizacoes-por-reforma-antecipada-2026, o-estado-do-pais, quadro-institucional, concelhos-2026, dominios-2026",
    "[oe-2026-despesa-ministerio-negocios-estrangeiros.yml] \"study\" é \"oe-2026\", que não consta de src/data/studies.mjs.\n    Estudos aceites: evora-contas-da-camara-2010-2025, evora-quem-governou-a-camara-2009-2025, evora-economia-e-dinheiro-publico-de-fora-da-camara, evora-2027-capital-europeia-da-cultura, evora-quinze-anos-cinco-mandatos, evora-economia-investidores-portas-abertas-2026, evora-orcamentado-pago-devido-2025, evora-os-pelouros-quem-os-teve-o-que-fizeram, evora-prometido-pago-auditado-2026, evora-2027-prometido-painel-dinheiro, onde-esta-a-agua, agua-nao-faturada, avaliacao-economica-regional-de-portugal-2026, which-door-is-yours, alentejo-algarve, evolucao-de-portugal-desde-1981, penalizacoes-por-reforma-antecipada-2026, o-estado-do-pais, quadro-institucional, concelhos-2026, dominios-2026",
    "[oe-2026-despesa-ministerio-presidencia-do-conselho-de-ministros.yml] \"study\" é \"oe-2026\", que não consta de src/data/studies.mjs.\n    Estudos aceites: evora-contas-da-camara-2010-2025, evora-quem-governou-a-camara-2009-2025, evora-economia-e-dinheiro-publico-de-fora-da-camara, evora-2027-capital-europeia-da-cultura, evora-quinze-anos-cinco-mandatos, evora-economia-investidores-portas-abertas-2026, evora-orcamentado-pago-devido-2025, evora-os-pelouros-quem-os-teve-o-que-fizeram, evora-prometido-pago-auditado-2026, evora-2027-prometido-painel-dinheiro, onde-esta-a-agua, agua-nao-faturada, avaliacao-economica-regional-de-portugal-2026, which-door-is-yours, alentejo-algarve, evolucao-de-portugal-desde-1981, penalizacoes-por-reforma-antecipada-2026, o-estado-do-pais, quadro-institucional, concelhos-2026, dominios-2026",
    "[oe-2026-despesa-ministerio-reforma-do-estado.yml] \"study\" é \"oe-2026\", que não consta de src/data/studies.mjs.\n    Estudos aceites: evora-contas-da-camara-2010-2025, evora-quem-governou-a-camara-2009-2025, evora-economia-e-dinheiro-publico-de-fora-da-camara, evora-2027-capital-europeia-da-cultura, evora-quinze-anos-cinco-mandatos, evora-economia-investidores-portas-abertas-2026, evora-orcamentado-pago-devido-2025, evora-os-pelouros-quem-os-teve-o-que-fizeram, evora-prometido-pago-auditado-2026, evora-2027-prometido-painel-dinheiro, onde-esta-a-agua, agua-nao-faturada, avaliacao-economica-regional-de-portugal-2026, which-door-is-yours, alentejo-algarve, evolucao-de-portugal-desde-1981, penalizacoes-por-reforma-antecipada-2026, o-estado-do-pais, quadro-institucional, concelhos-2026, dominios-2026",
    "[oe-2026-despesa-ministerio-saude.yml] \"study\" é \"oe-2026\", que não consta de src/data/studies.mjs.\n    Estudos aceites: evora-contas-da-camara-2010-2025, evora-quem-governou-a-camara-2009-2025, evora-economia-e-dinheiro-publico-de-fora-da-camara, evora-2027-capital-europeia-da-cultura, evora-quinze-anos-cinco-mandatos, evora-economia-investidores-portas-abertas-2026, evora-orcamentado-pago-devido-2025, evora-os-pelouros-quem-os-teve-o-que-fizeram, evora-prometido-pago-auditado-2026, evora-2027-prometido-painel-dinheiro, onde-esta-a-agua, agua-nao-faturada, avaliacao-economica-regional-de-portugal-2026, which-door-is-yours, alentejo-algarve, evolucao-de-portugal-desde-1981, penalizacoes-por-reforma-antecipada-2026, o-estado-do-pais, quadro-institucional, concelhos-2026, dominios-2026",
    "[oe-2026-despesa-ministerio-trabalho-solidariedade-e-seguranca-social.yml] \"study\" é \"oe-2026\", que não consta de src/data/studies.mjs.\n    Estudos aceites: evora-contas-da-camara-2010-2025, evora-quem-governou-a-camara-2009-2025, evora-economia-e-dinheiro-publico-de-fora-da-camara, evora-2027-capital-europeia-da-cultura, evora-quinze-anos-cinco-mandatos, evora-economia-investidores-portas-abertas-2026, evora-orcamentado-pago-devido-2025, evora-os-pelouros-quem-os-teve-o-que-fizeram, evora-prometido-pago-auditado-2026, evora-2027-prometido-painel-dinheiro, onde-esta-a-agua, agua-nao-faturada, avaliacao-economica-regional-de-portugal-2026, which-door-is-yours, alentejo-algarve, evolucao-de-portugal-desde-1981, penalizacoes-por-reforma-antecipada-2026, o-estado-do-pais, quadro-institucional, concelhos-2026, dominios-2026",
    "[oe-2026-despesa-orcamental-administracao-central.yml] \"study\" é \"oe-2026\", que não consta de src/data/studies.mjs.\n    Estudos aceites: evora-contas-da-camara-2010-2025, evora-quem-governou-a-camara-2009-2025, evora-economia-e-dinheiro-publico-de-fora-da-camara, evora-2027-capital-europeia-da-cultura, evora-quinze-anos-cinco-mandatos, evora-economia-investidores-portas-abertas-2026, evora-orcamentado-pago-devido-2025, evora-os-pelouros-quem-os-teve-o-que-fizeram, evora-prometido-pago-auditado-2026, evora-2027-prometido-painel-dinheiro, onde-esta-a-agua, agua-nao-faturada, avaliacao-economica-regional-de-portugal-2026, which-door-is-yours, alentejo-algarve, evolucao-de-portugal-desde-1981, penalizacoes-por-reforma-antecipada-2026, o-estado-do-pais, quadro-institucional, concelhos-2026, dominios-2026",
    "[oe-2026-despesa-primaria-administracao-central.yml] \"study\" é \"oe-2026\", que não consta de src/data/studies.mjs.\n    Estudos aceites: evora-contas-da-camara-2010-2025, evora-quem-governou-a-camara-2009-2025, evora-economia-e-dinheiro-publico-de-fora-da-camara, evora-2027-capital-europeia-da-cultura, evora-quinze-anos-cinco-mandatos, evora-economia-investidores-portas-abertas-2026, evora-orcamentado-pago-devido-2025, evora-os-pelouros-quem-os-teve-o-que-fizeram, evora-prometido-pago-auditado-2026, evora-2027-prometido-painel-dinheiro, onde-esta-a-agua, agua-nao-faturada, avaliacao-economica-regional-de-portugal-2026, which-door-is-yours, alentejo-algarve, evolucao-de-portugal-desde-1981, penalizacoes-por-reforma-antecipada-2026, o-estado-do-pais, quadro-institucional, concelhos-2026, dominios-2026",
    "[oe-2026-despesa-programa-001.yml] \"study\" é \"oe-2026\", que não consta de src/data/studies.mjs.\n    Estudos aceites: evora-contas-da-camara-2010-2025, evora-quem-governou-a-camara-2009-2025, evora-economia-e-dinheiro-publico-de-fora-da-camara, evora-2027-capital-europeia-da-cultura, evora-quinze-anos-cinco-mandatos, evora-economia-investidores-portas-abertas-2026, evora-orcamentado-pago-devido-2025, evora-os-pelouros-quem-os-teve-o-que-fizeram, evora-prometido-pago-auditado-2026, evora-2027-prometido-painel-dinheiro, onde-esta-a-agua, agua-nao-faturada, avaliacao-economica-regional-de-portugal-2026, which-door-is-yours, alentejo-algarve, evolucao-de-portugal-desde-1981, penalizacoes-por-reforma-antecipada-2026, o-estado-do-pais, quadro-institucional, concelhos-2026, dominios-2026",
    "[oe-2026-despesa-programa-002.yml] \"study\" é \"oe-2026\", que não consta de src/data/studies.mjs.\n    Estudos aceites: evora-contas-da-camara-2010-2025, evora-quem-governou-a-camara-2009-2025, evora-economia-e-dinheiro-publico-de-fora-da-camara, evora-2027-capital-europeia-da-cultura, evora-quinze-anos-cinco-mandatos, evora-economia-investidores-portas-abertas-2026, evora-orcamentado-pago-devido-2025, evora-os-pelouros-quem-os-teve-o-que-fizeram, evora-prometido-pago-auditado-2026, evora-2027-prometido-painel-dinheiro, onde-esta-a-agua, agua-nao-faturada, avaliacao-economica-regional-de-portugal-2026, which-door-is-yours, alentejo-algarve, evolucao-de-portugal-desde-1981, penalizacoes-por-reforma-antecipada-2026, o-estado-do-pais, quadro-institucional, concelhos-2026, dominios-2026",
    "[oe-2026-despesa-programa-003.yml] \"study\" é \"oe-2026\", que não consta de src/data/studies.mjs.\n    Estudos aceites: evora-contas-da-camara-2010-2025, evora-quem-governou-a-camara-2009-2025, evora-economia-e-dinheiro-publico-de-fora-da-camara, evora-2027-capital-europeia-da-cultura, evora-quinze-anos-cinco-mandatos, evora-economia-investidores-portas-abertas-2026, evora-orcamentado-pago-devido-2025, evora-os-pelouros-quem-os-teve-o-que-fizeram, evora-prometido-pago-auditado-2026, evora-2027-prometido-painel-dinheiro, onde-esta-a-agua, agua-nao-faturada, avaliacao-economica-regional-de-portugal-2026, which-door-is-yours, alentejo-algarve, evolucao-de-portugal-desde-1981, penalizacoes-por-reforma-antecipada-2026, o-estado-do-pais, quadro-institucional, concelhos-2026, dominios-2026",
    "[oe-2026-despesa-programa-004.yml] \"study\" é \"oe-2026\", que não consta de src/data/studies.mjs.\n    Estudos aceites: evora-contas-da-camara-2010-2025, evora-quem-governou-a-camara-2009-2025, evora-economia-e-dinheiro-publico-de-fora-da-camara, evora-2027-capital-europeia-da-cultura, evora-quinze-anos-cinco-mandatos, evora-economia-investidores-portas-abertas-2026, evora-orcamentado-pago-devido-2025, evora-os-pelouros-quem-os-teve-o-que-fizeram, evora-prometido-pago-auditado-2026, evora-2027-prometido-painel-dinheiro, onde-esta-a-agua, agua-nao-faturada, avaliacao-economica-regional-de-portugal-2026, which-door-is-yours, alentejo-algarve, evolucao-de-portugal-desde-1981, penalizacoes-por-reforma-antecipada-2026, o-estado-do-pais, quadro-institucional, concelhos-2026, dominios-2026",
    "[oe-2026-despesa-programa-005.yml] \"study\" é \"oe-2026\", que não consta de src/data/studies.mjs.\n    Estudos aceites: evora-contas-da-camara-2010-2025, evora-quem-governou-a-camara-2009-2025, evora-economia-e-dinheiro-publico-de-fora-da-camara, evora-2027-capital-europeia-da-cultura, evora-quinze-anos-cinco-mandatos, evora-economia-investidores-portas-abertas-2026, evora-orcamentado-pago-devido-2025, evora-os-pelouros-quem-os-teve-o-que-fizeram, evora-prometido-pago-auditado-2026, evora-2027-prometido-painel-dinheiro, onde-esta-a-agua, agua-nao-faturada, avaliacao-economica-regional-de-portugal-2026, which-door-is-yours, alentejo-algarve, evolucao-de-portugal-desde-1981, penalizacoes-por-reforma-antecipada-2026, o-estado-do-pais, quadro-institucional, concelhos-2026, dominios-2026",
    "[oe-2026-despesa-programa-006.yml] \"study\" é \"oe-2026\", que não consta de src/data/studies.mjs.\n    Estudos aceites: evora-contas-da-camara-2010-2025, evora-quem-governou-a-camara-2009-2025, evora-economia-e-dinheiro-publico-de-fora-da-camara, evora-2027-capital-europeia-da-cultura, evora-quinze-anos-cinco-mandatos, evora-economia-investidores-portas-abertas-2026, evora-orcamentado-pago-devido-2025, evora-os-pelouros-quem-os-teve-o-que-fizeram, evora-prometido-pago-auditado-2026, evora-2027-prometido-painel-dinheiro, onde-esta-a-agua, agua-nao-faturada, avaliacao-economica-regional-de-portugal-2026, which-door-is-yours, alentejo-algarve, evolucao-de-portugal-desde-1981, penalizacoes-por-reforma-antecipada-2026, o-estado-do-pais, quadro-institucional, concelhos-2026, dominios-2026",
    "[oe-2026-despesa-programa-007.yml] \"study\" é \"oe-2026\", que não consta de src/data/studies.mjs.\n    Estudos aceites: evora-contas-da-camara-2010-2025, evora-quem-governou-a-camara-2009-2025, evora-economia-e-dinheiro-publico-de-fora-da-camara, evora-2027-capital-europeia-da-cultura, evora-quinze-anos-cinco-mandatos, evora-economia-investidores-portas-abertas-2026, evora-orcamentado-pago-devido-2025, evora-os-pelouros-quem-os-teve-o-que-fizeram, evora-prometido-pago-auditado-2026, evora-2027-prometido-painel-dinheiro, onde-esta-a-agua, agua-nao-faturada, avaliacao-economica-regional-de-portugal-2026, which-door-is-yours, alentejo-algarve, evolucao-de-portugal-desde-1981, penalizacoes-por-reforma-antecipada-2026, o-estado-do-pais, quadro-institucional, concelhos-2026, dominios-2026",
    "[oe-2026-despesa-programa-008.yml] \"study\" é \"oe-2026\", que não consta de src/data/studies.mjs.\n    Estudos aceites: evora-contas-da-camara-2010-2025, evora-quem-governou-a-camara-2009-2025, evora-economia-e-dinheiro-publico-de-fora-da-camara, evora-2027-capital-europeia-da-cultura, evora-quinze-anos-cinco-mandatos, evora-economia-investidores-portas-abertas-2026, evora-orcamentado-pago-devido-2025, evora-os-pelouros-quem-os-teve-o-que-fizeram, evora-prometido-pago-auditado-2026, evora-2027-prometido-painel-dinheiro, onde-esta-a-agua, agua-nao-faturada, avaliacao-economica-regional-de-portugal-2026, which-door-is-yours, alentejo-algarve, evolucao-de-portugal-desde-1981, penalizacoes-por-reforma-antecipada-2026, o-estado-do-pais, quadro-institucional, concelhos-2026, dominios-2026",
    "[oe-2026-despesa-programa-009.yml] \"study\" é \"oe-2026\", que não consta de src/data/studies.mjs.\n    Estudos aceites: evora-contas-da-camara-2010-2025, evora-quem-governou-a-camara-2009-2025, evora-economia-e-dinheiro-publico-de-fora-da-camara, evora-2027-capital-europeia-da-cultura, evora-quinze-anos-cinco-mandatos, evora-economia-investidores-portas-abertas-2026, evora-orcamentado-pago-devido-2025, evora-os-pelouros-quem-os-teve-o-que-fizeram, evora-prometido-pago-auditado-2026, evora-2027-prometido-painel-dinheiro, onde-esta-a-agua, agua-nao-faturada, avaliacao-economica-regional-de-portugal-2026, which-door-is-yours, alentejo-algarve, evolucao-de-portugal-desde-1981, penalizacoes-por-reforma-antecipada-2026, o-estado-do-pais, quadro-institucional, concelhos-2026, dominios-2026",
    "[oe-2026-despesa-programa-010.yml] \"study\" é \"oe-2026\", que não consta de src/data/studies.mjs.\n    Estudos aceites: evora-contas-da-camara-2010-2025, evora-quem-governou-a-camara-2009-2025, evora-economia-e-dinheiro-publico-de-fora-da-camara, evora-2027-capital-europeia-da-cultura, evora-quinze-anos-cinco-mandatos, evora-economia-investidores-portas-abertas-2026, evora-orcamentado-pago-devido-2025, evora-os-pelouros-quem-os-teve-o-que-fizeram, evora-prometido-pago-auditado-2026, evora-2027-prometido-painel-dinheiro, onde-esta-a-agua, agua-nao-faturada, avaliacao-economica-regional-de-portugal-2026, which-door-is-yours, alentejo-algarve, evolucao-de-portugal-desde-1981, penalizacoes-por-reforma-antecipada-2026, o-estado-do-pais, quadro-institucional, concelhos-2026, dominios-2026",
    "[oe-2026-despesa-programa-011.yml] \"study\" é \"oe-2026\", que não consta de src/data/studies.mjs.\n    Estudos aceites: evora-contas-da-camara-2010-2025, evora-quem-governou-a-camara-2009-2025, evora-economia-e-dinheiro-publico-de-fora-da-camara, evora-2027-capital-europeia-da-cultura, evora-quinze-anos-cinco-mandatos, evora-economia-investidores-portas-abertas-2026, evora-orcamentado-pago-devido-2025, evora-os-pelouros-quem-os-teve-o-que-fizeram, evora-prometido-pago-auditado-2026, evora-2027-prometido-painel-dinheiro, onde-esta-a-agua, agua-nao-faturada, avaliacao-economica-regional-de-portugal-2026, which-door-is-yours, alentejo-algarve, evolucao-de-portugal-desde-1981, penalizacoes-por-reforma-antecipada-2026, o-estado-do-pais, quadro-institucional, concelhos-2026, dominios-2026",
    "[oe-2026-despesa-programa-012.yml] \"study\" é \"oe-2026\", que não consta de src/data/studies.mjs.\n    Estudos aceites: evora-contas-da-camara-2010-2025, evora-quem-governou-a-camara-2009-2025, evora-economia-e-dinheiro-publico-de-fora-da-camara, evora-2027-capital-europeia-da-cultura, evora-quinze-anos-cinco-mandatos, evora-economia-investidores-portas-abertas-2026, evora-orcamentado-pago-devido-2025, evora-os-pelouros-quem-os-teve-o-que-fizeram, evora-prometido-pago-auditado-2026, evora-2027-prometido-painel-dinheiro, onde-esta-a-agua, agua-nao-faturada, avaliacao-economica-regional-de-portugal-2026, which-door-is-yours, alentejo-algarve, evolucao-de-portugal-desde-1981, penalizacoes-por-reforma-antecipada-2026, o-estado-do-pais, quadro-institucional, concelhos-2026, dominios-2026",
    "[oe-2026-despesa-programa-013.yml] \"study\" é \"oe-2026\", que não consta de src/data/studies.mjs.\n    Estudos aceites: evora-contas-da-camara-2010-2025, evora-quem-governou-a-camara-2009-2025, evora-economia-e-dinheiro-publico-de-fora-da-camara, evora-2027-capital-europeia-da-cultura, evora-quinze-anos-cinco-mandatos, evora-economia-investidores-portas-abertas-2026, evora-orcamentado-pago-devido-2025, evora-os-pelouros-quem-os-teve-o-que-fizeram, evora-prometido-pago-auditado-2026, evora-2027-prometido-painel-dinheiro, onde-esta-a-agua, agua-nao-faturada, avaliacao-economica-regional-de-portugal-2026, which-door-is-yours, alentejo-algarve, evolucao-de-portugal-desde-1981, penalizacoes-por-reforma-antecipada-2026, o-estado-do-pais, quadro-institucional, concelhos-2026, dominios-2026",
    "[oe-2026-despesa-programa-014.yml] \"study\" é \"oe-2026\", que não consta de src/data/studies.mjs.\n    Estudos aceites: evora-contas-da-camara-2010-2025, evora-quem-governou-a-camara-2009-2025, evora-economia-e-dinheiro-publico-de-fora-da-camara, evora-2027-capital-europeia-da-cultura, evora-quinze-anos-cinco-mandatos, evora-economia-investidores-portas-abertas-2026, evora-orcamentado-pago-devido-2025, evora-os-pelouros-quem-os-teve-o-que-fizeram, evora-prometido-pago-auditado-2026, evora-2027-prometido-painel-dinheiro, onde-esta-a-agua, agua-nao-faturada, avaliacao-economica-regional-de-portugal-2026, which-door-is-yours, alentejo-algarve, evolucao-de-portugal-desde-1981, penalizacoes-por-reforma-antecipada-2026, o-estado-do-pais, quadro-institucional, concelhos-2026, dominios-2026",
    "[oe-2026-despesa-programa-015.yml] \"study\" é \"oe-2026\", que não consta de src/data/studies.mjs.\n    Estudos aceites: evora-contas-da-camara-2010-2025, evora-quem-governou-a-camara-2009-2025, evora-economia-e-dinheiro-publico-de-fora-da-camara, evora-2027-capital-europeia-da-cultura, evora-quinze-anos-cinco-mandatos, evora-economia-investidores-portas-abertas-2026, evora-orcamentado-pago-devido-2025, evora-os-pelouros-quem-os-teve-o-que-fizeram, evora-prometido-pago-auditado-2026, evora-2027-prometido-painel-dinheiro, onde-esta-a-agua, agua-nao-faturada, avaliacao-economica-regional-de-portugal-2026, which-door-is-yours, alentejo-algarve, evolucao-de-portugal-desde-1981, penalizacoes-por-reforma-antecipada-2026, o-estado-do-pais, quadro-institucional, concelhos-2026, dominios-2026",
    "[oe-2026-despesa-programa-016.yml] \"study\" é \"oe-2026\", que não consta de src/data/studies.mjs.\n    Estudos aceites: evora-contas-da-camara-2010-2025, evora-quem-governou-a-camara-2009-2025, evora-economia-e-dinheiro-publico-de-fora-da-camara, evora-2027-capital-europeia-da-cultura, evora-quinze-anos-cinco-mandatos, evora-economia-investidores-portas-abertas-2026, evora-orcamentado-pago-devido-2025, evora-os-pelouros-quem-os-teve-o-que-fizeram, evora-prometido-pago-auditado-2026, evora-2027-prometido-painel-dinheiro, onde-esta-a-agua, agua-nao-faturada, avaliacao-economica-regional-de-portugal-2026, which-door-is-yours, alentejo-algarve, evolucao-de-portugal-desde-1981, penalizacoes-por-reforma-antecipada-2026, o-estado-do-pais, quadro-institucional, concelhos-2026, dominios-2026",
    "[oe-2026-despesa-programa-017.yml] \"study\" é \"oe-2026\", que não consta de src/data/studies.mjs.\n    Estudos aceites: evora-contas-da-camara-2010-2025, evora-quem-governou-a-camara-2009-2025, evora-economia-e-dinheiro-publico-de-fora-da-camara, evora-2027-capital-europeia-da-cultura, evora-quinze-anos-cinco-mandatos, evora-economia-investidores-portas-abertas-2026, evora-orcamentado-pago-devido-2025, evora-os-pelouros-quem-os-teve-o-que-fizeram, evora-prometido-pago-auditado-2026, evora-2027-prometido-painel-dinheiro, onde-esta-a-agua, agua-nao-faturada, avaliacao-economica-regional-de-portugal-2026, which-door-is-yours, alentejo-algarve, evolucao-de-portugal-desde-1981, penalizacoes-por-reforma-antecipada-2026, o-estado-do-pais, quadro-institucional, concelhos-2026, dominios-2026",
    "[oe-2026-despesa-programa-018.yml] \"study\" é \"oe-2026\", que não consta de src/data/studies.mjs.\n    Estudos aceites: evora-contas-da-camara-2010-2025, evora-quem-governou-a-camara-2009-2025, evora-economia-e-dinheiro-publico-de-fora-da-camara, evora-2027-capital-europeia-da-cultura, evora-quinze-anos-cinco-mandatos, evora-economia-investidores-portas-abertas-2026, evora-orcamentado-pago-devido-2025, evora-os-pelouros-quem-os-teve-o-que-fizeram, evora-prometido-pago-auditado-2026, evora-2027-prometido-painel-dinheiro, onde-esta-a-agua, agua-nao-faturada, avaliacao-economica-regional-de-portugal-2026, which-door-is-yours, alentejo-algarve, evolucao-de-portugal-desde-1981, penalizacoes-por-reforma-antecipada-2026, o-estado-do-pais, quadro-institucional, concelhos-2026, dominios-2026",
    "[oe-2026-despesa-programa-019.yml] \"study\" é \"oe-2026\", que não consta de src/data/studies.mjs.\n    Estudos aceites: evora-contas-da-camara-2010-2025, evora-quem-governou-a-camara-2009-2025, evora-economia-e-dinheiro-publico-de-fora-da-camara, evora-2027-capital-europeia-da-cultura, evora-quinze-anos-cinco-mandatos, evora-economia-investidores-portas-abertas-2026, evora-orcamentado-pago-devido-2025, evora-os-pelouros-quem-os-teve-o-que-fizeram, evora-prometido-pago-auditado-2026, evora-2027-prometido-painel-dinheiro, onde-esta-a-agua, agua-nao-faturada, avaliacao-economica-regional-de-portugal-2026, which-door-is-yours, alentejo-algarve, evolucao-de-portugal-desde-1981, penalizacoes-por-reforma-antecipada-2026, o-estado-do-pais, quadro-institucional, concelhos-2026, dominios-2026",
    "[oe-2026-despesa-programa-020.yml] \"study\" é \"oe-2026\", que não consta de src/data/studies.mjs.\n    Estudos aceites: evora-contas-da-camara-2010-2025, evora-quem-governou-a-camara-2009-2025, evora-economia-e-dinheiro-publico-de-fora-da-camara, evora-2027-capital-europeia-da-cultura, evora-quinze-anos-cinco-mandatos, evora-economia-investidores-portas-abertas-2026, evora-orcamentado-pago-devido-2025, evora-os-pelouros-quem-os-teve-o-que-fizeram, evora-prometido-pago-auditado-2026, evora-2027-prometido-painel-dinheiro, onde-esta-a-agua, agua-nao-faturada, avaliacao-economica-regional-de-portugal-2026, which-door-is-yours, alentejo-algarve, evolucao-de-portugal-desde-1981, penalizacoes-por-reforma-antecipada-2026, o-estado-do-pais, quadro-institucional, concelhos-2026, dominios-2026",
    "[oe-2026-despesa-total.yml] \"study\" é \"oe-2026\", que não consta de src/data/studies.mjs.\n    Estudos aceites: evora-contas-da-camara-2010-2025, evora-quem-governou-a-camara-2009-2025, evora-economia-e-dinheiro-publico-de-fora-da-camara, evora-2027-capital-europeia-da-cultura, evora-quinze-anos-cinco-mandatos, evora-economia-investidores-portas-abertas-2026, evora-orcamentado-pago-devido-2025, evora-os-pelouros-quem-os-teve-o-que-fizeram, evora-prometido-pago-auditado-2026, evora-2027-prometido-painel-dinheiro, onde-esta-a-agua, agua-nao-faturada, avaliacao-economica-regional-de-portugal-2026, which-door-is-yours, alentejo-algarve, evolucao-de-portugal-desde-1981, penalizacoes-por-reforma-antecipada-2026, o-estado-do-pais, quadro-institucional, concelhos-2026, dominios-2026",
    "[oe-2026-diferencas-consolidacao-funcional.yml] \"study\" é \"oe-2026\", que não consta de src/data/studies.mjs.\n    Estudos aceites: evora-contas-da-camara-2010-2025, evora-quem-governou-a-camara-2009-2025, evora-economia-e-dinheiro-publico-de-fora-da-camara, evora-2027-capital-europeia-da-cultura, evora-quinze-anos-cinco-mandatos, evora-economia-investidores-portas-abertas-2026, evora-orcamentado-pago-devido-2025, evora-os-pelouros-quem-os-teve-o-que-fizeram, evora-prometido-pago-auditado-2026, evora-2027-prometido-painel-dinheiro, onde-esta-a-agua, agua-nao-faturada, avaliacao-economica-regional-de-portugal-2026, which-door-is-yours, alentejo-algarve, evolucao-de-portugal-desde-1981, penalizacoes-por-reforma-antecipada-2026, o-estado-do-pais, quadro-institucional, concelhos-2026, dominios-2026",
    "[oe-2026-passivos-financeiros-liquidos-administracao-central-seguranca-social.yml] \"study\" é \"oe-2026\", que não consta de src/data/studies.mjs.\n    Estudos aceites: evora-contas-da-camara-2010-2025, evora-quem-governou-a-camara-2009-2025, evora-economia-e-dinheiro-publico-de-fora-da-camara, evora-2027-capital-europeia-da-cultura, evora-quinze-anos-cinco-mandatos, evora-economia-investidores-portas-abertas-2026, evora-orcamentado-pago-devido-2025, evora-os-pelouros-quem-os-teve-o-que-fizeram, evora-prometido-pago-auditado-2026, evora-2027-prometido-painel-dinheiro, onde-esta-a-agua, agua-nao-faturada, avaliacao-economica-regional-de-portugal-2026, which-door-is-yours, alentejo-algarve, evolucao-de-portugal-desde-1981, penalizacoes-por-reforma-antecipada-2026, o-estado-do-pais, quadro-institucional, concelhos-2026, dominios-2026",
    "[oe-2026-receita-bruta-administracao-central.yml] \"study\" é \"oe-2026\", que não consta de src/data/studies.mjs.\n    Estudos aceites: evora-contas-da-camara-2010-2025, evora-quem-governou-a-camara-2009-2025, evora-economia-e-dinheiro-publico-de-fora-da-camara, evora-2027-capital-europeia-da-cultura, evora-quinze-anos-cinco-mandatos, evora-economia-investidores-portas-abertas-2026, evora-orcamentado-pago-devido-2025, evora-os-pelouros-quem-os-teve-o-que-fizeram, evora-prometido-pago-auditado-2026, evora-2027-prometido-painel-dinheiro, onde-esta-a-agua, agua-nao-faturada, avaliacao-economica-regional-de-portugal-2026, which-door-is-yours, alentejo-algarve, evolucao-de-portugal-desde-1981, penalizacoes-por-reforma-antecipada-2026, o-estado-do-pais, quadro-institucional, concelhos-2026, dominios-2026",
    "[oe-2026-receita-consolidada-administracao-central.yml] \"study\" é \"oe-2026\", que não consta de src/data/studies.mjs.\n    Estudos aceites: evora-contas-da-camara-2010-2025, evora-quem-governou-a-camara-2009-2025, evora-economia-e-dinheiro-publico-de-fora-da-camara, evora-2027-capital-europeia-da-cultura, evora-quinze-anos-cinco-mandatos, evora-economia-investidores-portas-abertas-2026, evora-orcamentado-pago-devido-2025, evora-os-pelouros-quem-os-teve-o-que-fizeram, evora-prometido-pago-auditado-2026, evora-2027-prometido-painel-dinheiro, onde-esta-a-agua, agua-nao-faturada, avaliacao-economica-regional-de-portugal-2026, which-door-is-yours, alentejo-algarve, evolucao-de-portugal-desde-1981, penalizacoes-por-reforma-antecipada-2026, o-estado-do-pais, quadro-institucional, concelhos-2026, dominios-2026",
    "[oe-2026-receita-consolidada-seguranca-social.yml] \"study\" é \"oe-2026\", que não consta de src/data/studies.mjs.\n    Estudos aceites: evora-contas-da-camara-2010-2025, evora-quem-governou-a-camara-2009-2025, evora-economia-e-dinheiro-publico-de-fora-da-camara, evora-2027-capital-europeia-da-cultura, evora-quinze-anos-cinco-mandatos, evora-economia-investidores-portas-abertas-2026, evora-orcamentado-pago-devido-2025, evora-os-pelouros-quem-os-teve-o-que-fizeram, evora-prometido-pago-auditado-2026, evora-2027-prometido-painel-dinheiro, onde-esta-a-agua, agua-nao-faturada, avaliacao-economica-regional-de-portugal-2026, which-door-is-yours, alentejo-algarve, evolucao-de-portugal-desde-1981, penalizacoes-por-reforma-antecipada-2026, o-estado-do-pais, quadro-institucional, concelhos-2026, dominios-2026",
    "[oe-2026-receita-efetiva-administracao-central-seguranca-social.yml] \"study\" é \"oe-2026\", que não consta de src/data/studies.mjs.\n    Estudos aceites: evora-contas-da-camara-2010-2025, evora-quem-governou-a-camara-2009-2025, evora-economia-e-dinheiro-publico-de-fora-da-camara, evora-2027-capital-europeia-da-cultura, evora-quinze-anos-cinco-mandatos, evora-economia-investidores-portas-abertas-2026, evora-orcamentado-pago-devido-2025, evora-os-pelouros-quem-os-teve-o-que-fizeram, evora-prometido-pago-auditado-2026, evora-2027-prometido-painel-dinheiro, onde-esta-a-agua, agua-nao-faturada, avaliacao-economica-regional-de-portugal-2026, which-door-is-yours, alentejo-algarve, evolucao-de-portugal-desde-1981, penalizacoes-por-reforma-antecipada-2026, o-estado-do-pais, quadro-institucional, concelhos-2026, dominios-2026",
    "[oe-2026-receita-efetiva-administracao-central.yml] \"study\" é \"oe-2026\", que não consta de src/data/studies.mjs.\n    Estudos aceites: evora-contas-da-camara-2010-2025, evora-quem-governou-a-camara-2009-2025, evora-economia-e-dinheiro-publico-de-fora-da-camara, evora-2027-capital-europeia-da-cultura, evora-quinze-anos-cinco-mandatos, evora-economia-investidores-portas-abertas-2026, evora-orcamentado-pago-devido-2025, evora-os-pelouros-quem-os-teve-o-que-fizeram, evora-prometido-pago-auditado-2026, evora-2027-prometido-painel-dinheiro, onde-esta-a-agua, agua-nao-faturada, avaliacao-economica-regional-de-portugal-2026, which-door-is-yours, alentejo-algarve, evolucao-de-portugal-desde-1981, penalizacoes-por-reforma-antecipada-2026, o-estado-do-pais, quadro-institucional, concelhos-2026, dominios-2026",
    "[oe-2026-receita-orcamental-administracao-central.yml] \"study\" é \"oe-2026\", que não consta de src/data/studies.mjs.\n    Estudos aceites: evora-contas-da-camara-2010-2025, evora-quem-governou-a-camara-2009-2025, evora-economia-e-dinheiro-publico-de-fora-da-camara, evora-2027-capital-europeia-da-cultura, evora-quinze-anos-cinco-mandatos, evora-economia-investidores-portas-abertas-2026, evora-orcamentado-pago-devido-2025, evora-os-pelouros-quem-os-teve-o-que-fizeram, evora-prometido-pago-auditado-2026, evora-2027-prometido-painel-dinheiro, onde-esta-a-agua, agua-nao-faturada, avaliacao-economica-regional-de-portugal-2026, which-door-is-yours, alentejo-algarve, evolucao-de-portugal-desde-1981, penalizacoes-por-reforma-antecipada-2026, o-estado-do-pais, quadro-institucional, concelhos-2026, dominios-2026",
    "[oe-2026-saldo-global-administracao-central-seguranca-social.yml] \"study\" é \"oe-2026\", que não consta de src/data/studies.mjs.\n    Estudos aceites: evora-contas-da-camara-2010-2025, evora-quem-governou-a-camara-2009-2025, evora-economia-e-dinheiro-publico-de-fora-da-camara, evora-2027-capital-europeia-da-cultura, evora-quinze-anos-cinco-mandatos, evora-economia-investidores-portas-abertas-2026, evora-orcamentado-pago-devido-2025, evora-os-pelouros-quem-os-teve-o-que-fizeram, evora-prometido-pago-auditado-2026, evora-2027-prometido-painel-dinheiro, onde-esta-a-agua, agua-nao-faturada, avaliacao-economica-regional-de-portugal-2026, which-door-is-yours, alentejo-algarve, evolucao-de-portugal-desde-1981, penalizacoes-por-reforma-antecipada-2026, o-estado-do-pais, quadro-institucional, concelhos-2026, dominios-2026",
    "[oe-2026-saldo-global-administracao-central.yml] \"study\" é \"oe-2026\", que não consta de src/data/studies.mjs.\n    Estudos aceites: evora-contas-da-camara-2010-2025, evora-quem-governou-a-camara-2009-2025, evora-economia-e-dinheiro-publico-de-fora-da-camara, evora-2027-capital-europeia-da-cultura, evora-quinze-anos-cinco-mandatos, evora-economia-investidores-portas-abertas-2026, evora-orcamentado-pago-devido-2025, evora-os-pelouros-quem-os-teve-o-que-fizeram, evora-prometido-pago-auditado-2026, evora-2027-prometido-painel-dinheiro, onde-esta-a-agua, agua-nao-faturada, avaliacao-economica-regional-de-portugal-2026, which-door-is-yours, alentejo-algarve, evolucao-de-portugal-desde-1981, penalizacoes-por-reforma-antecipada-2026, o-estado-do-pais, quadro-institucional, concelhos-2026, dominios-2026",
    "[oe-2026-saldo-primario-administracao-central.yml] \"study\" é \"oe-2026\", que não consta de src/data/studies.mjs.\n    Estudos aceites: evora-contas-da-camara-2010-2025, evora-quem-governou-a-camara-2009-2025, evora-economia-e-dinheiro-publico-de-fora-da-camara, evora-2027-capital-europeia-da-cultura, evora-quinze-anos-cinco-mandatos, evora-economia-investidores-portas-abertas-2026, evora-orcamentado-pago-devido-2025, evora-os-pelouros-quem-os-teve-o-que-fizeram, evora-prometido-pago-auditado-2026, evora-2027-prometido-painel-dinheiro, onde-esta-a-agua, agua-nao-faturada, avaliacao-economica-regional-de-portugal-2026, which-door-is-yours, alentejo-algarve, evolucao-de-portugal-desde-1981, penalizacoes-por-reforma-antecipada-2026, o-estado-do-pais, quadro-institucional, concelhos-2026, dominios-2026"
  ],
  "avisos_do_livro": [
    "[evora-prr-aprovado-2026.yml] história do endereço: a 2026-08-18, o instantâneo datado conserva o endereço do mesmo conjunto; não é uma mudança de endereço.",
    "[evora-prr-aprovado-2026.yml] história do endereço: a 2026-08-20, o instantâneo datado conserva o endereço do mesmo conjunto; não é uma mudança de endereço.",
    "[evora-prr-municipio-contratado.yml] história do endereço: a 2026-08-18, o instantâneo datado conserva o endereço do mesmo conjunto; não é uma mudança de endereço.",
    "[evora-prr-municipio-contratado.yml] história do endereço: a 2026-08-20, o instantâneo datado conserva o endereço do mesmo conjunto; não é uma mudança de endereço.",
    "[evora-prr-pago-2026.yml] história do endereço: a 2026-08-18, o instantâneo datado conserva o endereço do mesmo conjunto; não é uma mudança de endereço.",
    "[evora-prr-pago-2026.yml] história do endereço: a 2026-08-20, o instantâneo datado conserva o endereço do mesmo conjunto; não é uma mudança de endereço.",
    "[evora-prr-universidade-contratado.yml] história do endereço: a 2026-08-18, o instantâneo datado conserva o endereço do mesmo conjunto; não é uma mudança de endereço.",
    "[evora-prr-universidade-contratado.yml] história do endereço: a 2026-08-20, o instantâneo datado conserva o endereço do mesmo conjunto; não é uma mudança de endereço.",
    "[evora-prr-vencido-aprovado-2026.yml] história do endereço: a 2026-08-18, o instantâneo datado conserva o endereço do mesmo conjunto; não é uma mudança de endereço.",
    "[evora-prr-vencido-aprovado-2026.yml] história do endereço: a 2026-08-20, o instantâneo datado conserva o endereço do mesmo conjunto; não é uma mudança de endereço."
  ]
}
