  o nome de quem responde · 0 ficheiro(s) com o nome em 332 lido(s) de src/ e public/
  B1 leitura evora-orcamentado-pago-devido-2025/en: sem leitura, o registo não começa por In brief.
  B1 leitura evora-prometido-pago-auditado-2026/en: sem leitura, o registo não começa por In brief.
  B1 leitura avaliacao-economica-regional-de-portugal-2026/pt: sem leitura, o registo não começa por Em resumo.
  B1 leitura evora-economia-investidores-portas-abertas-2026/pt: sem leitura, o registo não começa por Em resumo.
  B1 leitura evora-orcamentado-pago-devido-2025/pt: sem leitura, o registo não começa por Em resumo.
  B1 leitura evora-os-pelouros-quem-os-teve-o-que-fizeram/pt: sem leitura, o registo não começa por Em resumo.
  B1 leitura evora-prometido-pago-auditado-2026/pt: sem leitura, o registo não começa por Em resumo.
  B1 leitura evora-quinze-anos-cinco-mandatos/pt: sem leitura, o registo não começa por Em resumo.

  portão de HTML · 7467 páginas · 2659/3009 afirmações citadas fora do livro-razão · 6018 páginas de linha · 6018 títulos de linha com o valor e a unidade separados · 25 documento(s) de estudo, conferidos contra a origem · 17 página(s) de leitura, conferidas contra o seu registo de conteúdo · 0 página(s) com o nome de quem responde · séries: 20 página(s), 680 ponto(s), 1896 nome(s) de país, 188 campo(s), 40 recontagem(ns) conferidos · UE1b: 20 porta(s) dos recibos das linhas para as séries, 16 legenda(s) das marcas com 28 marca(s) · UE1d: 20 definição(ões) declarada(s) nos recibos das séries · UE1e: 20 recibo(s) das séries sem Portugal na definição, 2 com a forma do recibo da série (1 declarada(s)) · L2b: 2444 lugar(es), 2464 contagem(ns) e 528 empate(s) recontados das linhas dos concelhos, 2444 valor(es) do concelho e 616 de Portugal nas faixas, pela marca do cartão
  allowlist · 19 motivo(s) e 3 token(s), com os usos que os provam vivos: data-de-atualizacao 2 · data-da-conferencia 588 · nome-oficial-da-medida 44 · referencia-legal 20 · titulo-de-estudo 255 · escala-de-instrumento 332 · objetivo-institucional 2 · limiar-do-quadro 186 · data-da-linha 26724 · data-do-repositorio 88 · periodo-da-fonte 1112 · data-de-referencia 5170 · numeracao 124 · proveniencia 17045 · data-da-agenda 170 · data-de-leitura-de-uma-definicao 102 · identificador-tecnico 4 · fonte-da-carta 68 · licenca-do-conjunto 2 · UE-27 (scope: any) 21 · EU-27 (scope: any) 21 · sha256 (scope: body) 24
  rótulo de IA · 7442 no topo (de 7442 páginas fora dos documentos alojados) · 0 no rodapé · 2 ficha(s) da primeira página · 2 frase(s) da política e 2 do projeto, comparadas com o texto decidido
  ortografia · Acordo de 1990 como se aplica em Portugal · 254 pares, 50 iguais · restante: 0 ocorrência(s) em 0 rota(s), todas de linhas cruzadas · 8 dispensada(s) por estarem entre «…»
  factos por verificar · 2 campo(s) declarados, com o marcador na página e a porta da edição certa
  as duas edições · 37 peça(s) de página de leitura com os mesmos ids pela mesma ordem

  350 aviso(s):
    · a afirmação "abrantes-limite-divida-dgal-2024" está no livro-razão e tem página própria, mas nenhuma outra página a cita.
    · a afirmação "agua-nao-faturada-portugal-2024" está no livro-razão e tem página própria, mas nenhuma outra página a cita.
    · a afirmação "agueda-limite-divida-dgal-2024" está no livro-razão e tem página própria, mas nenhuma outra página a cita.
    · a afirmação "aguiar-da-beira-limite-divida-dgal-2024" está no livro-razão e tem página própria, mas nenhuma outra página a cita.
    · a afirmação "alandroal-limite-divida-dgal-2024" está no livro-razão e tem página própria, mas nenhuma outra página a cita.
    · a afirmação "albergaria-a-velha-limite-divida-dgal-2024" está no livro-razão e tem página própria, mas nenhuma outra página a cita.
    · a afirmação "albufeira-limite-divida-dgal-2024" está no livro-razão e tem página própria, mas nenhuma outra página a cita.
    · a afirmação "alcacer-do-sal-limite-divida-dgal-2024" está no livro-razão e tem página própria, mas nenhuma outra página a cita.
    · a afirmação "alcanena-limite-divida-dgal-2024" está no livro-razão e tem página própria, mas nenhuma outra página a cita.
    · a afirmação "alcobaca-limite-divida-dgal-2024" está no livro-razão e tem página própria, mas nenhuma outra página a cita.
    · a afirmação "alcochete-limite-divida-dgal-2024" está no livro-razão e tem página própria, mas nenhuma outra página a cita.
    · a afirmação "alcoutim-limite-divida-dgal-2024" está no livro-razão e tem página própria, mas nenhuma outra página a cita.
    · a afirmação "alenquer-limite-divida-dgal-2024" está no livro-razão e tem página própria, mas nenhuma outra página a cita.
    · a afirmação "alentejo-central-poder-de-compra-2023" está no livro-razão e tem página própria, mas nenhuma outra página a cita.
    · a afirmação "alfandega-da-fe-limite-divida-dgal-2024" está no livro-razão e tem página própria, mas nenhuma outra página a cita.
    · a afirmação "alijo-limite-divida-dgal-2024" está no livro-razão e tem página própria, mas nenhuma outra página a cita.
    · a afirmação "aljezur-limite-divida-dgal-2024" está no livro-razão e tem página própria, mas nenhuma outra página a cita.
    · a afirmação "aljezur-prazo-medio-de-pagamento-2025-12" está no livro-razão e tem página própria, mas nenhuma outra página a cita.
    · a afirmação "aljustrel-limite-divida-dgal-2024" está no livro-razão e tem página própria, mas nenhuma outra página a cita.
    · a afirmação "aljustrel-prazo-medio-de-pagamento-2025-12" está no livro-razão e tem página própria, mas nenhuma outra página a cita.
    · a afirmação "almada-limite-divida-dgal-2024" está no livro-razão e tem página própria, mas nenhuma outra página a cita.
    · a afirmação "almada-prazo-medio-de-pagamento-2025-12" está no livro-razão e tem página própria, mas nenhuma outra página a cita.
    · a afirmação "almeida-limite-divida-dgal-2024" está no livro-razão e tem página própria, mas nenhuma outra página a cita.
    · a afirmação "almeirim-limite-divida-dgal-2024" está no livro-razão e tem página própria, mas nenhuma outra página a cita.
    · a afirmação "almodovar-limite-divida-dgal-2024" está no livro-razão e tem página própria, mas nenhuma outra página a cita.
    · a afirmação "alpiarca-limite-divida-dgal-2024" está no livro-razão e tem página própria, mas nenhuma outra página a cita.
    · a afirmação "alter-do-chao-limite-divida-dgal-2024" está no livro-razão e tem página própria, mas nenhuma outra página a cita.
    · a afirmação "alvaiazere-limite-divida-dgal-2024" está no livro-razão e tem página própria, mas nenhuma outra página a cita.
    · a afirmação "alvito-limite-divida-dgal-2024" está no livro-razão e tem página própria, mas nenhuma outra página a cita.
    · a afirmação "amadora-limite-divida-dgal-2024" está no livro-razão e tem página própria, mas nenhuma outra página a cita.
    · a afirmação "amarante-limite-divida-dgal-2024" está no livro-razão e tem página própria, mas nenhuma outra página a cita.
    · a afirmação "amares-limite-divida-dgal-2024" está no livro-razão e tem página própria, mas nenhuma outra página a cita.
    · a afirmação "anadia-limite-divida-dgal-2024" está no livro-razão e tem página própria, mas nenhuma outra página a cita.
    · a afirmação "angra-do-heroismo-limite-divida-dgal-2024" está no livro-razão e tem página própria, mas nenhuma outra página a cita.
    · a afirmação "ansiao-limite-divida-dgal-2024" está no livro-razão e tem página própria, mas nenhuma outra página a cita.
    · a afirmação "arcos-de-valdevez-limite-divida-dgal-2024" está no livro-razão e tem página própria, mas nenhuma outra página a cita.
    · a afirmação "arganil-limite-divida-dgal-2024" está no livro-razão e tem página própria, mas nenhuma outra página a cita.
    · a afirmação "armamar-limite-divida-dgal-2024" está no livro-razão e tem página própria, mas nenhuma outra página a cita.
    · a afirmação "arouca-limite-divida-dgal-2024" está no livro-razão e tem página própria, mas nenhuma outra página a cita.
    · a afirmação "arraiolos-limite-divida-dgal-2024" está no livro-razão e tem página própria, mas nenhuma outra página a cita.
    · a afirmação "arronches-limite-divida-dgal-2024" está no livro-razão e tem página própria, mas nenhuma outra página a cita.
    · a afirmação "arruda-dos-vinhos-limite-divida-dgal-2024" está no livro-razão e tem página própria, mas nenhuma outra página a cita.
    · a afirmação "aveiro-limite-divida-dgal-2024" está no livro-razão e tem página própria, mas nenhuma outra página a cita.
    · a afirmação "avis-limite-divida-dgal-2024" está no livro-razão e tem página própria, mas nenhuma outra página a cita.
    · a afirmação "avisos-pt2030-abertos" está no livro-razão e tem página própria, mas nenhuma outra página a cita.
    · a afirmação "avisos-pt2030-pessoas-singulares" está no livro-razão e tem página própria, mas nenhuma outra página a cita.
    · a afirmação "azambuja-limite-divida-dgal-2024" está no livro-razão e tem página própria, mas nenhuma outra página a cita.
    · a afirmação "baiao-limite-divida-dgal-2024" está no livro-razão e tem página própria, mas nenhuma outra página a cita.
    · a afirmação "barcelos-limite-divida-dgal-2024" está no livro-razão e tem página própria, mas nenhuma outra página a cita.
    · a afirmação "barrancos-limite-divida-dgal-2024" está no livro-razão e tem página própria, mas nenhuma outra página a cita.
    · a afirmação "barreiro-limite-divida-dgal-2024" está no livro-razão e tem página própria, mas nenhuma outra página a cita.
    · a afirmação "batalha-limite-divida-dgal-2024" está no livro-razão e tem página própria, mas nenhuma outra página a cita.
    · a afirmação "batalha-prazo-medio-de-pagamento-2025-12" está no livro-razão e tem página própria, mas nenhuma outra página a cita.
    · a afirmação "beja-limite-divida-dgal-2024" está no livro-razão e tem página própria, mas nenhuma outra página a cita.
    · a afirmação "belmonte-limite-divida-dgal-2024" está no livro-razão e tem página própria, mas nenhuma outra página a cita.
    · a afirmação "benavente-limite-divida-dgal-2024" está no livro-razão e tem página própria, mas nenhuma outra página a cita.
    · a afirmação "bombarral-limite-divida-dgal-2024" está no livro-razão e tem página própria, mas nenhuma outra página a cita.
    · a afirmação "borba-limite-divida-dgal-2024" está no livro-razão e tem página própria, mas nenhuma outra página a cita.
    · a afirmação "boticas-limite-divida-dgal-2024" está no livro-razão e tem página própria, mas nenhuma outra página a cita.
    · a afirmação "braga-limite-divida-dgal-2024" está no livro-razão e tem página própria, mas nenhuma outra página a cita.
    · a afirmação "braganca-limite-divida-dgal-2024" está no livro-razão e tem página própria, mas nenhuma outra página a cita.
    · a afirmação "cabeceiras-de-basto-limite-divida-dgal-2024" está no livro-razão e tem página própria, mas nenhuma outra página a cita.
    · a afirmação "cadaval-limite-divida-dgal-2024" está no livro-razão e tem página própria, mas nenhuma outra página a cita.
    · a afirmação "caldas-da-rainha-limite-divida-dgal-2024" está no livro-razão e tem página própria, mas nenhuma outra página a cita.
    · a afirmação "calheta-de-sao-jorge-limite-divida-dgal-2024" está no livro-razão e tem página própria, mas nenhuma outra página a cita.
    · a afirmação "calheta-limite-divida-dgal-2024" está no livro-razão e tem página própria, mas nenhuma outra página a cita.
    · a afirmação "camara-de-lobos-limite-divida-dgal-2024" está no livro-razão e tem página própria, mas nenhuma outra página a cita.
    · a afirmação "caminha-limite-divida-dgal-2024" está no livro-razão e tem página própria, mas nenhuma outra página a cita.
    · a afirmação "campo-maior-limite-divida-dgal-2024" está no livro-razão e tem página própria, mas nenhuma outra página a cita.
    · a afirmação "cantanhede-limite-divida-dgal-2024" está no livro-razão e tem página própria, mas nenhuma outra página a cita.
    · a afirmação "carrazeda-de-ansiaes-limite-divida-dgal-2024" está no livro-razão e tem página própria, mas nenhuma outra página a cita.
    · a afirmação "carregal-do-sal-limite-divida-dgal-2024" está no livro-razão e tem página própria, mas nenhuma outra página a cita.
    · a afirmação "cartaxo-limite-divida-dgal-2024" está no livro-razão e tem página própria, mas nenhuma outra página a cita.
    · a afirmação "cascais-limite-divida-dgal-2024" está no livro-razão e tem página própria, mas nenhuma outra página a cita.
    · a afirmação "castanheira-de-pera-limite-divida-dgal-2024" está no livro-razão e tem página própria, mas nenhuma outra página a cita.
    · a afirmação "castelo-branco-limite-divida-dgal-2024" está no livro-razão e tem página própria, mas nenhuma outra página a cita.
    · a afirmação "castelo-de-paiva-limite-divida-dgal-2024" está no livro-razão e tem página própria, mas nenhuma outra página a cita.
    · a afirmação "castelo-de-vide-limite-divida-dgal-2024" está no livro-razão e tem página própria, mas nenhuma outra página a cita.
    · a afirmação "castro-daire-limite-divida-dgal-2024" está no livro-razão e tem página própria, mas nenhuma outra página a cita.
    · a afirmação "castro-marim-limite-divida-dgal-2024" está no livro-razão e tem página própria, mas nenhuma outra página a cita.
    · a afirmação "castro-verde-limite-divida-dgal-2024" está no livro-razão e tem página própria, mas nenhuma outra página a cita.
    · a afirmação "celorico-da-beira-limite-divida-dgal-2024" está no livro-razão e tem página própria, mas nenhuma outra página a cita.
    · a afirmação "celorico-de-basto-limite-divida-dgal-2024" está no livro-razão e tem página própria, mas nenhuma outra página a cita.
    · a afirmação "chamusca-limite-divida-dgal-2024" está no livro-razão e tem página própria, mas nenhuma outra página a cita.
    · a afirmação "chaves-limite-divida-dgal-2024" está no livro-razão e tem página própria, mas nenhuma outra página a cita.
    · a afirmação "ciclo-substituicao-condutas" está no livro-razão e tem página própria, mas nenhuma outra página a cita.
    · a afirmação "cinfaes-limite-divida-dgal-2024" está no livro-razão e tem página própria, mas nenhuma outra página a cita.
    · a afirmação "coimbra-limite-divida-dgal-2024" está no livro-razão e tem página própria, mas nenhuma outra página a cita.
    · a afirmação "condeixa-a-nova-limite-divida-dgal-2024" está no livro-razão e tem página própria, mas nenhuma outra página a cita.
    · a afirmação "constancia-limite-divida-dgal-2024" está no livro-razão e tem página própria, mas nenhuma outra página a cita.
    · a afirmação "coruche-limite-divida-dgal-2024" está no livro-razão e tem página própria, mas nenhuma outra página a cita.
    · a afirmação "corvo-limite-divida-dgal-2024" está no livro-razão e tem página própria, mas nenhuma outra página a cita.
    · a afirmação "covilha-limite-divida-dgal-2024" está no livro-razão e tem página própria, mas nenhuma outra página a cita.
    · a afirmação "crato-limite-divida-dgal-2024" está no livro-razão e tem página própria, mas nenhuma outra página a cita.
    · a afirmação "cuba-limite-divida-dgal-2024" está no livro-razão e tem página própria, mas nenhuma outra página a cita.
    · a afirmação "distancia-portugal-ue27-2024" está no livro-razão e tem página própria, mas nenhuma outra página a cita.
    · a afirmação "divida-publica-2024-notificacao-ine-2026-09" está no livro-razão e tem página própria, mas nenhuma outra página a cita.
    · a afirmação "elvas-limite-divida-dgal-2024" está no livro-razão e tem página própria, mas nenhuma outra página a cita.
    · a afirmação "entroncamento-limite-divida-dgal-2024" está no livro-razão e tem página própria, mas nenhuma outra página a cita.
    · a afirmação "espinho-limite-divida-dgal-2024" está no livro-razão e tem página própria, mas nenhuma outra página a cita.
    · a afirmação "esposende-limite-divida-dgal-2024" está no livro-razão e tem página própria, mas nenhuma outra página a cita.
    · a afirmação "estarreja-limite-divida-dgal-2024" está no livro-razão e tem página própria, mas nenhuma outra página a cita.
    · a afirmação "estremoz-limite-divida-dgal-2024" está no livro-razão e tem página própria, mas nenhuma outra página a cita.
    · a afirmação "evora-concentracao-vab4-2024" está no livro-razão e tem página própria, mas nenhuma outra página a cita.
    · a afirmação "evora-desemprego-registado-2013" está no livro-razão e tem página própria, mas nenhuma outra página a cita.
    · a afirmação "evora-desemprego-registado-2024" está no livro-razão e tem página própria, mas nenhuma outra página a cita.
    · a afirmação "evora-despesa-paga-2025" está no livro-razão e tem página própria, mas nenhuma outra página a cita.
    · a afirmação "evora-divergencia-municipio-dgal-2024" está no livro-razão e tem página própria, mas nenhuma outra página a cita.
    · a afirmação "evora-divida-total-2024" está no livro-razão e tem página própria, mas nenhuma outra página a cita.
    · a afirmação "evora-execucao-da-receita-2021" está no livro-razão e tem página própria, mas nenhuma outra página a cita.
    · a afirmação "evora-execucao-da-receita-2025" está no livro-razão e tem página própria, mas nenhuma outra página a cita.
    · a afirmação "evora-limite-divida-2025" está no livro-razão e tem página própria, mas nenhuma outra página a cita.
    · a afirmação "evora-margem-endividamento-2025" está no livro-razão e tem página própria, mas nenhuma outra página a cita.
    · a afirmação "evora-orcamento-2025" está no livro-razão e tem página própria, mas nenhuma outra página a cita.
    · a afirmação "evora-populacao-2021" está no livro-razão e tem página própria, mas nenhuma outra página a cita.
    · a afirmação "evora-prazo-medio-de-pagamento-2023" está no livro-razão e tem página própria, mas nenhuma outra página a cita.
    · a afirmação "evora-prazo-medio-de-pagamento-2025-12" está no livro-razão e tem página própria, mas nenhuma outra página a cita.
    · a afirmação "evora-receita-cobrada-2025" está no livro-razão e tem página própria, mas nenhuma outra página a cita.
    · a afirmação "evora-vab-empresarial-2024" está no livro-razão e tem página própria, mas nenhuma outra página a cita.
    · a afirmação "factor-sustentabilidade-2026" está no livro-razão e tem página própria, mas nenhuma outra página a cita.
    · a afirmação "fafe-limite-divida-dgal-2024" está no livro-razão e tem página própria, mas nenhuma outra página a cita.
    · a afirmação "faro-limite-divida-dgal-2024" está no livro-razão e tem página própria, mas nenhuma outra página a cita.
    · a afirmação "felgueiras-limite-divida-dgal-2024" está no livro-razão e tem página própria, mas nenhuma outra página a cita.
    · a afirmação "ferreira-do-alentejo-limite-divida-dgal-2024" está no livro-razão e tem página própria, mas nenhuma outra página a cita.
    · a afirmação "ferreira-do-zezere-limite-divida-dgal-2024" está no livro-razão e tem página própria, mas nenhuma outra página a cita.
    · a afirmação "figueira-da-foz-limite-divida-dgal-2024" está no livro-razão e tem página própria, mas nenhuma outra página a cita.
    · a afirmação "figueira-de-castelo-rodrigo-limite-divida-dgal-2024" está no livro-razão e tem página própria, mas nenhuma outra página a cita.
    · a afirmação "figueiro-dos-vinhos-limite-divida-dgal-2024" está no livro-razão e tem página própria, mas nenhuma outra página a cita.
    · a afirmação "fornos-de-algodres-limite-divida-dgal-2024" está no livro-razão e tem página própria, mas nenhuma outra página a cita.
    · a afirmação "freixo-de-espada-a-cinta-limite-divida-dgal-2024" está no livro-razão e tem página própria, mas nenhuma outra página a cita.
    · a afirmação "fronteira-limite-divida-dgal-2024" está no livro-razão e tem página própria, mas nenhuma outra página a cita.
    · a afirmação "funchal-limite-divida-dgal-2024" está no livro-razão e tem página própria, mas nenhuma outra página a cita.
    · a afirmação "fundao-limite-divida-dgal-2024" está no livro-razão e tem página própria, mas nenhuma outra página a cita.
    · a afirmação "gaviao-limite-divida-dgal-2024" está no livro-razão e tem página própria, mas nenhuma outra página a cita.
    · a afirmação "gois-limite-divida-dgal-2024" está no livro-razão e tem página própria, mas nenhuma outra página a cita.
    · a afirmação "golega-limite-divida-dgal-2024" está no livro-razão e tem página própria, mas nenhuma outra página a cita.
    · a afirmação "gondomar-limite-divida-dgal-2024" está no livro-razão e tem página própria, mas nenhuma outra página a cita.
    · a afirmação "gouveia-limite-divida-dgal-2024" está no livro-razão e tem página própria, mas nenhuma outra página a cita.
    · a afirmação "grandola-limite-divida-dgal-2024" está no livro-razão e tem página própria, mas nenhuma outra página a cita.
    · a afirmação "guarda-limite-divida-dgal-2024" está no livro-razão e tem página própria, mas nenhuma outra página a cita.
    · a afirmação "guimaraes-limite-divida-dgal-2024" está no livro-razão e tem página própria, mas nenhuma outra página a cita.
    · a afirmação "horta-limite-divida-dgal-2024" está no livro-razão e tem página própria, mas nenhuma outra página a cita.
    · a afirmação "idanha-a-nova-limite-divida-dgal-2024" está no livro-razão e tem página própria, mas nenhuma outra página a cita.
    · a afirmação "ilhavo-limite-divida-dgal-2024" está no livro-razão e tem página própria, mas nenhuma outra página a cita.
    · a afirmação "indice-de-percepcao-da-corrupcao-2024" está no livro-razão e tem página própria, mas nenhuma outra página a cita.
    · a afirmação "indice-de-percepcao-da-corrupcao-2025-ue" está no livro-razão e tem página própria, mas nenhuma outra página a cita.
    · a afirmação "indice-de-percepcao-da-corrupcao-2025" está no livro-razão e tem página própria, mas nenhuma outra página a cita.
    · a afirmação "lagoa-faro-limite-divida-dgal-2024" está no livro-razão e tem página própria, mas nenhuma outra página a cita.
    · a afirmação "lagoa-ilha-de-sao-miguel-limite-divida-dgal-2024" está no livro-razão e tem página própria, mas nenhuma outra página a cita.
    · a afirmação "lagos-limite-divida-dgal-2024" está no livro-razão e tem página própria, mas nenhuma outra página a cita.
    · a afirmação "lajes-das-flores-limite-divida-dgal-2024" está no livro-razão e tem página própria, mas nenhuma outra página a cita.
    · a afirmação "lajes-do-pico-limite-divida-dgal-2024" está no livro-razão e tem página própria, mas nenhuma outra página a cita.
    · a afirmação "lamego-limite-divida-dgal-2024" está no livro-razão e tem página própria, mas nenhuma outra página a cita.
    · a afirmação "leiria-limite-divida-dgal-2024" está no livro-razão e tem página própria, mas nenhuma outra página a cita.
    · a afirmação "lisboa-limite-divida-dgal-2024" está no livro-razão e tem página própria, mas nenhuma outra página a cita.
    · a afirmação "loule-limite-divida-dgal-2024" está no livro-razão e tem página própria, mas nenhuma outra página a cita.
    · a afirmação "loures-limite-divida-dgal-2024" está no livro-razão e tem página própria, mas nenhuma outra página a cita.
    · a afirmação "lourinha-limite-divida-dgal-2024" está no livro-razão e tem página própria, mas nenhuma outra página a cita.
    · a afirmação "lousa-limite-divida-dgal-2024" está no livro-razão e tem página própria, mas nenhuma outra página a cita.
    · a afirmação "lousada-limite-divida-dgal-2024" está no livro-razão e tem página própria, mas nenhuma outra página a cita.
    · a afirmação "macao-limite-divida-dgal-2024" está no livro-razão e tem página própria, mas nenhuma outra página a cita.
    · a afirmação "macedo-de-cavaleiros-limite-divida-dgal-2024" está no livro-razão e tem página própria, mas nenhuma outra página a cita.
    · a afirmação "machico-limite-divida-dgal-2024" está no livro-razão e tem página própria, mas nenhuma outra página a cita.
    · a afirmação "madalena-limite-divida-dgal-2024" está no livro-razão e tem página própria, mas nenhuma outra página a cita.
    · a afirmação "mafra-limite-divida-dgal-2024" está no livro-razão e tem página própria, mas nenhuma outra página a cita.
    · a afirmação "maia-limite-divida-dgal-2024" está no livro-razão e tem página própria, mas nenhuma outra página a cita.
    · a afirmação "mangualde-limite-divida-dgal-2024" está no livro-razão e tem página própria, mas nenhuma outra página a cita.
    · a afirmação "manteigas-limite-divida-dgal-2024" está no livro-razão e tem página própria, mas nenhuma outra página a cita.
    · a afirmação "marco-de-canaveses-limite-divida-dgal-2024" está no livro-razão e tem página própria, mas nenhuma outra página a cita.
    · a afirmação "marinha-grande-limite-divida-dgal-2024" está no livro-razão e tem página própria, mas nenhuma outra página a cita.
    · a afirmação "marvao-limite-divida-dgal-2024" está no livro-razão e tem página própria, mas nenhuma outra página a cita.
    · a afirmação "matosinhos-limite-divida-dgal-2024" está no livro-razão e tem página própria, mas nenhuma outra página a cita.
    · a afirmação "mealhada-limite-divida-dgal-2024" está no livro-razão e tem página própria, mas nenhuma outra página a cita.
    · a afirmação "meda-limite-divida-dgal-2024" está no livro-razão e tem página própria, mas nenhuma outra página a cita.
    · a afirmação "melgaco-limite-divida-dgal-2024" está no livro-razão e tem página própria, mas nenhuma outra página a cita.
    · a afirmação "mertola-limite-divida-dgal-2024" está no livro-razão e tem página própria, mas nenhuma outra página a cita.
    · a afirmação "mesao-frio-limite-divida-dgal-2024" está no livro-razão e tem página própria, mas nenhuma outra página a cita.
    · a afirmação "mira-limite-divida-dgal-2024" está no livro-razão e tem página própria, mas nenhuma outra página a cita.
    · a afirmação "miranda-do-corvo-limite-divida-dgal-2024" está no livro-razão e tem página própria, mas nenhuma outra página a cita.
    · a afirmação "miranda-do-douro-limite-divida-dgal-2024" está no livro-razão e tem página própria, mas nenhuma outra página a cita.
    · a afirmação "mirandela-limite-divida-dgal-2024" está no livro-razão e tem página própria, mas nenhuma outra página a cita.
    · a afirmação "mogadouro-limite-divida-dgal-2024" está no livro-razão e tem página própria, mas nenhuma outra página a cita.
    · a afirmação "moimenta-da-beira-limite-divida-dgal-2024" está no livro-razão e tem página própria, mas nenhuma outra página a cita.
    · a afirmação "moimenta-da-beira-prazo-medio-de-pagamento-2025-12" está no livro-razão e tem página própria, mas nenhuma outra página a cita.
    · a afirmação "moita-limite-divida-dgal-2024" está no livro-razão e tem página própria, mas nenhuma outra página a cita.
    · a afirmação "moncao-limite-divida-dgal-2024" está no livro-razão e tem página própria, mas nenhuma outra página a cita.
    · a afirmação "monchique-limite-divida-dgal-2024" está no livro-razão e tem página própria, mas nenhuma outra página a cita.
    · a afirmação "mondim-de-basto-limite-divida-dgal-2024" está no livro-razão e tem página própria, mas nenhuma outra página a cita.
    · a afirmação "monforte-limite-divida-dgal-2024" está no livro-razão e tem página própria, mas nenhuma outra página a cita.
    · a afirmação "montalegre-limite-divida-dgal-2024" está no livro-razão e tem página própria, mas nenhuma outra página a cita.
    · a afirmação "montemor-o-novo-limite-divida-dgal-2024" está no livro-razão e tem página própria, mas nenhuma outra página a cita.
    · a afirmação "montemor-o-velho-limite-divida-dgal-2024" está no livro-razão e tem página própria, mas nenhuma outra página a cita.
    · a afirmação "montijo-limite-divida-dgal-2024" está no livro-razão e tem página própria, mas nenhuma outra página a cita.
    · a afirmação "mora-limite-divida-dgal-2024" está no livro-razão e tem página própria, mas nenhuma outra página a cita.
    · a afirmação "mortagua-limite-divida-dgal-2024" está no livro-razão e tem página própria, mas nenhuma outra página a cita.
    · a afirmação "moura-limite-divida-dgal-2024" está no livro-razão e tem página própria, mas nenhuma outra página a cita.
    · a afirmação "mourao-limite-divida-dgal-2024" está no livro-razão e tem página própria, mas nenhuma outra página a cita.
    · a afirmação "municipios-com-estudo-aprofundado" está no livro-razão e tem página própria, mas nenhuma outra página a cita.
    · a afirmação "municipios-sem-estudo-aprofundado" está no livro-razão e tem página própria, mas nenhuma outra página a cita.
    · a afirmação "murca-limite-divida-dgal-2024" está no livro-razão e tem página própria, mas nenhuma outra página a cita.
    · a afirmação "murtosa-limite-divida-dgal-2024" está no livro-razão e tem página própria, mas nenhuma outra página a cita.
    · a afirmação "nazare-limite-divida-dgal-2024" está no livro-razão e tem página própria, mas nenhuma outra página a cita.
    · a afirmação "nelas-limite-divida-dgal-2024" está no livro-razão e tem página própria, mas nenhuma outra página a cita.
    · a afirmação "nisa-limite-divida-dgal-2024" está no livro-razão e tem página própria, mas nenhuma outra página a cita.
    · a afirmação "nordeste-limite-divida-dgal-2024" está no livro-razão e tem página própria, mas nenhuma outra página a cita.
    · a afirmação "obidos-limite-divida-dgal-2024" está no livro-razão e tem página própria, mas nenhuma outra página a cita.
    · a afirmação "odemira-limite-divida-dgal-2024" está no livro-razão e tem página própria, mas nenhuma outra página a cita.
    · a afirmação "odivelas-limite-divida-dgal-2024" está no livro-razão e tem página própria, mas nenhuma outra página a cita.
    · a afirmação "oeiras-limite-divida-dgal-2024" está no livro-razão e tem página própria, mas nenhuma outra página a cita.
    · a afirmação "oleiros-limite-divida-dgal-2024" está no livro-razão e tem página própria, mas nenhuma outra página a cita.
    · a afirmação "olhao-limite-divida-dgal-2024" está no livro-razão e tem página própria, mas nenhuma outra página a cita.
    · a afirmação "oliveira-de-azemeis-limite-divida-dgal-2024" está no livro-razão e tem página própria, mas nenhuma outra página a cita.
    · a afirmação "oliveira-de-frades-limite-divida-dgal-2024" está no livro-razão e tem página própria, mas nenhuma outra página a cita.
    · a afirmação "oliveira-do-bairro-limite-divida-dgal-2024" está no livro-razão e tem página própria, mas nenhuma outra página a cita.
    · a afirmação "oliveira-do-hospital-limite-divida-dgal-2024" está no livro-razão e tem página própria, mas nenhuma outra página a cita.
    · a afirmação "ourem-limite-divida-dgal-2024" está no livro-razão e tem página própria, mas nenhuma outra página a cita.
    · a afirmação "ourique-limite-divida-dgal-2024" está no livro-razão e tem página própria, mas nenhuma outra página a cita.
    · a afirmação "ovar-limite-divida-dgal-2024" está no livro-razão e tem página própria, mas nenhuma outra página a cita.
    · a afirmação "pacos-de-ferreira-limite-divida-dgal-2024" está no livro-razão e tem página própria, mas nenhuma outra página a cita.
    · a afirmação "palmela-limite-divida-dgal-2024" está no livro-razão e tem página própria, mas nenhuma outra página a cita.
    · a afirmação "pampilhosa-da-serra-limite-divida-dgal-2024" está no livro-razão e tem página própria, mas nenhuma outra página a cita.
    · a afirmação "paredes-de-coura-limite-divida-dgal-2024" está no livro-razão e tem página própria, mas nenhuma outra página a cita.
    · a afirmação "paredes-limite-divida-dgal-2024" está no livro-razão e tem página própria, mas nenhuma outra página a cita.
    · a afirmação "pedrogao-grande-limite-divida-dgal-2024" está no livro-razão e tem página própria, mas nenhuma outra página a cita.
    · a afirmação "pedrogao-grande-prazo-medio-de-pagamento-2025-12" está no livro-razão e tem página própria, mas nenhuma outra página a cita.
    · a afirmação "penacova-limite-divida-dgal-2024" está no livro-razão e tem página própria, mas nenhuma outra página a cita.
    · a afirmação "penafiel-limite-divida-dgal-2024" está no livro-razão e tem página própria, mas nenhuma outra página a cita.
    · a afirmação "penalva-do-castelo-limite-divida-dgal-2024" está no livro-razão e tem página própria, mas nenhuma outra página a cita.
    · a afirmação "penamacor-limite-divida-dgal-2024" está no livro-razão e tem página própria, mas nenhuma outra página a cita.
    · a afirmação "penedono-divida-dgal-2024" está no livro-razão e tem página própria, mas nenhuma outra página a cita.
    · a afirmação "penedono-limite-divida-dgal-2024" está no livro-razão e tem página própria, mas nenhuma outra página a cita.
    · a afirmação "penedono-prazo-medio-de-pagamento-2025-12" está no livro-razão e tem página própria, mas nenhuma outra página a cita.
    · a afirmação "penela-limite-divida-dgal-2024" está no livro-razão e tem página própria, mas nenhuma outra página a cita.
    · a afirmação "peniche-limite-divida-dgal-2024" está no livro-razão e tem página própria, mas nenhuma outra página a cita.
    · a afirmação "peso-da-regua-limite-divida-dgal-2024" está no livro-razão e tem página própria, mas nenhuma outra página a cita.
    · a afirmação "pinhel-limite-divida-dgal-2024" está no livro-razão e tem página própria, mas nenhuma outra página a cita.
    · a afirmação "pombal-limite-divida-dgal-2024" está no livro-razão e tem página própria, mas nenhuma outra página a cita.
    · a afirmação "ponta-delgada-limite-divida-dgal-2024" está no livro-razão e tem página própria, mas nenhuma outra página a cita.
    · a afirmação "ponta-do-sol-limite-divida-dgal-2024" está no livro-razão e tem página própria, mas nenhuma outra página a cita.
    · a afirmação "ponte-da-barca-limite-divida-dgal-2024" está no livro-razão e tem página própria, mas nenhuma outra página a cita.
    · a afirmação "ponte-de-lima-limite-divida-dgal-2024" está no livro-razão e tem página própria, mas nenhuma outra página a cita.
    · a afirmação "ponte-de-sor-limite-divida-dgal-2024" está no livro-razão e tem página própria, mas nenhuma outra página a cita.
    · a afirmação "portalegre-limite-divida-dgal-2024" está no livro-razão e tem página própria, mas nenhuma outra página a cita.
    · a afirmação "portel-limite-divida-dgal-2024" está no livro-razão e tem página própria, mas nenhuma outra página a cita.
    · a afirmação "portimao-limite-divida-dgal-2024" está no livro-razão e tem página própria, mas nenhuma outra página a cita.
    · a afirmação "porto-de-mos-limite-divida-dgal-2024" está no livro-razão e tem página própria, mas nenhuma outra página a cita.
    · a afirmação "porto-limite-divida-dgal-2024" está no livro-razão e tem página própria, mas nenhuma outra página a cita.
    · a afirmação "porto-moniz-limite-divida-dgal-2024" está no livro-razão e tem página própria, mas nenhuma outra página a cita.
    · a afirmação "porto-santo-limite-divida-dgal-2024" está no livro-razão e tem página própria, mas nenhuma outra página a cita.
    · a afirmação "portugal-concentracao-vab4-2024" está no livro-razão e tem página própria, mas nenhuma outra página a cita.
    · a afirmação "povoa-de-lanhoso-limite-divida-dgal-2024" está no livro-razão e tem página própria, mas nenhuma outra página a cita.
    · a afirmação "povoa-de-varzim-limite-divida-dgal-2024" está no livro-razão e tem página própria, mas nenhuma outra página a cita.
    · a afirmação "povoacao-limite-divida-dgal-2024" está no livro-razão e tem página própria, mas nenhuma outra página a cita.
    · a afirmação "praia-da-vitoria-limite-divida-dgal-2024" está no livro-razão e tem página própria, mas nenhuma outra página a cita.
    · a afirmação "proenca-a-nova-limite-divida-dgal-2024" está no livro-razão e tem página própria, mas nenhuma outra página a cita.
    · a afirmação "redondo-limite-divida-dgal-2024" está no livro-razão e tem página própria, mas nenhuma outra página a cita.
    · a afirmação "reguengos-de-monsaraz-limite-divida-dgal-2024" está no livro-razão e tem página própria, mas nenhuma outra página a cita.
    · a afirmação "resende-limite-divida-dgal-2024" está no livro-razão e tem página própria, mas nenhuma outra página a cita.
    · a afirmação "ribeira-brava-limite-divida-dgal-2024" está no livro-razão e tem página própria, mas nenhuma outra página a cita.
    · a afirmação "ribeira-de-pena-limite-divida-dgal-2024" está no livro-razão e tem página própria, mas nenhuma outra página a cita.
    · a afirmação "ribeira-grande-limite-divida-dgal-2024" está no livro-razão e tem página própria, mas nenhuma outra página a cita.
    · a afirmação "rio-maior-limite-divida-dgal-2024" está no livro-razão e tem página própria, mas nenhuma outra página a cita.
    · a afirmação "sabrosa-limite-divida-dgal-2024" está no livro-razão e tem página própria, mas nenhuma outra página a cita.
    · a afirmação "sabugal-limite-divida-dgal-2024" está no livro-razão e tem página própria, mas nenhuma outra página a cita.
    · a afirmação "saldo-das-administracoes-publicas-2025-notificacao-ine-2026-09" está no livro-razão e tem página própria, mas nenhuma outra página a cita.
    · a afirmação "saldo-natural-portugal-2025" está no livro-razão e tem página própria, mas nenhuma outra página a cita.
    · a afirmação "salvaterra-de-magos-limite-divida-dgal-2024" está no livro-razão e tem página própria, mas nenhuma outra página a cita.
    · a afirmação "santa-comba-dao-limite-divida-dgal-2024" está no livro-razão e tem página própria, mas nenhuma outra página a cita.
    · a afirmação "santa-cruz-da-graciosa-limite-divida-dgal-2024" está no livro-razão e tem página própria, mas nenhuma outra página a cita.
    · a afirmação "santa-cruz-das-flores-limite-divida-dgal-2024" está no livro-razão e tem página própria, mas nenhuma outra página a cita.
    · a afirmação "santa-cruz-limite-divida-dgal-2024" está no livro-razão e tem página própria, mas nenhuma outra página a cita.
    · a afirmação "santa-maria-da-feira-limite-divida-dgal-2024" está no livro-razão e tem página própria, mas nenhuma outra página a cita.
    · a afirmação "santa-marta-de-penaguiao-limite-divida-dgal-2024" está no livro-razão e tem página própria, mas nenhuma outra página a cita.
    · a afirmação "santana-limite-divida-dgal-2024" está no livro-razão e tem página própria, mas nenhuma outra página a cita.
    · a afirmação "santarem-limite-divida-dgal-2024" está no livro-razão e tem página própria, mas nenhuma outra página a cita.
    · a afirmação "santiago-do-cacem-limite-divida-dgal-2024" está no livro-razão e tem página própria, mas nenhuma outra página a cita.
    · a afirmação "santo-tirso-limite-divida-dgal-2024" está no livro-razão e tem página própria, mas nenhuma outra página a cita.
    · a afirmação "sao-bras-de-alportel-limite-divida-dgal-2024" está no livro-razão e tem página própria, mas nenhuma outra página a cita.
    · a afirmação "sao-joao-da-madeira-limite-divida-dgal-2024" está no livro-razão e tem página própria, mas nenhuma outra página a cita.
    · a afirmação "sao-joao-da-pesqueira-limite-divida-dgal-2024" está no livro-razão e tem página própria, mas nenhuma outra página a cita.
    · a afirmação "sao-pedro-do-sul-limite-divida-dgal-2024" está no livro-razão e tem página própria, mas nenhuma outra página a cita.
    · a afirmação "sao-roque-do-pico-limite-divida-dgal-2024" está no livro-razão e tem página própria, mas nenhuma outra página a cita.
    · a afirmação "sao-vicente-limite-divida-dgal-2024" está no livro-razão e tem página própria, mas nenhuma outra página a cita.
    · a afirmação "sardoal-limite-divida-dgal-2024" está no livro-razão e tem página própria, mas nenhuma outra página a cita.
    · a afirmação "satao-limite-divida-dgal-2024" está no livro-razão e tem página própria, mas nenhuma outra página a cita.
    · a afirmação "seia-limite-divida-dgal-2024" está no livro-razão e tem página própria, mas nenhuma outra página a cita.
    · a afirmação "seixal-limite-divida-dgal-2024" está no livro-razão e tem página própria, mas nenhuma outra página a cita.
    · a afirmação "sernancelhe-limite-divida-dgal-2024" está no livro-razão e tem página própria, mas nenhuma outra página a cita.
    · a afirmação "serpa-limite-divida-dgal-2024" está no livro-razão e tem página própria, mas nenhuma outra página a cita.
    · a afirmação "serta-limite-divida-dgal-2024" está no livro-razão e tem página própria, mas nenhuma outra página a cita.
    · a afirmação "sesimbra-limite-divida-dgal-2024" está no livro-razão e tem página própria, mas nenhuma outra página a cita.
    · a afirmação "setubal-limite-divida-dgal-2024" está no livro-razão e tem página própria, mas nenhuma outra página a cita.
    · a afirmação "sever-do-vouga-limite-divida-dgal-2024" está no livro-razão e tem página própria, mas nenhuma outra página a cita.
    · a afirmação "silves-limite-divida-dgal-2024" está no livro-razão e tem página própria, mas nenhuma outra página a cita.
    · a afirmação "sines-limite-divida-dgal-2024" está no livro-razão e tem página própria, mas nenhuma outra página a cita.
    · a afirmação "sintra-limite-divida-dgal-2024" está no livro-razão e tem página própria, mas nenhuma outra página a cita.
    · a afirmação "sobral-de-monte-agraco-limite-divida-dgal-2024" está no livro-razão e tem página própria, mas nenhuma outra página a cita.
    · a afirmação "soure-limite-divida-dgal-2024" está no livro-razão e tem página própria, mas nenhuma outra página a cita.
    · a afirmação "sousel-limite-divida-dgal-2024" está no livro-razão e tem página própria, mas nenhuma outra página a cita.
    · a afirmação "tabua-limite-divida-dgal-2024" está no livro-razão e tem página própria, mas nenhuma outra página a cita.
    · a afirmação "tabuaco-limite-divida-dgal-2024" está no livro-razão e tem página própria, mas nenhuma outra página a cita.
    · a afirmação "tarouca-limite-divida-dgal-2024" está no livro-razão e tem página própria, mas nenhuma outra página a cita.
    · a afirmação "tavira-limite-divida-dgal-2024" está no livro-razão e tem página própria, mas nenhuma outra página a cita.
    · a afirmação "taxa-de-desemprego-2024" está no livro-razão e tem página própria, mas nenhuma outra página a cita.
    · a afirmação "taxa-de-desemprego-2025-ue" está no livro-razão e tem página própria, mas nenhuma outra página a cita.
    · a afirmação "terras-de-bouro-limite-divida-dgal-2024" está no livro-razão e tem página própria, mas nenhuma outra página a cita.
    · a afirmação "tomar-limite-divida-dgal-2024" está no livro-razão e tem página própria, mas nenhuma outra página a cita.
    · a afirmação "tondela-limite-divida-dgal-2024" está no livro-razão e tem página própria, mas nenhuma outra página a cita.
    · a afirmação "torre-de-moncorvo-limite-divida-dgal-2024" está no livro-razão e tem página própria, mas nenhuma outra página a cita.
    · a afirmação "torres-novas-limite-divida-dgal-2024" está no livro-razão e tem página própria, mas nenhuma outra página a cita.
    · a afirmação "torres-vedras-limite-divida-dgal-2024" está no livro-razão e tem página própria, mas nenhuma outra página a cita.
    · a afirmação "trancoso-limite-divida-dgal-2024" está no livro-razão e tem página própria, mas nenhuma outra página a cita.
    · a afirmação "trancoso-prazo-medio-de-pagamento-2025-12" está no livro-razão e tem página própria, mas nenhuma outra página a cita.
    · a afirmação "trofa-limite-divida-dgal-2024" está no livro-razão e tem página própria, mas nenhuma outra página a cita.
    · a afirmação "vagos-limite-divida-dgal-2024" está no livro-razão e tem página própria, mas nenhuma outra página a cita.
    · a afirmação "vale-de-cambra-limite-divida-dgal-2024" está no livro-razão e tem página própria, mas nenhuma outra página a cita.
    · a afirmação "valenca-limite-divida-dgal-2024" está no livro-razão e tem página própria, mas nenhuma outra página a cita.
    · a afirmação "valongo-limite-divida-dgal-2024" está no livro-razão e tem página própria, mas nenhuma outra página a cita.
    · a afirmação "valpacos-limite-divida-dgal-2024" está no livro-razão e tem página própria, mas nenhuma outra página a cita.
    · a afirmação "velas-limite-divida-dgal-2024" está no livro-razão e tem página própria, mas nenhuma outra página a cita.
    · a afirmação "vendas-novas-limite-divida-dgal-2024" está no livro-razão e tem página própria, mas nenhuma outra página a cita.
    · a afirmação "viana-do-alentejo-limite-divida-dgal-2024" está no livro-razão e tem página própria, mas nenhuma outra página a cita.
    · a afirmação "viana-do-castelo-limite-divida-dgal-2024" está no livro-razão e tem página própria, mas nenhuma outra página a cita.
    · a afirmação "vidigueira-limite-divida-dgal-2024" está no livro-razão e tem página própria, mas nenhuma outra página a cita.
    · a afirmação "vieira-do-minho-limite-divida-dgal-2024" está no livro-razão e tem página própria, mas nenhuma outra página a cita.
    · a afirmação "vila-de-rei-limite-divida-dgal-2024" está no livro-razão e tem página própria, mas nenhuma outra página a cita.
    · a afirmação "vila-do-bispo-limite-divida-dgal-2024" está no livro-razão e tem página própria, mas nenhuma outra página a cita.
    · a afirmação "vila-do-conde-limite-divida-dgal-2024" está no livro-razão e tem página própria, mas nenhuma outra página a cita.
    · a afirmação "vila-do-porto-limite-divida-dgal-2024" está no livro-razão e tem página própria, mas nenhuma outra página a cita.
    · a afirmação "vila-flor-limite-divida-dgal-2024" está no livro-razão e tem página própria, mas nenhuma outra página a cita.
    · a afirmação "vila-franca-de-xira-limite-divida-dgal-2024" está no livro-razão e tem página própria, mas nenhuma outra página a cita.
    · a afirmação "vila-franca-do-campo-limite-divida-dgal-2024" está no livro-razão e tem página própria, mas nenhuma outra página a cita.
    · a afirmação "vila-nova-da-barquinha-limite-divida-dgal-2024" está no livro-razão e tem página própria, mas nenhuma outra página a cita.
    · a afirmação "vila-nova-de-cerveira-limite-divida-dgal-2024" está no livro-razão e tem página própria, mas nenhuma outra página a cita.
    · a afirmação "vila-nova-de-famalicao-limite-divida-dgal-2024" está no livro-razão e tem página própria, mas nenhuma outra página a cita.
    · a afirmação "vila-nova-de-foz-coa-limite-divida-dgal-2024" está no livro-razão e tem página própria, mas nenhuma outra página a cita.
    · a afirmação "vila-nova-de-gaia-limite-divida-dgal-2024" está no livro-razão e tem página própria, mas nenhuma outra página a cita.
    · a afirmação "vila-nova-de-paiva-limite-divida-dgal-2024" está no livro-razão e tem página própria, mas nenhuma outra página a cita.
    · a afirmação "vila-nova-de-poiares-limite-divida-dgal-2024" está no livro-razão e tem página própria, mas nenhuma outra página a cita.
    · a afirmação "vila-pouca-de-aguiar-limite-divida-dgal-2024" está no livro-razão e tem página própria, mas nenhuma outra página a cita.
    · a afirmação "vila-real-de-santo-antonio-limite-divida-dgal-2024" está no livro-razão e tem página própria, mas nenhuma outra página a cita.
    · a afirmação "vila-real-limite-divida-dgal-2024" está no livro-razão e tem página própria, mas nenhuma outra página a cita.
    · a afirmação "vila-velha-de-rodao-limite-divida-dgal-2024" está no livro-razão e tem página própria, mas nenhuma outra página a cita.
    · a afirmação "vila-verde-limite-divida-dgal-2024" está no livro-razão e tem página própria, mas nenhuma outra página a cita.
    · a afirmação "vila-vicosa-limite-divida-dgal-2024" está no livro-razão e tem página própria, mas nenhuma outra página a cita.
    · a afirmação "vimioso-limite-divida-dgal-2024" está no livro-razão e tem página própria, mas nenhuma outra página a cita.
    · a afirmação "vinhais-limite-divida-dgal-2024" está no livro-razão e tem página própria, mas nenhuma outra página a cita.
    · a afirmação "viseu-limite-divida-dgal-2024" está no livro-razão e tem página própria, mas nenhuma outra página a cita.
    · a afirmação "vizela-limite-divida-dgal-2024" está no livro-razão e tem página própria, mas nenhuma outra página a cita.
    · a afirmação "vouzela-limite-divida-dgal-2024" está no livro-razão e tem página própria, mas nenhuma outra página a cita.

  O PORTÃO DE HTML FECHOU — 613 erro(s):

  en/municipalities/abrantes/index.html
    ✗ L2b: «data-concelho-lugar» de «indice#abrantes» diz «280» e a recontagem das linhas dá «28».

  en/municipalities/agueda/index.html
    ✗ L2b: «data-concelho-lugar» de «indice#agueda» diz «210» e a recontagem das linhas dá «98».

  en/municipalities/aguiar-da-beira/index.html
    ✗ L2b: «data-concelho-lugar» de «indice#aguiar-da-beira» diz «286» e a recontagem das linhas dá «22».

  en/municipalities/alandroal/index.html
    ✗ L2b: «data-concelho-lugar» de «indice#alandroal» diz «12» e a recontagem das linhas dá «296».

  en/municipalities/albergaria-a-velha/index.html
    ✗ L2b: «data-concelho-lugar» de «indice#albergaria-a-velha» diz «110» e a recontagem das linhas dá «198».

  en/municipalities/albufeira/index.html
    ✗ L2b: «data-concelho-lugar» de «indice#albufeira» diz «188» e a recontagem das linhas dá «120».

  en/municipalities/alcacer-do-sal/index.html
    ✗ L2b: «data-concelho-lugar» de «indice#alcacer-do-sal» diz «295» e a recontagem das linhas dá «13».

  en/municipalities/alcanena/index.html
    ✗ L2b: «data-concelho-lugar» de «indice#alcanena» diz «61» e a recontagem das linhas dá «247».

  en/municipalities/alcobaca/index.html
    ✗ L2b: «data-concelho-lugar» de «indice#alcobaca» diz «266» e a recontagem das linhas dá «42».

  en/municipalities/alcochete/index.html
    ✗ L2b: «data-concelho-lugar» de «indice#alcochete» diz «232» e a recontagem das linhas dá «76».

  en/municipalities/alcoutim/index.html
    ✗ L2b: «data-concelho-lugar» de «indice#alcoutim» diz «186» e a recontagem das linhas dá «121».

  en/municipalities/alenquer/index.html
    ✗ L2b: «data-concelho-lugar» de «indice#alenquer» diz «248» e a recontagem das linhas dá «60».

  en/municipalities/alfandega-da-fe/index.html
    ✗ L2b: «data-concelho-lugar» de «indice#alfandega-da-fe» diz «10» e a recontagem das linhas dá «298».

  en/municipalities/alijo/index.html
    ✗ L2b: «data-concelho-lugar» de «indice#alijo» diz «38» e a recontagem das linhas dá «270».

  en/municipalities/aljezur/index.html
    ✗ L2b: «data-concelho-lugar» de «indice#aljezur» diz «278» e a recontagem das linhas dá «29».

  en/municipalities/aljustrel/index.html
    ✗ L2b: «data-concelho-lugar» de «indice#aljustrel» diz «118» e a recontagem das linhas dá «190».

  en/municipalities/almada/index.html
    ✗ L2b: «data-concelho-lugar» de «indice#almada» diz «256» e a recontagem das linhas dá «51».

  en/municipalities/almeida/index.html
    ✗ L2b: «data-concelho-lugar» de «indice#almeida» diz «290» e a recontagem das linhas dá «18».

  en/municipalities/almeirim/index.html
    ✗ L2b: «data-concelho-lugar» de «indice#almeirim» diz «114» e a recontagem das linhas dá «194».

  en/municipalities/almodovar/index.html
    ✗ L2b: «data-concelho-lugar» de «indice#almodovar» diz «191» e a recontagem das linhas dá «117».

  en/municipalities/alpiarca/index.html
    ✗ L2b: «data-concelho-lugar» de «indice#alpiarca» diz «87» e a recontagem das linhas dá «221».

  en/municipalities/alter-do-chao/index.html
    ✗ L2b: «data-concelho-lugar» de «indice#alter-do-chao» diz «283» e a recontagem das linhas dá «24».

  en/municipalities/alvaiazere/index.html
    ✗ L2b: «data-concelho-lugar» de «indice#alvaiazere» diz «204» e a recontagem das linhas dá «104».

  en/municipalities/alvito/index.html
    ✗ L2b: «data-concelho-lugar» de «indice#alvito» diz «111» e a recontagem das linhas dá «195».

  en/municipalities/amadora/index.html
    ✗ L2b: «data-concelho-lugar» de «indice#amadora» diz «276» e a recontagem das linhas dá «32».

  en/municipalities/amarante/index.html
    ✗ L2b: «data-concelho-lugar» de «indice#amarante» diz «70» e a recontagem das linhas dá «237».

  en/municipalities/amares/index.html
    ✗ L2b: «data-concelho-lugar» de «indice#amares» diz «138» e a recontagem das linhas dá «168».

  en/municipalities/anadia/index.html
    ✗ L2b: «data-concelho-lugar» de «indice#anadia» diz «167» e a recontagem das linhas dá «141».

  en/municipalities/angra-do-heroismo/index.html
    ✗ L2b: «data-concelho-lugar» de «indice#angra-do-heroismo» diz «83» e a recontagem das linhas dá «224».

  en/municipalities/ansiao/index.html
    ✗ L2b: «data-concelho-lugar» de «indice#ansiao» diz «219» e a recontagem das linhas dá «88».

  en/municipalities/arcos-de-valdevez/index.html
    ✗ L2b: «data-concelho-lugar» de «indice#arcos-de-valdevez» diz «137» e a recontagem das linhas dá «171».

  en/municipalities/arganil/index.html
    ✗ L2b: «data-concelho-lugar» de «indice#arganil» diz «143» e a recontagem das linhas dá «165».

  en/municipalities/armamar/index.html
    ✗ L2b: «data-concelho-lugar» de «indice#armamar» diz «120» e a recontagem das linhas dá «188».

  en/municipalities/arouca/index.html
    ✗ L2b: «data-concelho-lugar» de «indice#arouca» diz «303» e a recontagem das linhas dá «5».

  en/municipalities/arraiolos/index.html
    ✗ L2b: «data-concelho-lugar» de «indice#arraiolos» diz «156» e a recontagem das linhas dá «151».

  en/municipalities/arronches/index.html
    ✗ L2b: «data-concelho-lugar» de «indice#arronches» diz «299» e a recontagem das linhas dá «8».

  en/municipalities/arruda-dos-vinhos/index.html
    ✗ L2b: «data-concelho-lugar» de «indice#arruda-dos-vinhos» diz «151» e a recontagem das linhas dá «157».

  en/municipalities/aveiro/index.html
    ✗ L2b: «data-concelho-lugar» de «indice#aveiro» diz «34» e a recontagem das linhas dá «274».

  en/municipalities/avis/index.html
    ✗ L2b: «data-concelho-lugar» de «indice#avis» diz «234» e a recontagem das linhas dá «74».

  en/municipalities/azambuja/index.html
    ✗ L2b: «data-concelho-lugar» de «indice#azambuja» diz «186» e a recontagem das linhas dá «121».

  en/municipalities/baiao/index.html
    ✗ L2b: «data-concelho-lugar» de «indice#baiao» diz «170» e a recontagem das linhas dá «137».

  en/municipalities/barcelos/index.html
    ✗ L2b: «data-concelho-lugar» de «indice#barcelos» diz «121» e a recontagem das linhas dá «187».

  en/municipalities/barrancos/index.html
    ✗ L2b: «data-concelho-lugar» de «indice#barrancos» diz «252» e a recontagem das linhas dá «56».

  en/municipalities/barreiro/index.html
    ✗ L2b: «data-concelho-lugar» de «indice#barreiro» diz «91» e a recontagem das linhas dá «217».

  en/municipalities/batalha/index.html
    ✗ L2b: «data-concelho-lugar» de «indice#batalha» diz «212» e a recontagem das linhas dá «95».

  en/municipalities/beja/index.html
    ✗ L2b: «data-concelho-lugar» de «indice#beja» diz «141» e a recontagem das linhas dá «167».

  en/municipalities/belmonte/index.html
    ✗ L2b: «data-concelho-lugar» de «indice#belmonte» diz «19» e a recontagem das linhas dá «289».

  en/municipalities/benavente/index.html
    ✗ L2b: «data-concelho-lugar» de «indice#benavente» diz «254» e a recontagem das linhas dá «53».

  en/municipalities/bombarral/index.html
    ✗ L2b: «data-concelho-lugar» de «indice#bombarral» diz «264» e a recontagem das linhas dá «43».

  en/municipalities/borba/index.html
    ✗ L2b: «data-concelho-lugar» de «indice#borba» diz «76» e a recontagem das linhas dá «231».

  en/municipalities/boticas/index.html
    ✗ L2b: «data-concelho-lugar» de «indice#boticas» diz «226» e a recontagem das linhas dá «81».

  en/municipalities/braga/index.html
    ✗ L2b: «data-concelho-lugar» de «indice#braga» diz «28» e a recontagem das linhas dá «280».

  en/municipalities/braganca/index.html
    ✗ L2b: «data-concelho-lugar» de «indice#braganca» diz «278» e a recontagem das linhas dá «29».

  en/municipalities/cabeceiras-de-basto/index.html
    ✗ L2b: «data-concelho-lugar» de «indice#cabeceiras-de-basto» diz «225» e a recontagem das linhas dá «83».

  en/municipalities/cadaval/index.html
    ✗ L2b: «data-concelho-lugar» de «indice#cadaval» diz «288» e a recontagem das linhas dá «20».

  en/municipalities/caldas-da-rainha/index.html
    ✗ L2b: «data-concelho-lugar» de «indice#caldas-da-rainha» diz «270» e a recontagem das linhas dá «38».

  en/municipalities/calheta/index.html
    ✗ L2b: «data-concelho-lugar» de «indice#calheta» diz «168» e a recontagem das linhas dá «139».

  en/municipalities/calheta-de-sao-jorge/index.html
    ✗ L2b: «data-concelho-lugar» de «indice#calheta-de-sao-jorge» diz «306» e a recontagem das linhas dá «1».

  en/municipalities/camara-de-lobos/index.html
    ✗ L2b: «data-concelho-lugar» de «indice#camara-de-lobos» diz «192» e a recontagem das linhas dá «115».

  en/municipalities/caminha/index.html
    ✗ L2b: «data-concelho-lugar» de «indice#caminha» diz «37» e a recontagem das linhas dá «271».

  en/municipalities/campo-maior/index.html
    ✗ L2b: «data-concelho-lugar» de «indice#campo-maior» diz «253» e a recontagem das linhas dá «55».

  en/municipalities/cantanhede/index.html
    ✗ L2b: «data-concelho-lugar» de «indice#cantanhede» diz «123» e a recontagem das linhas dá «185».

  en/municipalities/carrazeda-de-ansiaes/index.html
    ✗ L2b: «data-concelho-lugar» de «indice#carrazeda-de-ansiaes» diz «214» e a recontagem das linhas dá «94».

  en/municipalities/carregal-do-sal/index.html
    ✗ L2b: «data-concelho-lugar» de «indice#carregal-do-sal» diz «85» e a recontagem das linhas dá «223».

  en/municipalities/cartaxo/index.html
    ✗ L2b: «data-concelho-lugar» de «indice#cartaxo» diz «4» e a recontagem das linhas dá «304».

  en/municipalities/cascais/index.html
    ✗ L2b: «data-concelho-lugar» de «indice#cascais» diz «198» e a recontagem das linhas dá «108».

  en/municipalities/castanheira-de-pera/index.html
    ✗ L2b: «data-concelho-lugar» de «indice#castanheira-de-pera» diz «180» e a recontagem das linhas dá «128».

  en/municipalities/castelo-branco/index.html
    ✗ L2b: «data-concelho-lugar» de «indice#castelo-branco» diz «289» e a recontagem das linhas dá «19».

  en/municipalities/castelo-de-paiva/index.html
    ✗ L2b: «data-concelho-lugar» de «indice#castelo-de-paiva» diz «233» e a recontagem das linhas dá «75».

  en/municipalities/castelo-de-vide/index.html
    ✗ L2b: «data-concelho-lugar» de «indice#castelo-de-vide» diz «301» e a recontagem das linhas dá «7».

  en/municipalities/castro-daire/index.html
    ✗ L2b: «data-concelho-lugar» de «indice#castro-daire» diz «103» e a recontagem das linhas dá «205».

  en/municipalities/castro-marim/index.html
    ✗ L2b: «data-concelho-lugar» de «indice#castro-marim» diz «194» e a recontagem das linhas dá «114».

  en/municipalities/castro-verde/index.html
    ✗ L2b: «data-concelho-lugar» de «indice#castro-verde» diz «89» e a recontagem das linhas dá «219».

  en/municipalities/celorico-da-beira/index.html
    ✗ L2b: «data-concelho-lugar» de «indice#celorico-da-beira» diz «30» e a recontagem das linhas dá «278».

  en/municipalities/celorico-de-basto/index.html
    ✗ L2b: «data-concelho-lugar» de «indice#celorico-de-basto» diz «54» e a recontagem das linhas dá «254».

  en/municipalities/chamusca/index.html
    ✗ L2b: «data-concelho-lugar» de «indice#chamusca» diz «243» e a recontagem das linhas dá «63».

  en/municipalities/chaves/index.html
    ✗ L2b: «data-concelho-lugar» de «indice#chaves» diz «96» e a recontagem das linhas dá «212».

  en/municipalities/cinfaes/index.html
    ✗ L2b: «data-concelho-lugar» de «indice#cinfaes» diz «219» e a recontagem das linhas dá «88».

  en/municipalities/coimbra/index.html
    ✗ L2b: «data-concelho-lugar» de «indice#coimbra» diz «148» e a recontagem das linhas dá «159».

  en/municipalities/condeixa-a-nova/index.html
    ✗ L2b: «data-concelho-lugar» de «indice#condeixa-a-nova» diz «146» e a recontagem das linhas dá «162».

  en/municipalities/constancia/index.html
    ✗ L2b: «data-concelho-lugar» de «indice#constancia» diz «203» e a recontagem das linhas dá «105».

  en/municipalities/coruche/index.html
    ✗ L2b: «data-concelho-lugar» de «indice#coruche» diz «296» e a recontagem das linhas dá «12».

  en/municipalities/corvo/index.html
    ✗ L2b: «data-concelho-lugar» de «indice#corvo» diz «299» e a recontagem das linhas dá «8».

  en/municipalities/covilha/index.html
    ✗ L2b: «data-concelho-lugar» de «indice#covilha» diz «74» e a recontagem das linhas dá «234».

  en/municipalities/crato/index.html
    ✗ L2b: «data-concelho-lugar» de «indice#crato» diz «66» e a recontagem das linhas dá «242».

  en/municipalities/cuba/index.html
    ✗ L2b: «data-concelho-lugar» de «indice#cuba» diz «60» e a recontagem das linhas dá «248».

  en/municipalities/elvas/index.html
    ✗ L2b: «data-concelho-lugar» de «indice#elvas» diz «259» e a recontagem das linhas dá «49».

  en/municipalities/entroncamento/index.html
    ✗ L2b: «data-concelho-lugar» de «indice#entroncamento» diz «122» e a recontagem das linhas dá «186».

  en/municipalities/espinho/index.html
    ✗ L2b: «data-concelho-lugar» de «indice#espinho» diz «45» e a recontagem das linhas dá «263».

  en/municipalities/esposende/index.html
    ✗ L2b: «data-concelho-lugar» de «indice#esposende» diz «51» e a recontagem das linhas dá «256».

  en/municipalities/estarreja/index.html
    ✗ L2b: «data-concelho-lugar» de «indice#estarreja» diz «217» e a recontagem das linhas dá «91».

  en/municipalities/estremoz/index.html
    ✗ L2b: «data-concelho-lugar» de «indice#estremoz» diz «124» e a recontagem das linhas dá «184».

  en/municipalities/evora/index.html
    ✗ L2b: «data-concelho-lugar» de «indice#evora» diz «21» e a recontagem das linhas dá «287».

  en/municipalities/fafe/index.html
    ✗ L2b: «data-concelho-lugar» de «indice#fafe» diz «150» e a recontagem das linhas dá «158».

  en/municipalities/faro/index.html
    ✗ L2b: «data-concelho-lugar» de «indice#faro» diz «160» e a recontagem das linhas dá «147».

  en/municipalities/felgueiras/index.html
    ✗ L2b: «data-concelho-lugar» de «indice#felgueiras» diz «98» e a recontagem das linhas dá «210».

  en/municipalities/ferreira-do-alentejo/index.html
    ✗ L2b: «data-concelho-lugar» de «indice#ferreira-do-alentejo» diz «267» e a recontagem das linhas dá «41».

  en/municipalities/ferreira-do-zezere/index.html
    ✗ L2b: «data-concelho-lugar» de «indice#ferreira-do-zezere» diz «305» e a recontagem das linhas dá «3».

  en/municipalities/figueira-da-foz/index.html
    ✗ L2b: «data-concelho-lugar» de «indice#figueira-da-foz» diz «76» e a recontagem das linhas dá «231».

  en/municipalities/figueira-de-castelo-rodrigo/index.html
    ✗ L2b: «data-concelho-lugar» de «indice#figueira-de-castelo-rodrigo» diz «100» e a recontagem das linhas dá «208».

  en/municipalities/figueiro-dos-vinhos/index.html
    ✗ L2b: «data-concelho-lugar» de «indice#figueiro-dos-vinhos» diz «90» e a recontagem das linhas dá «218».

  en/municipalities/fornos-de-algodres/index.html
    ✗ L2b: «data-concelho-lugar» de «indice#fornos-de-algodres» diz «2» e a recontagem das linhas dá «306».

  en/municipalities/freixo-de-espada-a-cinta/index.html
    ✗ L2b: «data-concelho-lugar» de «indice#freixo-de-espada-a-cinta» diz «6» e a recontagem das linhas dá «302».

  en/municipalities/fronteira/index.html
    ✗ L2b: «data-concelho-lugar» de «indice#fronteira» diz «160» e a recontagem das linhas dá «147».

  en/municipalities/funchal/index.html
    ✗ L2b: «data-concelho-lugar» de «indice#funchal» diz «155» e a recontagem das linhas dá «153».

  en/municipalities/fundao/index.html
    ✗ L2b: «data-concelho-lugar» de «indice#fundao» diz «8» e a recontagem das linhas dá «300».

  en/municipalities/gaviao/index.html
    ✗ L2b: «data-concelho-lugar» de «indice#gaviao» diz «230» e a recontagem das linhas dá «78».

  en/municipalities/gois/index.html
    ✗ L2b: «data-concelho-lugar» de «indice#gois» diz «216» e a recontagem das linhas dá «92».

  en/municipalities/golega/index.html
    ✗ L2b: «data-concelho-lugar» de «indice#golega» diz «152» e a recontagem das linhas dá «155».

  en/municipalities/gondomar/index.html
    ✗ L2b: «data-concelho-lugar» de «indice#gondomar» diz «49» e a recontagem das linhas dá «259».

  en/municipalities/gouveia/index.html
    ✗ L2b: «data-concelho-lugar» de «indice#gouveia» diz «22» e a recontagem das linhas dá «286».

  en/municipalities/grandola/index.html
    ✗ L2b: «data-concelho-lugar» de «indice#grandola» diz «283» e a recontagem das linhas dá «24».

  en/municipalities/guarda/index.html
    ✗ L2b: «data-concelho-lugar» de «indice#guarda» diz «162» e a recontagem das linhas dá «146».

  en/municipalities/guimaraes/index.html
    ✗ L2b: «data-concelho-lugar» de «indice#guimaraes» diz «178» e a recontagem das linhas dá «129».

  en/municipalities/horta/index.html
    ✗ L2b: «data-concelho-lugar» de «indice#horta» diz «178» e a recontagem das linhas dá «129».

  en/municipalities/idanha-a-nova/index.html
    ✗ L2b: «data-concelho-lugar» de «indice#idanha-a-nova» diz «174» e a recontagem das linhas dá «134».

  en/municipalities/ilhavo/index.html
    ✗ L2b: «data-concelho-lugar» de «indice#ilhavo» diz «235» e a recontagem das linhas dá «72».

  en/municipalities/lagoa-faro/index.html
    ✗ L2b: «data-concelho-lugar» de «indice#lagoa-faro» diz «291» e a recontagem das linhas dá «16».

  en/municipalities/lagoa-ilha-de-sao-miguel/index.html
    ✗ L2b: «data-concelho-lugar» de «indice#lagoa-ilha-de-sao-miguel» diz «29» e a recontagem das linhas dá «279».

  en/municipalities/lagos/index.html
    ✗ L2b: «data-concelho-lugar» de «indice#lagos» diz «211» e a recontagem das linhas dá «97».

  en/municipalities/lajes-das-flores/index.html
    ✗ L2b: «data-concelho-lugar» de «indice#lajes-das-flores» diz «281» e a recontagem das linhas dá «26».

  en/municipalities/lajes-do-pico/index.html
    ✗ L2b: «data-concelho-lugar» de «indice#lajes-do-pico» diz «241» e a recontagem das linhas dá «67».

  en/municipalities/lamego/index.html
    ✗ L2b: «data-concelho-lugar» de «indice#lamego» diz «31» e a recontagem das linhas dá «277».

  en/municipalities/leiria/index.html
    ✗ L2b: «data-concelho-lugar» de «indice#leiria» diz «181» e a recontagem das linhas dá «127».

  en/municipalities/lisboa/index.html
    ✗ L2b: «data-concelho-lugar» de «indice#lisboa» diz «111» e a recontagem das linhas dá «195».

  en/municipalities/loule/index.html
    ✗ L2b: «data-concelho-lugar» de «indice#loule» diz «215» e a recontagem das linhas dá «93».

  en/municipalities/loures/index.html
    ✗ L2b: «data-concelho-lugar» de «indice#loures» diz «148» e a recontagem das linhas dá «159».

  en/municipalities/lourinha/index.html
    ✗ L2b: «data-concelho-lugar» de «indice#lourinha» diz «246» e a recontagem das linhas dá «61».

  en/municipalities/lousa/index.html
    ✗ L2b: «data-concelho-lugar» de «indice#lousa» diz «156» e a recontagem das linhas dá «151».

  en/municipalities/lousada/index.html
    ✗ L2b: «data-concelho-lugar» de «indice#lousada» diz «83» e a recontagem das linhas dá «224».

  en/municipalities/macao/index.html
    ✗ L2b: «data-concelho-lugar» de «indice#macao» diz «172» e a recontagem das linhas dá «135».

  en/municipalities/macedo-de-cavaleiros/index.html
    ✗ L2b: «data-concelho-lugar» de «indice#macedo-de-cavaleiros» diz «75» e a recontagem das linhas dá «233».

  en/municipalities/machico/index.html
    ✗ L2b: «data-concelho-lugar» de «indice#machico» diz «127» e a recontagem das linhas dá «181».

  en/municipalities/madalena/index.html
    ✗ L2b: «data-concelho-lugar» de «indice#madalena» diz «15» e a recontagem das linhas dá «293».

  en/municipalities/mafra/index.html
    ✗ L2b: «data-concelho-lugar» de «indice#mafra» diz «26» e a recontagem das linhas dá «282».

  en/municipalities/maia/index.html
    ✗ L2b: «data-concelho-lugar» de «indice#maia» diz «256» e a recontagem das linhas dá «51».

  en/municipalities/mangualde/index.html
    ✗ L2b: «data-concelho-lugar» de «indice#mangualde» diz «130» e a recontagem das linhas dá «178».

  en/municipalities/manteigas/index.html
    ✗ L2b: «data-concelho-lugar» de «indice#manteigas» diz «131» e a recontagem das linhas dá «177».

  en/municipalities/marco-de-canaveses/index.html
    ✗ L2b: «data-concelho-lugar» de «indice#marco-de-canaveses» diz «58» e a recontagem das linhas dá «250».

  en/municipalities/marinha-grande/index.html
    ✗ L2b: «data-concelho-lugar» de «indice#marinha-grande» diz «221» e a recontagem das linhas dá «86».

  en/municipalities/marvao/index.html
    ✗ L2b: «data-concelho-lugar» de «indice#marvao» diz «229» e a recontagem das linhas dá «79».

  en/municipalities/matosinhos/index.html
    ✗ L2b: «data-concelho-lugar» de «indice#matosinhos» diz «132» e a recontagem das linhas dá «175».

  en/municipalities/mealhada/index.html
    ✗ L2b: «data-concelho-lugar» de «indice#mealhada» diz «249» e a recontagem das linhas dá «59».

  en/municipalities/meda/index.html
    ✗ L2b: «data-concelho-lugar» de «indice#meda» diz «184» e a recontagem das linhas dá «124».

  en/municipalities/melgaco/index.html
    ✗ L2b: «data-concelho-lugar» de «indice#melgaco» diz «43» e a recontagem das linhas dá «265».

  en/municipalities/mertola/index.html
    ✗ L2b: «data-concelho-lugar» de «indice#mertola» diz «228» e a recontagem das linhas dá «80».

  en/municipalities/mesao-frio/index.html
    ✗ L2b: «data-concelho-lugar» de «indice#mesao-frio» diz «23» e a recontagem das linhas dá «285».

  en/municipalities/mira/index.html
    ✗ L2b: «data-concelho-lugar» de «indice#mira» diz «67» e a recontagem das linhas dá «241».

  en/municipalities/miranda-do-corvo/index.html
    ✗ L2b: «data-concelho-lugar» de «indice#miranda-do-corvo» diz «237» e a recontagem das linhas dá «71».

  en/municipalities/miranda-do-douro/index.html
    ✗ L2b: «data-concelho-lugar» de «indice#miranda-do-douro» diz «258» e a recontagem das linhas dá «50».

  en/municipalities/mirandela/index.html
    ✗ L2b: «data-concelho-lugar» de «indice#mirandela» diz «172» e a recontagem das linhas dá «135».

  en/municipalities/mogadouro/index.html
    ✗ L2b: «data-concelho-lugar» de «indice#mogadouro» diz «302» e a recontagem das linhas dá «6».

  en/municipalities/moita/index.html
    ✗ L2b: «data-concelho-lugar» de «indice#moita» diz «145» e a recontagem das linhas dá «163».

  en/municipalities/moncao/index.html
    ✗ L2b: «data-concelho-lugar» de «indice#moncao» diz «68» e a recontagem das linhas dá «240».

  en/municipalities/monchique/index.html
    ✗ L2b: «data-concelho-lugar» de «indice#monchique» diz «102» e a recontagem das linhas dá «206».

  en/municipalities/mondim-de-basto/index.html
    ✗ L2b: «data-concelho-lugar» de «indice#mondim-de-basto» diz «134» e a recontagem das linhas dá «174».

  en/municipalities/monforte/index.html
    ✗ L2b: «data-concelho-lugar» de «indice#monforte» diz «126» e a recontagem das linhas dá «182».

  en/municipalities/montalegre/index.html
    ✗ L2b: «data-concelho-lugar» de «indice#montalegre» diz «251» e a recontagem das linhas dá «57».

  en/municipalities/montemor-o-novo/index.html
    ✗ L2b: «data-concelho-lugar» de «indice#montemor-o-novo» diz «158» e a recontagem das linhas dá «150».

  en/municipalities/montemor-o-velho/index.html
    ✗ L2b: «data-concelho-lugar» de «indice#montemor-o-velho» diz «72» e a recontagem das linhas dá «235».

  en/municipalities/montijo/index.html
    ✗ L2b: «data-concelho-lugar» de «indice#montijo» diz «281» e a recontagem das linhas dá «26».

  en/municipalities/mora/index.html
    ✗ L2b: «data-concelho-lugar» de «indice#mora» diz «206» e a recontagem das linhas dá «102».

  en/municipalities/mortagua/index.html
    ✗ L2b: «data-concelho-lugar» de «indice#mortagua» diz «260» e a recontagem das linhas dá «48».

  en/municipalities/moura/index.html
    ✗ L2b: «data-concelho-lugar» de «indice#moura» diz «88» e a recontagem das linhas dá «220».

  en/municipalities/mourao/index.html
    ✗ L2b: «data-concelho-lugar» de «indice#mourao» diz «47» e a recontagem das linhas dá «261».

  en/municipalities/murca/index.html
    ✗ L2b: «data-concelho-lugar» de «indice#murca» diz «138» e a recontagem das linhas dá «168».

  en/municipalities/murtosa/index.html
    ✗ L2b: «data-concelho-lugar» de «indice#murtosa» diz «293» e a recontagem das linhas dá «15».

  en/municipalities/nazare/index.html
    ✗ L2b: «data-concelho-lugar» de «indice#nazare» diz «13» e a recontagem das linhas dá «295».

  en/municipalities/nelas/index.html
    ✗ L2b: «data-concelho-lugar» de «indice#nelas» diz «39» e a recontagem das linhas dá «269».

  en/municipalities/nisa/index.html
    ✗ L2b: «data-concelho-lugar» de «indice#nisa» diz «198» e a recontagem das linhas dá «108».

  en/municipalities/nordeste/index.html
    ✗ L2b: «data-concelho-lugar» de «indice#nordeste» diz «5» e a recontagem das linhas dá «303».

  en/municipalities/obidos/index.html
    ✗ L2b: «data-concelho-lugar» de «indice#obidos» diz «239» e a recontagem das linhas dá «69».

  en/municipalities/odemira/index.html
    ✗ L2b: «data-concelho-lugar» de «indice#odemira» diz «261» e a recontagem das linhas dá «46».

  en/municipalities/odivelas/index.html
    ✗ L2b: «data-concelho-lugar» de «indice#odivelas» diz «243» e a recontagem das linhas dá «63».

  en/municipalities/oeiras/index.html
    ✗ L2b: «data-concelho-lugar» de «indice#oeiras» diz «164» e a recontagem das linhas dá «143».

  en/municipalities/oleiros/index.html
    ✗ L2b: «data-concelho-lugar» de «indice#oleiros» diz «109» e a recontagem das linhas dá «199».

  en/municipalities/olhao/index.html
    ✗ L2b: «data-concelho-lugar» de «indice#olhao» diz «125» e a recontagem das linhas dá «183».

  en/municipalities/oliveira-de-azemeis/index.html
    ✗ L2b: «data-concelho-lugar» de «indice#oliveira-de-azemeis» diz «170» e a recontagem das linhas dá «137».

  en/municipalities/oliveira-de-frades/index.html
    ✗ L2b: «data-concelho-lugar» de «indice#oliveira-de-frades» diz «63» e a recontagem das linhas dá «243».

  en/municipalities/oliveira-do-bairro/index.html
    ✗ L2b: «data-concelho-lugar» de «indice#oliveira-do-bairro» diz «163» e a recontagem das linhas dá «145».

  en/municipalities/oliveira-do-hospital/index.html
    ✗ L2b: «data-concelho-lugar» de «indice#oliveira-do-hospital» diz «177» e a recontagem das linhas dá «131».

  en/municipalities/ourem/index.html
    ✗ L2b: «data-concelho-lugar» de «indice#ourem» diz «166» e a recontagem das linhas dá «142».

  en/municipalities/ourique/index.html
    ✗ L2b: «data-concelho-lugar» de «indice#ourique» diz «207» e a recontagem das linhas dá «100».

  en/municipalities/ovar/index.html
    ✗ L2b: «data-concelho-lugar» de «indice#ovar» diz «246» e a recontagem das linhas dá «61».

  en/municipalities/pacos-de-ferreira/index.html
    ✗ L2b: «data-concelho-lugar» de «indice#pacos-de-ferreira» diz «18» e a recontagem das linhas dá «290».

  en/municipalities/palmela/index.html
    ✗ L2b: «data-concelho-lugar» de «indice#palmela» diz «202» e a recontagem das linhas dá «106».

  en/municipalities/pampilhosa-da-serra/index.html
    ✗ L2b: «data-concelho-lugar» de «indice#pampilhosa-da-serra» diz «297» e a recontagem das linhas dá «11».

  en/municipalities/paredes/index.html
    ✗ L2b: «data-concelho-lugar» de «indice#paredes» diz «20» e a recontagem das linhas dá «288».

  en/municipalities/paredes-de-coura/index.html
    ✗ L2b: «data-concelho-lugar» de «indice#paredes-de-coura» diz «129» e a recontagem das linhas dá «179».

  en/municipalities/pedrogao-grande/index.html
    ✗ L2b: «data-concelho-lugar» de «indice#pedrogao-grande» diz «81» e a recontagem das linhas dá «227».

  en/municipalities/penacova/index.html
    ✗ L2b: «data-concelho-lugar» de «indice#penacova» diz «108» e a recontagem das linhas dá «200».

  en/municipalities/penafiel/index.html
    ✗ L2b: «data-concelho-lugar» de «indice#penafiel» diz «205» e a recontagem das linhas dá «103».

  en/municipalities/penalva-do-castelo/index.html
    ✗ L2b: «data-concelho-lugar» de «indice#penalva-do-castelo» diz «285» e a recontagem das linhas dá «23».

  en/municipalities/penamacor/index.html
    ✗ L2b: «data-concelho-lugar» de «indice#penamacor» diz «263» e a recontagem das linhas dá «45».

  en/municipalities/penela/index.html
    ✗ L2b: «data-concelho-lugar» de «indice#penela» diz «207» e a recontagem das linhas dá «100».

  en/municipalities/peniche/index.html
    ✗ L2b: «data-concelho-lugar» de «indice#peniche» diz «226» e a recontagem das linhas dá «81».

  en/municipalities/peso-da-regua/index.html
    ✗ L2b: «data-concelho-lugar» de «indice#peso-da-regua» diz «25» e a recontagem das linhas dá «283».

  en/municipalities/pinhel/index.html
    ✗ L2b: «data-concelho-lugar» de «indice#pinhel» diz «42» e a recontagem das linhas dá «266».

  en/municipalities/pombal/index.html
    ✗ L2b: «data-concelho-lugar» de «indice#pombal» diz «238» e a recontagem das linhas dá «70».

  en/municipalities/ponta-delgada/index.html
    ✗ L2b: «data-concelho-lugar» de «indice#ponta-delgada» diz «95» e a recontagem das linhas dá «213».

  en/municipalities/ponta-do-sol/index.html
    ✗ L2b: «data-concelho-lugar» de «indice#ponta-do-sol» diz «231» e a recontagem das linhas dá «77».

  en/municipalities/ponte-da-barca/index.html
    ✗ L2b: «data-concelho-lugar» de «indice#ponte-da-barca» diz «40» e a recontagem das linhas dá «268».

  en/municipalities/ponte-de-lima/index.html
    ✗ L2b: «data-concelho-lugar» de «indice#ponte-de-lima» diz «277» e a recontagem das linhas dá «31».

  en/municipalities/ponte-de-sor/index.html
    ✗ L2b: «data-concelho-lugar» de «indice#ponte-de-sor» diz «261» e a recontagem das linhas dá «46».

  en/municipalities/portalegre/index.html
    ✗ L2b: «data-concelho-lugar» de «indice#portalegre» diz «132» e a recontagem das linhas dá «175».

  en/municipalities/portel/index.html
    ✗ L2b: «data-concelho-lugar» de «indice#portel» diz «192» e a recontagem das linhas dá «115».

  en/municipalities/portimao/index.html
    ✗ L2b: «data-concelho-lugar» de «indice#portimao» diz «17» e a recontagem das linhas dá «291».

  en/municipalities/porto/index.html
    ✗ L2b: «data-concelho-lugar» de «indice#porto» diz «197» e a recontagem das linhas dá «111».

  en/municipalities/porto-de-mos/index.html
    ✗ L2b: «data-concelho-lugar» de «indice#porto-de-mos» diz «273» e a recontagem das linhas dá «34».

  en/municipalities/porto-moniz/index.html
    ✗ L2b: «data-concelho-lugar» de «indice#porto-moniz» diz «264» e a recontagem das linhas dá «43».

  en/municipalities/porto-santo/index.html
    ✗ L2b: «data-concelho-lugar» de «indice#porto-santo» diz «111» e a recontagem das linhas dá «195».

  en/municipalities/povoa-de-lanhoso/index.html
    ✗ L2b: «data-concelho-lugar» de «indice#povoa-de-lanhoso» diz «93» e a recontagem das linhas dá «215».

  en/municipalities/povoa-de-varzim/index.html
    ✗ L2b: «data-concelho-lugar» de «indice#povoa-de-varzim» diz «105» e a recontagem das linhas dá «202».

  en/municipalities/povoacao/index.html
    ✗ L2b: «data-concelho-lugar» de «indice#povoacao» diz «36» e a recontagem das linhas dá «272».

  en/municipalities/praia-da-vitoria/index.html
    ✗ L2b: «data-concelho-lugar» de «indice#praia-da-vitoria» diz «7» e a recontagem das linhas dá «301».

  en/municipalities/proenca-a-nova/index.html
    ✗ L2b: «data-concelho-lugar» de «indice#proenca-a-nova» diz «168» e a recontagem das linhas dá «139».

  en/municipalities/redondo/index.html
    ✗ L2b: «data-concelho-lugar» de «indice#redondo» diz «183» e a recontagem das linhas dá «125».

  en/municipalities/reguengos-de-monsaraz/index.html
    ✗ L2b: «data-concelho-lugar» de «indice#reguengos-de-monsaraz» diz «16» e a recontagem das linhas dá «292».

  en/municipalities/resende/index.html
    ✗ L2b: «data-concelho-lugar» de «indice#resende» diz «138» e a recontagem das linhas dá «168».

  en/municipalities/ribeira-brava/index.html
    ✗ L2b: «data-concelho-lugar» de «indice#ribeira-brava» diz «70» e a recontagem das linhas dá «237».

  en/municipalities/ribeira-de-pena/index.html
    ✗ L2b: «data-concelho-lugar» de «indice#ribeira-de-pena» diz «53» e a recontagem das linhas dá «255».

  en/municipalities/ribeira-grande/index.html
    ✗ L2b: «data-concelho-lugar» de «indice#ribeira-grande» diz «50» e a recontagem das linhas dá «258».

  en/municipalities/rio-maior/index.html
    ✗ L2b: «data-concelho-lugar» de «indice#rio-maior» diz «182» e a recontagem das linhas dá «126».

  en/municipalities/sabrosa/index.html
    ✗ L2b: «data-concelho-lugar» de «indice#sabrosa» diz «142» e a recontagem das linhas dá «166».

  en/municipalities/sabugal/index.html
    ✗ L2b: «data-concelho-lugar» de «indice#sabugal» diz «44» e a recontagem das linhas dá «264».

  en/municipalities/salvaterra-de-magos/index.html
    ✗ L2b: «data-concelho-lugar» de «indice#salvaterra-de-magos» diz «185» e a recontagem das linhas dá «123».

  en/municipalities/santa-comba-dao/index.html
    ✗ L2b: «data-concelho-lugar» de «indice#santa-comba-dao» diz «51» e a recontagem das linhas dá «256».

  en/municipalities/santa-cruz/index.html
    ✗ L2b: «data-concelho-lugar» de «indice#santa-cruz» diz «41» e a recontagem das linhas dá «267».

  en/municipalities/santa-cruz-da-graciosa/index.html
    ✗ L2b: «data-concelho-lugar» de «indice#santa-cruz-da-graciosa» diz «235» e a recontagem das linhas dá «72».

  en/municipalities/santa-cruz-das-flores/index.html
    ✗ L2b: «data-concelho-lugar» de «indice#santa-cruz-das-flores» diz «304» e a recontagem das linhas dá «4».

  en/municipalities/santa-maria-da-feira/index.html
    ✗ L2b: «data-concelho-lugar» de «indice#santa-maria-da-feira» diz «272» e a recontagem das linhas dá «36».

  en/municipalities/santa-marta-de-penaguiao/index.html
    ✗ L2b: «data-concelho-lugar» de «indice#santa-marta-de-penaguiao» diz «195» e a recontagem das linhas dá «113».

  en/municipalities/santana/index.html
    ✗ L2b: «data-concelho-lugar» de «indice#santana» diz «306» e a recontagem das linhas dá «1».

  en/municipalities/santarem/index.html
    ✗ L2b: «data-concelho-lugar» de «indice#santarem» diz «57» e a recontagem das linhas dá «251».

  en/municipalities/santiago-do-cacem/index.html
    ✗ L2b: «data-concelho-lugar» de «indice#santiago-do-cacem» diz «221» e a recontagem das linhas dá «86».

  en/municipalities/santo-tirso/index.html
    ✗ L2b: «data-concelho-lugar» de «indice#santo-tirso» diz «128» e a recontagem das linhas dá «180».

  en/municipalities/sao-bras-de-alportel/index.html
    ✗ L2b: «data-concelho-lugar» de «indice#sao-bras-de-alportel» diz «273» e a recontagem das linhas dá «34».

  en/municipalities/sao-joao-da-madeira/index.html
    ✗ L2b: «data-concelho-lugar» de «indice#sao-joao-da-madeira» diz «135» e a recontagem das linhas dá «173».

  en/municipalities/sao-joao-da-pesqueira/index.html
    ✗ L2b: «data-concelho-lugar» de «indice#sao-joao-da-pesqueira» diz «46» e a recontagem das linhas dá «262».

  en/municipalities/sao-pedro-do-sul/index.html
    ✗ L2b: «data-concelho-lugar» de «indice#sao-pedro-do-sul» diz «72» e a recontagem das linhas dá «235».

  en/municipalities/sao-roque-do-pico/index.html
    ✗ L2b: «data-concelho-lugar» de «indice#sao-roque-do-pico» diz «78» e a recontagem das linhas dá «230».

  en/municipalities/sao-vicente/index.html
    ✗ L2b: «data-concelho-lugar» de «indice#sao-vicente» diz «59» e a recontagem das linhas dá «249».

  en/municipalities/sardoal/index.html
    ✗ L2b: «data-concelho-lugar» de «indice#sardoal» diz «63» e a recontagem das linhas dá «243».

  en/municipalities/satao/index.html
    ✗ L2b: «data-concelho-lugar» de «indice#satao» diz «268» e a recontagem das linhas dá «40».

  en/municipalities/seia/index.html
    ✗ L2b: «data-concelho-lugar» de «indice#seia» diz «14» e a recontagem das linhas dá «294».

  en/municipalities/seixal/index.html
    ✗ L2b: «data-concelho-lugar» de «indice#seixal» diz «79» e a recontagem das linhas dá «229».

  en/municipalities/sernancelhe/index.html
    ✗ L2b: «data-concelho-lugar» de «indice#sernancelhe» diz «243» e a recontagem das linhas dá «63».

  en/municipalities/serpa/index.html
    ✗ L2b: «data-concelho-lugar» de «indice#serpa» diz «152» e a recontagem das linhas dá «155».

  en/municipalities/serta/index.html
    ✗ L2b: «data-concelho-lugar» de «indice#serta» diz «269» e a recontagem das linhas dá «39».

  en/municipalities/sesimbra/index.html
    ✗ L2b: «data-concelho-lugar» de «indice#sesimbra» diz «189» e a recontagem das linhas dá «118».

  en/municipalities/setubal/index.html
    ✗ L2b: «data-concelho-lugar» de «indice#setubal» diz «33» e a recontagem das linhas dá «275».

  en/municipalities/sever-do-vouga/index.html
    ✗ L2b: «data-concelho-lugar» de «indice#sever-do-vouga» diz «97» e a recontagem das linhas dá «211».

  en/municipalities/silves/index.html
    ✗ L2b: «data-concelho-lugar» de «indice#silves» diz «147» e a recontagem das linhas dá «161».

  en/municipalities/sines/index.html
    ✗ L2b: «data-concelho-lugar» de «indice#sines» diz «115» e a recontagem das linhas dá «193».

  en/municipalities/sintra/index.html
    ✗ L2b: «data-concelho-lugar» de «indice#sintra» diz «287» e a recontagem das linhas dá «21».

  en/municipalities/sobral-de-monte-agraco/index.html
    ✗ L2b: «data-concelho-lugar» de «indice#sobral-de-monte-agraco» diz «212» e a recontagem das linhas dá «95».

  en/municipalities/soure/index.html
    ✗ L2b: «data-concelho-lugar» de «indice#soure» diz «144» e a recontagem das linhas dá «164».

  en/municipalities/sousel/index.html
    ✗ L2b: «data-concelho-lugar» de «indice#sousel» diz «80» e a recontagem das linhas dá «228».

  en/municipalities/tabua/index.html
    ✗ L2b: «data-concelho-lugar» de «indice#tabua» diz «32» e a recontagem das linhas dá «276».

  en/municipalities/tabuaco/index.html
    ✗ L2b: «data-concelho-lugar» de «indice#tabuaco» diz «27» e a recontagem das linhas dá «281».

  en/municipalities/tarouca/index.html
    ✗ L2b: «data-concelho-lugar» de «indice#tarouca» diz «24» e a recontagem das linhas dá «284».

  en/municipalities/tavira/index.html
    ✗ L2b: «data-concelho-lugar» de «indice#tavira» diz «271» e a recontagem das linhas dá «37».

  en/municipalities/terras-de-bouro/index.html
    ✗ L2b: «data-concelho-lugar» de «indice#terras-de-bouro» diz «104» e a recontagem das linhas dá «204».

  en/municipalities/tomar/index.html
    ✗ L2b: «data-concelho-lugar» de «indice#tomar» diz «119» e a recontagem das linhas dá «189».

  en/municipalities/tondela/index.html
    ✗ L2b: «data-concelho-lugar» de «indice#tondela» diz «223» e a recontagem das linhas dá «85».

  en/municipalities/torre-de-moncorvo/index.html
    ✗ L2b: «data-concelho-lugar» de «indice#torre-de-moncorvo» diz «48» e a recontagem das linhas dá «260».

  en/municipalities/torres-novas/index.html
    ✗ L2b: «data-concelho-lugar» de «indice#torres-novas» diz «86» e a recontagem das linhas dá «222».

  en/municipalities/torres-vedras/index.html
    ✗ L2b: «data-concelho-lugar» de «indice#torres-vedras» diz «159» e a recontagem das linhas dá «149».

  en/municipalities/trancoso/index.html
    ✗ L2b: «data-concelho-lugar» de «indice#trancoso» diz «11» e a recontagem das linhas dá «297».

  en/municipalities/trofa/index.html
    ✗ L2b: «data-concelho-lugar» de «indice#trofa» diz «55» e a recontagem das linhas dá «253».

  en/municipalities/vagos/index.html
    ✗ L2b: «data-concelho-lugar» de «indice#vagos» diz «35» e a recontagem das linhas dá «273».

  en/municipalities/vale-de-cambra/index.html
    ✗ L2b: «data-concelho-lugar» de «indice#vale-de-cambra» diz «107» e a recontagem das linhas dá «201».

  en/municipalities/valenca/index.html
    ✗ L2b: «data-concelho-lugar» de «indice#valenca» diz «82» e a recontagem das linhas dá «226».

  en/municipalities/valongo/index.html
    ✗ L2b: «data-concelho-lugar» de «indice#valongo» diz «63» e a recontagem das linhas dá «243».

  en/municipalities/valpacos/index.html
    ✗ L2b: «data-concelho-lugar» de «indice#valpacos» diz «224» e a recontagem das linhas dá «84».

  en/municipalities/velas/index.html
    ✗ L2b: «data-concelho-lugar» de «indice#velas» diz «176» e a recontagem das linhas dá «132».

  en/municipalities/vendas-novas/index.html
    ✗ L2b: «data-concelho-lugar» de «indice#vendas-novas» diz «117» e a recontagem das linhas dá «191».

  en/municipalities/viana-do-alentejo/index.html
    ✗ L2b: «data-concelho-lugar» de «indice#viana-do-alentejo» diz «242» e a recontagem das linhas dá «66».

  en/municipalities/viana-do-castelo/index.html
    ✗ L2b: «data-concelho-lugar» de «indice#viana-do-castelo» diz «62» e a recontagem das linhas dá «246».

  en/municipalities/vidigueira/index.html
    ✗ L2b: «data-concelho-lugar» de «indice#vidigueira» diz «175» e a recontagem das linhas dá «133».

  en/municipalities/vieira-do-minho/index.html
    ✗ L2b: «data-concelho-lugar» de «indice#vieira-do-minho» diz «56» e a recontagem das linhas dá «252».

  en/municipalities/vila-de-rei/index.html
    ✗ L2b: «data-concelho-lugar» de «indice#vila-de-rei» diz «254» e a recontagem das linhas dá «53».

  en/municipalities/vila-do-bispo/index.html
    ✗ L2b: «data-concelho-lugar» de «indice#vila-do-bispo» diz «291» e a recontagem das linhas dá «16».

  en/municipalities/vila-do-conde/index.html
    ✗ L2b: «data-concelho-lugar» de «indice#vila-do-conde» diz «69» e a recontagem das linhas dá «239».

  en/municipalities/vila-do-porto/index.html
    ✗ L2b: «data-concelho-lugar» de «indice#vila-do-porto» diz «116» e a recontagem das linhas dá «192».

  en/municipalities/vila-flor/index.html
    ✗ L2b: «data-concelho-lugar» de «indice#vila-flor» diz «275» e a recontagem das linhas dá «33».

  en/municipalities/vila-franca-de-xira/index.html
    ✗ L2b: «data-concelho-lugar» de «indice#vila-franca-de-xira» diz «209» e a recontagem das linhas dá «99».

  en/municipalities/vila-franca-do-campo/index.html
    ✗ L2b: «data-concelho-lugar» de «indice#vila-franca-do-campo» diz «3» e a recontagem das linhas dá «305».

  en/municipalities/vila-nova-da-barquinha/index.html
    ✗ L2b: «data-concelho-lugar» de «indice#vila-nova-da-barquinha» diz «201» e a recontagem das linhas dá «107».

  en/municipalities/vila-nova-de-cerveira/index.html
    ✗ L2b: «data-concelho-lugar» de «indice#vila-nova-de-cerveira» diz «164» e a recontagem das linhas dá «143».

  en/municipalities/vila-nova-de-famalicao/index.html
    ✗ L2b: «data-concelho-lugar» de «indice#vila-nova-de-famalicao» diz «189» e a recontagem das linhas dá «118».

  en/municipalities/vila-nova-de-foz-coa/index.html
    ✗ L2b: «data-concelho-lugar» de «indice#vila-nova-de-foz-coa» diz «294» e a recontagem das linhas dá «14».

  en/municipalities/vila-nova-de-gaia/index.html
    ✗ L2b: «data-concelho-lugar» de «indice#vila-nova-de-gaia» diz «92» e a recontagem das linhas dá «216».

  en/municipalities/vila-nova-de-paiva/index.html
    ✗ L2b: «data-concelho-lugar» de «indice#vila-nova-de-paiva» diz «218» e a recontagem das linhas dá «90».

  en/municipalities/vila-nova-de-poiares/index.html
    ✗ L2b: «data-concelho-lugar» de «indice#vila-nova-de-poiares» diz «9» e a recontagem das linhas dá «299».

  en/municipalities/vila-pouca-de-aguiar/index.html
    ✗ L2b: «data-concelho-lugar» de «indice#vila-pouca-de-aguiar» diz «240» e a recontagem das linhas dá «68».

  en/municipalities/vila-real/index.html
    ✗ L2b: «data-concelho-lugar» de «indice#vila-real» diz «136» e a recontagem das linhas dá «172».

  en/municipalities/vila-real-de-santo-antonio/index.html
    ✗ L2b: «data-concelho-lugar» de «indice#vila-real-de-santo-antonio» diz «1» e a recontagem das linhas dá «307».

  en/municipalities/vila-velha-de-rodao/index.html
    ✗ L2b: «data-concelho-lugar» de «indice#vila-velha-de-rodao» diz «298» e a recontagem das linhas dá «10».

  en/municipalities/vila-verde/index.html
    ✗ L2b: «data-concelho-lugar» de «indice#vila-verde» diz «196» e a recontagem das linhas dá «112».

  en/municipalities/vila-vicosa/index.html
    ✗ L2b: «data-concelho-lugar» de «indice#vila-vicosa» diz «99» e a recontagem das linhas dá «209».

  en/municipalities/vimioso/index.html
    ✗ L2b: «data-concelho-lugar» de «indice#vimioso» diz «250» e a recontagem das linhas dá «58».

  en/municipalities/vinhais/index.html
    ✗ L2b: «data-concelho-lugar» de «indice#vinhais» diz «198» e a recontagem das linhas dá «108».

  en/municipalities/viseu/index.html
    ✗ L2b: «data-concelho-lugar» de «indice#viseu» diz «105» e a recontagem das linhas dá «202».

  en/municipalities/vizela/index.html
    ✗ L2b: «data-concelho-lugar» de «indice#vizela» diz «94» e a recontagem das linhas dá «214».

  en/municipalities/vouzela/index.html
    ✗ L2b: «data-concelho-lugar» de «indice#vouzela» diz «101» e a recontagem das linhas dá «207».

  municipios/abrantes/index.html
    ✗ L2b: «data-concelho-lugar» de «indice#abrantes» diz «280» e a recontagem das linhas dá «28».

  municipios/agueda/index.html
    ✗ L2b: «data-concelho-lugar» de «indice#agueda» diz «210» e a recontagem das linhas dá «98».

  municipios/aguiar-da-beira/index.html
    ✗ L2b: «data-concelho-lugar» de «indice#aguiar-da-beira» diz «286» e a recontagem das linhas dá «22».

  municipios/alandroal/index.html
    ✗ L2b: «data-concelho-lugar» de «indice#alandroal» diz «12» e a recontagem das linhas dá «296».

  municipios/albergaria-a-velha/index.html
    ✗ L2b: «data-concelho-lugar» de «indice#albergaria-a-velha» diz «110» e a recontagem das linhas dá «198».

  municipios/albufeira/index.html
    ✗ L2b: «data-concelho-lugar» de «indice#albufeira» diz «188» e a recontagem das linhas dá «120».

  municipios/alcacer-do-sal/index.html
    ✗ L2b: «data-concelho-lugar» de «indice#alcacer-do-sal» diz «295» e a recontagem das linhas dá «13».

  municipios/alcanena/index.html
    ✗ L2b: «data-concelho-lugar» de «indice#alcanena» diz «61» e a recontagem das linhas dá «247».

  municipios/alcobaca/index.html
    ✗ L2b: «data-concelho-lugar» de «indice#alcobaca» diz «266» e a recontagem das linhas dá «42».

  municipios/alcochete/index.html
    ✗ L2b: «data-concelho-lugar» de «indice#alcochete» diz «232» e a recontagem das linhas dá «76».

  municipios/alcoutim/index.html
    ✗ L2b: «data-concelho-lugar» de «indice#alcoutim» diz «186» e a recontagem das linhas dá «121».

  municipios/alenquer/index.html
    ✗ L2b: «data-concelho-lugar» de «indice#alenquer» diz «248» e a recontagem das linhas dá «60».

  municipios/alfandega-da-fe/index.html
    ✗ L2b: «data-concelho-lugar» de «indice#alfandega-da-fe» diz «10» e a recontagem das linhas dá «298».

  municipios/alijo/index.html
    ✗ L2b: «data-concelho-lugar» de «indice#alijo» diz «38» e a recontagem das linhas dá «270».

  municipios/aljezur/index.html
    ✗ L2b: «data-concelho-lugar» de «indice#aljezur» diz «278» e a recontagem das linhas dá «29».

  municipios/aljustrel/index.html
    ✗ L2b: «data-concelho-lugar» de «indice#aljustrel» diz «118» e a recontagem das linhas dá «190».

  municipios/almada/index.html
    ✗ L2b: «data-concelho-lugar» de «indice#almada» diz «256» e a recontagem das linhas dá «51».

  municipios/almeida/index.html
    ✗ L2b: «data-concelho-lugar» de «indice#almeida» diz «290» e a recontagem das linhas dá «18».

  municipios/almeirim/index.html
    ✗ L2b: «data-concelho-lugar» de «indice#almeirim» diz «114» e a recontagem das linhas dá «194».

  municipios/almodovar/index.html
    ✗ L2b: «data-concelho-lugar» de «indice#almodovar» diz «191» e a recontagem das linhas dá «117».

  municipios/alpiarca/index.html
    ✗ L2b: «data-concelho-lugar» de «indice#alpiarca» diz «87» e a recontagem das linhas dá «221».

  municipios/alter-do-chao/index.html
    ✗ L2b: «data-concelho-lugar» de «indice#alter-do-chao» diz «283» e a recontagem das linhas dá «24».

  municipios/alvaiazere/index.html
    ✗ L2b: «data-concelho-lugar» de «indice#alvaiazere» diz «204» e a recontagem das linhas dá «104».

  municipios/alvito/index.html
    ✗ L2b: «data-concelho-lugar» de «indice#alvito» diz «111» e a recontagem das linhas dá «195».

  municipios/amadora/index.html
    ✗ L2b: «data-concelho-lugar» de «indice#amadora» diz «276» e a recontagem das linhas dá «32».

  municipios/amarante/index.html
    ✗ L2b: «data-concelho-lugar» de «indice#amarante» diz «70» e a recontagem das linhas dá «237».

  municipios/amares/index.html
    ✗ L2b: «data-concelho-lugar» de «indice#amares» diz «138» e a recontagem das linhas dá «168».

  municipios/anadia/index.html
    ✗ L2b: «data-concelho-lugar» de «indice#anadia» diz «167» e a recontagem das linhas dá «141».

  municipios/angra-do-heroismo/index.html
    ✗ L2b: «data-concelho-lugar» de «indice#angra-do-heroismo» diz «83» e a recontagem das linhas dá «224».

  municipios/ansiao/index.html
    ✗ L2b: «data-concelho-lugar» de «indice#ansiao» diz «219» e a recontagem das linhas dá «88».

  municipios/arcos-de-valdevez/index.html
    ✗ L2b: «data-concelho-lugar» de «indice#arcos-de-valdevez» diz «137» e a recontagem das linhas dá «171».

  municipios/arganil/index.html
    ✗ L2b: «data-concelho-lugar» de «indice#arganil» diz «143» e a recontagem das linhas dá «165».

  municipios/armamar/index.html
    ✗ L2b: «data-concelho-lugar» de «indice#armamar» diz «120» e a recontagem das linhas dá «188».

  municipios/arouca/index.html
    ✗ L2b: «data-concelho-lugar» de «indice#arouca» diz «303» e a recontagem das linhas dá «5».

  municipios/arraiolos/index.html
    ✗ L2b: «data-concelho-lugar» de «indice#arraiolos» diz «156» e a recontagem das linhas dá «151».

  municipios/arronches/index.html
    ✗ L2b: «data-concelho-lugar» de «indice#arronches» diz «299» e a recontagem das linhas dá «8».

  municipios/arruda-dos-vinhos/index.html
    ✗ L2b: «data-concelho-lugar» de «indice#arruda-dos-vinhos» diz «151» e a recontagem das linhas dá «157».

  municipios/aveiro/index.html
    ✗ L2b: «data-concelho-lugar» de «indice#aveiro» diz «34» e a recontagem das linhas dá «274».

  municipios/avis/index.html
    ✗ L2b: «data-concelho-lugar» de «indice#avis» diz «234» e a recontagem das linhas dá «74».

  municipios/azambuja/index.html
    ✗ L2b: «data-concelho-lugar» de «indice#azambuja» diz «186» e a recontagem das linhas dá «121».

  municipios/baiao/index.html
    ✗ L2b: «data-concelho-lugar» de «indice#baiao» diz «170» e a recontagem das linhas dá «137».

  municipios/barcelos/index.html
    ✗ L2b: «data-concelho-lugar» de «indice#barcelos» diz «121» e a recontagem das linhas dá «187».

  municipios/barrancos/index.html
    ✗ L2b: «data-concelho-lugar» de «indice#barrancos» diz «252» e a recontagem das linhas dá «56».

  municipios/barreiro/index.html
    ✗ L2b: «data-concelho-lugar» de «indice#barreiro» diz «91» e a recontagem das linhas dá «217».

  municipios/batalha/index.html
    ✗ L2b: «data-concelho-lugar» de «indice#batalha» diz «212» e a recontagem das linhas dá «95».

  municipios/beja/index.html
    ✗ L2b: «data-concelho-lugar» de «indice#beja» diz «141» e a recontagem das linhas dá «167».

  municipios/belmonte/index.html
    ✗ L2b: «data-concelho-lugar» de «indice#belmonte» diz «19» e a recontagem das linhas dá «289».

  municipios/benavente/index.html
    ✗ L2b: «data-concelho-lugar» de «indice#benavente» diz «254» e a recontagem das linhas dá «53».

  municipios/bombarral/index.html
    ✗ L2b: «data-concelho-lugar» de «indice#bombarral» diz «264» e a recontagem das linhas dá «43».

  municipios/borba/index.html
    ✗ L2b: «data-concelho-lugar» de «indice#borba» diz «76» e a recontagem das linhas dá «231».

  municipios/boticas/index.html
    ✗ L2b: «data-concelho-lugar» de «indice#boticas» diz «226» e a recontagem das linhas dá «81».

  municipios/braga/index.html
    ✗ L2b: «data-concelho-lugar» de «indice#braga» diz «28» e a recontagem das linhas dá «280».

  municipios/braganca/index.html
    ✗ L2b: «data-concelho-lugar» de «indice#braganca» diz «278» e a recontagem das linhas dá «29».

  municipios/cabeceiras-de-basto/index.html
    ✗ L2b: «data-concelho-lugar» de «indice#cabeceiras-de-basto» diz «225» e a recontagem das linhas dá «83».

  municipios/cadaval/index.html
    ✗ L2b: «data-concelho-lugar» de «indice#cadaval» diz «288» e a recontagem das linhas dá «20».

  municipios/caldas-da-rainha/index.html
    ✗ L2b: «data-concelho-lugar» de «indice#caldas-da-rainha» diz «270» e a recontagem das linhas dá «38».

  municipios/calheta/index.html
    ✗ L2b: «data-concelho-lugar» de «indice#calheta» diz «168» e a recontagem das linhas dá «139».

  municipios/calheta-de-sao-jorge/index.html
    ✗ L2b: «data-concelho-lugar» de «indice#calheta-de-sao-jorge» diz «306» e a recontagem das linhas dá «1».

  municipios/camara-de-lobos/index.html
    ✗ L2b: «data-concelho-lugar» de «indice#camara-de-lobos» diz «192» e a recontagem das linhas dá «115».

  municipios/caminha/index.html
    ✗ L2b: «data-concelho-lugar» de «indice#caminha» diz «37» e a recontagem das linhas dá «271».

  municipios/campo-maior/index.html
    ✗ L2b: «data-concelho-lugar» de «indice#campo-maior» diz «253» e a recontagem das linhas dá «55».

  municipios/cantanhede/index.html
    ✗ L2b: «data-concelho-lugar» de «indice#cantanhede» diz «123» e a recontagem das linhas dá «185».

  municipios/carrazeda-de-ansiaes/index.html
    ✗ L2b: «data-concelho-lugar» de «indice#carrazeda-de-ansiaes» diz «214» e a recontagem das linhas dá «94».

  municipios/carregal-do-sal/index.html
    ✗ L2b: «data-concelho-lugar» de «indice#carregal-do-sal» diz «85» e a recontagem das linhas dá «223».

  municipios/cartaxo/index.html
    ✗ L2b: «data-concelho-lugar» de «indice#cartaxo» diz «4» e a recontagem das linhas dá «304».

  municipios/cascais/index.html
    ✗ L2b: «data-concelho-lugar» de «indice#cascais» diz «198» e a recontagem das linhas dá «108».

  municipios/castanheira-de-pera/index.html
    ✗ L2b: «data-concelho-lugar» de «indice#castanheira-de-pera» diz «180» e a recontagem das linhas dá «128».

  municipios/castelo-branco/index.html
    ✗ L2b: «data-concelho-lugar» de «indice#castelo-branco» diz «289» e a recontagem das linhas dá «19».

  municipios/castelo-de-paiva/index.html
    ✗ L2b: «data-concelho-lugar» de «indice#castelo-de-paiva» diz «233» e a recontagem das linhas dá «75».

  municipios/castelo-de-vide/index.html
    ✗ L2b: «data-concelho-lugar» de «indice#castelo-de-vide» diz «301» e a recontagem das linhas dá «7».

  municipios/castro-daire/index.html
    ✗ L2b: «data-concelho-lugar» de «indice#castro-daire» diz «103» e a recontagem das linhas dá «205».

  municipios/castro-marim/index.html
    ✗ L2b: «data-concelho-lugar» de «indice#castro-marim» diz «194» e a recontagem das linhas dá «114».

  municipios/castro-verde/index.html
    ✗ L2b: «data-concelho-lugar» de «indice#castro-verde» diz «89» e a recontagem das linhas dá «219».

  municipios/celorico-da-beira/index.html
    ✗ L2b: «data-concelho-lugar» de «indice#celorico-da-beira» diz «30» e a recontagem das linhas dá «278».

  municipios/celorico-de-basto/index.html
    ✗ L2b: «data-concelho-lugar» de «indice#celorico-de-basto» diz «54» e a recontagem das linhas dá «254».

  municipios/chamusca/index.html
    ✗ L2b: «data-concelho-lugar» de «indice#chamusca» diz «243» e a recontagem das linhas dá «63».

  municipios/chaves/index.html
    ✗ L2b: «data-concelho-lugar» de «indice#chaves» diz «96» e a recontagem das linhas dá «212».

  municipios/cinfaes/index.html
    ✗ L2b: «data-concelho-lugar» de «indice#cinfaes» diz «219» e a recontagem das linhas dá «88».

  municipios/coimbra/index.html
    ✗ L2b: «data-concelho-lugar» de «indice#coimbra» diz «148» e a recontagem das linhas dá «159».

  municipios/condeixa-a-nova/index.html
    ✗ L2b: «data-concelho-lugar» de «indice#condeixa-a-nova» diz «146» e a recontagem das linhas dá «162».

  municipios/constancia/index.html
    ✗ L2b: «data-concelho-lugar» de «indice#constancia» diz «203» e a recontagem das linhas dá «105».

  municipios/coruche/index.html
    ✗ L2b: «data-concelho-lugar» de «indice#coruche» diz «296» e a recontagem das linhas dá «12».

  municipios/corvo/index.html
    ✗ L2b: «data-concelho-lugar» de «indice#corvo» diz «299» e a recontagem das linhas dá «8».

  municipios/covilha/index.html
    ✗ L2b: «data-concelho-lugar» de «indice#covilha» diz «74» e a recontagem das linhas dá «234».

  municipios/crato/index.html
    ✗ L2b: «data-concelho-lugar» de «indice#crato» diz «66» e a recontagem das linhas dá «242».

  municipios/cuba/index.html
    ✗ L2b: «data-concelho-lugar» de «indice#cuba» diz «60» e a recontagem das linhas dá «248».

  municipios/elvas/index.html
    ✗ L2b: «data-concelho-lugar» de «indice#elvas» diz «259» e a recontagem das linhas dá «49».

  municipios/entroncamento/index.html
    ✗ L2b: «data-concelho-lugar» de «indice#entroncamento» diz «122» e a recontagem das linhas dá «186».

  municipios/espinho/index.html
    ✗ L2b: «data-concelho-lugar» de «indice#espinho» diz «45» e a recontagem das linhas dá «263».

  municipios/esposende/index.html
    ✗ L2b: «data-concelho-lugar» de «indice#esposende» diz «51» e a recontagem das linhas dá «256».

  municipios/estarreja/index.html
    ✗ L2b: «data-concelho-lugar» de «indice#estarreja» diz «217» e a recontagem das linhas dá «91».

  municipios/estremoz/index.html
    ✗ L2b: «data-concelho-lugar» de «indice#estremoz» diz «124» e a recontagem das linhas dá «184».

  municipios/evora/index.html
    ✗ L2b: «data-concelho-lugar» de «indice#evora» diz «21» e a recontagem das linhas dá «287».

  municipios/fafe/index.html
    ✗ L2b: «data-concelho-lugar» de «indice#fafe» diz «150» e a recontagem das linhas dá «158».

  municipios/faro/index.html
    ✗ L2b: «data-concelho-lugar» de «indice#faro» diz «160» e a recontagem das linhas dá «147».

  municipios/felgueiras/index.html
    ✗ L2b: «data-concelho-lugar» de «indice#felgueiras» diz «98» e a recontagem das linhas dá «210».

  municipios/ferreira-do-alentejo/index.html
    ✗ L2b: «data-concelho-lugar» de «indice#ferreira-do-alentejo» diz «267» e a recontagem das linhas dá «41».

  municipios/ferreira-do-zezere/index.html
    ✗ L2b: «data-concelho-lugar» de «indice#ferreira-do-zezere» diz «305» e a recontagem das linhas dá «3».

  municipios/figueira-da-foz/index.html
    ✗ L2b: «data-concelho-lugar» de «indice#figueira-da-foz» diz «76» e a recontagem das linhas dá «231».

  municipios/figueira-de-castelo-rodrigo/index.html
    ✗ L2b: «data-concelho-lugar» de «indice#figueira-de-castelo-rodrigo» diz «100» e a recontagem das linhas dá «208».

  municipios/figueiro-dos-vinhos/index.html
    ✗ L2b: «data-concelho-lugar» de «indice#figueiro-dos-vinhos» diz «90» e a recontagem das linhas dá «218».

  municipios/fornos-de-algodres/index.html
    ✗ L2b: «data-concelho-lugar» de «indice#fornos-de-algodres» diz «2» e a recontagem das linhas dá «306».

  municipios/freixo-de-espada-a-cinta/index.html
    ✗ L2b: «data-concelho-lugar» de «indice#freixo-de-espada-a-cinta» diz «6» e a recontagem das linhas dá «302».

  municipios/fronteira/index.html
    ✗ L2b: «data-concelho-lugar» de «indice#fronteira» diz «160» e a recontagem das linhas dá «147».

  municipios/funchal/index.html
    ✗ L2b: «data-concelho-lugar» de «indice#funchal» diz «155» e a recontagem das linhas dá «153».

  municipios/fundao/index.html
    ✗ L2b: «data-concelho-lugar» de «indice#fundao» diz «8» e a recontagem das linhas dá «300».

  municipios/gaviao/index.html
    ✗ L2b: «data-concelho-lugar» de «indice#gaviao» diz «230» e a recontagem das linhas dá «78».

  municipios/gois/index.html
    ✗ L2b: «data-concelho-lugar» de «indice#gois» diz «216» e a recontagem das linhas dá «92».

  municipios/golega/index.html
    ✗ L2b: «data-concelho-lugar» de «indice#golega» diz «152» e a recontagem das linhas dá «155».

  municipios/gondomar/index.html
    ✗ L2b: «data-concelho-lugar» de «indice#gondomar» diz «49» e a recontagem das linhas dá «259».

  municipios/gouveia/index.html
    ✗ L2b: «data-concelho-lugar» de «indice#gouveia» diz «22» e a recontagem das linhas dá «286».

  municipios/grandola/index.html
    ✗ L2b: «data-concelho-lugar» de «indice#grandola» diz «283» e a recontagem das linhas dá «24».

  municipios/guarda/index.html
    ✗ L2b: «data-concelho-lugar» de «indice#guarda» diz «162» e a recontagem das linhas dá «146».

  municipios/guimaraes/index.html
    ✗ L2b: «data-concelho-lugar» de «indice#guimaraes» diz «178» e a recontagem das linhas dá «129».

  municipios/horta/index.html
    ✗ L2b: «data-concelho-lugar» de «indice#horta» diz «178» e a recontagem das linhas dá «129».

  municipios/idanha-a-nova/index.html
    ✗ L2b: «data-concelho-lugar» de «indice#idanha-a-nova» diz «174» e a recontagem das linhas dá «134».

  municipios/ilhavo/index.html
    ✗ L2b: «data-concelho-lugar» de «indice#ilhavo» diz «235» e a recontagem das linhas dá «72».

  municipios/lagoa-faro/index.html
    ✗ L2b: «data-concelho-lugar» de «indice#lagoa-faro» diz «291» e a recontagem das linhas dá «16».

  municipios/lagoa-ilha-de-sao-miguel/index.html
    ✗ L2b: «data-concelho-lugar» de «indice#lagoa-ilha-de-sao-miguel» diz «29» e a recontagem das linhas dá «279».

  municipios/lagos/index.html
    ✗ L2b: «data-concelho-lugar» de «indice#lagos» diz «211» e a recontagem das linhas dá «97».

  municipios/lajes-das-flores/index.html
    ✗ L2b: «data-concelho-lugar» de «indice#lajes-das-flores» diz «281» e a recontagem das linhas dá «26».

  municipios/lajes-do-pico/index.html
    ✗ L2b: «data-concelho-lugar» de «indice#lajes-do-pico» diz «241» e a recontagem das linhas dá «67».

  municipios/lamego/index.html
    ✗ L2b: «data-concelho-lugar» de «indice#lamego» diz «31» e a recontagem das linhas dá «277».

  municipios/leiria/index.html
    ✗ L2b: «data-concelho-lugar» de «indice#leiria» diz «181» e a recontagem das linhas dá «127».

  municipios/lisboa/index.html
    ✗ L2b: «data-concelho-lugar» de «indice#lisboa» diz «111» e a recontagem das linhas dá «195».

  municipios/loule/index.html
    ✗ L2b: «data-concelho-lugar» de «indice#loule» diz «215» e a recontagem das linhas dá «93».

  municipios/loures/index.html
    ✗ L2b: «data-concelho-lugar» de «indice#loures» diz «148» e a recontagem das linhas dá «159».

  municipios/lourinha/index.html
    ✗ L2b: «data-concelho-lugar» de «indice#lourinha» diz «246» e a recontagem das linhas dá «61».

  municipios/lousa/index.html
    ✗ L2b: «data-concelho-lugar» de «indice#lousa» diz «156» e a recontagem das linhas dá «151».

  municipios/lousada/index.html
    ✗ L2b: «data-concelho-lugar» de «indice#lousada» diz «83» e a recontagem das linhas dá «224».

  municipios/macao/index.html
    ✗ L2b: «data-concelho-lugar» de «indice#macao» diz «172» e a recontagem das linhas dá «135».

  municipios/macedo-de-cavaleiros/index.html
    ✗ L2b: «data-concelho-lugar» de «indice#macedo-de-cavaleiros» diz «75» e a recontagem das linhas dá «233».

  municipios/machico/index.html
    ✗ L2b: «data-concelho-lugar» de «indice#machico» diz «127» e a recontagem das linhas dá «181».

  municipios/madalena/index.html
    ✗ L2b: «data-concelho-lugar» de «indice#madalena» diz «15» e a recontagem das linhas dá «293».

  municipios/mafra/index.html
    ✗ L2b: «data-concelho-lugar» de «indice#mafra» diz «26» e a recontagem das linhas dá «282».

  municipios/maia/index.html
    ✗ L2b: «data-concelho-lugar» de «indice#maia» diz «256» e a recontagem das linhas dá «51».

  municipios/mangualde/index.html
    ✗ L2b: «data-concelho-lugar» de «indice#mangualde» diz «130» e a recontagem das linhas dá «178».

  municipios/manteigas/index.html
    ✗ L2b: «data-concelho-lugar» de «indice#manteigas» diz «131» e a recontagem das linhas dá «177».

  municipios/marco-de-canaveses/index.html
    ✗ L2b: «data-concelho-lugar» de «indice#marco-de-canaveses» diz «58» e a recontagem das linhas dá «250».

  municipios/marinha-grande/index.html
    ✗ L2b: «data-concelho-lugar» de «indice#marinha-grande» diz «221» e a recontagem das linhas dá «86».

  municipios/marvao/index.html
    ✗ L2b: «data-concelho-lugar» de «indice#marvao» diz «229» e a recontagem das linhas dá «79».

  municipios/matosinhos/index.html
    ✗ L2b: «data-concelho-lugar» de «indice#matosinhos» diz «132» e a recontagem das linhas dá «175».

  municipios/mealhada/index.html
    ✗ L2b: «data-concelho-lugar» de «indice#mealhada» diz «249» e a recontagem das linhas dá «59».

  municipios/meda/index.html
    ✗ L2b: «data-concelho-lugar» de «indice#meda» diz «184» e a recontagem das linhas dá «124».

  municipios/melgaco/index.html
    ✗ L2b: «data-concelho-lugar» de «indice#melgaco» diz «43» e a recontagem das linhas dá «265».

  municipios/mertola/index.html
    ✗ L2b: «data-concelho-lugar» de «indice#mertola» diz «228» e a recontagem das linhas dá «80».

  municipios/mesao-frio/index.html
    ✗ L2b: «data-concelho-lugar» de «indice#mesao-frio» diz «23» e a recontagem das linhas dá «285».

  municipios/mira/index.html
    ✗ L2b: «data-concelho-lugar» de «indice#mira» diz «67» e a recontagem das linhas dá «241».

  municipios/miranda-do-corvo/index.html
    ✗ L2b: «data-concelho-lugar» de «indice#miranda-do-corvo» diz «237» e a recontagem das linhas dá «71».

  municipios/miranda-do-douro/index.html
    ✗ L2b: «data-concelho-lugar» de «indice#miranda-do-douro» diz «258» e a recontagem das linhas dá «50».

  municipios/mirandela/index.html
    ✗ L2b: «data-concelho-lugar» de «indice#mirandela» diz «172» e a recontagem das linhas dá «135».

  municipios/mogadouro/index.html
    ✗ L2b: «data-concelho-lugar» de «indice#mogadouro» diz «302» e a recontagem das linhas dá «6».

  municipios/moita/index.html
    ✗ L2b: «data-concelho-lugar» de «indice#moita» diz «145» e a recontagem das linhas dá «163».

  municipios/moncao/index.html
    ✗ L2b: «data-concelho-lugar» de «indice#moncao» diz «68» e a recontagem das linhas dá «240».

  municipios/monchique/index.html
    ✗ L2b: «data-concelho-lugar» de «indice#monchique» diz «102» e a recontagem das linhas dá «206».

  municipios/mondim-de-basto/index.html
    ✗ L2b: «data-concelho-lugar» de «indice#mondim-de-basto» diz «134» e a recontagem das linhas dá «174».

  municipios/monforte/index.html
    ✗ L2b: «data-concelho-lugar» de «indice#monforte» diz «126» e a recontagem das linhas dá «182».

  municipios/montalegre/index.html
    ✗ L2b: «data-concelho-lugar» de «indice#montalegre» diz «251» e a recontagem das linhas dá «57».

  municipios/montemor-o-novo/index.html
    ✗ L2b: «data-concelho-lugar» de «indice#montemor-o-novo» diz «158» e a recontagem das linhas dá «150».

  municipios/montemor-o-velho/index.html
    ✗ L2b: «data-concelho-lugar» de «indice#montemor-o-velho» diz «72» e a recontagem das linhas dá «235».

  municipios/montijo/index.html
    ✗ L2b: «data-concelho-lugar» de «indice#montijo» diz «281» e a recontagem das linhas dá «26».

  municipios/mora/index.html
    ✗ L2b: «data-concelho-lugar» de «indice#mora» diz «206» e a recontagem das linhas dá «102».

  municipios/mortagua/index.html
    ✗ L2b: «data-concelho-lugar» de «indice#mortagua» diz «260» e a recontagem das linhas dá «48».

  municipios/moura/index.html
    ✗ L2b: «data-concelho-lugar» de «indice#moura» diz «88» e a recontagem das linhas dá «220».

  municipios/mourao/index.html
    ✗ L2b: «data-concelho-lugar» de «indice#mourao» diz «47» e a recontagem das linhas dá «261».

  municipios/murca/index.html
    ✗ L2b: «data-concelho-lugar» de «indice#murca» diz «138» e a recontagem das linhas dá «168».

  municipios/murtosa/index.html
    ✗ L2b: «data-concelho-lugar» de «indice#murtosa» diz «293» e a recontagem das linhas dá «15».

  municipios/nazare/index.html
    ✗ L2b: «data-concelho-lugar» de «indice#nazare» diz «13» e a recontagem das linhas dá «295».

  municipios/nelas/index.html
    ✗ L2b: «data-concelho-lugar» de «indice#nelas» diz «39» e a recontagem das linhas dá «269».

  municipios/nisa/index.html
    ✗ L2b: «data-concelho-lugar» de «indice#nisa» diz «198» e a recontagem das linhas dá «108».

  municipios/nordeste/index.html
    ✗ L2b: «data-concelho-lugar» de «indice#nordeste» diz «5» e a recontagem das linhas dá «303».

  municipios/obidos/index.html
    ✗ L2b: «data-concelho-lugar» de «indice#obidos» diz «239» e a recontagem das linhas dá «69».

  municipios/odemira/index.html
    ✗ L2b: «data-concelho-lugar» de «indice#odemira» diz «261» e a recontagem das linhas dá «46».

  municipios/odivelas/index.html
    ✗ L2b: «data-concelho-lugar» de «indice#odivelas» diz «243» e a recontagem das linhas dá «63».

  municipios/oeiras/index.html
    ✗ L2b: «data-concelho-lugar» de «indice#oeiras» diz «164» e a recontagem das linhas dá «143».

  municipios/oleiros/index.html
    ✗ L2b: «data-concelho-lugar» de «indice#oleiros» diz «109» e a recontagem das linhas dá «199».

  municipios/olhao/index.html
    ✗ L2b: «data-concelho-lugar» de «indice#olhao» diz «125» e a recontagem das linhas dá «183».

  municipios/oliveira-de-azemeis/index.html
    ✗ L2b: «data-concelho-lugar» de «indice#oliveira-de-azemeis» diz «170» e a recontagem das linhas dá «137».

  municipios/oliveira-de-frades/index.html
    ✗ L2b: «data-concelho-lugar» de «indice#oliveira-de-frades» diz «63» e a recontagem das linhas dá «243».

  municipios/oliveira-do-bairro/index.html
    ✗ L2b: «data-concelho-lugar» de «indice#oliveira-do-bairro» diz «163» e a recontagem das linhas dá «145».

  municipios/oliveira-do-hospital/index.html
    ✗ L2b: «data-concelho-lugar» de «indice#oliveira-do-hospital» diz «177» e a recontagem das linhas dá «131».

  municipios/ourem/index.html
    ✗ L2b: «data-concelho-lugar» de «indice#ourem» diz «166» e a recontagem das linhas dá «142».

  municipios/ourique/index.html
    ✗ L2b: «data-concelho-lugar» de «indice#ourique» diz «207» e a recontagem das linhas dá «100».

  municipios/ovar/index.html
    ✗ L2b: «data-concelho-lugar» de «indice#ovar» diz «246» e a recontagem das linhas dá «61».

  municipios/pacos-de-ferreira/index.html
    ✗ L2b: «data-concelho-lugar» de «indice#pacos-de-ferreira» diz «18» e a recontagem das linhas dá «290».

  municipios/palmela/index.html
    ✗ L2b: «data-concelho-lugar» de «indice#palmela» diz «202» e a recontagem das linhas dá «106».

  municipios/pampilhosa-da-serra/index.html
    ✗ L2b: «data-concelho-lugar» de «indice#pampilhosa-da-serra» diz «297» e a recontagem das linhas dá «11».

  municipios/paredes/index.html
    ✗ L2b: «data-concelho-lugar» de «indice#paredes» diz «20» e a recontagem das linhas dá «288».

  municipios/paredes-de-coura/index.html
    ✗ L2b: «data-concelho-lugar» de «indice#paredes-de-coura» diz «129» e a recontagem das linhas dá «179».

  municipios/pedrogao-grande/index.html
    ✗ L2b: «data-concelho-lugar» de «indice#pedrogao-grande» diz «81» e a recontagem das linhas dá «227».

  municipios/penacova/index.html
    ✗ L2b: «data-concelho-lugar» de «indice#penacova» diz «108» e a recontagem das linhas dá «200».

  municipios/penafiel/index.html
    ✗ L2b: «data-concelho-lugar» de «indice#penafiel» diz «205» e a recontagem das linhas dá «103».

  municipios/penalva-do-castelo/index.html
    ✗ L2b: «data-concelho-lugar» de «indice#penalva-do-castelo» diz «285» e a recontagem das linhas dá «23».

  municipios/penamacor/index.html
    ✗ L2b: «data-concelho-lugar» de «indice#penamacor» diz «263» e a recontagem das linhas dá «45».

  municipios/penela/index.html
    ✗ L2b: «data-concelho-lugar» de «indice#penela» diz «207» e a recontagem das linhas dá «100».

  municipios/peniche/index.html
    ✗ L2b: «data-concelho-lugar» de «indice#peniche» diz «226» e a recontagem das linhas dá «81».

  municipios/peso-da-regua/index.html
    ✗ L2b: «data-concelho-lugar» de «indice#peso-da-regua» diz «25» e a recontagem das linhas dá «283».

  municipios/pinhel/index.html
    ✗ L2b: «data-concelho-lugar» de «indice#pinhel» diz «42» e a recontagem das linhas dá «266».

  municipios/pombal/index.html
    ✗ L2b: «data-concelho-lugar» de «indice#pombal» diz «238» e a recontagem das linhas dá «70».

  municipios/ponta-delgada/index.html
    ✗ L2b: «data-concelho-lugar» de «indice#ponta-delgada» diz «95» e a recontagem das linhas dá «213».

  municipios/ponta-do-sol/index.html
    ✗ L2b: «data-concelho-lugar» de «indice#ponta-do-sol» diz «231» e a recontagem das linhas dá «77».

  municipios/ponte-da-barca/index.html
    ✗ L2b: «data-concelho-lugar» de «indice#ponte-da-barca» diz «40» e a recontagem das linhas dá «268».

  municipios/ponte-de-lima/index.html
    ✗ L2b: «data-concelho-lugar» de «indice#ponte-de-lima» diz «277» e a recontagem das linhas dá «31».

  municipios/ponte-de-sor/index.html
    ✗ L2b: «data-concelho-lugar» de «indice#ponte-de-sor» diz «261» e a recontagem das linhas dá «46».

  municipios/portalegre/index.html
    ✗ L2b: «data-concelho-lugar» de «indice#portalegre» diz «132» e a recontagem das linhas dá «175».

  municipios/portel/index.html
    ✗ L2b: «data-concelho-lugar» de «indice#portel» diz «192» e a recontagem das linhas dá «115».

  municipios/portimao/index.html
    ✗ L2b: «data-concelho-lugar» de «indice#portimao» diz «17» e a recontagem das linhas dá «291».

  municipios/porto/index.html
    ✗ L2b: «data-concelho-lugar» de «indice#porto» diz «197» e a recontagem das linhas dá «111».

  municipios/porto-de-mos/index.html
    ✗ L2b: «data-concelho-lugar» de «indice#porto-de-mos» diz «273» e a recontagem das linhas dá «34».

  municipios/porto-moniz/index.html
    ✗ L2b: «data-concelho-lugar» de «indice#porto-moniz» diz «264» e a recontagem das linhas dá «43».

  municipios/porto-santo/index.html
    ✗ L2b: «data-concelho-lugar» de «indice#porto-santo» diz «111» e a recontagem das linhas dá «195».

  municipios/povoa-de-lanhoso/index.html
    ✗ L2b: «data-concelho-lugar» de «indice#povoa-de-lanhoso» diz «93» e a recontagem das linhas dá «215».

  municipios/povoa-de-varzim/index.html
    ✗ L2b: «data-concelho-lugar» de «indice#povoa-de-varzim» diz «105» e a recontagem das linhas dá «202».

  municipios/povoacao/index.html
    ✗ L2b: «data-concelho-lugar» de «indice#povoacao» diz «36» e a recontagem das linhas dá «272».

  municipios/praia-da-vitoria/index.html
    ✗ L2b: «data-concelho-lugar» de «indice#praia-da-vitoria» diz «7» e a recontagem das linhas dá «301».

  municipios/proenca-a-nova/index.html
    ✗ L2b: «data-concelho-lugar» de «indice#proenca-a-nova» diz «168» e a recontagem das linhas dá «139».

  municipios/redondo/index.html
    ✗ L2b: «data-concelho-lugar» de «indice#redondo» diz «183» e a recontagem das linhas dá «125».

  municipios/reguengos-de-monsaraz/index.html
    ✗ L2b: «data-concelho-lugar» de «indice#reguengos-de-monsaraz» diz «16» e a recontagem das linhas dá «292».

  municipios/resende/index.html
    ✗ L2b: «data-concelho-lugar» de «indice#resende» diz «138» e a recontagem das linhas dá «168».

  municipios/ribeira-brava/index.html
    ✗ L2b: «data-concelho-lugar» de «indice#ribeira-brava» diz «70» e a recontagem das linhas dá «237».

  municipios/ribeira-de-pena/index.html
    ✗ L2b: «data-concelho-lugar» de «indice#ribeira-de-pena» diz «53» e a recontagem das linhas dá «255».

  municipios/ribeira-grande/index.html
    ✗ L2b: «data-concelho-lugar» de «indice#ribeira-grande» diz «50» e a recontagem das linhas dá «258».

  municipios/rio-maior/index.html
    ✗ L2b: «data-concelho-lugar» de «indice#rio-maior» diz «182» e a recontagem das linhas dá «126».

  municipios/sabrosa/index.html
    ✗ L2b: «data-concelho-lugar» de «indice#sabrosa» diz «142» e a recontagem das linhas dá «166».

  municipios/sabugal/index.html
    ✗ L2b: «data-concelho-lugar» de «indice#sabugal» diz «44» e a recontagem das linhas dá «264».

  municipios/salvaterra-de-magos/index.html
    ✗ L2b: «data-concelho-lugar» de «indice#salvaterra-de-magos» diz «185» e a recontagem das linhas dá «123».

  municipios/santa-comba-dao/index.html
    ✗ L2b: «data-concelho-lugar» de «indice#santa-comba-dao» diz «51» e a recontagem das linhas dá «256».

  municipios/santa-cruz/index.html
    ✗ L2b: «data-concelho-lugar» de «indice#santa-cruz» diz «41» e a recontagem das linhas dá «267».

  municipios/santa-cruz-da-graciosa/index.html
    ✗ L2b: «data-concelho-lugar» de «indice#santa-cruz-da-graciosa» diz «235» e a recontagem das linhas dá «72».

  municipios/santa-cruz-das-flores/index.html
    ✗ L2b: «data-concelho-lugar» de «indice#santa-cruz-das-flores» diz «304» e a recontagem das linhas dá «4».

  municipios/santa-maria-da-feira/index.html
    ✗ L2b: «data-concelho-lugar» de «indice#santa-maria-da-feira» diz «272» e a recontagem das linhas dá «36».

  municipios/santa-marta-de-penaguiao/index.html
    ✗ L2b: «data-concelho-lugar» de «indice#santa-marta-de-penaguiao» diz «195» e a recontagem das linhas dá «113».

  municipios/santana/index.html
    ✗ L2b: «data-concelho-lugar» de «indice#santana» diz «306» e a recontagem das linhas dá «1».

  municipios/santarem/index.html
    ✗ L2b: «data-concelho-lugar» de «indice#santarem» diz «57» e a recontagem das linhas dá «251».

  municipios/santiago-do-cacem/index.html
    ✗ L2b: «data-concelho-lugar» de «indice#santiago-do-cacem» diz «221» e a recontagem das linhas dá «86».

  municipios/santo-tirso/index.html
    ✗ L2b: «data-concelho-lugar» de «indice#santo-tirso» diz «128» e a recontagem das linhas dá «180».

  municipios/sao-bras-de-alportel/index.html
    ✗ L2b: «data-concelho-lugar» de «indice#sao-bras-de-alportel» diz «273» e a recontagem das linhas dá «34».

  municipios/sao-joao-da-madeira/index.html
    ✗ L2b: «data-concelho-lugar» de «indice#sao-joao-da-madeira» diz «135» e a recontagem das linhas dá «173».

  municipios/sao-joao-da-pesqueira/index.html
    ✗ L2b: «data-concelho-lugar» de «indice#sao-joao-da-pesqueira» diz «46» e a recontagem das linhas dá «262».

  municipios/sao-pedro-do-sul/index.html
    ✗ L2b: «data-concelho-lugar» de «indice#sao-pedro-do-sul» diz «72» e a recontagem das linhas dá «235».

  municipios/sao-roque-do-pico/index.html
    ✗ L2b: «data-concelho-lugar» de «indice#sao-roque-do-pico» diz «78» e a recontagem das linhas dá «230».

  municipios/sao-vicente/index.html
    ✗ L2b: «data-concelho-lugar» de «indice#sao-vicente» diz «59» e a recontagem das linhas dá «249».

  municipios/sardoal/index.html
    ✗ L2b: «data-concelho-lugar» de «indice#sardoal» diz «63» e a recontagem das linhas dá «243».

  municipios/satao/index.html
    ✗ L2b: «data-concelho-lugar» de «indice#satao» diz «268» e a recontagem das linhas dá «40».

  municipios/seia/index.html
    ✗ L2b: «data-concelho-lugar» de «indice#seia» diz «14» e a recontagem das linhas dá «294».

  municipios/seixal/index.html
    ✗ L2b: «data-concelho-lugar» de «indice#seixal» diz «79» e a recontagem das linhas dá «229».

  municipios/sernancelhe/index.html
    ✗ L2b: «data-concelho-lugar» de «indice#sernancelhe» diz «243» e a recontagem das linhas dá «63».

  municipios/serpa/index.html
    ✗ L2b: «data-concelho-lugar» de «indice#serpa» diz «152» e a recontagem das linhas dá «155».

  municipios/serta/index.html
    ✗ L2b: «data-concelho-lugar» de «indice#serta» diz «269» e a recontagem das linhas dá «39».

  municipios/sesimbra/index.html
    ✗ L2b: «data-concelho-lugar» de «indice#sesimbra» diz «189» e a recontagem das linhas dá «118».

  municipios/setubal/index.html
    ✗ L2b: «data-concelho-lugar» de «indice#setubal» diz «33» e a recontagem das linhas dá «275».

  municipios/sever-do-vouga/index.html
    ✗ L2b: «data-concelho-lugar» de «indice#sever-do-vouga» diz «97» e a recontagem das linhas dá «211».

  municipios/silves/index.html
    ✗ L2b: «data-concelho-lugar» de «indice#silves» diz «147» e a recontagem das linhas dá «161».

  municipios/sines/index.html
    ✗ L2b: «data-concelho-lugar» de «indice#sines» diz «115» e a recontagem das linhas dá «193».

  municipios/sintra/index.html
    ✗ L2b: «data-concelho-lugar» de «indice#sintra» diz «287» e a recontagem das linhas dá «21».

  municipios/sobral-de-monte-agraco/index.html
    ✗ L2b: «data-concelho-lugar» de «indice#sobral-de-monte-agraco» diz «212» e a recontagem das linhas dá «95».

  municipios/soure/index.html
    ✗ L2b: «data-concelho-lugar» de «indice#soure» diz «144» e a recontagem das linhas dá «164».

  municipios/sousel/index.html
    ✗ L2b: «data-concelho-lugar» de «indice#sousel» diz «80» e a recontagem das linhas dá «228».

  municipios/tabua/index.html
    ✗ L2b: «data-concelho-lugar» de «indice#tabua» diz «32» e a recontagem das linhas dá «276».

  municipios/tabuaco/index.html
    ✗ L2b: «data-concelho-lugar» de «indice#tabuaco» diz «27» e a recontagem das linhas dá «281».

  municipios/tarouca/index.html
    ✗ L2b: «data-concelho-lugar» de «indice#tarouca» diz «24» e a recontagem das linhas dá «284».

  municipios/tavira/index.html
    ✗ L2b: «data-concelho-lugar» de «indice#tavira» diz «271» e a recontagem das linhas dá «37».

  municipios/terras-de-bouro/index.html
    ✗ L2b: «data-concelho-lugar» de «indice#terras-de-bouro» diz «104» e a recontagem das linhas dá «204».

  municipios/tomar/index.html
    ✗ L2b: «data-concelho-lugar» de «indice#tomar» diz «119» e a recontagem das linhas dá «189».

  municipios/tondela/index.html
    ✗ L2b: «data-concelho-lugar» de «indice#tondela» diz «223» e a recontagem das linhas dá «85».

  municipios/torre-de-moncorvo/index.html
    ✗ L2b: «data-concelho-lugar» de «indice#torre-de-moncorvo» diz «48» e a recontagem das linhas dá «260».

  municipios/torres-novas/index.html
    ✗ L2b: «data-concelho-lugar» de «indice#torres-novas» diz «86» e a recontagem das linhas dá «222».

  municipios/torres-vedras/index.html
    ✗ L2b: «data-concelho-lugar» de «indice#torres-vedras» diz «159» e a recontagem das linhas dá «149».

  municipios/trancoso/index.html
    ✗ L2b: «data-concelho-lugar» de «indice#trancoso» diz «11» e a recontagem das linhas dá «297».

  municipios/trofa/index.html
    ✗ L2b: «data-concelho-lugar» de «indice#trofa» diz «55» e a recontagem das linhas dá «253».

  municipios/vagos/index.html
    ✗ L2b: «data-concelho-lugar» de «indice#vagos» diz «35» e a recontagem das linhas dá «273».

  municipios/vale-de-cambra/index.html
    ✗ L2b: «data-concelho-lugar» de «indice#vale-de-cambra» diz «107» e a recontagem das linhas dá «201».

  municipios/valenca/index.html
    ✗ L2b: «data-concelho-lugar» de «indice#valenca» diz «82» e a recontagem das linhas dá «226».

  municipios/valongo/index.html
    ✗ L2b: «data-concelho-lugar» de «indice#valongo» diz «63» e a recontagem das linhas dá «243».

  municipios/valpacos/index.html
    ✗ L2b: «data-concelho-lugar» de «indice#valpacos» diz «224» e a recontagem das linhas dá «84».

  municipios/velas/index.html
    ✗ L2b: «data-concelho-lugar» de «indice#velas» diz «176» e a recontagem das linhas dá «132».

  municipios/vendas-novas/index.html
    ✗ L2b: «data-concelho-lugar» de «indice#vendas-novas» diz «117» e a recontagem das linhas dá «191».

  municipios/viana-do-alentejo/index.html
    ✗ L2b: «data-concelho-lugar» de «indice#viana-do-alentejo» diz «242» e a recontagem das linhas dá «66».

  municipios/viana-do-castelo/index.html
    ✗ L2b: «data-concelho-lugar» de «indice#viana-do-castelo» diz «62» e a recontagem das linhas dá «246».

  municipios/vidigueira/index.html
    ✗ L2b: «data-concelho-lugar» de «indice#vidigueira» diz «175» e a recontagem das linhas dá «133».

  municipios/vieira-do-minho/index.html
    ✗ L2b: «data-concelho-lugar» de «indice#vieira-do-minho» diz «56» e a recontagem das linhas dá «252».

  municipios/vila-de-rei/index.html
    ✗ L2b: «data-concelho-lugar» de «indice#vila-de-rei» diz «254» e a recontagem das linhas dá «53».

  municipios/vila-do-bispo/index.html
    ✗ L2b: «data-concelho-lugar» de «indice#vila-do-bispo» diz «291» e a recontagem das linhas dá «16».

  municipios/vila-do-conde/index.html
    ✗ L2b: «data-concelho-lugar» de «indice#vila-do-conde» diz «69» e a recontagem das linhas dá «239».

  municipios/vila-do-porto/index.html
    ✗ L2b: «data-concelho-lugar» de «indice#vila-do-porto» diz «116» e a recontagem das linhas dá «192».

  municipios/vila-flor/index.html
    ✗ L2b: «data-concelho-lugar» de «indice#vila-flor» diz «275» e a recontagem das linhas dá «33».

  municipios/vila-franca-de-xira/index.html
    ✗ L2b: «data-concelho-lugar» de «indice#vila-franca-de-xira» diz «209» e a recontagem das linhas dá «99».

  municipios/vila-franca-do-campo/index.html
    ✗ L2b: «data-concelho-lugar» de «indice#vila-franca-do-campo» diz «3» e a recontagem das linhas dá «305».

  municipios/vila-nova-da-barquinha/index.html
    ✗ L2b: «data-concelho-lugar» de «indice#vila-nova-da-barquinha» diz «201» e a recontagem das linhas dá «107».

  municipios/vila-nova-de-cerveira/index.html
    ✗ L2b: «data-concelho-lugar» de «indice#vila-nova-de-cerveira» diz «164» e a recontagem das linhas dá «143».

  municipios/vila-nova-de-famalicao/index.html
    ✗ L2b: «data-concelho-lugar» de «indice#vila-nova-de-famalicao» diz «189» e a recontagem das linhas dá «118».

  municipios/vila-nova-de-foz-coa/index.html
    ✗ L2b: «data-concelho-lugar» de «indice#vila-nova-de-foz-coa» diz «294» e a recontagem das linhas dá «14».

  municipios/vila-nova-de-gaia/index.html
    ✗ L2b: «data-concelho-lugar» de «indice#vila-nova-de-gaia» diz «92» e a recontagem das linhas dá «216».

  municipios/vila-nova-de-paiva/index.html
    ✗ L2b: «data-concelho-lugar» de «indice#vila-nova-de-paiva» diz «218» e a recontagem das linhas dá «90».

  municipios/vila-nova-de-poiares/index.html
    ✗ L2b: «data-concelho-lugar» de «indice#vila-nova-de-poiares» diz «9» e a recontagem das linhas dá «299».

  municipios/vila-pouca-de-aguiar/index.html
    ✗ L2b: «data-concelho-lugar» de «indice#vila-pouca-de-aguiar» diz «240» e a recontagem das linhas dá «68».

  municipios/vila-real/index.html
    ✗ L2b: «data-concelho-lugar» de «indice#vila-real» diz «136» e a recontagem das linhas dá «172».

  municipios/vila-real-de-santo-antonio/index.html
    ✗ L2b: «data-concelho-lugar» de «indice#vila-real-de-santo-antonio» diz «1» e a recontagem das linhas dá «307».

  municipios/vila-velha-de-rodao/index.html
    ✗ L2b: «data-concelho-lugar» de «indice#vila-velha-de-rodao» diz «298» e a recontagem das linhas dá «10».

  municipios/vila-verde/index.html
    ✗ L2b: «data-concelho-lugar» de «indice#vila-verde» diz «196» e a recontagem das linhas dá «112».

  municipios/vila-vicosa/index.html
    ✗ L2b: «data-concelho-lugar» de «indice#vila-vicosa» diz «99» e a recontagem das linhas dá «209».

  municipios/vimioso/index.html
    ✗ L2b: «data-concelho-lugar» de «indice#vimioso» diz «250» e a recontagem das linhas dá «58».

  municipios/vinhais/index.html
    ✗ L2b: «data-concelho-lugar» de «indice#vinhais» diz «198» e a recontagem das linhas dá «108».

  municipios/viseu/index.html
    ✗ L2b: «data-concelho-lugar» de «indice#viseu» diz «105» e a recontagem das linhas dá «202».

  municipios/vizela/index.html
    ✗ L2b: «data-concelho-lugar» de «indice#vizela» diz «94» e a recontagem das linhas dá «214».

  municipios/vouzela/index.html
    ✗ L2b: «data-concelho-lugar» de «indice#vouzela» diz «101» e a recontagem das linhas dá «207».

  src/data/faixa-do-concelho.mjs
    ✗ L2b-c: a tabela da vista conta «indice» do-mais-alto e o portão do-mais-baixo (um índice maior é uma dívida mais perto do limite legal, ou acima dele).

